Mes;Semana;Dia;Hora;Hora (24h);Cosumo (W);Velocidad viento;Generación Eólica;Irradiencia FV (W/m2);Irradiencia (90º) FV (W/m2);Generación (90º) FV (W);Generación (comvencional) FV (W);Generación Total (W);Excedente (W);Batería (W);Nuevo Consumo;Último Consumo;Nuevo Excedente;;;;;;;;;
Enero;1;Lunes;1;0:00:00;757,2;3,8401258;0;0;0;0;0;0;0;39242,8;757,2;0;0;;Potencia pico Wp;Eficiencia PV;Pérdidas;Área;Número FV;Potencia nominal;;
;;;2;1:00:00;362;3,707202;0;0;0;0;0;0;0;38881;362;0;0;;7500;0,231;0,8;32,4;12;625;;
;;;3;2:00:00;52;3,242127;0;0;0;0;0;0;0;38829;52;0;0;;;;;;;;;
;;;4;3:00:00;52;3,0009387;0;0;0;0;0;0;0;38777;52;0;0;;Potencia pico Wp (90º);Eficiencia PV;Pérdidas;Área;Potencia nominal;área de modulo (m^2);Nº modulos;max
;;;5;4:00:00;52;2,513899;0;0;0;0;0;0;0;38725;52;0;0;;12800;0,231;0,8;115,5;256;2,31;50;12,98701299
;;;6;5:00:00;52;2,4296749;0;0;0;0;0;0;0;38673;52;0;0;;;;4;;;;;
;;;7;6:00:00;399,6;2,5918438;0;0;0;0;0;0;0;38273;399,6;0;0;;Capacidad Total Batería (W);superficie de techo;;;30;m^2;;
;;;8;7:00:00;2365,45;2,585282;0;0;0;0;0;0;0;35908;2365,45;0;0;;40000;;;;;;;
;;;9;8:00:00;2160,45;2,7053583;0;19,61;27,33;200,8064;117,66;117,66;0;33865;2042,79;0;0;;;;;;;;;
;;;10;9:00:00;1311,81;2,8745434;0;188,03;252,1;1925,4272;1128,18;1128,18;0;33681;183,63;0;0;;;;;;;;;
;;;11;10:00:00;1676,25;2,5516052;0;394,21;352,83;4036,7104;2365,26;2365,26;689,01;34370;0;0;0;;;;;;;;;
;;;12;11:00:00;232;2,0544934;0;757,36;297,27;7755,3664;4544,16;4544,16;4312,16;38683;0;0;2994,66;;;;;;;;;
;;;13;12:00:00;52;1,4843547;0;878,15;125,01;8992,256;5268,9;5268,9;5216,9;40000;0;0;5216,9;;;;;;;;;
;;;14;13:00:00;2755;1,1312513;0;915,44;357,96;9374,1056;5492,64;5492,64;2737,64;40000;0;0;2737,64;;;;;;;;;
;;;15;14:00:00;2642;0,6021805;0;895,16;574,01;9166,4384;5370,96;5370,96;2728,96;40000;0;0;2728,96;;Cp;Diametro;Longitud;Área;Densidad;Cut-in speed;Número Aero;
;;;16;15:00:00;492;0,41191348;0;756,3;718,46;7744,512;4537,8;4537,8;4045,8;40000;0;0;4045,8;;0,35;1,03;1,03;1,0609;1,225;2;0;
;;;17;16:00:00;52;1,7957977;0;594,27;840,38;6085,3248;3565,62;3565,62;3513,62;40000;0;0;3513,62;;;;;;;;;
;;;18;17:00:00;52;2,2773204;0;0;0;0;0;0;0;39948;52;0;0;;;;;;;;;
;;;19;18:00:00;632,2;1,904107;0;0;0;0;0;0;0;39316;632,2;0;0;;;;;;;;;
;;;20;19:00:00;1343,7;1,751369;0;0;0;0;0;0;0;37972;1343,7;0;0;;;;;;;;;
;;;21;20:00:00;3239,45;2,2024565;0;0;0;0;0;0;0;34733;3239,45;0;0;;;;;;;;;
;;;22;21:00:00;5495,45;2,1631012;0;0;0;0;0;0;0;29237;5495,45;0;0;;;;;;;;;
;;;23;22:00:00;625,45;2,5021348;0;0;0;0;0;0;0;28612;625,45;0;0;;;;;;;;;
;;;24;23:00:00;815,45;2,961794;0;0;0;0;0;0;0;27796;815,45;0;0;;;;;;;;;
;;Martes;25;0:00:00;757,2;3,1975296;0;0;0;0;0;0;0;27039;757,2;0;0;;;;;;;;;
;;;26;1:00:00;362;3,4704216;0;0;0;0;0;0;0;26677;362;0;0;;;;;;;;;
;;;27;2:00:00;52;3,7763915;0;0;0;0;0;0;0;26625;52;0;0;;;;;;;;;
;;;28;3:00:00;52;4,045184;0;0;0;0;0;0;0;26573;52;0;0;;;;;;;;;
;;;29;4:00:00;52;4,216784;0;0;0;0;0;0;0;26521;52;0;0;;;;;;;;;
;;;30;5:00:00;52;4,272006;0;0;0;0;0;0;0;26469;52;0;0;;;;;;;;;
;;;31;6:00:00;399,6;4,459437;0;0;0;0;0;0;0;26070;399,6;0;0;;;;;;;;;
;;;32;7:00:00;2365,45;4,833436;0;0;0;0;0;0;0;23704;2365,45;0;0;;;;;;;;;
;;;33;8:00:00;2160,45;5,403505;0;26,86;45,49;275,0464;161,16;161,16;0;21705;1999,29;0;0;;;;;;;;;
;;;34;9:00:00;1311,81;5,8562984;0;232,49;321,72;2380,6976;1394,94;1394,94;83,13;21788;0;0;0;;;;;;;;;
;;;35;10:00:00;1676,25;6,2453365;0;232,6;237,54;2381,824;1395,6;1395,6;0;21507;280,65;0;0;;;;;;;;;
;;;36;11:00:00;232;6,623424;0;737,4;301,09;7550,976;4424,4;4424,4;4192,4;25700;0;0;0;;;;;;;;;
;;;37;12:00:00;52;6,7932096;0;862,68;128,8;8833,8432;5176,08;5176,08;5124,08;30824;0;0;0;;;;;;;;;
;;;38;13:00:00;2755;6,9853177;0;891,55;359,15;9129,472;5349,3;5349,3;2594,3;33418;0;0;0;;;;;;;;;
;;;39;14:00:00;2642;6,703961;0;872,87;563,84;8938,1888;5237,22;5237,22;2595,22;36013;0;0;0;;;;;;;;;
;;;40;15:00:00;492;5,8267164;0;791,12;745,07;8101,0688;4746,72;4746,72;4254,72;40000;0;0;4254,72;;;;;;;;;
;;;41;16:00:00;52;5,0082264;0;589,66;831,62;6038,1184;3537,96;3537,96;3485,96;40000;0;0;3485,96;;;;;;;;;
;;;42;17:00:00;52;4,7000937;0;0;0;0;0;0;0;39948;52;0;0;;;;;;;;;
;;;43;18:00:00;632,2;4,9495497;0;0;0;0;0;0;0;39316;632,2;0;0;;;;;;;;;
;;;44;19:00:00;1343,7;5,528347;0;0;0;0;0;0;0;37972;1343,7;0;0;;;;;;;;;
;;;45;20:00:00;3239,45;6,119301;0;0;0;0;0;0;0;34733;3239,45;0;0;;;;;;;;;
;;;46;21:00:00;5495,45;6,7014093;0;0;0;0;0;0;0;29237;5495,45;0;0;;;;;;;;;
;;;47;22:00:00;625,45;6,9270687;0;0;0;0;0;0;0;28612;625,45;0;0;;;;;;;;;
;;;48;23:00:00;815,45;6,7217813;0;0;0;0;0;0;0;27796;815,45;0;0;;;;;;;;;
;;Miércoles;49;0:00:00;757,2;6,424306;0;0;0;0;0;0;0;27039;757,2;0;0;;;;;;;;;
;;;50;1:00:00;362;6,259703;0;0;0;0;0;0;0;26677;362;0;0;;;;;;;;;
;;;51;2:00:00;52;6,5576687;0;0;0;0;0;0;0;26625;52;0;0;;;;;;;;;
;;;52;3:00:00;52;6,8323054;0;0;0;0;0;0;0;26573;52;0;0;;;;;;;;;
;;;53;4:00:00;52;6,8852077;0;0;0;0;0;0;0;26521;52;0;0;;;;;;;;;
;;;54;5:00:00;52;6,83544;0;0;0;0;0;0;0;26469;52;0;0;;;;;;;;;
;;;55;6:00:00;399,6;6,678625;0;0;0;0;0;0;0;26070;399,6;0;0;;;;;;;;;
;;;56;7:00:00;2365,45;6,399616;0;0;0;0;0;0;0;23704;2365,45;0;0;;;;;;;;;
;;;57;8:00:00;2160,45;6,203947;0;76,9;220,99;787,456;461,4;461,4;0;22005;1699,05;0;0;;;;;;;;;
;;;58;9:00:00;1311,81;6,01842;0;328,41;468,74;3362,9184;1970,46;1970,46;658,65;22664;0;0;0;;;;;;;;;
;;;59;10:00:00;1676,25;5,3780313;0;571,42;452,41;5851,3408;3428,52;3428,52;1752,27;24416;0;0;0;;;;;;;;;
;;;60;11:00:00;232;5,623628;0;781,44;301,96;8001,9456;4688,64;4688,64;4456,64;28873;0;0;0;;;;;;;;;
;;;61;12:00:00;52;5,926718;0;894,56;119,94;9160,2944;5367,36;5367,36;5315,36;34188;0;0;0;;;;;;;;;
;;;62;13:00:00;2755;6,4214106;0;948,9;358,7;9716,736;5693,4;5693,4;2938,4;37126;0;0;64,72;;;;;;;;;
;;;63;14:00:00;2642;6,5095515;0;908,33;577,64;9301,2992;5449,98;5449,98;2807,98;39934;0;0;2742,28;;;;;;;;;
;;;64;15:00:00;492;6,1608214;0;806,44;756,61;8257,9456;4838,64;4838,64;4346,64;40000;0;0;4346,64;;;;;;;;;
;;;65;16:00:00;52;5,6869717;0;618,4;869,6;6332,416;3710,4;3710,4;3658,4;40000;0;0;3658,4;;;;;;;;;
;;;66;17:00:00;52;5,719427;0;0;0;0;0;0;0;39948;52;0;0;;;;;;;;;
;;;67;18:00:00;632,2;5,778099;0;0;0;0;0;0;0;39316;632,2;0;0;;;;;;;;;
;;;68;19:00:00;1343,7;5,738826;0;0;0;0;0;0;0;37972;1343,7;0;0;;;;;;;;;
;;;69;20:00:00;3239,45;5,598812;0;0;0;0;0;0;0;34733;3239,45;0;0;;;;;;;;;
;;;70;21:00:00;5495,45;5,1748333;0;0;0;0;0;0;0;29237;5495,45;0;0;;;;;;;;;
;;;71;22:00:00;625,45;4,341136;0;0;0;0;0;0;0;28612;625,45;0;0;;;;;;;;;
;;;72;23:00:00;815,45;4,819114;0;0;0;0;0;0;0;27796;815,45;0;0;;;;;;;;;
;;Jueves;73;0:00:00;757,2;4,792329;0;0;0;0;0;0;0;27039;757,2;0;0;;;;;;;;;
;;;74;1:00:00;362;4,709437;0;0;0;0;0;0;0;26677;362;0;0;;;;;;;;;
;;;75;2:00:00;52;4,4761767;0;0;0;0;0;0;0;26625;52;0;0;;;;;;;;;
;;;76;3:00:00;52;3,6551785;0;0;0;0;0;0;0;26573;52;0;0;;;;;;;;;
;;;77;4:00:00;52;2,9859698;0;0;0;0;0;0;0;26521;52;0;0;;;;;;;;;
;;;78;5:00:00;52;2,7060578;0;0;0;0;0;0;0;26469;52;0;0;;;;;;;;;
;;;79;6:00:00;399,6;2,5279794;0;0;0;0;0;0;0;26070;399,6;0;0;;;;;;;;;
;;;80;7:00:00;2365,45;2,1520658;0;0;0;0;0;0;0;23704;2365,45;0;0;;;;;;;;;
;;;81;8:00:00;2160,45;2,066004;0;74,3;213,86;760,832;445,8;445,8;0;21989;1714,65;0;0;;;;;;;;;
;;;82;9:00:00;1311,81;2,1488383;0;324,74;465,39;3325,3376;1948,44;1948,44;636,63;22626;0;0;0;;;;;;;;;
;;;83;10:00:00;1676,25;2,3814795;0;566,01;450,32;5795,9424;3396,06;3396,06;1719,81;24346;0;0;0;;;;;;;;;
;;;84;11:00:00;232;1,6124371;0;742,88;306,37;7607,0912;4457,28;4457,28;4225,28;28571;0;0;0;;;;;;;;;
;;;85;12:00:00;52;1,0302778;0;847;137,52;8673,28;5082;5082;5030;33601;0;0;0;;;;;;;;;
;;;86;13:00:00;2755;0,5609128;0;929,7;355,45;9520,128;5578,2;5578,2;2823,2;36424;0;0;0;;;;;;;;;
;;;87;14:00:00;2642;0,5338019;0;856,54;557,48;8770,9696;5139,24;5139,24;2497,24;38922;0;0;1418,8;;;;;;;;;
;;;88;15:00:00;492;0,87879455;0;693,53;663,04;7101,7472;4161,18;4161,18;3669,18;40000;0;0;3669,18;;;;;;;;;
;;;89;16:00:00;52;1,7905782;0;543,39;765,39;5564,3136;3260,34;3260,34;3208,34;40000;0;0;3208,34;;;;;;;;;
;;;90;17:00:00;52;2,2004685;0;0;0;0;0;0;0;39948;52;0;0;;;;;;;;;
;;;91;18:00:00;632,2;1,6969293;0;0;0;0;0;0;0;39316;632,2;0;0;;;;;;;;;
;;;92;19:00:00;1343,7;1,0017965;0;0;0;0;0;0;0;37972;1343,7;0;0;;;;;;;;;
;;;93;20:00:00;3239,45;0,75118726;0;0;0;0;0;0;0;34733;3239,45;0;0;;;;;;;;;
;;;94;21:00:00;5495,45;1,2325169;0;0;0;0;0;0;0;29237;5495,45;0;0;;;;;;;;;
;;;95;22:00:00;625,45;1,4334556;0;0;0;0;0;0;0;28612;625,45;0;0;;;;;;;;;
;;;96;23:00:00;815,45;1,3744491;0;0;0;0;0;0;0;27796;815,45;0;0;;;;;;;;;
;;Viernes;97;0:00:00;757,2;1,576363;0;0;0;0;0;0;0;27039;757,2;0;0;;;;;;;;;
;;;98;1:00:00;362;1,9726136;0;0;0;0;0;0;0;26677;362;0;0;;;;;;;;;
;;;99;2:00:00;52;2,3010058;0;0;0;0;0;0;0;26625;52;0;0;;;;;;;;;
;;;100;3:00:00;52;2,320613;0;0;0;0;0;0;0;26573;52;0;0;;;;;;;;;
;;;101;4:00:00;52;2,8270905;0;0;0;0;0;0;0;26521;52;0;0;;;;;;;;;
;;;102;5:00:00;52;3,5918655;0;0;0;0;0;0;0;26469;52;0;0;;;;;;;;;
;;;103;6:00:00;399,6;4,373203;0;0;0;0;0;0;0;26070;399,6;0;0;;;;;;;;;
;;;104;7:00:00;2365,45;4,8668685;0;0;0;0;0;0;0;23704;2365,45;0;0;;;;;;;;;
;;;105;8:00:00;2160,45;5,3429947;0;62,99;170,24;645,0176;377,94;377,94;0;21922;1782,51;0;0;;;;;;;;;
;;;106;9:00:00;1311,81;5,423056;0;333,45;480,33;3414,528;2000,7;2000,7;688,89;22610;0;0;0;;;;;;;;;
;;;107;10:00:00;1676,25;5,332411;0;592,71;468,61;6069,3504;3556,26;3556,26;1880,01;24490;0;0;0;;;;;;;;;
;;;108;11:00:00;232;6,3140793;0;739,48;315,26;7572,2752;4436,88;4436,88;4204,88;28695;0;0;0;;;;;;;;;
;;;109;12:00:00;52;6,40211;0;909,26;116,51;9310,8224;5455,56;5455,56;5403,56;34099;0;0;0;;;;;;;;;
;;;110;13:00:00;2755;5,9507465;0;952,41;360,89;9752,6784;5714,46;5714,46;2959,46;37058;0;0;17,8;;;;;;;;;
;;;111;14:00:00;2642;5,6073527;0;878,9;568,4;8999,936;5273,4;5273,4;2631,4;39690;0;0;2321,14;;;;;;;;;
;;;112;15:00:00;492;4,2222714;0;797,08;746,64;8162,0992;4782,48;4782,48;4290,48;40000;0;0;4290,48;;;;;;;;;
;;;113;16:00:00;52;3,4481127;0;316,74;426,88;3243,4176;1900,44;1900,44;1848,44;40000;0;0;1848,44;;;;;;;;;
;;;114;17:00:00;52;4,1124506;0;0;0;0;0;0;0;39948;52;0;0;;;;;;;;;
;;;115;18:00:00;632,2;5,320264;0;0;0;0;0;0;0;39316;632,2;0;0;;;;;;;;;
;;;116;19:00:00;1343,7;5,6974964;0;0;0;0;0;0;0;37972;1343,7;0;0;;;;;;;;;
;;;117;20:00:00;3239,45;5,7711053;0;0;0;0;0;0;0;34733;3239,45;0;0;;;;;;;;;
;;;118;21:00:00;5495,45;5,9750485;0;0;0;0;0;0;0;29237;5495,45;0;0;;;;;;;;;
;;;119;22:00:00;625,45;5,401631;0;0;0;0;0;0;0;28612;625,45;0;0;;;;;;;;;
;;;120;23:00:00;815,45;5,513325;0;0;0;0;0;0;0;27796;815,45;0;0;;;;;;;;;
;;Sábado;121;0:00:00;757,2;6,289609;0;0;0;0;0;0;0;27039;757,2;0;0;;;;;;;;;
;;;122;1:00:00;362;7,07557;0;0;0;0;0;0;0;26677;362;0;0;;;;;;;;;
;;;123;2:00:00;52;7,1641765;0;0;0;0;0;0;0;26625;52;0;0;;;;;;;;;
;;;124;3:00:00;52;7,107643;0;0;0;0;0;0;0;26573;52;0;0;;;;;;;;;
;;;125;4:00:00;52;7,085696;0;0;0;0;0;0;0;26521;52;0;0;;;;;;;;;
;;;126;5:00:00;52;6,902414;0;0;0;0;0;0;0;26469;52;0;0;;;;;;;;;
;;;127;6:00:00;399,6;6,789528;0;0;0;0;0;0;0;26070;399,6;0;0;;;;;;;;;
;;;128;7:00:00;2365,45;6,628316;0;0;0;0;0;0;0;23704;2365,45;0;0;;;;;;;;;
;;;129;8:00:00;2160,45;6,4095044;0;77,62;228,03;794,8288;465,72;465,72;0;22009;1694,73;0;0;;;;;;;;;
;;;130;9:00:00;1311,81;5,3647027;0;332,03;480,28;3399,9872;1992,18;1992,18;680,37;22690;0;0;0;;;;;;;;;
;;;131;10:00:00;1676,25;5,6189013;0;578,7;463,68;5925,888;3472,2;3472,2;1795,95;24486;0;0;0;;;;;;;;;
;;;132;11:00:00;232;5,799327;0;775,51;310,83;7941,2224;4653,06;4653,06;4421,06;28907;0;0;0;;;;;;;;;
;;;133;12:00:00;52;6,306061;0;927,49;107,27;9497,4976;5564,94;5564,94;5512,94;34420;0;0;0;;;;;;;;;
;;;134;13:00:00;2755;6,4842725;0;972,49;358,28;9958,2976;5834,94;5834,94;3079,94;37500;0;0;579,52;;;;;;;;;
;;;135;14:00:00;2642;6,648671;0;925,74;581,99;9479,5776;5554,44;5554,44;2912,44;40000;0;0;2912,44;;;;;;;;;
;;;136;15:00:00;492;6,764559;0;831,57;772,37;8515,2768;4989,42;4989,42;4497,42;40000;0;0;4497,42;;;;;;;;;
;;;137;16:00:00;52;6,1781454;0;666,67;905,72;6826,7008;4000,02;4000,02;3948,02;40000;0;0;3948,02;;;;;;;;;
;;;138;17:00:00;52;6,021411;0;0;0;0;0;0;0;39948;52;0;0;;;;;;;;;
;;;139;18:00:00;632,2;6,199853;0;0;0;0;0;0;0;39316;632,2;0;0;;;;;;;;;
;;;140;19:00:00;1343,7;6,526849;0;0;0;0;0;0;0;37972;1343,7;0;0;;;;;;;;;
;;;141;20:00:00;3239,45;6,9277887;0;0;0;0;0;0;0;34733;3239,45;0;0;;;;;;;;;
;;;142;21:00:00;5495,45;7,267589;0;0;0;0;0;0;0;29237;5495,45;0;0;;;;;;;;;
;;;143;22:00:00;625,45;7,6279936;0;0;0;0;0;0;0;28612;625,45;0;0;;;;;;;;;
;;;144;23:00:00;815,45;7,234883;0;0;0;0;0;0;0;27796;815,45;0;0;;;;;;;;;
;;Domingo;145;0:00:00;757,2;6,6665335;0;0;0;0;0;0;0;27039;757,2;0;0;;;;;;;;;
;;;146;1:00:00;362;6,341728;0;0;0;0;0;0;0;26677;362;0;0;;;;;;;;;
;;;147;2:00:00;52;6,455352;0;0;0;0;0;0;0;26625;52;0;0;;;;;;;;;
;;;148;3:00:00;52;6,485575;0;0;0;0;0;0;0;26573;52;0;0;;;;;;;;;
;;;149;4:00:00;52;6,4637094;0;0;0;0;0;0;0;26521;52;0;0;;;;;;;;;
;;;150;5:00:00;52;6,3573112;0;0;0;0;0;0;0;26469;52;0;0;;;;;;;;;
;;;151;6:00:00;399,6;6,385985;0;0;0;0;0;0;0;26070;399,6;0;0;;;;;;;;;
;;;152;7:00:00;2365,45;6,4930205;0;0;0;0;0;0;0;23704;2365,45;0;0;;;;;;;;;
;;;153;8:00:00;2160,45;6,7644286;0;77,03;227,57;788,7872;462,18;462,18;0;22006;1698,27;0;0;;;;;;;;;
;;;154;9:00:00;1311,81;6,8398485;0;328,65;477,26;3365,376;1971,9;1971,9;660,09;22666;0;0;0;;;;;;;;;
;;;155;10:00:00;1676,25;7,3707666;0;574,75;462,62;5885,44;3448,5;3448,5;1772,25;24438;0;0;0;;;;;;;;;
;;;156;11:00:00;232;7,2434864;0;772,14;313,02;7906,7136;4632,84;4632,84;4400,84;28839;0;0;0;;;;;;;;;
;;;157;12:00:00;52;7,0563073;0;923,93;106,41;9461,0432;5543,58;5543,58;5491,58;34331;0;0;0;;;;;;;;;
;;;158;13:00:00;2755;6,705465;0;947,1;356,16;9698,304;5682,6;5682,6;2927,6;37258;0;0;185,74;;;;;;;;;
;;;159;14:00:00;2642;6,2535305;0;900,22;570,92;9218,2528;5401,32;5401,32;2759,32;40000;0;0;2759,32;;;;;;;;;
;;;160;15:00:00;492;6,105346;0;795,6;741,82;8146,944;4773,6;4773,6;4281,6;40000;0;0;4281,6;;;;;;;;;
;;;161;16:00:00;52;5,2145195;0;670,06;907,7;6861,4144;4020,36;4020,36;3968,36;40000;0;0;3968,36;;;;;;;;;
;;;162;17:00:00;52;4,4664655;0;0;0;0;0;0;0;39948;52;0;0;;;;;;;;;
;;;163;18:00:00;632,2;4,335322;0;0;0;0;0;0;0;39316;632,2;0;0;;;;;;;;;
;;;164;19:00:00;1343,7;4,686294;0;0;0;0;0;0;0;37972;1343,7;0;0;;;;;;;;;
;;;165;20:00:00;3239,45;5,0855556;0;0;0;0;0;0;0;34733;3239,45;0;0;;;;;;;;;
;;;166;21:00:00;5495,45;5,463955;0;0;0;0;0;0;0;29237;5495,45;0;0;;;;;;;;;
;;;167;22:00:00;625,45;4,9228473;0;0;0;0;0;0;0;28612;625,45;0;0;;;;;;;;;
;;;168;23:00:00;815,45;5,1579604;0;0;0;0;0;0;0;27796;815,45;0;0;;;;;;;;;
;2;Lunes;169;0:00:00;654,6;5,431641;0;0;0;0;0;0;0;27142;654,6;0;0;;;;;;;;;
;;;170;1:00:00;52;5,7032814;0;0;0;0;0;0;0;27090;52;0;0;;;;;;;;;
;;;171;2:00:00;52;5,6113443;0;0;0;0;0;0;0;27038;52;0;0;;;;;;;;;
;;;172;3:00:00;52;5,2879744;0;0;0;0;0;0;0;26986;52;0;0;;;;;;;;;
;;;173;4:00:00;52;5,010574;0;0;0;0;0;0;0;26934;52;0;0;;;;;;;;;
;;;174;5:00:00;52;5,153784;0;0;0;0;0;0;0;26882;52;0;0;;;;;;;;;
;;;175;6:00:00;1894,41;5,5752883;0;0;0;0;0;0;0;24987;1894,41;0;0;;;;;;;;;
;;;176;7:00:00;2590,45;5,8841248;0;0;0;0;0;0;0;22397;2590,45;0;0;;;;;;;;;
;;;177;8:00:00;1620,45;5,703286;0;49,89;122,36;510,8736;299,34;299,34;0;21076;1321,11;0;0;;;;;;;;;
;;;178;9:00:00;113,56;5,3749056;0;335,54;489,59;3435,9296;2013,24;2013,24;1899,68;22975;0;0;0;;;;;;;;;
;;;179;10:00:00;52;5,660383;0;579,79;468,33;5937,0496;3478,74;3478,74;3426,74;26402;0;0;0;;;;;;;;;
;;;180;11:00:00;52;5,2668233;0;777,57;315,15;7962,3168;4665,42;4665,42;4613,42;31016;0;0;0;;;;;;;;;
;;;181;12:00:00;52;4,580827;0;891,95;119,99;9133,568;5351,7;5351,7;5299,7;36315;0;0;1614,97;;;;;;;;;
;;;182;13:00:00;2788;3,7709546;0;956,05;357,37;9789,952;5736,3;5736,3;2948,3;39264;0;0;2211,87;;;;;;;;;
;;;183;14:00:00;362;3,1189783;0;939,27;585,24;9618,1248;5635,62;5635,62;5273,62;40000;0;0;5273,62;;;;;;;;;
;;;184;15:00:00;492;2,5862138;0;813,55;755,25;8330,752;4881,3;4881,3;4389,3;40000;0;0;4389,3;;;;;;;;;
;;;185;16:00:00;52;1,5618734;0;679,48;917,87;6957,8752;4076,88;4076,88;4024,88;40000;0;0;4024,88;;;;;;;;;
;;;186;17:00:00;52;0,8801732;0;0;0;0;0;0;0;39948;52;0;0;;;;;;;;;
;;;187;18:00:00;1342,2;1,1363062;0;0;0;0;0;0;0;38606;1342,2;0;0;;;;;;;;;
;;;188;19:00:00;3055,45;1,3616064;0;0;0;0;0;0;0;35550;3055,45;0;0;;;;;;;;;
;;;189;20:00:00;3419,45;1,6661346;0;0;0;0;0;0;0;32131;3419,45;0;0;;;;;;;;;
;;;190;21:00:00;3547,15;1,6039414;0;0;0;0;0;0;0;28584;3547,15;0;0;;;;;;;;;
;;;191;22:00:00;625,45;2,2215092;0;0;0;0;0;0;0;27958;625,45;0;0;;;;;;;;;
;;;192;23:00:00;815,45;3,0705323;0;0;0;0;0;0;0;27143;815,45;0;0;;;;;;;;;
;;Martes;193;0:00:00;654,6;3,0140545;0;0;0;0;0;0;0;26488;654,6;0;0;;;;;;;;;
;;;194;1:00:00;52;2,4299982;0;0;0;0;0;0;0;26436;52;0;0;;;;;;;;;
;;;195;2:00:00;52;2,4531627;0;0;0;0;0;0;0;26384;52;0;0;;;;;;;;;
;;;196;3:00:00;52;2,5424757;0;0;0;0;0;0;0;26332;52;0;0;;;;;;;;;
;;;197;4:00:00;52;2,5727499;0;0;0;0;0;0;0;26280;52;0;0;;;;;;;;;
;;;198;5:00:00;52;2,3812711;0;0;0;0;0;0;0;26228;52;0;0;;;;;;;;;
;;;199;6:00:00;1894,41;2,449947;0;0;0;0;0;0;0;24334;1894,41;0;0;;;;;;;;;
;;;200;7:00:00;2590,45;2,4072156;0;0;0;0;0;0;0;21743;2590,45;0;0;;;;;;;;;
;;;201;8:00:00;1620,45;2,2877543;0;49,57;121,95;507,5968;297,42;297,42;0;20420;1323,03;0;0;;;;;;;;;
;;;202;9:00:00;113,56;1,9849161;0;225,84;318,11;2312,6016;1355,04;1355,04;1241,48;21662;0;0;0;;;;;;;;;
;;;203;10:00:00;52;1,5572612;0;290,33;287,99;2972,9792;1741,98;1741,98;1689,98;23352;0;0;0;;;;;;;;;
;;;204;11:00:00;52;1,588557;0;622,64;329,06;6375,8336;3735,84;3735,84;3683,84;27036;0;0;0;;;;;;;;;
;;;205;12:00:00;52;1,2257591;0;445,55;255,69;4562,432;2673,3;2673,3;2621,3;29657;0;0;0;;;;;;;;;
;;;206;13:00:00;2788;0,64037293;0;525,05;336,74;5376,512;3150,3;3150,3;362,3;30019;0;0;0;;;;;;;;;
;;;207;14:00:00;362;0,7226503;0;714,7;503,13;7318,528;4288,2;4288,2;3926,2;33945;0;0;0;;;;;;;;;
;;;208;15:00:00;492;1,377392;0;809,41;749,6;8288,3584;4856,46;4856,46;4364,46;38310;0;0;2674,38;;;;;;;;;
;;;209;16:00:00;52;2,1620555;0;678,88;914,66;6951,7312;4073,28;4073,28;4021,28;40000;0;0;4021,28;;;;;;;;;
;;;210;17:00:00;52;2,35799;0;0;0;0;0;0;0;39948;52;0;0;;;;;;;;;
;;;211;18:00:00;1342,2;2,1071908;0;0;0;0;0;0;0;38606;1342,2;0;0;;;;;;;;;
;;;212;19:00:00;3055,45;1,750917;0;0;0;0;0;0;0;35550;3055,45;0;0;;;;;;;;;
;;;213;20:00:00;3419,45;1,365773;0;0;0;0;0;0;0;32131;3419,45;0;0;;;;;;;;;
;;;214;21:00:00;3547,15;1,4446865;0;0;0;0;0;0;0;28584;3547,15;0;0;;;;;;;;;
;;;215;22:00:00;625,45;2,269127;0;0;0;0;0;0;0;27958;625,45;0;0;;;;;;;;;
;;;216;23:00:00;815,45;1,4404116;0;0;0;0;0;0;0;27143;815,45;0;0;;;;;;;;;
;;Miércoles;217;0:00:00;654,6;0,98209965;0;0;0;0;0;0;0;26488;654,6;0;0;;;;;;;;;
;;;218;1:00:00;52;0,6990995;0;0;0;0;0;0;0;26436;52;0;0;;;;;;;;;
;;;219;2:00:00;52;0,89750326;0;0;0;0;0;0;0;26384;52;0;0;;;;;;;;;
;;;220;3:00:00;52;0,8784695;0;0;0;0;0;0;0;26332;52;0;0;;;;;;;;;
;;;221;4:00:00;52;1,315397;0;0;0;0;0;0;0;26280;52;0;0;;;;;;;;;
;;;222;5:00:00;52;1,7043542;0;0;0;0;0;0;0;26228;52;0;0;;;;;;;;;
;;;223;6:00:00;1894,41;1,835221;0;0;0;0;0;0;0;24334;1894,41;0;0;;;;;;;;;
;;;224;7:00:00;2590,45;1,6968455;0;0;0;0;0;0;0;21743;2590,45;0;0;;;;;;;;;
;;;225;8:00:00;1620,45;1,5325112;0;50,25;122,99;514,56;301,5;301,5;0;20424;1318,95;0;0;;;;;;;;;
;;;226;9:00:00;113,56;1,5262654;0;169,01;226,88;1730,6624;1014,06;1014,06;900,5;21325;0;0;0;;;;;;;;;
;;;227;10:00:00;52;1,2923638;0;447,26;400,83;4579,9424;2683,56;2683,56;2631,56;23957;0;0;0;;;;;;;;;
;;;228;11:00:00;52;1,7449015;0;706,83;328,5;7237,9392;4240,98;4240,98;4188,98;28145;0;0;0;;;;;;;;;
;;;229;12:00:00;52;2,1412714;0;876,5;126,46;8975,36;5259;5259;5207;33352;0;0;0;;;;;;;;;
;;;230;13:00:00;2788;2,450873;0;942,37;355,48;9649,8688;5654,22;5654,22;2866,22;36219;0;0;0;;;;;;;;;
;;;231;14:00:00;362;3,1239128;0;919,13;575,24;9411,8912;5514,78;5514,78;5152,78;40000;0;0;5152,78;;;;;;;;;
;;;232;15:00:00;492;3,6768262;0;780,51;726,62;7992,4224;4683,06;4683,06;4191,06;40000;0;0;4191,06;;;;;;;;;
;;;233;16:00:00;52;3,4058917;0;689,41;926,1;7059,5584;4136,46;4136,46;4084,46;40000;0;0;4084,46;;;;;;;;;
;;;234;17:00:00;52;3,400034;0;0;0;0;0;0;0;39948;52;0;0;;;;;;;;;
;;;235;18:00:00;1342,2;3,6625972;0;0;0;0;0;0;0;38606;1342,2;0;0;;;;;;;;;
;;;236;19:00:00;3055,45;3,9738367;0;0;0;0;0;0;0;35550;3055,45;0;0;;;;;;;;;
;;;237;20:00:00;3419,45;4,1210766;0;0;0;0;0;0;0;32131;3419,45;0;0;;;;;;;;;
;;;238;21:00:00;3547,15;4,140015;0;0;0;0;0;0;0;28584;3547,15;0;0;;;;;;;;;
;;;239;22:00:00;625,45;3,893132;0;0;0;0;0;0;0;27958;625,45;0;0;;;;;;;;;
;;;240;23:00:00;815,45;3,195067;0;0;0;0;0;0;0;27143;815,45;0;0;;;;;;;;;
;;Jueves;241;0:00:00;654,6;2,2830398;0;0;0;0;0;0;0;26488;654,6;0;0;;;;;;;;;
;;;242;1:00:00;52;1,9679011;0;0;0;0;0;0;0;26436;52;0;0;;;;;;;;;
;;;243;2:00:00;52;1,804868;0;0;0;0;0;0;0;26384;52;0;0;;;;;;;;;
;;;244;3:00:00;52;1,6800002;0;0;0;0;0;0;0;26332;52;0;0;;;;;;;;;
;;;245;4:00:00;52;1,3640586;0;0;0;0;0;0;0;26280;52;0;0;;;;;;;;;
;;;246;5:00:00;52;1,3667535;0;0;0;0;0;0;0;26228;52;0;0;;;;;;;;;
;;;247;6:00:00;1894,41;1,6106923;0;0;0;0;0;0;0;24334;1894,41;0;0;;;;;;;;;
;;;248;7:00:00;2590,45;1,5675373;0;0;0;0;0;0;0;21743;2590,45;0;0;;;;;;;;;
;;;249;8:00:00;1620,45;1,3560181;0;80,38;245,21;823,0912;482,28;482,28;0;20605;1138,17;0;0;;;;;;;;;
;;;250;9:00:00;113,56;1,4827274;0;335,54;495,51;3435,9296;2013,24;2013,24;1899,68;22505;0;0;0;;;;;;;;;
;;;251;10:00:00;52;1,2824407;0;581,36;475,07;5953,1264;3488,16;3488,16;3436,16;25941;0;0;0;;;;;;;;;
;;;252;11:00:00;52;1,3331696;0;769,3;323,53;7877,632;4615,8;4615,8;4563,8;30505;0;0;0;;;;;;;;;
;;;253;12:00:00;52;1,1980664;0;904,06;113,57;9257,5744;5424,36;5424,36;5372,36;35877;0;0;1249,58;;;;;;;;;
;;;254;13:00:00;2788;0,9303042;0;948,24;356,58;9709,9776;5689,44;5689,44;2901,44;38779;0;0;1680,1;;;;;;;;;
;;;255;14:00:00;362;0,85542786;0;925,95;577,6;9481,728;5555,7;5555,7;5193,7;40000;0;0;5193,7;;;;;;;;;
;;;256;15:00:00;492;1,8193914;0;827,12;761,33;8469,7088;4962,72;4962,72;4470,72;40000;0;0;4470,72;;;;;;;;;
;;;257;16:00:00;52;2,8333192;0;631,55;847,19;6467,072;3789,3;3789,3;3737,3;40000;0;0;3737,3;;;;;;;;;
;;;258;17:00:00;52;3,0125773;0;0;0;0;0;0;0;39948;52;0;0;;;;;;;;;
;;;259;18:00:00;1342,2;3,0176702;0;0;0;0;0;0;0;38606;1342,2;0;0;;;;;;;;;
;;;260;19:00:00;3055,45;2,634661;0;0;0;0;0;0;0;35550;3055,45;0;0;;;;;;;;;
;;;261;20:00:00;3419,45;2,492396;0;0;0;0;0;0;0;32131;3419,45;0;0;;;;;;;;;
;;;262;21:00:00;3547,15;1,4166019;0;0;0;0;0;0;0;28584;3547,15;0;0;;;;;;;;;
;;;263;22:00:00;625,45;0,6366124;0;0;0;0;0;0;0;27958;625,45;0;0;;;;;;;;;
;;;264;23:00:00;815,45;0,7566167;0;0;0;0;0;0;0;27143;815,45;0;0;;;;;;;;;
;;Viernes;265;0:00:00;654,6;1,068349;0;0;0;0;0;0;0;26488;654,6;0;0;;;;;;;;;
;;;266;1:00:00;52;1,4906775;0;0;0;0;0;0;0;26436;52;0;0;;;;;;;;;
;;;267;2:00:00;52;1,7289122;0;0;0;0;0;0;0;26384;52;0;0;;;;;;;;;
;;;268;3:00:00;52;1,7501261;0;0;0;0;0;0;0;26332;52;0;0;;;;;;;;;
;;;269;4:00:00;52;1,833679;0;0;0;0;0;0;0;26280;52;0;0;;;;;;;;;
;;;270;5:00:00;52;1,9251869;0;0;0;0;0;0;0;26228;52;0;0;;;;;;;;;
;;;271;6:00:00;1894,41;1,9373566;0;0;0;0;0;0;0;24334;1894,41;0;0;;;;;;;;;
;;;272;7:00:00;2590,45;1,9441859;0;0;0;0;0;0;0;21743;2590,45;0;0;;;;;;;;;
;;;273;8:00:00;1620,45;2,0608265;0;51,59;129,1;528,2816;309,54;309,54;0;20432;1310,91;0;0;;;;;;;;;
;;;274;9:00:00;113,56;1,8426205;0;314,94;465,43;3224,9856;1889,64;1889,64;1776,08;22209;0;0;0;;;;;;;;;
;;;275;10:00:00;52;1,614522;0;562,05;466,85;5755,392;3372,3;3372,3;3320,3;25529;0;0;0;;;;;;;;;
;;;276;11:00:00;52;1,423047;0;764,26;323,53;7826,0224;4585,56;4585,56;4533,56;30062;0;0;0;;;;;;;;;
;;;277;12:00:00;52;1,7025294;0;918,93;104,95;9409,8432;5513,58;5513,58;5461,58;35524;0;0;985,58;;;;;;;;;
;;;278;13:00:00;2788;2,0278442;0;965,03;352,87;9881,9072;5790,18;5790,18;3002,18;38526;0;0;1528,36;;;;;;;;;
;;;279;14:00:00;362;1,9620159;0;922,2;574,54;9443,328;5533,2;5533,2;5171,2;40000;0;0;5171,2;;;;;;;;;
;;;280;15:00:00;492;1,8239845;0;792,44;733,43;8114,5856;4754,64;4754,64;4262,64;40000;0;0;4262,64;;;;;;;;;
;;;281;16:00:00;52;2,1060863;0;571,44;765;5851,5456;3428,64;3428,64;3376,64;40000;0;0;3376,64;;;;;;;;;
;;;282;17:00:00;52;2,2471085;0;0;0;0;0;0;0;39948;52;0;0;;;;;;;;;
;;;283;18:00:00;1342,2;2,2312908;0;0;0;0;0;0;0;38606;1342,2;0;0;;;;;;;;;
;;;284;19:00:00;3055,45;1,9516882;0;0;0;0;0;0;0;35550;3055,45;0;0;;;;;;;;;
;;;285;20:00:00;3419,45;2,127826;0;0;0;0;0;0;0;32131;3419,45;0;0;;;;;;;;;
;;;286;21:00:00;3547,15;1,891478;0;0;0;0;0;0;0;28584;3547,15;0;0;;;;;;;;;
;;;287;22:00:00;625,45;1,5702789;0;0;0;0;0;0;0;27958;625,45;0;0;;;;;;;;;
;;;288;23:00:00;815,45;2,1086252;0;0;0;0;0;0;0;27143;815,45;0;0;;;;;;;;;
;;Sábado;289;0:00:00;757,2;2,0933385;0;0;0;0;0;0;0;26386;757,2;0;0;;;;;;;;;
;;;290;1:00:00;362;2,3251007;0;0;0;0;0;0;0;26024;362;0;0;;;;;;;;;
;;;291;2:00:00;52;2,536846;0;0;0;0;0;0;0;25972;52;0;0;;;;;;;;;
;;;292;3:00:00;52;2,6708193;0;0;0;0;0;0;0;25920;52;0;0;;;;;;;;;
;;;293;4:00:00;52;2,732596;0;0;0;0;0;0;0;25868;52;0;0;;;;;;;;;
;;;294;5:00:00;52;2,7123005;0;0;0;0;0;0;0;25816;52;0;0;;;;;;;;;
;;;295;6:00:00;399,6;2,7376628;0;0;0;0;0;0;0;25416;399,6;0;0;;;;;;;;;
;;;296;7:00:00;2365,45;2,8283172;0;0;0;0;0;0;0;23051;2365,45;0;0;;;;;;;;;
;;;297;8:00:00;2160,45;2,8940468;0;72,95;218,09;747,008;437,7;437,7;0;21328;1722,75;0;0;;;;;;;;;
;;;298;9:00:00;1311,81;2,5306475;0;270,1;395,44;2765,824;1620,6;1620,6;308,79;21637;0;0;0;;;;;;;;;
;;;299;10:00:00;1676,25;2,367727;0;522,3;444,09;5348,352;3133,8;3133,8;1457,55;23094;0;0;0;;;;;;;;;
;;;300;11:00:00;232;1,7139637;0;721,29;322,32;7386,0096;4327,74;4327,74;4095,74;27190;0;0;0;;;;;;;;;
;;;301;12:00:00;52;1,3635064;0;849,03;123,9;8694,0672;5094,18;5094,18;5042,18;32232;0;0;0;;;;;;;;;
;;;302;13:00:00;2755;1,2411019;0;912,87;344,97;9347,7888;5477,22;5477,22;2722,22;34954;0;0;0;;;;;;;;;
;;;303;14:00:00;2642;1,340368;0;897,13;558,78;9186,6112;5382,78;5382,78;2740,78;37695;0;0;435,89;;;;;;;;;
;;;304;15:00:00;492;1,6906964;0;761,47;704,46;7797,4528;4568,82;4568,82;4076,82;40000;0;0;4076,82;;;;;;;;;
;;;305;16:00:00;52;1,6446166;0;606,08;808,59;6206,2592;3636,48;3636,48;3584,48;40000;0;0;3584,48;;;;;;;;;
;;;306;17:00:00;52;1,3605648;0;0;0;0;0;0;0;39948;52;0;0;;;;;;;;;
;;;307;18:00:00;632,2;0,8217604;0;0;0;0;0;0;0;39316;632,2;0;0;;;;;;;;;
;;;308;19:00:00;1343,7;0,88086534;0;0;0;0;0;0;0;37972;1343,7;0;0;;;;;;;;;
;;;309;20:00:00;3239,45;1,1559905;0;0;0;0;0;0;0;34733;3239,45;0;0;;;;;;;;;
;;;310;21:00:00;5495,45;1,4802947;0;0;0;0;0;0;0;29237;5495,45;0;0;;;;;;;;;
;;;311;22:00:00;625,45;1,9804547;0;0;0;0;0;0;0;28612;625,45;0;0;;;;;;;;;
;;;312;23:00:00;815,45;2,4824748;0;0;0;0;0;0;0;27796;815,45;0;0;;;;;;;;;
;;Domingo;313;0:00:00;757,2;3,290546;0;0;0;0;0;0;0;27039;757,2;0;0;;;;;;;;;
;;;314;1:00:00;362;3,574715;0;0;0;0;0;0;0;26677;362;0;0;;;;;;;;;
;;;315;2:00:00;52;3,7283587;0;0;0;0;0;0;0;26625;52;0;0;;;;;;;;;
;;;316;3:00:00;52;4,0091443;0;0;0;0;0;0;0;26573;52;0;0;;;;;;;;;
;;;317;4:00:00;52;4,3697324;0;0;0;0;0;0;0;26521;52;0;0;;;;;;;;;
;;;318;5:00:00;52;4,507634;0;0;0;0;0;0;0;26469;52;0;0;;;;;;;;;
;;;319;6:00:00;399,6;4,5789194;0;0;0;0;0;0;0;26070;399,6;0;0;;;;;;;;;
;;;320;7:00:00;2365,45;4,4102373;0;0;0;0;0;0;0;23704;2365,45;0;0;;;;;;;;;
;;;321;8:00:00;2160,45;4,2568803;0;78,86;242,38;807,5264;473,16;473,16;0;22017;1687,29;0;0;;;;;;;;;
;;;322;9:00:00;1311,81;4,5509315;0;331,1;494,25;3390,464;1986,6;1986,6;674,79;22692;0;0;0;;;;;;;;;
;;;323;10:00:00;1676,25;4,882289;0;574,79;475,21;5885,8496;3448,74;3448,74;1772,49;24464;0;0;0;;;;;;;;;
;;;324;11:00:00;232;5,5579195;0;774,96;324,67;7935,5904;4649,76;4649,76;4417,76;28882;0;0;0;;;;;;;;;
;;;325;12:00:00;52;6,015308;0;891,61;111,23;9130,0864;5349,66;5349,66;5297,66;34179;0;0;0;;;;;;;;;
;;;326;13:00:00;2755;5,567156;0;957,27;348,67;9802,4448;5743,62;5743,62;2988,62;37168;0;0;156,7;;;;;;;;;
;;;327;14:00:00;2642;4,9014006;0;921,49;570,02;9436,0576;5528,94;5528,94;2886,94;40000;0;0;2886,94;;;;;;;;;
;;;328;15:00:00;492;4,473855;0;817;747,9;8366,08;4902;4902;4410;40000;0;0;4410;;;;;;;;;
;;;329;16:00:00;52;4,589871;0;686,8;913,29;7032,832;4120,8;4120,8;4068,8;40000;0;0;4068,8;;;;;;;;;
;;;330;17:00:00;52;5,009927;0;0;0;0;0;0;0;39948;52;0;0;;;;;;;;;
;;;331;18:00:00;632,2;5,4495096;0;0;0;0;0;0;0;39316;632,2;0;0;;;;;;;;;
;;;332;19:00:00;1343,7;5,7425795;0;0;0;0;0;0;0;37972;1343,7;0;0;;;;;;;;;
;;;333;20:00:00;3239,45;5,9188313;0;0;0;0;0;0;0;34733;3239,45;0;0;;;;;;;;;
;;;334;21:00:00;5495,45;5,8352704;0;0;0;0;0;0;0;29237;5495,45;0;0;;;;;;;;;
;;;335;22:00:00;625,45;4,796881;0;0;0;0;0;0;0;28612;625,45;0;0;;;;;;;;;
;;;336;23:00:00;815,45;5,3953996;0;0;0;0;0;0;0;27796;815,45;0;0;;;;;;;;;
;3;Lunes;337;0:00:00;654,6;5,4201984;0;0;0;0;0;0;0;27142;654,6;0;0;;;;;;;;;
;;;338;1:00:00;52;5,585321;0;0;0;0;0;0;0;27090;52;0;0;;;;;;;;;
;;;339;2:00:00;52;5,6104474;0;0;0;0;0;0;0;27038;52;0;0;;;;;;;;;
;;;340;3:00:00;52;5,402046;0;0;0;0;0;0;0;26986;52;0;0;;;;;;;;;
;;;341;4:00:00;52;5,1822257;0;0;0;0;0;0;0;26934;52;0;0;;;;;;;;;
;;;342;5:00:00;52;4,9429865;0;0;0;0;0;0;0;26882;52;0;0;;;;;;;;;
;;;343;6:00:00;1894,41;4,738416;0;0;0;0;0;0;0;24987;1894,41;0;0;;;;;;;;;
;;;344;7:00:00;2590,45;4,666525;0;0;0;0;0;0;0;22397;2590,45;0;0;;;;;;;;;
;;;345;8:00:00;1620,45;5,3599076;0;53,3;135,22;545,792;319,8;319,8;0;21096;1300,65;0;0;;;;;;;;;
;;;346;9:00:00;113,56;5,5612884;0;295,51;439,22;3026,0224;1773,06;1773,06;1659,5;22756;0;0;0;;;;;;;;;
;;;347;10:00:00;52;5,3247833;0;448,54;406,8;4593,0496;2691,24;2691,24;2639,24;25395;0;0;0;;;;;;;;;
;;;348;11:00:00;52;5,317704;0;541,46;329,68;5544,5504;3248,76;3248,76;3196,76;28592;0;0;0;;;;;;;;;
;;;349;12:00:00;52;5,1258807;0;870,55;119,7;8914,432;5223,3;5223,3;5171,3;33763;0;0;0;;;;;;;;;
;;;350;13:00:00;2788;5,701872;0;913,5;350,24;9354,24;5481;5481;2693;36456;0;0;0;;;;;;;;;
;;;351;14:00:00;362;5,957434;0;843,46;545,73;8637,0304;5060,76;5060,76;4698,76;40000;0;0;4698,76;;;;;;;;;
;;;352;15:00:00;492;5,7730565;0;547,05;530,12;5601,792;3282,3;3282,3;2790,3;40000;0;0;2790,3;;;;;;;;;
;;;353;16:00:00;52;5,1969676;0;635,85;844,15;6511,104;3815,1;3815,1;3763,1;40000;0;0;3763,1;;;;;;;;;
;;;354;17:00:00;52;5,5872984;0;0;0;0;0;0;0;39948;52;0;0;;;;;;;;;
;;;355;18:00:00;1342,2;6,0069246;0;0;0;0;0;0;0;38606;1342,2;0;0;;;;;;;;;
;;;356;19:00:00;3055,45;6,0359774;0;0;0;0;0;0;0;35550;3055,45;0;0;;;;;;;;;
;;;357;20:00:00;3419,45;6,0993156;0;0;0;0;0;0;0;32131;3419,45;0;0;;;;;;;;;
;;;358;21:00:00;3547,15;5,968387;0;0;0;0;0;0;0;28584;3547,15;0;0;;;;;;;;;
;;;359;22:00:00;625,45;4,2887254;0;0;0;0;0;0;0;27958;625,45;0;0;;;;;;;;;
;;;360;23:00:00;815,45;4,4858613;0;0;0;0;0;0;0;27143;815,45;0;0;;;;;;;;;
;;Martes;361;0:00:00;654,6;4,7673187;0;0;0;0;0;0;0;26488;654,6;0;0;;;;;;;;;
;;;362;1:00:00;52;5,2895412;0;0;0;0;0;0;0;26436;52;0;0;;;;;;;;;
;;;363;2:00:00;52;5,176747;0;0;0;0;0;0;0;26384;52;0;0;;;;;;;;;
;;;364;3:00:00;52;5,123212;0;0;0;0;0;0;0;26332;52;0;0;;;;;;;;;
;;;365;4:00:00;52;5,181039;0;0;0;0;0;0;0;26280;52;0;0;;;;;;;;;
;;;366;5:00:00;52;5,5437503;0;0;0;0;0;0;0;26228;52;0;0;;;;;;;;;
;;;367;6:00:00;1894,41;5,9463844;0;0;0;0;0;0;0;24334;1894,41;0;0;;;;;;;;;
;;;368;7:00:00;2590,45;5,9390607;0;0;0;0;0;0;0;21743;2590,45;0;0;;;;;;;;;
;;;369;8:00:00;1620,45;5,985492;0;26,73;40,53;273,7152;160,38;160,38;0;20283;1460,07;0;0;;;;;;;;;
;;;370;9:00:00;113,56;5,9026756;0;138,33;179,8;1416,4992;829,98;829,98;716,42;21000;0;0;0;;;;;;;;;
;;;371;10:00:00;52;5,5851645;0;284,88;288,21;2917,1712;1709,28;1709,28;1657,28;22657;0;0;0;;;;;;;;;
;;;372;11:00:00;52;5,5814505;0;297,77;267,53;3049,1648;1786,62;1786,62;1734,62;24392;0;0;0;;;;;;;;;
;;;373;12:00:00;52;5,638817;0;268,61;244,59;2750,5664;1611,66;1611,66;1559,66;25951;0;0;0;;;;;;;;;
;;;374;13:00:00;2788;5,2182155;0;429,46;317,17;4397,6704;2576,76;2576,76;0;25740;211,24;0;0;;;;;;;;;
;;;375;14:00:00;362;4,4457035;0;737,22;507,16;7549,1328;4423,32;4423,32;4061,32;29801;0;0;0;;;;;;;;;
;;;376;15:00:00;492;3,384798;0;723,06;673,71;7404,1344;4338,36;4338,36;3846,36;33648;0;0;0;;;;;;;;;
;;;377;16:00:00;52;3,277344;0;519,87;689,29;5323,4688;3119,22;3119,22;3067,22;36715;0;0;0;;;;;;;;;
;;;378;17:00:00;52;3,0148423;0;0;0;0;0;0;0;36663;52;0;0;;;;;;;;;
;;;379;18:00:00;1342,2;3,2336738;0;0;0;0;0;0;0;35321;1342,2;0;0;;;;;;;;;
;;;380;19:00:00;3055,45;4,063487;0;0;0;0;0;0;0;32265;3055,45;0;0;;;;;;;;;
;;;381;20:00:00;3419,45;4,869161;0;0;0;0;0;0;0;28846;3419,45;0;0;;;;;;;;;
;;;382;21:00:00;3547,15;6,909351;0;0;0;0;0;0;0;25299;3547,15;0;0;;;;;;;;;
;;;383;22:00:00;625,45;6,8951716;0;0;0;0;0;0;0;24673;625,45;0;0;;;;;;;;;
;;;384;23:00:00;815,45;4,88957;0;0;0;0;0;0;0;23858;815,45;0;0;;;;;;;;;
;;Miércoles;385;0:00:00;654,6;3,0837162;0;0;0;0;0;0;0;23203;654,6;0;0;;;;;;;;;
;;;386;1:00:00;52;2,715853;0;0;0;0;0;0;0;23151;52;0;0;;;;;;;;;
;;;387;2:00:00;52;2,9558418;0;0;0;0;0;0;0;23099;52;0;0;;;;;;;;;
;;;388;3:00:00;52;3,0059686;0;0;0;0;0;0;0;23047;52;0;0;;;;;;;;;
;;;389;4:00:00;52;2,2444515;0;0;0;0;0;0;0;22995;52;0;0;;;;;;;;;
;;;390;5:00:00;52;2,3830323;0;0;0;0;0;0;0;22943;52;0;0;;;;;;;;;
;;;391;6:00:00;1894,41;2,302703;0;0;0;0;0;0;0;21049;1894,41;0;0;;;;;;;;;
;;;392;7:00:00;2590,45;2,1160846;0;0;0;0;0;0;0;18458;2590,45;0;0;;;;;;;;;
;;;393;8:00:00;1620,45;2,2553842;0;37,11;72,14;380,0064;222,66;222,66;0;17061;1397,79;0;0;;;;;;;;;
;;;394;9:00:00;113,56;2,6816804;0;153,91;204,33;1576,0384;923,46;923,46;809,9;17870;0;0;0;;;;;;;;;
;;;395;10:00:00;52;3,7741778;0;213,96;228,73;2190,9504;1283,76;1283,76;1231,76;19102;0;0;0;;;;;;;;;
;;;396;11:00:00;52;6,786866;0;765,59;330,5;7839,6416;4593,54;4593,54;4541,54;23644;0;0;0;;;;;;;;;
;;;397;12:00:00;52;8,621191;0;901,04;113,07;9226,6496;5406,24;5406,24;5354,24;28998;0;0;0;;;;;;;;;
;;;398;13:00:00;2788;8,753901;0;858,05;359,54;8786,432;5148,3;5148,3;2360,3;31358;0;0;0;;;;;;;;;
;;;399;14:00:00;362;9,02833;0;903,69;563,31;9253,7856;5422,14;5422,14;5060,14;36418;0;0;1478,58;;;;;;;;;
;;;400;15:00:00;492;9,0043125;0;799,49;731,66;8186,7776;4796,94;4796,94;4304,94;40000;0;0;4304,94;;;;;;;;;
;;;401;16:00:00;52;8,850185;0;656,01;866,68;6717,5424;3936,06;3936,06;3884,06;40000;0;0;3884,06;;;;;;;;;
;;;402;17:00:00;52;9,943627;0;0;0;0;0;0;0;39948;52;0;0;;;;;;;;;
;;;403;18:00:00;1342,2;9,613848;0;0;0;0;0;0;0;38606;1342,2;0;0;;;;;;;;;
;;;404;19:00:00;3055,45;9,517371;0;0;0;0;0;0;0;35550;3055,45;0;0;;;;;;;;;
;;;405;20:00:00;3419,45;9,477354;0;0;0;0;0;0;0;32131;3419,45;0;0;;;;;;;;;
;;;406;21:00:00;3547,15;9,1151705;0;0;0;0;0;0;0;28584;3547,15;0;0;;;;;;;;;
;;;407;22:00:00;625,45;8,595901;0;0;0;0;0;0;0;27958;625,45;0;0;;;;;;;;;
;;;408;23:00:00;815,45;8,3578825;0;0;0;0;0;0;0;27143;815,45;0;0;;;;;;;;;
;;Jueves;409;0:00:00;654,6;8,361753;0;0;0;0;0;0;0;26488;654,6;0;0;;;;;;;;;
;;;410;1:00:00;52;8,138867;0;0;0;0;0;0;0;26436;52;0;0;;;;;;;;;
;;;411;2:00:00;52;7,819961;0;0;0;0;0;0;0;26384;52;0;0;;;;;;;;;
;;;412;3:00:00;52;7,8010764;0;0;0;0;0;0;0;26332;52;0;0;;;;;;;;;
;;;413;4:00:00;52;7,6515155;0;0;0;0;0;0;0;26280;52;0;0;;;;;;;;;
;;;414;5:00:00;52;7,370579;0;0;0;0;0;0;0;26228;52;0;0;;;;;;;;;
;;;415;6:00:00;1894,41;7,128308;0;0;0;0;0;0;0;24334;1894,41;0;0;;;;;;;;;
;;;416;7:00:00;2590,45;6,802774;0;0;0;0;0;0;0;21743;2590,45;0;0;;;;;;;;;
;;;417;8:00:00;1620,45;6,6030836;0;72,21;211,41;739,4304;433,26;433,26;0;20556;1187,19;0;0;;;;;;;;;
;;;418;9:00:00;113,56;5,964647;0;255,1;374,89;2612,224;1530,6;1530,6;1417,04;21973;0;0;0;;;;;;;;;
;;;419;10:00:00;52;5,8639855;0;577,7;484,39;5915,648;3466,2;3466,2;3414,2;25387;0;0;0;;;;;;;;;
;;;420;11:00:00;52;7,3580847;0;711,62;341,54;7286,9888;4269,72;4269,72;4217,72;29605;0;0;0;;;;;;;;;
;;;421;12:00:00;52;7,2731686;0;844,73;147;8650,0352;5068,38;5068,38;5016,38;34622;0;0;0;;;;;;;;;
;;;422;13:00:00;2788;7,2202487;0;818,38;362,7;8380,2112;4910,28;4910,28;2122,28;36744;0;0;0;;;;;;;;;
;;;423;14:00:00;362;7,2663527;0;841,65;546,75;8618,496;5049,9;5049,9;4687,9;40000;0;0;4687,9;;;;;;;;;
;;;424;15:00:00;492;6,7500415;0;746,8;691,8;7647,232;4480,8;4480,8;3988,8;40000;0;0;3988,8;;;;;;;;;
;;;425;16:00:00;52;5,5441127;0;498,1;657,58;5100,544;2988,6;2988,6;2936,6;40000;0;0;2936,6;;;;;;;;;
;;;426;17:00:00;52;5,060883;0;0;0;0;0;0;0;39948;52;0;0;;;;;;;;;
;;;427;18:00:00;1342,2;4,290627;0;0;0;0;0;0;0;38606;1342,2;0;0;;;;;;;;;
;;;428;19:00:00;3055,45;3,7595391;0;0;0;0;0;0;0;35550;3055,45;0;0;;;;;;;;;
;;;429;20:00:00;3419,45;3,155242;0;0;0;0;0;0;0;32131;3419,45;0;0;;;;;;;;;
;;;430;21:00:00;3547,15;3,0625854;0;0;0;0;0;0;0;28584;3547,15;0;0;;;;;;;;;
;;;431;22:00:00;625,45;2,7009969;0;0;0;0;0;0;0;27958;625,45;0;0;;;;;;;;;
;;;432;23:00:00;815,45;2,2120163;0;0;0;0;0;0;0;27143;815,45;0;0;;;;;;;;;
;;Viernes;433;0:00:00;654,6;2,2905755;0;0;0;0;0;0;0;26488;654,6;0;0;;;;;;;;;
;;;434;1:00:00;52;2,3518586;0;0;0;0;0;0;0;26436;52;0;0;;;;;;;;;
;;;435;2:00:00;52;2,3993204;0;0;0;0;0;0;0;26384;52;0;0;;;;;;;;;
;;;436;3:00:00;52;2,021657;0;0;0;0;0;0;0;26332;52;0;0;;;;;;;;;
;;;437;4:00:00;52;1,6152787;0;0;0;0;0;0;0;26280;52;0;0;;;;;;;;;
;;;438;5:00:00;52;1,5515554;0;0;0;0;0;0;0;26228;52;0;0;;;;;;;;;
;;;439;6:00:00;1894,41;1,5079997;0;0;0;0;0;0;0;24334;1894,41;0;0;;;;;;;;;
;;;440;7:00:00;2590,45;1,3984638;0;0;0;0;0;0;0;21743;2590,45;0;0;;;;;;;;;
;;;441;8:00:00;1620,45;1,934069;0;50,64;121,1;518,5536;303,84;303,84;0;20427;1316,61;0;0;;;;;;;;;
;;;442;9:00:00;113,56;3,414541;0;317,75;480,87;3253,76;1906,5;1906,5;1792,94;22220;0;0;0;;;;;;;;;
;;;443;10:00:00;52;3,8076344;0;562,49;478,12;5759,8976;3374,94;3374,94;3322,94;25543;0;0;0;;;;;;;;;
;;;444;11:00:00;52;5,1975985;0;327,8;283,92;3356,672;1966,8;1966,8;1914,8;27457;0;0;0;;;;;;;;;
;;;445;12:00:00;52;5,4806447;0;615,22;239,47;6299,8528;3691,32;3691,32;3639,32;31097;0;0;0;;;;;;;;;
;;;446;13:00:00;2788;5,3882866;0;935,16;349,13;9576,0384;5610,96;5610,96;2822,96;33920;0;0;0;;;;;;;;;
;;;447;14:00:00;362;4,9769416;0;865,11;552,78;8858,7264;5190,66;5190,66;4828,66;38748;0;0;3577,06;;;;;;;;;
;;;448;15:00:00;492;5,2775373;0;679,53;638,67;6958,3872;4077,18;4077,18;3585,18;40000;0;0;3585,18;;;;;;;;;
;;;449;16:00:00;52;5,3659434;0;400,83;526,09;4104,4992;2404,98;2404,98;2352,98;40000;0;0;2352,98;;;;;;;;;
;;;450;17:00:00;52;5,5331473;0;0;0;0;0;0;0;39948;52;0;0;;;;;;;;;
;;;451;18:00:00;1342,2;6,415544;0;0;0;0;0;0;0;38606;1342,2;0;0;;;;;;;;;
;;;452;19:00:00;3055,45;7,3739305;0;0;0;0;0;0;0;35550;3055,45;0;0;;;;;;;;;
;;;453;20:00:00;3419,45;7,5199347;0;0;0;0;0;0;0;32131;3419,45;0;0;;;;;;;;;
;;;454;21:00:00;3547,15;7,8364477;0;0;0;0;0;0;0;28584;3547,15;0;0;;;;;;;;;
;;;455;22:00:00;625,45;7,575649;0;0;0;0;0;0;0;27958;625,45;0;0;;;;;;;;;
;;;456;23:00:00;815,45;7,869174;0;0;0;0;0;0;0;27143;815,45;0;0;;;;;;;;;
;;Sábado;457;0:00:00;757,2;6,914647;0;0;0;0;0;0;0;26386;757,2;0;0;;;;;;;;;
;;;458;1:00:00;362;5,7781696;0;0;0;0;0;0;0;26024;362;0;0;;;;;;;;;
;;;459;2:00:00;52;4,739704;0;0;0;0;0;0;0;25972;52;0;0;;;;;;;;;
;;;460;3:00:00;52;3,7233257;0;0;0;0;0;0;0;25920;52;0;0;;;;;;;;;
;;;461;4:00:00;52;3,0710456;0;0;0;0;0;0;0;25868;52;0;0;;;;;;;;;
;;;462;5:00:00;52;2,7560074;0;0;0;0;0;0;0;25816;52;0;0;;;;;;;;;
;;;463;6:00:00;399,6;2,1779304;0;0;0;0;0;0;0;25416;399,6;0;0;;;;;;;;;
;;;464;7:00:00;2365,45;1,0310163;0;0;0;0;0;0;0;23051;2365,45;0;0;;;;;;;;;
;;;465;8:00:00;2160,45;0,26836756;0;51,18;121,38;524,0832;307,08;307,08;0;21197;1853,37;0;0;;;;;;;;;
;;;466;9:00:00;1311,81;1,0926727;0;315,85;479,33;3234,304;1895,1;1895,1;583,29;21781;0;0;0;;;;;;;;;
;;;467;10:00:00;1676,25;1,6880412;0;555,42;474,31;5687,5008;3332,52;3332,52;1656,27;23437;0;0;0;;;;;;;;;
;;;468;11:00:00;232;0,8208647;0;756,91;333,23;7750,7584;4541,46;4541,46;4309,46;27746;0;0;0;;;;;;;;;
;;;469;12:00:00;52;0,6039123;0;878,78;124,73;8998,7072;5272,68;5272,68;5220,68;32967;0;0;0;;;;;;;;;
;;;470;13:00:00;2755;1,3388013;0;923,39;345,53;9455,5136;5540,34;5540,34;2785,34;35752;0;0;0;;;;;;;;;
;;;471;14:00:00;2642;2,0778103;0;905,17;559,37;9268,9408;5431,02;5431,02;2789,02;38541;0;0;1330,31;;;;;;;;;
;;;472;15:00:00;492;2,56339;0;799,67;727,08;8188,6208;4798,02;4798,02;4306,02;40000;0;0;4306,02;;;;;;;;;
;;;473;16:00:00;52;2,7743337;0;656,53;861,99;6722,8672;3939,18;3939,18;3887,18;40000;0;0;3887,18;;;;;;;;;
;;;474;17:00:00;52;2,4096844;0;0;0;0;0;0;0;39948;52;0;0;;;;;;;;;
;;;475;18:00:00;632,2;2,1706765;0;0;0;0;0;0;0;39316;632,2;0;0;;;;;;;;;
;;;476;19:00:00;1343,7;1,9426386;0;0;0;0;0;0;0;37972;1343,7;0;0;;;;;;;;;
;;;477;20:00:00;3239,45;1,56416;0;0;0;0;0;0;0;34733;3239,45;0;0;;;;;;;;;
;;;478;21:00:00;5495,45;1,1636541;0;0;0;0;0;0;0;29237;5495,45;0;0;;;;;;;;;
;;;479;22:00:00;625,45;0,48700854;0;0;0;0;0;0;0;28612;625,45;0;0;;;;;;;;;
;;;480;23:00:00;815,45;0,73038954;0;0;0;0;0;0;0;27796;815,45;0;0;;;;;;;;;
;;Domingo;481;0:00:00;757,2;1,0897025;0;0;0;0;0;0;0;27039;757,2;0;0;;;;;;;;;
;;;482;1:00:00;362;1,3222711;0;0;0;0;0;0;0;26677;362;0;0;;;;;;;;;
;;;483;2:00:00;52;1,5540003;0;0;0;0;0;0;0;26625;52;0;0;;;;;;;;;
;;;484;3:00:00;52;1,4154979;0;0;0;0;0;0;0;26573;52;0;0;;;;;;;;;
;;;485;4:00:00;52;1,0498548;0;0;0;0;0;0;0;26521;52;0;0;;;;;;;;;
;;;486;5:00:00;52;0,88752604;0;0;0;0;0;0;0;26469;52;0;0;;;;;;;;;
;;;487;6:00:00;399,6;1,0172563;0;0;0;0;0;0;0;26070;399,6;0;0;;;;;;;;;
;;;488;7:00:00;2365,45;1,2204077;0;0;0;0;0;0;0;23704;2365,45;0;0;;;;;;;;;
;;;489;8:00:00;2160,45;1,641005;0;80,17;244,22;820,9408;481,02;481,02;0;22025;1679,43;0;0;;;;;;;;;
;;;490;9:00:00;1311,81;1,3557287;0;344,66;526,92;3529,3184;2067,96;2067,96;756,15;22781;0;0;0;;;;;;;;;
;;;491;10:00:00;1676,25;1,5211734;0;576,67;491,78;5905,1008;3460,02;3460,02;1783,77;24565;0;0;0;;;;;;;;;
;;;492;11:00:00;232;1,3830627;0;764,56;345,96;7829,0944;4587,36;4587,36;4355,36;28920;0;0;0;;;;;;;;;
;;;493;12:00:00;52;1,0197053;0;871,68;148,11;8926,0032;5230,08;5230,08;5178,08;34098;0;0;0;;;;;;;;;
;;;494;13:00:00;2755;0,40809003;0;957,16;353,4;9801,3184;5742,96;5742,96;2987,96;37086;0;0;73,9;;;;;;;;;
;;;495;14:00:00;2642;1,2472953;0;895,92;565,46;9174,2208;5375,52;5375,52;2733,52;39819;0;0;2552,98;;;;;;;;;
;;;496;15:00:00;492;2,113019;0;843,89;762,66;8641,4336;5063,34;5063,34;4571,34;40000;0;0;4571,34;;;;;;;;;
;;;497;16:00:00;52;2,4763694;0;700,33;917,06;7171,3792;4201,98;4201,98;4149,98;40000;0;0;4149,98;;;;;;;;;
;;;498;17:00:00;52;2,1962008;0;0;0;0;0;0;0;39948;52;0;0;;;;;;;;;
;;;499;18:00:00;632,2;2,0825582;0;0;0;0;0;0;0;39316;632,2;0;0;;;;;;;;;
;;;500;19:00:00;1343,7;2,0770457;0;0;0;0;0;0;0;37972;1343,7;0;0;;;;;;;;;
;;;501;20:00:00;3239,45;0,1725244;0;0;0;0;0;0;0;34733;3239,45;0;0;;;;;;;;;
;;;502;21:00:00;5495,45;0,9350846;0;0;0;0;0;0;0;29237;5495,45;0;0;;;;;;;;;
;;;503;22:00:00;625,45;0,9736612;0;0;0;0;0;0;0;28612;625,45;0;0;;;;;;;;;
;;;504;23:00:00;815,45;1,5808781;0;0;0;0;0;0;0;27796;815,45;0;0;;;;;;;;;
;4;Lunes;505;0:00:00;654,6;1,7170336;0;0;0;0;0;0;0;27142;654,6;0;0;;;;;;;;;
;;;506;1:00:00;52;1,7485431;0;0;0;0;0;0;0;27090;52;0;0;;;;;;;;;
;;;507;2:00:00;52;2,0080185;0;0;0;0;0;0;0;27038;52;0;0;;;;;;;;;
;;;508;3:00:00;52;2,4622073;0;0;0;0;0;0;0;26986;52;0;0;;;;;;;;;
;;;509;4:00:00;52;2,6330955;0;0;0;0;0;0;0;26934;52;0;0;;;;;;;;;
;;;510;5:00:00;52;2,52035;0;0;0;0;0;0;0;26882;52;0;0;;;;;;;;;
;;;511;6:00:00;1894,41;2,5823593;0;0;0;0;0;0;0;24987;1894,41;0;0;;;;;;;;;
;;;512;7:00:00;2590,45;2,7379165;0;0;0;0;0;0;0;22397;2590,45;0;0;;;;;;;;;
;;;513;8:00:00;1620,45;3,0276108;0;82,56;254,27;845,4144;495,36;495,36;0;21272;1125,09;0;0;;;;;;;;;
;;;514;9:00:00;113,56;2,751531;0;347,23;532,47;3555,6352;2083,38;2083,38;1969,82;23242;0;0;0;;;;;;;;;
;;;515;10:00:00;52;2,5429156;0;593,64;501,45;6078,8736;3561,84;3561,84;3509,84;26751;0;0;0;;;;;;;;;
;;;516;11:00:00;52;2,253576;0;782,64;343,69;8014,2336;4695,84;4695,84;4643,84;31395;0;0;0;;;;;;;;;
;;;517;12:00:00;52;1,8800642;0;940,42;112,64;9629,9008;5642,52;5642,52;5590,52;36986;0;0;2576,29;;;;;;;;;
;;;518;13:00:00;2788;1,3546621;0;978,9;348,97;10023,936;5873,4;5873,4;3085,4;40000;0;0;3085,4;;;;;;;;;
;;;519;14:00:00;362;0,8326616;0;967,41;583,83;9906,2784;5804,46;5804,46;5442,46;40000;0;0;5442,46;;;;;;;;;
;;;520;15:00:00;492;0,96154714;0;869,42;779,78;8902,8608;5216,52;5216,52;4724,52;40000;0;0;4724,52;;;;;;;;;
;;;521;16:00:00;52;1,1485124;0;699,93;915,15;7167,2832;4199,58;4199,58;4147,58;40000;0;0;4147,58;;;;;;;;;
;;;522;17:00:00;52;0,9146265;0;0;0;0;0;0;0;39948;52;0;0;;;;;;;;;
;;;523;18:00:00;1342,2;0,7624762;0;0;0;0;0;0;0;38606;1342,2;0;0;;;;;;;;;
;;;524;19:00:00;3055,45;0,6839402;0;0;0;0;0;0;0;35550;3055,45;0;0;;;;;;;;;
;;;525;20:00:00;3419,45;1,5045903;0;0;0;0;0;0;0;32131;3419,45;0;0;;;;;;;;;
;;;526;21:00:00;3547,15;1,803747;0;0;0;0;0;0;0;28584;3547,15;0;0;;;;;;;;;
;;;527;22:00:00;625,45;2,2121546;0;0;0;0;0;0;0;27958;625,45;0;0;;;;;;;;;
;;;528;23:00:00;815,45;2,880704;0;0;0;0;0;0;0;27143;815,45;0;0;;;;;;;;;
;;Martes;529;0:00:00;654,6;2,8410392;0;0;0;0;0;0;0;26488;654,6;0;0;;;;;;;;;
;;;530;1:00:00;52;2,6693952;0;0;0;0;0;0;0;26436;52;0;0;;;;;;;;;
;;;531;2:00:00;52;2,6777034;0;0;0;0;0;0;0;26384;52;0;0;;;;;;;;;
;;;532;3:00:00;52;2,7702358;0;0;0;0;0;0;0;26332;52;0;0;;;;;;;;;
;;;533;4:00:00;52;3,0185258;0;0;0;0;0;0;0;26280;52;0;0;;;;;;;;;
;;;534;5:00:00;52;3,2951016;0;0;0;0;0;0;0;26228;52;0;0;;;;;;;;;
;;;535;6:00:00;1894,41;3,3609054;0;0;0;0;0;0;0;24334;1894,41;0;0;;;;;;;;;
;;;536;7:00:00;2590,45;3,1343544;0;0;0;0;0;0;0;21743;2590,45;0;0;;;;;;;;;
;;;537;8:00:00;1620,45;3,0479887;0;82,49;253;844,6976;494,94;494,94;0;20618;1125,51;0;0;;;;;;;;;
;;;538;9:00:00;113,56;2,896756;0;312,64;477,1;3201,4336;1875,84;1875,84;1762,28;22380;0;0;0;;;;;;;;;
;;;539;10:00:00;52;2,5035148;0;555,12;482,59;5684,4288;3330,72;3330,72;3278,72;25659;0;0;0;;;;;;;;;
;;;540;11:00:00;52;1,6121125;0;673,49;355,82;6896,5376;4040,94;4040,94;3988,94;29648;0;0;0;;;;;;;;;
;;;541;12:00:00;52;0,76893383;0;786,31;190,84;8051,8144;4717,86;4717,86;4665,86;34314;0;0;0;;;;;;;;;
;;;542;13:00:00;2788;0,7594742;0;795,79;368,85;8148,8896;4774,74;4774,74;1986,74;36300;0;0;0;;;;;;;;;
;;;543;14:00:00;362;1,5034418;0;810,29;537,08;8297,3696;4861,74;4861,74;4499,74;40000;0;0;4499,74;;;;;;;;;
;;;544;15:00:00;492;2,039997;0;809,71;734,76;8291,4304;4858,26;4858,26;4366,26;40000;0;0;4366,26;;;;;;;;;
;;;545;16:00:00;52;1,6393797;0;646,04;844,48;6615,4496;3876,24;3876,24;3824,24;40000;0;0;3824,24;;;;;;;;;
;;;546;17:00:00;52;1,8644208;0;0;0;0;0;0;0;39948;52;0;0;;;;;;;;;
;;;547;18:00:00;1342,2;1,4793952;0;0;0;0;0;0;0;38606;1342,2;0;0;;;;;;;;;
;;;548;19:00:00;3055,45;1,2466427;0;0;0;0;0;0;0;35550;3055,45;0;0;;;;;;;;;
;;;549;20:00:00;3419,45;1,1943468;0;0;0;0;0;0;0;32131;3419,45;0;0;;;;;;;;;
;;;550;21:00:00;3547,15;1,1473314;0;0;0;0;0;0;0;28584;3547,15;0;0;;;;;;;;;
;;;551;22:00:00;625,45;1,2733253;0;0;0;0;0;0;0;27958;625,45;0;0;;;;;;;;;
;;;552;23:00:00;815,45;1,4693925;0;0;0;0;0;0;0;27143;815,45;0;0;;;;;;;;;
;;Miércoles;553;0:00:00;654,6;1,5015756;0;0;0;0;0;0;0;26488;654,6;0;0;;;;;;;;;
;;;554;1:00:00;52;1,748279;0;0;0;0;0;0;0;26436;52;0;0;;;;;;;;;
;;;555;2:00:00;52;1,9843423;0;0;0;0;0;0;0;26384;52;0;0;;;;;;;;;
;;;556;3:00:00;52;2,1987731;0;0;0;0;0;0;0;26332;52;0;0;;;;;;;;;
;;;557;4:00:00;52;2,5117698;0;0;0;0;0;0;0;26280;52;0;0;;;;;;;;;
;;;558;5:00:00;52;2,7993708;0;0;0;0;0;0;0;26228;52;0;0;;;;;;;;;
;;;559;6:00:00;1894,41;2,8195267;0;0;0;0;0;0;0;24334;1894,41;0;0;;;;;;;;;
;;;560;7:00:00;2590,45;2,6779282;0;0;0;0;0;0;0;21743;2590,45;0;0;;;;;;;;;
;;;561;8:00:00;1620,45;2,77261;0;74,8;213,99;765,952;448,8;448,8;0;20572;1171,65;0;0;;;;;;;;;
;;;562;9:00:00;113,56;2,7337024;0;334,33;514,15;3423,5392;2005,98;2005,98;1892,42;22464;0;0;0;;;;;;;;;
;;;563;10:00:00;52;2,314601;0;592,54;503,68;6067,6096;3555,24;3555,24;3503,24;25967;0;0;0;;;;;;;;;
;;;564;11:00:00;52;1,6443751;0;769,18;348,58;7876,4032;4615,08;4615,08;4563,08;30530;0;0;0;;;;;;;;;
;;;565;12:00:00;52;1,3474764;0;854,97;161,42;8754,8928;5129,82;5129,82;5077,82;35608;0;0;686,12;;;;;;;;;
;;;566;13:00:00;2788;1,3616147;0;977,42;346,81;10008,7808;5864,52;5864,52;3076,52;38685;0;0;1761,34;;;;;;;;;
;;;567;14:00:00;362;1,3208857;0;945,54;574,57;9682,3296;5673,24;5673,24;5311,24;40000;0;0;5311,24;;;;;;;;;
;;;568;15:00:00;492;1,3850045;0;849,39;763,07;8697,7536;5096,34;5096,34;4604,34;40000;0;0;4604,34;;;;;;;;;
;;;569;16:00:00;52;1,8548739;0;702,45;914,64;7193,088;4214,7;4214,7;4162,7;40000;0;0;4162,7;;;;;;;;;
;;;570;17:00:00;52;2,2775748;0;0;0;0;0;0;0;39948;52;0;0;;;;;;;;;
;;;571;18:00:00;1342,2;1,7136962;0;0;0;0;0;0;0;38606;1342,2;0;0;;;;;;;;;
;;;572;19:00:00;3055,45;0,5691067;0;0;0;0;0;0;0;35550;3055,45;0;0;;;;;;;;;
;;;573;20:00:00;3419,45;1,2819273;0;0;0;0;0;0;0;32131;3419,45;0;0;;;;;;;;;
;;;574;21:00:00;3547,15;1,6125983;0;0;0;0;0;0;0;28584;3547,15;0;0;;;;;;;;;
;;;575;22:00:00;625,45;1,7206516;0;0;0;0;0;0;0;27958;625,45;0;0;;;;;;;;;
;;;576;23:00:00;815,45;1,981747;0;0;0;0;0;0;0;27143;815,45;0;0;;;;;;;;;
;;Jueves;577;0:00:00;654,6;2,2327273;0;0;0;0;0;0;0;26488;654,6;0;0;;;;;;;;;
;;;578;1:00:00;52;2,3641913;0;0;0;0;0;0;0;26436;52;0;0;;;;;;;;;
;;;579;2:00:00;52;2,5006385;0;0;0;0;0;0;0;26384;52;0;0;;;;;;;;;
;;;580;3:00:00;52;2,5902278;0;0;0;0;0;0;0;26332;52;0;0;;;;;;;;;
;;;581;4:00:00;52;2,6292667;0;0;0;0;0;0;0;26280;52;0;0;;;;;;;;;
;;;582;5:00:00;52;2,696308;0;0;0;0;0;0;0;26228;52;0;0;;;;;;;;;
;;;583;6:00:00;1894,41;2,7752233;0;0;0;0;0;0;0;24334;1894,41;0;0;;;;;;;;;
;;;584;7:00:00;2590,45;2,8580012;0;0;0;0;0;0;0;21743;2590,45;0;0;;;;;;;;;
;;;585;8:00:00;1620,45;3,0854235;0;109,96;372,68;1125,9904;659,76;659,76;0;20783;960,69;0;0;;;;;;;;;
;;;586;9:00:00;113,56;3,1306531;0;374,85;580,53;3838,464;2249,1;2249,1;2135,54;22918;0;0;0;;;;;;;;;
;;;587;10:00:00;52;2,4396987;0;632,86;534,56;6480,4864;3797,16;3797,16;3745,16;26663;0;0;0;;;;;;;;;
;;;588;11:00:00;52;1,4681641;0;832,48;362,04;8524,5952;4994,88;4994,88;4942,88;31606;0;0;0;;;;;;;;;
;;;589;12:00:00;52;0,37474364;0;966,82;127,81;9900,2368;5800,92;5800,92;5748,92;37355;0;0;3104,12;;;;;;;;;
;;;590;13:00:00;2788;0,565699;0;1018,87;361,18;10433,2288;6113,22;6113,22;3325,22;40000;0;0;3325,22;;;;;;;;;
;;;591;14:00:00;362;1,2070484;0;1004,01;604,59;10281,0624;6024,06;6024,06;5662,06;40000;0;0;5662,06;;;;;;;;;
;;;592;15:00:00;492;1,5513515;0;849,75;771,5;8701,44;5098,5;5098,5;4606,5;40000;0;0;4606,5;;;;;;;;;
;;;593;16:00:00;52;1,655514;0;728,08;947,66;7455,5392;4368,48;4368,48;4316,48;40000;0;0;4316,48;;;;;;;;;
;;;594;17:00:00;52;1,8806082;0;0;0;0;0;0;0;39948;52;0;0;;;;;;;;;
;;;595;18:00:00;1342,2;1,3520688;0;0;0;0;0;0;0;38606;1342,2;0;0;;;;;;;;;
;;;596;19:00:00;3055,45;1,3493305;0;0;0;0;0;0;0;35550;3055,45;0;0;;;;;;;;;
;;;597;20:00:00;3419,45;1,6107273;0;0;0;0;0;0;0;32131;3419,45;0;0;;;;;;;;;
;;;598;21:00:00;3547,15;1,502754;0;0;0;0;0;0;0;28584;3547,15;0;0;;;;;;;;;
;;;599;22:00:00;625,45;1,6229024;0;0;0;0;0;0;0;27958;625,45;0;0;;;;;;;;;
;;;600;23:00:00;815,45;1,8477408;0;0;0;0;0;0;0;27143;815,45;0;0;;;;;;;;;
;;Viernes;601;0:00:00;654,6;2,1439133;0;0;0;0;0;0;0;26488;654,6;0;0;;;;;;;;;
;;;602;1:00:00;52;2,1868684;0;0;0;0;0;0;0;26436;52;0;0;;;;;;;;;
;;;603;2:00:00;52;2,1473224;0;0;0;0;0;0;0;26384;52;0;0;;;;;;;;;
;;;604;3:00:00;52;2,1790247;0;0;0;0;0;0;0;26332;52;0;0;;;;;;;;;
;;;605;4:00:00;52;2,1994536;0;0;0;0;0;0;0;26280;52;0;0;;;;;;;;;
;;;606;5:00:00;52;2,1301935;0;0;0;0;0;0;0;26228;52;0;0;;;;;;;;;
;;;607;6:00:00;1894,41;1,9066099;0;0;0;0;0;0;0;24334;1894,41;0;0;;;;;;;;;
;;;608;7:00:00;2590,45;1,7833908;0;0;0;0;0;0;0;21743;2590,45;0;0;;;;;;;;;
;;;609;8:00:00;1620,45;1,8174354;0;100,51;326,92;1029,2224;603,06;603,06;0;20726;1017,39;0;0;;;;;;;;;
;;;610;9:00:00;113,56;1,8119569;0;372,86;578,69;3818,0864;2237,16;2237,16;2123,6;22850;0;0;0;;;;;;;;;
;;;611;10:00:00;52;1,4889063;0;628,48;532,78;6435,6352;3770,88;3770,88;3718,88;26568;0;0;0;;;;;;;;;
;;;612;11:00:00;52;1,3244058;0;808,94;363,96;8283,5456;4853,64;4853,64;4801,64;31370;0;0;0;;;;;;;;;
;;;613;12:00:00;52;1,4880351;0;961,19;129,78;9842,5856;5767,14;5767,14;5715,14;37085;0;0;2800,4;;;;;;;;;
;;;614;13:00:00;2788;1,5468138;0;1014,06;360,54;10383,9744;6084,36;6084,36;3296,36;40000;0;0;3296,36;;;;;;;;;
;;;615;14:00:00;362;1,6673322;0;981,25;597,32;10048;5887,5;5887,5;5525,5;40000;0;0;5525,5;;;;;;;;;
;;;616;15:00:00;492;1,6576113;0;172,86;191,74;1770,0864;1037,16;1037,16;545,16;40000;0;0;545,16;;;;;;;;;
;;;617;16:00:00;52;1,5418527;0;191,48;239,62;1960,7552;1148,88;1148,88;1096,88;40000;0;0;1096,88;;;;;;;;;
;;;618;17:00:00;52;1,667838;0;0;0;0;0;0;0;39948;52;0;0;;;;;;;;;
;;;619;18:00:00;1342,2;1,2391797;0;0;0;0;0;0;0;38606;1342,2;0;0;;;;;;;;;
;;;620;19:00:00;3055,45;1,3465506;0;0;0;0;0;0;0;35550;3055,45;0;0;;;;;;;;;
;;;621;20:00:00;3419,45;1,4797783;0;0;0;0;0;0;0;32131;3419,45;0;0;;;;;;;;;
;;;622;21:00:00;3547,15;1,3041267;0;0;0;0;0;0;0;28584;3547,15;0;0;;;;;;;;;
;;;623;22:00:00;625,45;1,0742606;0;0;0;0;0;0;0;27958;625,45;0;0;;;;;;;;;
;;;624;23:00:00;815,45;0,8611592;0;0;0;0;0;0;0;27143;815,45;0;0;;;;;;;;;
;;Sábado;625;0:00:00;757,2;0,9295085;0;0;0;0;0;0;0;26386;757,2;0;0;;;;;;;;;
;;;626;1:00:00;362;1,178934;0;0;0;0;0;0;0;26024;362;0;0;;;;;;;;;
;;;627;2:00:00;52;1,2821478;0;0;0;0;0;0;0;25972;52;0;0;;;;;;;;;
;;;628;3:00:00;52;1,446545;0;0;0;0;0;0;0;25920;52;0;0;;;;;;;;;
;;;629;4:00:00;52;1,6237375;0;0;0;0;0;0;0;25868;52;0;0;;;;;;;;;
;;;630;5:00:00;52;1,5728629;0;0;0;0;0;0;0;25816;52;0;0;;;;;;;;;
;;;631;6:00:00;399,6;1,3364195;0;0;0;0;0;0;0;25416;399,6;0;0;;;;;;;;;
;;;632;7:00:00;2365,45;1,1096255;0;0;0;0;0;0;0;23051;2365,45;0;0;;;;;;;;;
;;;633;8:00:00;2160,45;1,1103117;0;77,11;214;789,6064;462,66;462,66;0;21353;1697,79;0;0;;;;;;;;;
;;;634;9:00:00;1311,81;1,0926645;0;327,01;503,92;3348,5824;1962,06;1962,06;650,25;22003;0;0;0;;;;;;;;;
;;;635;10:00:00;1676,25;0,98680246;0;577,84;509,35;5917,0816;3467,04;3467,04;1790,79;23794;0;0;0;;;;;;;;;
;;;636;11:00:00;232;0,9611961;0;641,37;376,07;6567,6288;3848,22;3848,22;3616,22;27410;0;0;0;;;;;;;;;
;;;637;12:00:00;52;1,3927127;0;954,04;130,79;9769,3696;5724,24;5724,24;5672,24;33082;0;0;0;;;;;;;;;
;;;638;13:00:00;2755;1,8239416;0;1006,03;357,62;10301,7472;6036,18;6036,18;3281,18;36363;0;0;0;;;;;;;;;
;;;639;14:00:00;2642;2,1610878;0;998,69;599,22;10226,5856;5992,14;5992,14;3350,14;39714;0;0;3063,77;;;;;;;;;
;;;640;15:00:00;492;2,3303564;0;900,4;802,29;9220,096;5402,4;5402,4;4910,4;40000;0;0;4910,4;;;;;;;;;
;;;641;16:00:00;52;2,131253;0;722,89;937,69;7402,3936;4337,34;4337,34;4285,34;40000;0;0;4285,34;;;;;;;;;
;;;642;17:00:00;52;1,7543814;0;0;0;0;0;0;0;39948;52;0;0;;;;;;;;;
;;;643;18:00:00;632,2;1,5591028;0;0;0;0;0;0;0;39316;632,2;0;0;;;;;;;;;
;;;644;19:00:00;1343,7;1,1682221;0;0;0;0;0;0;0;37972;1343,7;0;0;;;;;;;;;
;;;645;20:00:00;3239,45;1,4434325;0;0;0;0;0;0;0;34733;3239,45;0;0;;;;;;;;;
;;;646;21:00:00;5495,45;1,3728795;0;0;0;0;0;0;0;29237;5495,45;0;0;;;;;;;;;
;;;647;22:00:00;625,45;1,1242408;0;0;0;0;0;0;0;28612;625,45;0;0;;;;;;;;;
;;;648;23:00:00;815,45;1,0804236;0;0;0;0;0;0;0;27796;815,45;0;0;;;;;;;;;
;;Domingo;649;0:00:00;757,2;1,2266874;0;0;0;0;0;0;0;27039;757,2;0;0;;;;;;;;;
;;;650;1:00:00;362;1,1058927;0;0;0;0;0;0;0;26677;362;0;0;;;;;;;;;
;;;651;2:00:00;52;0,9519692;0;0;0;0;0;0;0;26625;52;0;0;;;;;;;;;
;;;652;3:00:00;52;0,7577958;0;0;0;0;0;0;0;26573;52;0;0;;;;;;;;;
;;;653;4:00:00;52;0,85898006;0;0;0;0;0;0;0;26521;52;0;0;;;;;;;;;
;;;654;5:00:00;52;0,9537983;0;0;0;0;0;0;0;26469;52;0;0;;;;;;;;;
;;;655;6:00:00;399,6;0,9648058;0;0;0;0;0;0;0;26070;399,6;0;0;;;;;;;;;
;;;656;7:00:00;2365,45;0,9877781;0;0;0;0;0;0;0;23704;2365,45;0;0;;;;;;;;;
;;;657;8:00:00;2160,45;0,7529136;0;102,1;335,02;1045,504;612,6;612,6;0;22156;1547,85;0;0;;;;;;;;;
;;;658;9:00:00;1311,81;0,5283418;0;369,42;575,53;3782,8608;2216,52;2216,52;904,71;23061;0;0;0;;;;;;;;;
;;;659;10:00:00;1676,25;0,97971106;0;618,08;527,64;6329,1392;3708,48;3708,48;2032,23;25093;0;0;0;;;;;;;;;
;;;660;11:00:00;232;1,4426546;0;818,48;359,88;8381,2352;4910,88;4910,88;4678,88;29772;0;0;0;;;;;;;;;
;;;661;12:00:00;52;2,0164435;0;946,33;133,39;9690,4192;5677,98;5677,98;5625,98;35398;0;0;1023,98;;;;;;;;;
;;;662;13:00:00;2755;2,5618248;0;981,65;359,94;10052,096;5889,9;5889,9;3134,9;38533;0;0;1667,8;;;;;;;;;
;;;663;14:00:00;2642;2,9456089;0;988,86;593,63;10125,9264;5933,16;5933,16;3291,16;40000;0;0;3291,16;;;;;;;;;
;;;664;15:00:00;492;3,040187;0;890,51;793,15;9118,8224;5343,06;5343,06;4851,06;40000;0;0;4851,06;;;;;;;;;
;;;665;16:00:00;52;2,9314368;0;716,16;927,47;7333,4784;4296,96;4296,96;4244,96;40000;0;0;4244,96;;;;;;;;;
;;;666;17:00:00;52;2,2498462;0;12,82;13,68;131,2768;76,92;76,92;24,92;40000;0;0;24,92;;;;;;;;;
;;;667;18:00:00;632,2;1,6034541;0;0;0;0;0;0;0;39368;632,2;0;0;;;;;;;;;
;;;668;19:00:00;1343,7;1,409359;0;0;0;0;0;0;0;38024;1343,7;0;0;;;;;;;;;
;;;669;20:00:00;3239,45;1,4949734;0;0;0;0;0;0;0;34785;3239,45;0;0;;;;;;;;;
;;;670;21:00:00;5495,45;1,2508432;0;0;0;0;0;0;0;29289;5495,45;0;0;;;;;;;;;
;;;671;22:00:00;625,45;1,0135837;0;0;0;0;0;0;0;28664;625,45;0;0;;;;;;;;;
;;;672;23:00:00;815,45;0,7603388;0;0;0;0;0;0;0;27848;815,45;0;0;;;;;;;;;
;5;Lunes;673;0:00:00;654,6;0,9345535;0;0;0;0;0;0;0;27194;654,6;0;0;;;;;;;;;
;;;674;1:00:00;52;1,0818187;0;0;0;0;0;0;0;27142;52;0;0;;;;;;;;;
;;;675;2:00:00;52;1,2003899;0;0;0;0;0;0;0;27090;52;0;0;;;;;;;;;
;;;676;3:00:00;52;1,243869;0;0;0;0;0;0;0;27038;52;0;0;;;;;;;;;
;;;677;4:00:00;52;1,3489356;0;0;0;0;0;0;0;26986;52;0;0;;;;;;;;;
;;;678;5:00:00;52;1,3947564;0;0;0;0;0;0;0;26934;52;0;0;;;;;;;;;
;;;679;6:00:00;1894,41;1,160961;0;0;0;0;0;0;0;25039;1894,41;0;0;;;;;;;;;
;;;680;7:00:00;2590,45;1,2239546;0;0;0;0;0;0;0;22449;2590,45;0;0;;;;;;;;;
;;;681;8:00:00;1620,45;1,5515109;0;101,61;332,05;1040,4864;609,66;609,66;0;21438;1010,79;0;0;;;;;;;;;
;;;682;9:00:00;113,56;1,5312017;0;362,46;565,36;3711,5904;2174,76;2174,76;2061,2;23499;0;0;0;;;;;;;;;
;;;683;10:00:00;52;1,9502845;0;612,61;523,74;6273,1264;3675,66;3675,66;3623,66;27123;0;0;0;;;;;;;;;
;;;684;11:00:00;52;2,0966866;0;806,82;357,39;8261,8368;4840,92;4840,92;4788,92;31912;0;0;0;;;;;;;;;
;;;685;12:00:00;52;2,3265247;0;931,85;134,8;9542,144;5591,1;5591,1;5539,1;37451;0;0;2990,03;;;;;;;;;
;;;686;13:00:00;2788;2,332273;0;990,71;350,68;10144,8704;5944,26;5944,26;3156,26;40000;0;0;3156,26;;;;;;;;;
;;;687;14:00:00;362;2,4615202;0;958,73;581,33;9817,3952;5752,38;5752,38;5390,38;40000;0;0;5390,38;;;;;;;;;
;;;688;15:00:00;492;2,6176078;0;877,48;781,88;8985,3952;5264,88;5264,88;4772,88;40000;0;0;4772,88;;;;;;;;;
;;;689;16:00:00;52;2,5237339;0;705,57;912,36;7225,0368;4233,42;4233,42;4181,42;40000;0;0;4181,42;;;;;;;;;
;;;690;17:00:00;52;1,8611841;0;13,68;14,6;140,0832;82,08;82,08;30,08;40000;0;0;30,08;;;;;;;;;
;;;691;18:00:00;1342,2;1,4878327;0;0;0;0;0;0;0;38658;1342,2;0;0;;;;;;;;;
;;;692;19:00:00;3055,45;1,3803183;0;0;0;0;0;0;0;35602;3055,45;0;0;;;;;;;;;
;;;693;20:00:00;3419,45;1,4068516;0;0;0;0;0;0;0;32183;3419,45;0;0;;;;;;;;;
;;;694;21:00:00;3547,15;1,177914;0;0;0;0;0;0;0;28636;3547,15;0;0;;;;;;;;;
;;;695;22:00:00;625,45;1,3055207;0;0;0;0;0;0;0;28010;625,45;0;0;;;;;;;;;
;;;696;23:00:00;815,45;1,3770515;0;0;0;0;0;0;0;27195;815,45;0;0;;;;;;;;;
;;Martes;697;0:00:00;654,6;1,1518866;0;0;0;0;0;0;0;26540;654,6;0;0;;;;;;;;;
;;;698;1:00:00;52;0,8008184;0;0;0;0;0;0;0;26488;52;0;0;;;;;;;;;
;;;699;2:00:00;52;0,47547555;0;0;0;0;0;0;0;26436;52;0;0;;;;;;;;;
;;;700;3:00:00;52;0,42723295;0;0;0;0;0;0;0;26384;52;0;0;;;;;;;;;
;;;701;4:00:00;52;0,53721565;0;0;0;0;0;0;0;26332;52;0;0;;;;;;;;;
;;;702;5:00:00;52;0,8112038;0;0;0;0;0;0;0;26280;52;0;0;;;;;;;;;
;;;703;6:00:00;1894,41;1,0274875;0;0;0;0;0;0;0;24386;1894,41;0;0;;;;;;;;;
;;;704;7:00:00;2590,45;1,114374;0;0;0;0;0;0;0;21795;2590,45;0;0;;;;;;;;;
;;;705;8:00:00;1620,45;1,0020204;0;107,47;355,67;1100,4928;644,82;644,82;0;20820;975,63;0;0;;;;;;;;;
;;;706;9:00:00;113,56;1,2769709;0;370,15;578,73;3790,336;2220,9;2220,9;2107,34;22927;0;0;0;;;;;;;;;
;;;707;10:00:00;52;1,2936482;0;611,4;527,12;6260,736;3668,4;3668,4;3616,4;26544;0;0;0;;;;;;;;;
;;;708;11:00:00;52;1,4251221;0;820,17;363,35;8398,5408;4921,02;4921,02;4869,02;31413;0;0;0;;;;;;;;;
;;;709;12:00:00;52;1,3966372;0;952,15;133,44;9750,016;5712,9;5712,9;5660,9;37073;0;0;2734,32;;;;;;;;;
;;;710;13:00:00;2788;1,4356314;0;1005,87;353,56;10300,1088;6035,22;6035,22;3247,22;40000;0;0;3247,22;;;;;;;;;
;;;711;14:00:00;362;1,5102631;0;996,97;594,74;10208,9728;5981,82;5981,82;5619,82;40000;0;0;5619,82;;;;;;;;;
;;;712;15:00:00;492;1,8238946;0;871,73;779,32;8926,5152;5230,38;5230,38;4738,38;40000;0;0;4738,38;;;;;;;;;
;;;713;16:00:00;52;2,0467489;0;759,24;978,39;7774,6176;4555,44;4555,44;4503,44;40000;0;0;4503,44;;;;;;;;;
;;;714;17:00:00;52;1,6795006;0;13,68;14,6;140,0832;82,08;82,08;30,08;40000;0;0;30,08;;;;;;;;;
;;;715;18:00:00;1342,2;1,6216637;0;0;0;0;0;0;0;38658;1342,2;0;0;;;;;;;;;
;;;716;19:00:00;3055,45;1,7982733;0;0;0;0;0;0;0;35602;3055,45;0;0;;;;;;;;;
;;;717;20:00:00;3419,45;1,6390054;0;0;0;0;0;0;0;32183;3419,45;0;0;;;;;;;;;
;;;718;21:00:00;3547,15;1,4078;0;0;0;0;0;0;0;28636;3547,15;0;0;;;;;;;;;
;;;719;22:00:00;625,45;1,4810467;0;0;0;0;0;0;0;28010;625,45;0;0;;;;;;;;;
;;;720;23:00:00;815,45;1,5004762;0;0;0;0;0;0;0;27195;815,45;0;0;;;;;;;;;
;;Miércoles;721;0:00:00;654,6;1,4227867;0;0;0;0;0;0;0;26540;654,6;0;0;;;;;;;;;
;;;722;1:00:00;52;1,5530077;0;0;0;0;0;0;0;26488;52;0;0;;;;;;;;;
;;;723;2:00:00;52;1,645507;0;0;0;0;0;0;0;26436;52;0;0;;;;;;;;;
;;;724;3:00:00;52;1,640998;0;0;0;0;0;0;0;26384;52;0;0;;;;;;;;;
;;;725;4:00:00;52;1,5542796;0;0;0;0;0;0;0;26332;52;0;0;;;;;;;;;
;;;726;5:00:00;52;1,3402374;0;0;0;0;0;0;0;26280;52;0;0;;;;;;;;;
;;;727;6:00:00;1894,41;1,2328733;0;0;0;0;0;0;0;24386;1894,41;0;0;;;;;;;;;
;;;728;7:00:00;2590,45;1,0079992;0;0;0;0;0;0;0;21795;2590,45;0;0;;;;;;;;;
;;;729;8:00:00;1620,45;1,0731456;0;108,71;361,27;1113,1904;652,26;652,26;0;20827;968,19;0;0;;;;;;;;;
;;;730;9:00:00;113,56;0,8479216;0;371,59;581,94;3805,0816;2229,54;2229,54;2115,98;22943;0;0;0;;;;;;;;;
;;;731;10:00:00;52;0,88084507;0;608,81;525,89;6234,2144;3652,86;3652,86;3600,86;26544;0;0;0;;;;;;;;;
;;;732;11:00:00;52;0,99013406;0;816,93;363,14;8365,3632;4901,58;4901,58;4849,58;31394;0;0;0;;;;;;;;;
;;;733;12:00:00;52;1,0528684;0;962,33;129,21;9854,2592;5773,98;5773,98;5721,98;37116;0;0;2837,58;;;;;;;;;
;;;734;13:00:00;2788;1,1895547;0;1036,79;348,56;10616,7296;6220,74;6220,74;3432,74;40000;0;0;3432,74;;;;;;;;;
;;;735;14:00:00;362;1,5031469;0;1013,99;597,85;10383,2576;6083,94;6083,94;5721,94;40000;0;0;5721,94;;;;;;;;;
;;;736;15:00:00;492;1,6604468;0;896,72;795,62;9182,4128;5380,32;5380,32;4888,32;40000;0;0;4888,32;;;;;;;;;
;;;737;16:00:00;52;1,5799707;0;760,66;978,57;7789,1584;4563,96;4563,96;4511,96;40000;0;0;4511,96;;;;;;;;;
;;;738;17:00:00;52;1,5113559;0;13,68;14,6;140,0832;82,08;82,08;30,08;40000;0;0;30,08;;;;;;;;;
;;;739;18:00:00;1342,2;1,6147454;0;0;0;0;0;0;0;38658;1342,2;0;0;;;;;;;;;
;;;740;19:00:00;3055,45;1,4138439;0;0;0;0;0;0;0;35602;3055,45;0;0;;;;;;;;;
;;;741;20:00:00;3419,45;0,45580152;0;0;0;0;0;0;0;32183;3419,45;0;0;;;;;;;;;
;;;742;21:00:00;3547,15;0,25542057;0;0;0;0;0;0;0;28636;3547,15;0;0;;;;;;;;;
;;;743;22:00:00;625,45;0,59448624;0;0;0;0;0;0;0;28010;625,45;0;0;;;;;;;;;
;;;744;23:00:00;815,45;0,5529815;0;0;0;0;0;0;0;27195;815,45;0;0;;;;;;;;;
Febrero;;Jueves;745;0:00:00;654,6;0,9898382;0;0;0;0;0;0;0;26540;654,6;0;0;;;;;;;;;
;;;746;1:00:00;52;1,1854507;0;0;0;0;0;0;0;26488;52;0;0;;;;;;;;;
;;;747;2:00:00;52;1,41675;0;0;0;0;0;0;0;26436;52;0;0;;;;;;;;;
;;;748;3:00:00;52;1,5376201;0;0;0;0;0;0;0;26384;52;0;0;;;;;;;;;
;;;749;4:00:00;52;1,6843396;0;0;0;0;0;0;0;26332;52;0;0;;;;;;;;;
;;;750;5:00:00;52;2,0586486;0;0;0;0;0;0;0;26280;52;0;0;;;;;;;;;
;;;751;6:00:00;1894,41;2,4207327;0;0;0;0;0;0;0;24386;1894,41;0;0;;;;;;;;;
;;;752;7:00:00;2590,45;2,5376832;0;0;0;0;0;0;0;21795;2590,45;0;0;;;;;;;;;
;;;753;8:00:00;1620,45;2,5848126;0;101,5;319,74;1039,36;609;609;0;20784;1011,45;0;0;;;;;;;;;
;;;754;9:00:00;113,56;2,046763;0;352,42;550,96;3608,7808;2114,52;2114,52;2000,96;22785;0;0;0;;;;;;;;;
;;;755;10:00:00;52;1,5085443;0;592,17;521,05;6063,8208;3553,02;3553,02;3501,02;26286;0;0;0;;;;;;;;;
;;;756;11:00:00;52;0,5941175;0;808,26;371,39;8276,5824;4849,56;4849,56;4797,56;31083;0;0;0;;;;;;;;;
;;;757;12:00:00;52;0,81361264;0;971,51;133,16;9948,2624;5829,06;5829,06;5777,06;36861;0;0;2637,6;;;;;;;;;
;;;758;13:00:00;2788;1,4805304;0;1012,86;357,47;10371,6864;6077,16;6077,16;3289,16;40000;0;0;3289,16;;;;;;;;;
;;;759;14:00:00;362;2,0207555;0;988,08;596,05;10117,9392;5928,48;5928,48;5566,48;40000;0;0;5566,48;;;;;;;;;
;;;760;15:00:00;492;2,2625816;0;880,22;786,38;9013,4528;5281,32;5281,32;4789,32;40000;0;0;4789,32;;;;;;;;;
;;;761;16:00:00;52;1,9068788;0;700,7;904,86;7175,168;4204,2;4204,2;4152,2;40000;0;0;4152,2;;;;;;;;;
;;;762;17:00:00;52;1,8994269;0;17,95;19,16;183,808;107,7;107,7;55,7;40000;0;0;55,7;;;;;;;;;
;;;763;18:00:00;1342,2;1,7557412;0;0;0;0;0;0;0;38658;1342,2;0;0;;;;;;;;;
;;;764;19:00:00;3055,45;1,2678078;0;0;0;0;0;0;0;35602;3055,45;0;0;;;;;;;;;
;;;765;20:00:00;3419,45;1,1336148;0;0;0;0;0;0;0;32183;3419,45;0;0;;;;;;;;;
;;;766;21:00:00;3547,15;1,1024071;0;0;0;0;0;0;0;28636;3547,15;0;0;;;;;;;;;
;;;767;22:00:00;625,45;1,5437676;0;0;0;0;0;0;0;28010;625,45;0;0;;;;;;;;;
;;;768;23:00:00;815,45;1,5571495;0;0;0;0;0;0;0;27195;815,45;0;0;;;;;;;;;
;;Viernes;769;0:00:00;654,6;1,6387495;0;0;0;0;0;0;0;26540;654,6;0;0;;;;;;;;;
;;;770;1:00:00;52;2,039977;0;0;0;0;0;0;0;26488;52;0;0;;;;;;;;;
;;;771;2:00:00;52;2,3130577;0;0;0;0;0;0;0;26436;52;0;0;;;;;;;;;
;;;772;3:00:00;52;2,3476584;0;0;0;0;0;0;0;26384;52;0;0;;;;;;;;;
;;;773;4:00:00;52;2,226702;0;0;0;0;0;0;0;26332;52;0;0;;;;;;;;;
;;;774;5:00:00;52;1,909902;0;0;0;0;0;0;0;26280;52;0;0;;;;;;;;;
;;;775;6:00:00;1894,41;1,7069983;0;0;0;0;0;0;0;24386;1894,41;0;0;;;;;;;;;
;;;776;7:00:00;2590,45;1,559206;0;0;0;0;0;0;0;21795;2590,45;0;0;;;;;;;;;
;;;777;8:00:00;1620,45;1,785255;0;100,71;312,93;1031,2704;604,26;604,26;0;20779;1016,19;0;0;;;;;;;;;
;;;778;9:00:00;113,56;1,4908872;0;335,78;523,32;3438,3872;2014,68;2014,68;1901,12;22680;0;0;0;;;;;;;;;
;;;779;10:00:00;52;1,2406303;0;582,56;515,2;5965,4144;3495,36;3495,36;3443,36;26124;0;0;0;;;;;;;;;
;;;780;11:00:00;52;1,6008219;0;70,43;81,19;721,2032;422,58;422,58;370,58;26494;0;0;0;;;;;;;;;
;;;781;12:00:00;52;2,1904893;0;846,68;192,98;8670,0032;5080,08;5080,08;5028,08;31522;0;0;0;;;;;;;;;
;;;782;13:00:00;2788;1,9227208;0;929,89;366,42;9522,0736;5579,34;5579,34;2791,34;34314;0;0;0;;;;;;;;;
;;;783;14:00:00;362;1,6863017;0;934,97;577,16;9574,0928;5609,82;5609,82;5247,82;39562;0;0;4809,32;;;;;;;;;
;;;784;15:00:00;492;1,6707245;0;842,8;757,17;8630,272;5056,8;5056,8;4564,8;40000;0;0;4564,8;;;;;;;;;
;;;785;16:00:00;52;1,8169806;0;649,55;838,99;6651,392;3897,3;3897,3;3845,3;40000;0;0;3845,3;;;;;;;;;
;;;786;17:00:00;52;1,4213486;0;21,37;22,8;218,8288;128,22;128,22;76,22;40000;0;0;76,22;;;;;;;;;
;;;787;18:00:00;1342,2;1,3100258;0;0;0;0;0;0;0;38658;1342,2;0;0;;;;;;;;;
;;;788;19:00:00;3055,45;0,82871914;0;0;0;0;0;0;0;35602;3055,45;0;0;;;;;;;;;
;;;789;20:00:00;3419,45;0,6492013;0;0;0;0;0;0;0;32183;3419,45;0;0;;;;;;;;;
;;;790;21:00:00;3547,15;0,95462644;0;0;0;0;0;0;0;28636;3547,15;0;0;;;;;;;;;
;;;791;22:00:00;625,45;1,340767;0;0;0;0;0;0;0;28010;625,45;0;0;;;;;;;;;
;;;792;23:00:00;815,45;1,2423822;0;0;0;0;0;0;0;27195;815,45;0;0;;;;;;;;;
;;Sábado;793;0:00:00;757,2;1,2333177;0;0;0;0;0;0;0;26438;757,2;0;0;;;;;;;;;
;;;794;1:00:00;362;1,2383982;0;0;0;0;0;0;0;26076;362;0;0;;;;;;;;;
;;;795;2:00:00;52;1,4633677;0;0;0;0;0;0;0;26024;52;0;0;;;;;;;;;
;;;796;3:00:00;52;1,6054882;0;0;0;0;0;0;0;25972;52;0;0;;;;;;;;;
;;;797;4:00:00;52;1,7096728;0;0;0;0;0;0;0;25920;52;0;0;;;;;;;;;
;;;798;5:00:00;52;1,729934;0;0;0;0;0;0;0;25868;52;0;0;;;;;;;;;
;;;799;6:00:00;399,6;1,716613;0;0;0;0;0;0;0;25468;399,6;0;0;;;;;;;;;
;;;800;7:00:00;2365,45;1,7915324;0;0;0;0;0;0;0;23103;2365,45;0;0;;;;;;;;;
;;;801;8:00:00;2160,45;2,3699412;0;95,02;282;973,0048;570,12;570,12;0;21512;1590,33;0;0;;;;;;;;;
;;;802;9:00:00;1311,81;2,0319302;0;337,67;527,13;3457,7408;2026,02;2026,02;714,21;22226;0;0;0;;;;;;;;;
;;;803;10:00:00;1676,25;1,409068;0;570,85;510,65;5845,504;3425,1;3425,1;1748,85;23975;0;0;0;;;;;;;;;
;;;804;11:00:00;232;0,9335505;0;770,05;373,01;7885,312;4620,3;4620,3;4388,3;28364;0;0;0;;;;;;;;;
;;;805;12:00:00;52;0,98300594;0;916,49;156,28;9384,8576;5498,94;5498,94;5446,94;33811;0;0;0;;;;;;;;;
;;;806;13:00:00;2755;1,4826292;0;974,05;358,93;9974,272;5844,3;5844,3;3089,3;36900;0;0;0;;;;;;;;;
;;;807;14:00:00;2642;2,0846982;0;940,26;580,22;9628,2624;5641,56;5641,56;2999,56;39899;0;0;2898,99;;;;;;;;;
;;;808;15:00:00;492;2,7458084;0;824,99;745,31;8447,8976;4949,94;4949,94;4457,94;40000;0;0;4457,94;;;;;;;;;
;;;809;16:00:00;52;2,8853607;0;661,56;853,49;6774,3744;3969,36;3969,36;3917,36;40000;0;0;3917,36;;;;;;;;;
;;;810;17:00:00;52;2,1105742;0;22,23;23,72;227,6352;133,38;133,38;81,38;40000;0;0;81,38;;;;;;;;;
;;;811;18:00:00;632,2;2,3431897;0;0;0;0;0;0;0;39368;632,2;0;0;;;;;;;;;
;;;812;19:00:00;1343,7;0,8092284;0;0;0;0;0;0;0;38024;1343,7;0;0;;;;;;;;;
;;;813;20:00:00;3239,45;0,44378355;0;0;0;0;0;0;0;34785;3239,45;0;0;;;;;;;;;
;;;814;21:00:00;5495,45;0,91779155;0;0;0;0;0;0;0;29289;5495,45;0;0;;;;;;;;;
;;;815;22:00:00;625,45;1,0530866;0;0;0;0;0;0;0;28664;625,45;0;0;;;;;;;;;
;;;816;23:00:00;815,45;1,1887242;0;0;0;0;0;0;0;27848;815,45;0;0;;;;;;;;;
;;Domingo;817;0:00:00;757,2;1,3106548;0;0;0;0;0;0;0;27091;757,2;0;0;;;;;;;;;
;;;818;1:00:00;362;1,4541974;0;0;0;0;0;0;0;26729;362;0;0;;;;;;;;;
;;;819;2:00:00;52;1,5616174;0;0;0;0;0;0;0;26677;52;0;0;;;;;;;;;
;;;820;3:00:00;52;1,7546018;0;0;0;0;0;0;0;26625;52;0;0;;;;;;;;;
;;;821;4:00:00;52;1,9152398;0;0;0;0;0;0;0;26573;52;0;0;;;;;;;;;
;;;822;5:00:00;52;2,0216525;0;0;0;0;0;0;0;26521;52;0;0;;;;;;;;;
;;;823;6:00:00;399,6;2,0674224;0;0;0;0;0;0;0;26122;399,6;0;0;;;;;;;;;
;;;824;7:00:00;2365,45;2,019585;0;0;0;0;0;0;0;23756;2365,45;0;0;;;;;;;;;
;;;825;8:00:00;2160,45;2,3473265;0;63,89;134,86;654,2336;383,34;383,34;0;21979;1777,11;0;0;;;;;;;;;
;;;826;9:00:00;1311,81;2,0178895;0;160,32;209,41;1641,6768;961,92;961,92;0;21629;349,89;0;0;;;;;;;;;
;;;827;10:00:00;1676,25;1,3428055;0;152;173,43;1556,48;912;912;0;20865;764,25;0;0;;;;;;;;;
;;;828;11:00:00;232;0,59773934;0;178,1;201,42;1823,744;1068,6;1068,6;836,6;21701;0;0;0;;;;;;;;;
;;;829;12:00:00;52;0,40785408;0;441,68;305,39;4522,8032;2650,08;2650,08;2598,08;24299;0;0;0;;;;;;;;;
;;;830;13:00:00;2755;1,127344;0;832,52;383,4;8525,0048;4995,12;4995,12;2240,12;26540;0;0;0;;;;;;;;;
;;;831;14:00:00;2642;1,8719153;0;793,96;542,02;8130,1504;4763,76;4763,76;2121,76;28661;0;0;0;;;;;;;;;
;;;832;15:00:00;492;2,503818;0;513,86;504,25;5261,9264;3083,16;3083,16;2591,16;31253;0;0;0;;;;;;;;;
;;;833;16:00:00;52;2,4473686;0;622,01;803,14;6369,3824;3732,06;3732,06;3680,06;34933;0;0;0;;;;;;;;;
;;;834;17:00:00;52;1,7658335;0;25,65;27,36;262,656;153,9;153,9;101,9;35034;0;0;0;;;;;;;;;
;;;835;18:00:00;632,2;1,8382599;0;0;0;0;0;0;0;34402;632,2;0;0;;;;;;;;;
;;;836;19:00:00;1343,7;0,491268;0;0;0;0;0;0;0;33059;1343,7;0;0;;;;;;;;;
;;;837;20:00:00;3239,45;0,9303352;0;0;0;0;0;0;0;29819;3239,45;0;0;;;;;;;;;
;;;838;21:00:00;5495,45;1,1481136;0;0;0;0;0;0;0;24324;5495,45;0;0;;;;;;;;;
;;;839;22:00:00;625,45;1,1404603;0;0;0;0;0;0;0;23698;625,45;0;0;;;;;;;;;
;;;840;23:00:00;815,45;1,290271;0;0;0;0;0;0;0;22883;815,45;0;0;;;;;;;;;
;6;Lunes;841;0:00:00;654,6;1,475298;0;0;0;0;0;0;0;22228;654,6;0;0;;;;;;;;;
;;;842;1:00:00;52;1,6332715;0;0;0;0;0;0;0;22176;52;0;0;;;;;;;;;
;;;843;2:00:00;52;1,7285272;0;0;0;0;0;0;0;22124;52;0;0;;;;;;;;;
;;;844;3:00:00;52;1,7450045;0;0;0;0;0;0;0;22072;52;0;0;;;;;;;;;
;;;845;4:00:00;52;1,7781507;0;0;0;0;0;0;0;22020;52;0;0;;;;;;;;;
;;;846;5:00:00;52;1,8616172;0;0;0;0;0;0;0;21968;52;0;0;;;;;;;;;
;;;847;6:00:00;1894,41;1,9006344;0;0;0;0;0;0;0;20074;1894,41;0;0;;;;;;;;;
;;;848;7:00:00;2590,45;1,9182725;0;0;0;0;0;0;0;17483;2590,45;0;0;;;;;;;;;
;;;849;8:00:00;1620,45;2,3065715;0;68,09;147,04;697,2416;408,54;408,54;0;16271;1211,91;0;0;;;;;;;;;
;;;850;9:00:00;113,56;1,9792179;0;282,07;426,9;2888,3968;1692,42;1692,42;1578,86;17850;0;0;0;;;;;;;;;
;;;851;10:00:00;52;1,3207288;0;577,56;516,47;5914,2144;3465,36;3465,36;3413,36;21264;0;0;0;;;;;;;;;
;;;852;11:00:00;52;0,6820556;0;757,36;377,45;7755,3664;4544,16;4544,16;4492,16;25756;0;0;0;;;;;;;;;
;;;853;12:00:00;52;0,6345116;0;886,47;175,97;9077,4528;5318,82;5318,82;5266,82;31023;0;0;0;;;;;;;;;
;;;854;13:00:00;2788;1,3114405;0;957,83;362,44;9808,1792;5746,98;5746,98;2958,98;33982;0;0;0;;;;;;;;;
;;;855;14:00:00;362;2,3233473;0;331,92;321,11;3398,8608;1991,52;1991,52;1629,52;35611;0;0;0;;;;;;;;;
;;;856;15:00:00;492;2,8660345;0;192,64;213,07;1972,6336;1155,84;1155,84;663,84;36275;0;0;0;;;;;;;;;
;;;857;16:00:00;52;2,5819793;0;102,66;121;1051,2384;615,96;615,96;563,96;36839;0;0;0;;;;;;;;;
;;;858;17:00:00;52;1,747486;0;27,36;29,18;280,1664;164,16;164,16;112,16;36951;0;0;0;;;;;;;;;
;;;859;18:00:00;1342,2;1,5859262;0;0;0;0;0;0;0;35609;1342,2;0;0;;;;;;;;;
;;;860;19:00:00;3055,45;1,2564753;0;0;0;0;0;0;0;32553;3055,45;0;0;;;;;;;;;
;;;861;20:00:00;3419,45;1,625137;0;0;0;0;0;0;0;29134;3419,45;0;0;;;;;;;;;
;;;862;21:00:00;3547,15;1,4887041;0;0;0;0;0;0;0;25587;3547,15;0;0;;;;;;;;;
;;;863;22:00:00;625,45;1,2970111;0;0;0;0;0;0;0;24961;625,45;0;0;;;;;;;;;
;;;864;23:00:00;815,45;1,2866396;0;0;0;0;0;0;0;24146;815,45;0;0;;;;;;;;;
;;Martes;865;0:00:00;654,6;1,3678104;0;0;0;0;0;0;0;23491;654,6;0;0;;;;;;;;;
;;;866;1:00:00;52;1,5125842;0;0;0;0;0;0;0;23439;52;0;0;;;;;;;;;
;;;867;2:00:00;52;1,7127042;0;0;0;0;0;0;0;23387;52;0;0;;;;;;;;;
;;;868;3:00:00;52;1,9613521;0;0;0;0;0;0;0;23335;52;0;0;;;;;;;;;
;;;869;4:00:00;52;2,0470963;0;0;0;0;0;0;0;23283;52;0;0;;;;;;;;;
;;;870;5:00:00;52;2,007745;0;0;0;0;0;0;0;23231;52;0;0;;;;;;;;;
;;;871;6:00:00;1894,41;2,0689986;0;0;0;0;0;0;0;21337;1894,41;0;0;;;;;;;;;
;;;872;7:00:00;2590,45;2,2168808;0;0;0;0;0;0;0;18746;2590,45;0;0;;;;;;;;;
;;;873;8:00:00;1620,45;2,49623;0;45,57;68,05;466,6368;273,42;273,42;0;17399;1347,03;0;0;;;;;;;;;
;;;874;9:00:00;113,56;2,342131;0;195,76;268,4;2004,5824;1174,56;1174,56;1061;18460;0;0;0;;;;;;;;;
;;;875;10:00:00;52;1,7321005;0;185,2;208,32;1896,448;1111,2;1111,2;1059,2;19520;0;0;0;;;;;;;;;
;;;876;11:00:00;52;1,0160671;0;314,17;301,65;3217,1008;1885,02;1885,02;1833,02;21353;0;0;0;;;;;;;;;
;;;877;12:00:00;52;0,45594972;0;174,7;199,42;1788,928;1048,2;1048,2;996,2;22349;0;0;0;;;;;;;;;
;;;878;13:00:00;2788;0,34069562;0;80,49;92,8;824,2176;482,94;482,94;0;20044;2305,06;0;0;;;;;;;;;
;;;879;14:00:00;362;0,6685099;0;243,16;258,05;2489,9584;1458,96;1458,96;1096,96;21141;0;0;0;;;;;;;;;
;;;880;15:00:00;492;1,0992802;0;459,06;458,13;4700,7744;2754,36;2754,36;2262,36;23403;0;0;0;;;;;;;;;
;;;881;16:00:00;52;1,4926844;0;670,85;863,41;6869,504;4025,1;4025,1;3973,1;27376;0;0;0;;;;;;;;;
;;;882;17:00:00;52;1,7899622;0;22,23;23,72;227,6352;133,38;133,38;81,38;27458;0;0;0;;;;;;;;;
;;;883;18:00:00;1342,2;1,4330505;0;0;0;0;0;0;0;26115;1342,2;0;0;;;;;;;;;
;;;884;19:00:00;3055,45;0,802947;0;0;0;0;0;0;0;23060;3055,45;0;0;;;;;;;;;
;;;885;20:00:00;3419,45;0,45973694;0;0;0;0;0;0;0;19640;3419,45;0;0;;;;;;;;;
;;;886;21:00:00;3547,15;1,6863456;0;0;0;0;0;0;0;16093;3547,15;0;0;;;;;;;;;
;;;887;22:00:00;625,45;1,9179882;0;0;0;0;0;0;0;15468;625,45;0;0;;;;;;;;;
;;;888;23:00:00;815,45;2,9428673;0;0;0;0;0;0;0;14652;815,45;0;0;;;;;;;;;
;;Miércoles;889;0:00:00;654,6;3,8283966;0;0;0;0;0;0;0;13998;654,6;0;0;;;;;;;;;
;;;890;1:00:00;52;4,5299745;0;0;0;0;0;0;0;13946;52;0;0;;;;;;;;;
;;;891;2:00:00;52;4,8315277;0;0;0;0;0;0;0;13894;52;0;0;;;;;;;;;
;;;892;3:00:00;52;4,9119353;0;0;0;0;0;0;0;13842;52;0;0;;;;;;;;;
;;;893;4:00:00;52;5,069979;0;0;0;0;0;0;0;13790;52;0;0;;;;;;;;;
;;;894;5:00:00;52;5,163257;0;0;0;0;0;0;0;13738;52;0;0;;;;;;;;;
;;;895;6:00:00;1894,41;5,253517;0;0;0;0;0;0;0;11843;1894,41;0;0;;;;;;;;;
;;;896;7:00:00;2590,45;5,3481817;0;0;0;0;0;0;0;9253;2590,45;0;0;;;;;;;;;
;;;897;8:00:00;1620,45;5,6708117;0;8,23;9,49;84,2752;49,38;49,38;0;7682;1571,07;0;0;;;;;;;;;
;;;898;9:00:00;113,56;5,7398763;0;35,67;41,12;365,2608;214,02;214,02;100,46;7782;0;0;0;;;;;;;;;
;;;899;10:00:00;52;6,356274;0;144,97;166,26;1484,4928;869,82;869,82;817,82;8600;0;0;0;;;;;;;;;
;;;900;11:00:00;52;6,561797;0;69,52;80,15;711,8848;417,12;417,12;365,12;8965;0;0;0;;;;;;;;;
;;;901;12:00:00;52;6,294039;0;740,84;255,73;7586,2016;4445,04;4445,04;4393,04;13358;0;0;0;;;;;;;;;
;;;902;13:00:00;2788;6,192826;0;197,13;222,17;2018,6112;1182,78;1182,78;0;11753;1605,22;0;0;;;;;;;;;
;;;903;14:00:00;362;5,9037795;0;45,74;52,72;468,3776;274,44;274,44;0;11666;87,56;0;0;;;;;;;;;
;;;904;15:00:00;492;6,0033684;0;192,83;214,15;1974,5792;1156,98;1156,98;664,98;12331;0;0;0;;;;;;;;;
;;;905;16:00:00;52;5,973608;0;154,2;186,7;1579,008;925,2;925,2;873,2;13204;0;0;0;;;;;;;;;
;;;906;17:00:00;52;5,7203307;0;273,79;536,76;2803,6096;1642,74;1642,74;1590,74;14794;0;0;0;;;;;;;;;
;;;907;18:00:00;1342,2;5,985551;0;0;0;0;0;0;0;13452;1342,2;0;0;;;;;;;;;
;;;908;19:00:00;3055,45;6,1296144;0;0;0;0;0;0;0;10397;3055,45;0;0;;;;;;;;;
;;;909;20:00:00;3419,45;5,5558004;0;0;0;0;0;0;0;6977;3419,45;0;0;;;;;;;;;
;;;910;21:00:00;3547,15;5,0096197;0;0;0;0;0;0;0;3430;3547,15;116,91;0;;;;;;;;;
;;;911;22:00:00;625,45;4,6504664;0;0;0;0;0;0;0;2805;625,45;0;0;;;;;;;;;
;;;912;23:00:00;815,45;5,000096;0;0;0;0;0;0;0;1989;815,45;0;0;;;;;;;;;
;;Jueves;913;0:00:00;654,6;5,028693;0;0;0;0;0;0;0;1335;654,6;0;0;;;;;;;;;
;;;914;1:00:00;52;4,8753023;0;0;0;0;0;0;0;1283;52;0;0;;;;;;;;;
;;;915;2:00:00;52;5,0045395;0;0;0;0;0;0;0;1231;52;0;0;;;;;;;;;
;;;916;3:00:00;52;5,143259;0;0;0;0;0;0;0;1179;52;0;0;;;;;;;;;
;;;917;4:00:00;52;5,467165;0;0;0;0;0;0;0;1127;52;0;0;;;;;;;;;
;;;918;5:00:00;52;5,8947687;0;0;0;0;0;0;0;1075;52;0;0;;;;;;;;;
;;;919;6:00:00;1894,41;5,2596292;0;0;0;0;0;0;0;0;1894,41;1894,41;0;;;;;;;;;
;;;920;7:00:00;2590,45;4,236328;0;0;0;0;0;0;0;0;2590,45;2590,45;0;;;;;;;;;
;;;921;8:00:00;1620,45;5,372512;0;10,06;11,6;103,0144;60,36;60,36;0;0;1560,09;1560,09;0;;;;;;;;;
;;;922;9:00:00;113,56;5,77336;0;34,76;40,07;355,9424;208,56;208,56;95;95;0;0;0;;;;;;;;;
;;;923;10:00:00;52;6,209709;0;44,82;51,67;458,9568;268,92;268,92;216,92;312;0;0;0;;;;;;;;;
;;;924;11:00:00;52;5,6792107;0;158,08;181,01;1618,7392;948,48;948,48;896,48;1208;0;0;0;;;;;;;;;
;;;925;12:00:00;52;5,0595193;0;171,05;197,19;1751,552;1026,3;1026,3;974,3;2183;0;0;0;;;;;;;;;
;;;926;13:00:00;2788;4,703848;0;719,64;394,55;7369,1136;4317,84;4317,84;1529,84;3713;0;0;0;;;;;;;;;
;;;927;14:00:00;362;4,2871227;0;234,72;252,57;2403,5328;1408,32;1408,32;1046,32;4759;0;0;0;;;;;;;;;
;;;928;15:00:00;492;3,3347843;0;43,91;50,62;449,6384;263,46;263,46;0;4530;228,54;0;0;;;;;;;;;
;;;929;16:00:00;52;2,4973102;0;348,71;444,45;3570,7904;2092,26;2092,26;2040,26;6571;0;0;0;;;;;;;;;
;;;930;17:00:00;52;2,268325;0;105,87;189,61;1084,1088;635,22;635,22;583,22;7154;0;0;0;;;;;;;;;
;;;931;18:00:00;1342,2;2,7662883;0;0;0;0;0;0;0;5812;1342,2;0;0;;;;;;;;;
;;;932;19:00:00;3055,45;3,1404605;0;0;0;0;0;0;0;2756;3055,45;299,3;0;;;;;;;;;
;;;933;20:00:00;3419,45;2,9783647;0;0;0;0;0;0;0;0;3419,45;3419,45;0;;;;;;;;;
;;;934;21:00:00;3547,15;3,7134795;0;0;0;0;0;0;0;0;3547,15;3547,15;0;;;;;;;;;
;;;935;22:00:00;625,45;4,649031;0;0;0;0;0;0;0;0;625,45;625,45;0;;;;;;;;;
;;;936;23:00:00;815,45;5,4331956;0;0;0;0;0;0;0;0;815,45;815,45;0;;;;;;;;;
;;Viernes;937;0:00:00;654,6;4,8044076;0;0;0;0;0;0;0;0;654,6;654,6;0;;;;;;;;;
;;;938;1:00:00;52;3,8255668;0;0;0;0;0;0;0;0;52;52;0;;;;;;;;;
;;;939;2:00:00;52;3,0356994;0;0;0;0;0;0;0;0;52;52;0;;;;;;;;;
;;;940;3:00:00;52;2,3303964;0;0;0;0;0;0;0;0;52;52;0;;;;;;;;;
;;;941;4:00:00;52;1,9030643;0;0;0;0;0;0;0;0;52;52;0;;;;;;;;;
;;;942;5:00:00;52;1,4441395;0;0;0;0;0;0;0;0;52;52;0;;;;;;;;;
;;;943;6:00:00;1894,41;1,4832273;0;0;0;0;0;0;0;0;1894,41;1894,41;0;;;;;;;;;
;;;944;7:00:00;2590,45;2,3367293;0;0;0;0;0;0;0;0;2590,45;2590,45;0;;;;;;;;;
;;;945;8:00:00;1620,45;2,9264817;0;105,85;306,67;1083,904;635,1;635,1;0;0;985,35;985,35;0;;;;;;;;;
;;;946;9:00:00;113,56;2,77471;0;296,18;451,19;3032,8832;1777,08;1777,08;1663,52;1664;0;0;0;;;;;;;;;
;;;947;10:00:00;52;1,9512485;0;534,19;498,4;5470,1056;3205,14;3205,14;3153,14;4817;0;0;0;;;;;;;;;
;;;948;11:00:00;52;2,9066553;0;182,49;206,64;1868,6976;1094,94;1094,94;1042,94;5860;0;0;0;;;;;;;;;
;;;949;12:00:00;52;3,067836;0;782,26;243,17;8010,3424;4693,56;4693,56;4641,56;10501;0;0;0;;;;;;;;;
;;;950;13:00:00;2788;3,1368358;0;722,04;396,81;7393,6896;4332,24;4332,24;1544,24;12045;0;0;0;;;;;;;;;
;;;951;14:00:00;362;2,928174;0;210,78;232,85;2158,3872;1264,68;1264,68;902,68;12948;0;0;0;;;;;;;;;
;;;952;15:00:00;492;3,7518878;0;245,08;265,25;2509,6192;1470,48;1470,48;978,48;13927;0;0;0;;;;;;;;;
;;;953;16:00:00;52;3,8530936;0;328,69;417,54;3365,7856;1972,14;1972,14;1920,14;15847;0;0;0;;;;;;;;;
;;;954;17:00:00;52;3,3344345;0;115,33;207,2;1180,9792;691,98;691,98;639,98;16487;0;0;0;;;;;;;;;
;;;955;18:00:00;1342,2;3,0633159;0;0;0;0;0;0;0;15144;1342,2;0;0;;;;;;;;;
;;;956;19:00:00;3055,45;2,9460309;0;0;0;0;0;0;0;12089;3055,45;0;0;;;;;;;;;
;;;957;20:00:00;3419,45;3,5086858;0;0;0;0;0;0;0;8670;3419,45;0;0;;;;;;;;;
;;;958;21:00:00;3547,15;3,9003835;0;0;0;0;0;0;0;5122;3547,15;0;0;;;;;;;;;
;;;959;22:00:00;625,45;5,1265683;0;0;0;0;0;0;0;4497;625,45;0;0;;;;;;;;;
;;;960;23:00:00;815,45;6,345672;0;0;0;0;0;0;0;3682;815,45;0;0;;;;;;;;;
;;Sábado;961;0:00:00;757,2;7,097535;0;0;0;0;0;0;0;2924;757,2;0;0;;;;;;;;;
;;;962;1:00:00;362;7,669557;0;0;0;0;0;0;0;2562;362;0;0;;;;;;;;;
;;;963;2:00:00;52;7,462031;0;0;0;0;0;0;0;2510;52;0;0;;;;;;;;;
;;;964;3:00:00;52;7,320947;0;0;0;0;0;0;0;2458;52;0;0;;;;;;;;;
;;;965;4:00:00;52;6,907479;0;0;0;0;0;0;0;2406;52;0;0;;;;;;;;;
;;;966;5:00:00;52;6,986557;0;0;0;0;0;0;0;2354;52;0;0;;;;;;;;;
;;;967;6:00:00;399,6;7,6314793;0;0;0;0;0;0;0;1955;399,6;0;0;;;;;;;;;
;;;968;7:00:00;2365,45;8,080009;0;0;0;0;0;0;0;0;2365,45;2365,45;0;;;;;;;;;
;;;969;8:00:00;2160,45;8,047631;0;119,45;374,85;1223,168;716,7;716,7;0;0;1443,75;1443,75;0;;;;;;;;;
;;;970;9:00:00;1311,81;7,4209843;0;354,67;556,49;3631,8208;2128,02;2128,02;816,21;816;0;0;0;;;;;;;;;
;;;971;10:00:00;1676,25;7,6153245;0;593,44;534,25;6076,8256;3560,64;3560,64;1884,39;2701;0;0;0;;;;;;;;;
;;;972;11:00:00;232;8,341212;0;795,07;388,38;8141,5168;4770,42;4770,42;4538,42;7239;0;0;0;;;;;;;;;
;;;973;12:00:00;52;8,619676;0;920,29;177,85;9423,7696;5521,74;5521,74;5469,74;12709;0;0;0;;;;;;;;;
;;;974;13:00:00;2755;9,0161295;0;1007,99;365,84;10321,8176;6047,94;6047,94;3292,94;16002;0;0;0;;;;;;;;;
;;;975;14:00:00;2642;8,7321825;0;960,07;593,7;9831,1168;5760,42;5760,42;3118,42;19120;0;0;0;;;;;;;;;
;;;976;15:00:00;492;8,320038;0;845,06;763,45;8653,4144;5070,36;5070,36;4578,36;23698;0;0;0;;;;;;;;;
;;;977;16:00:00;52;7,778458;0;681,28;876,01;6976,3072;4087,68;4087,68;4035,68;27734;0;0;0;;;;;;;;;
;;;978;17:00:00;52;7,295327;0;495,74;994,96;5076,3776;2974,44;2974,44;2922,44;30657;0;0;0;;;;;;;;;
;;;979;18:00:00;632,2;7,2988973;0;0;0;0;0;0;0;30024;632,2;0;0;;;;;;;;;
;;;980;19:00:00;1343,7;7,2685094;0;0;0;0;0;0;0;28681;1343,7;0;0;;;;;;;;;
;;;981;20:00:00;3239,45;7,099446;0;0;0;0;0;0;0;25441;3239,45;0;0;;;;;;;;;
;;;982;21:00:00;5495,45;7,1260953;0;0;0;0;0;0;0;19946;5495,45;0;0;;;;;;;;;
;;;983;22:00:00;625,45;6,346107;0;0;0;0;0;0;0;19320;625,45;0;0;;;;;;;;;
;;;984;23:00:00;815,45;6,1478653;0;0;0;0;0;0;0;18505;815,45;0;0;;;;;;;;;
;;Domingo;985;0:00:00;757,2;5,7073555;0;0;0;0;0;0;0;17748;757,2;0;0;;;;;;;;;
;;;986;1:00:00;362;6,2482476;0;0;0;0;0;0;0;17386;362;0;0;;;;;;;;;
;;;987;2:00:00;52;6,49256;0;0;0;0;0;0;0;17334;52;0;0;;;;;;;;;
;;;988;3:00:00;52;6,902743;0;0;0;0;0;0;0;17282;52;0;0;;;;;;;;;
;;;989;4:00:00;52;6,9644074;0;0;0;0;0;0;0;17230;52;0;0;;;;;;;;;
;;;990;5:00:00;52;6,7281394;0;0;0;0;0;0;0;17178;52;0;0;;;;;;;;;
;;;991;6:00:00;399,6;6,6629157;0;0;0;0;0;0;0;16778;399,6;0;0;;;;;;;;;
;;;992;7:00:00;2365,45;6,3688407;0;0;0;0;0;0;0;14413;2365,45;0;0;;;;;;;;;
;;;993;8:00:00;2160,45;6,1067038;0;123,89;392,53;1268,6336;743,34;743,34;0;12996;1417,11;0;0;;;;;;;;;
;;;994;9:00:00;1311,81;5,849983;0;359,6;564,6;3682,304;2157,6;2157,6;845,79;13841;0;0;0;;;;;;;;;
;;;995;10:00:00;1676,25;6,0983195;0;624,57;551,26;6395,5968;3747,42;3747,42;2071,17;15913;0;0;0;;;;;;;;;
;;;996;11:00:00;232;5,8599052;0;828,83;387,33;8487,2192;4972,98;4972,98;4740,98;20653;0;0;0;;;;;;;;;
;;;997;12:00:00;52;5,7106314;0;974,34;152,57;9977,2416;5846,04;5846,04;5794,04;26448;0;0;0;;;;;;;;;
;;;998;13:00:00;2755;5,57365;0;1035,06;364,33;10599,0144;6210,36;6210,36;3455,36;29903;0;0;0;;;;;;;;;
;;;999;14:00:00;2642;5,31419;0;989,69;602,23;10134,4256;5938,14;5938,14;3296,14;33199;0;0;0;;;;;;;;;
;;;1000;15:00:00;492;5,079685;0;882,6;789,46;9037,824;5295,6;5295,6;4803,6;38003;0;0;2806,22;;;;;;;;;
;;;1001;16:00:00;52;4,573555;0;718,16;921,33;7353,9584;4308,96;4308,96;4256,96;40000;0;0;4256,96;;;;;;;;;
;;;1002;17:00:00;52;4,616316;0;512,72;1030,17;5250,2528;3076,32;3076,32;3024,32;40000;0;0;3024,32;;;;;;;;;
;;;1003;18:00:00;632,2;4,3346515;0;0;0;0;0;0;0;39368;632,2;0;0;;;;;;;;;
;;;1004;19:00:00;1343,7;4,4061503;0;0;0;0;0;0;0;38024;1343,7;0;0;;;;;;;;;
;;;1005;20:00:00;3239,45;4,6904383;0;0;0;0;0;0;0;34785;3239,45;0;0;;;;;;;;;
;;;1006;21:00:00;5495,45;4,9350705;0;0;0;0;0;0;0;29289;5495,45;0;0;;;;;;;;;
;;;1007;22:00:00;625,45;5,019888;0;0;0;0;0;0;0;28664;625,45;0;0;;;;;;;;;
;;;1008;23:00:00;815,45;4,5240817;0;0;0;0;0;0;0;27848;815,45;0;0;;;;;;;;;
;7;Lunes;1009;0:00:00;654,6;4,6462364;0;0;0;0;0;0;0;27194;654,6;0;0;;;;;;;;;
;;;1010;1:00:00;52;4,253475;0;0;0;0;0;0;0;27142;52;0;0;;;;;;;;;
;;;1011;2:00:00;52;4,240608;0;0;0;0;0;0;0;27090;52;0;0;;;;;;;;;
;;;1012;3:00:00;52;4,315041;0;0;0;0;0;0;0;27038;52;0;0;;;;;;;;;
;;;1013;4:00:00;52;4,0739026;0;0;0;0;0;0;0;26986;52;0;0;;;;;;;;;
;;;1014;5:00:00;52;4,0223384;0;0;0;0;0;0;0;26934;52;0;0;;;;;;;;;
;;;1015;6:00:00;1894,41;4,114566;0;0;0;0;0;0;0;25039;1894,41;0;0;;;;;;;;;
;;;1016;7:00:00;2590,45;4,195024;0;0;0;0;0;0;0;22449;2590,45;0;0;;;;;;;;;
;;;1017;8:00:00;1620,45;4,9507055;0;67,2;117,28;688,128;403,2;403,2;0;21232;1217,25;0;0;;;;;;;;;
;;;1018;9:00:00;113,56;5,5534835;0;180,21;236,58;1845,3504;1081,26;1081,26;967,7;22199;0;0;0;;;;;;;;;
;;;1019;10:00:00;52;6,230346;0;299,58;320,99;3067,6992;1797,48;1797,48;1745,48;23945;0;0;0;;;;;;;;;
;;;1020;11:00:00;52;8,558544;0;700,9;401,2;7177,216;4205,4;4205,4;4153,4;28098;0;0;0;;;;;;;;;
;;;1021;12:00:00;52;9,464372;0;784,38;251,91;8032,0512;4706,28;4706,28;4654,28;32752;0;0;0;;;;;;;;;
;;;1022;13:00:00;2788;8,938803;0;895,06;389,09;9165,4144;5370,36;5370,36;2582,36;35335;0;0;0;;;;;;;;;
;;;1023;14:00:00;362;7,963014;0;959,35;591,45;9823,744;5756,1;5756,1;5394,1;40000;0;0;5394,1;;;;;;;;;
;;;1024;15:00:00;492;7,3774104;0;866,63;776,11;8874,2912;5199,78;5199,78;4707,78;40000;0;0;4707,78;;;;;;;;;
;;;1025;16:00:00;52;6,6244407;0;678,27;871,47;6945,4848;4069,62;4069,62;4017,62;40000;0;0;4017,62;;;;;;;;;
;;;1026;17:00:00;52;5,8101144;0;485,46;974,66;4971,1104;2912,76;2912,76;2860,76;40000;0;0;2860,76;;;;;;;;;
;;;1027;18:00:00;1342,2;5,2488756;0;0;0;0;0;0;0;38658;1342,2;0;0;;;;;;;;;
;;;1028;19:00:00;3055,45;4,50618;0;0;0;0;0;0;0;35602;3055,45;0;0;;;;;;;;;
;;;1029;20:00:00;3419,45;3,9476168;0;0;0;0;0;0;0;32183;3419,45;0;0;;;;;;;;;
;;;1030;21:00:00;3547,15;3,4090066;0;0;0;0;0;0;0;28636;3547,15;0;0;;;;;;;;;
;;;1031;22:00:00;625,45;3,4577034;0;0;0;0;0;0;0;28010;625,45;0;0;;;;;;;;;
;;;1032;23:00:00;815,45;3,84995;0;0;0;0;0;0;0;27195;815,45;0;0;;;;;;;;;
;;Martes;1033;0:00:00;654,6;4,3854756;0;0;0;0;0;0;0;26540;654,6;0;0;;;;;;;;;
;;;1034;1:00:00;52;4,5121922;0;0;0;0;0;0;0;26488;52;0;0;;;;;;;;;
;;;1035;2:00:00;52;4,072617;0;0;0;0;0;0;0;26436;52;0;0;;;;;;;;;
;;;1036;3:00:00;52;3,9396122;0;0;0;0;0;0;0;26384;52;0;0;;;;;;;;;
;;;1037;4:00:00;52;3,7926204;0;0;0;0;0;0;0;26332;52;0;0;;;;;;;;;
;;;1038;5:00:00;52;3,5087378;0;0;0;0;0;0;0;26280;52;0;0;;;;;;;;;
;;;1039;6:00:00;1894,41;3,2719896;0;0;0;0;0;0;0;24386;1894,41;0;0;;;;;;;;;
;;;1040;7:00:00;2590,45;3,292417;0;0;0;0;0;0;0;21795;2590,45;0;0;;;;;;;;;
;;;1041;8:00:00;1620,45;3,6654406;0;129,81;413,57;1329,2544;778,86;778,86;0;20954;841,59;0;0;;;;;;;;;
;;;1042;9:00:00;113,56;3,8708477;0;385,96;609,13;3952,2304;2315,76;2315,76;2202,2;23156;0;0;0;;;;;;;;;
;;;1043;10:00:00;52;3,6327522;0;625,71;552,85;6407,2704;3754,26;3754,26;3702,26;26858;0;0;0;;;;;;;;;
;;;1044;11:00:00;52;3,414399;0;829,11;388,68;8490,0864;4974,66;4974,66;4922,66;31781;0;0;0;;;;;;;;;
;;;1045;12:00:00;52;3,2368321;0;981,14;151,34;10046,8736;5886,84;5886,84;5834,84;37616;0;0;3450,6;;;;;;;;;
;;;1046;13:00:00;2788;2,973776;0;1021,56;367,75;10460,7744;6129,36;6129,36;3341,36;40000;0;0;3341,36;;;;;;;;;
;;;1047;14:00:00;362;2,0015175;0;974,32;599,02;9977,0368;5845,92;5845,92;5483,92;40000;0;0;5483,92;;;;;;;;;
;;;1048;15:00:00;492;0,43667814;0;881,25;788,58;9024;5287,5;5287,5;4795,5;40000;0;0;4795,5;;;;;;;;;
;;;1049;16:00:00;52;1,5919601;0;692,67;889,83;7092,9408;4156,02;4156,02;4104,02;40000;0;0;4104,02;;;;;;;;;
;;;1050;17:00:00;52;1,7885904;0;518,35;1043,03;5307,904;3110,1;3110,1;3058,1;40000;0;0;3058,1;;;;;;;;;
;;;1051;18:00:00;1342,2;1,2363416;0;0;0;0;0;0;0;38658;1342,2;0;0;;;;;;;;;
;;;1052;19:00:00;3055,45;0,4595371;0;0;0;0;0;0;0;35602;3055,45;0;0;;;;;;;;;
;;;1053;20:00:00;3419,45;0,7796622;0;0;0;0;0;0;0;32183;3419,45;0;0;;;;;;;;;
;;;1054;21:00:00;3547,15;1,2550348;0;0;0;0;0;0;0;28636;3547,15;0;0;;;;;;;;;
;;;1055;22:00:00;625,45;1,5341408;0;0;0;0;0;0;0;28010;625,45;0;0;;;;;;;;;
;;;1056;23:00:00;815,45;2,0647132;0;0;0;0;0;0;0;27195;815,45;0;0;;;;;;;;;
;;Miércoles;1057;0:00:00;654,6;2,2590957;0;0;0;0;0;0;0;26540;654,6;0;0;;;;;;;;;
;;;1058;1:00:00;52;2,5312715;0;0;0;0;0;0;0;26488;52;0;0;;;;;;;;;
;;;1059;2:00:00;52;2,7089899;0;0;0;0;0;0;0;26436;52;0;0;;;;;;;;;
;;;1060;3:00:00;52;2,5404723;0;0;0;0;0;0;0;26384;52;0;0;;;;;;;;;
;;;1061;4:00:00;52;2,3525772;0;0;0;0;0;0;0;26332;52;0;0;;;;;;;;;
;;;1062;5:00:00;52;2,249076;0;0;0;0;0;0;0;26280;52;0;0;;;;;;;;;
;;;1063;6:00:00;1894,41;2,4183547;0;0;0;0;0;0;0;24386;1894,41;0;0;;;;;;;;;
;;;1064;7:00:00;2590,45;2,5092916;0;0;0;0;0;0;0;21795;2590,45;0;0;;;;;;;;;
;;;1065;8:00:00;1620,45;2,7034464;0;138,35;447,45;1416,704;830,1;830,1;0;21005;790,35;0;0;;;;;;;;;
;;;1066;9:00:00;113,56;1,975021;0;391,24;617,47;4006,2976;2347,44;2347,44;2233,88;23239;0;0;0;;;;;;;;;
;;;1067;10:00:00;52;1,3952761;0;621,22;556,09;6361,2928;3727,32;3727,32;3675,32;26914;0;0;0;;;;;;;;;
;;;1068;11:00:00;52;1,6084871;0;828,67;398,57;8485,5808;4972,02;4972,02;4920,02;31834;0;0;0;;;;;;;;;
;;;1069;12:00:00;52;2,0504398;0;942,43;186,63;9650,4832;5654,58;5654,58;5602,58;37437;0;0;3039,42;;;;;;;;;
;;;1070;13:00:00;2788;2,097832;0;1000,59;385,8;10246,0416;6003,54;6003,54;3215,54;40000;0;0;3215,54;;;;;;;;;
;;;1071;14:00:00;362;2,447295;0;842,61;579,27;8628,3264;5055,66;5055,66;4693,66;40000;0;0;4693,66;;;;;;;;;
;;;1072;15:00:00;492;2,5400176;0;867,51;784,74;8883,3024;5205,06;5205,06;4713,06;40000;0;0;4713,06;;;;;;;;;
;;;1073;16:00:00;52;2,3210473;0;521,27;672,24;5337,8048;3127,62;3127,62;3075,62;40000;0;0;3075,62;;;;;;;;;
;;;1074;17:00:00;52;1,5604002;0;32,01;36,91;327,7824;192,06;192,06;140,06;40000;0;0;140,06;;;;;;;;;
;;;1075;18:00:00;1342,2;1,2687511;0;0;0;0;0;0;0;38658;1342,2;0;0;;;;;;;;;
;;;1076;19:00:00;3055,45;1,2325219;0;0;0;0;0;0;0;35602;3055,45;0;0;;;;;;;;;
;;;1077;20:00:00;3419,45;1,2760503;0;0;0;0;0;0;0;32183;3419,45;0;0;;;;;;;;;
;;;1078;21:00:00;3547,15;1,2572756;0;0;0;0;0;0;0;28636;3547,15;0;0;;;;;;;;;
;;;1079;22:00:00;625,45;1,4395179;0;0;0;0;0;0;0;28010;625,45;0;0;;;;;;;;;
;;;1080;23:00:00;815,45;1,1923351;0;0;0;0;0;0;0;27195;815,45;0;0;;;;;;;;;
;;Jueves;1081;0:00:00;654,6;0,93458486;0;0;0;0;0;0;0;26540;654,6;0;0;;;;;;;;;
;;;1082;1:00:00;52;0,7145314;0;0;0;0;0;0;0;26488;52;0;0;;;;;;;;;
;;;1083;2:00:00;52;0,7184796;0;0;0;0;0;0;0;26436;52;0;0;;;;;;;;;
;;;1084;3:00:00;52;0,7221189;0;0;0;0;0;0;0;26384;52;0;0;;;;;;;;;
;;;1085;4:00:00;52;0,6587493;0;0;0;0;0;0;0;26332;52;0;0;;;;;;;;;
;;;1086;5:00:00;52;0,6710901;0;0;0;0;0;0;0;26280;52;0;0;;;;;;;;;
;;;1087;6:00:00;1894,41;1,0669007;0;0;0;0;0;0;0;24386;1894,41;0;0;;;;;;;;;
;;;1088;7:00:00;2590,45;1,14667;0;0;0;0;0;0;0;21795;2590,45;0;0;;;;;;;;;
;;;1089;8:00:00;1620,45;1,1207029;0;142,13;461,93;1455,4112;852,78;852,78;0;21028;767,67;0;0;;;;;;;;;
;;;1090;9:00:00;113,56;0,615459;0;394,34;622,19;4038,0416;2366,04;2366,04;2252,48;23280;0;0;0;;;;;;;;;
;;;1091;10:00:00;52;1,0315849;0;625,27;559,86;6402,7648;3751,62;3751,62;3699,62;26980;0;0;0;;;;;;;;;
;;;1092;11:00:00;52;1,6235282;0;742,18;417,53;7599,9232;4453,08;4453,08;4401,08;31381;0;0;0;;;;;;;;;
;;;1093;12:00:00;52;2,2345808;0;947,97;188,04;9707,2128;5687,82;5687,82;5635,82;37017;0;0;2652,54;;;;;;;;;
;;;1094;13:00:00;2788;2,3056817;0;1004,91;387,27;10290,2784;6029,46;6029,46;3241,46;40000;0;0;3241,46;;;;;;;;;
;;;1095;14:00:00;362;1,8443434;0;265,7;284,33;2720,768;1594,2;1594,2;1232,2;40000;0;0;1232,2;;;;;;;;;
;;;1096;15:00:00;492;2,2945616;0;513,21;513,27;5255,2704;3079,26;3079,26;2587,26;40000;0;0;2587,26;;;;;;;;;
;;;1097;16:00:00;52;2,442508;0;699,2;899,77;7159,808;4195,2;4195,2;4143,2;40000;0;0;4143,2;;;;;;;;;
;;;1098;17:00:00;52;1,8380363;0;496,83;1001,68;5087,5392;2980,98;2980,98;2928,98;40000;0;0;2928,98;;;;;;;;;
;;;1099;18:00:00;1342,2;1,6702797;0;0;0;0;0;0;0;38658;1342,2;0;0;;;;;;;;;
;;;1100;19:00:00;3055,45;1,6220777;0;0;0;0;0;0;0;35602;3055,45;0;0;;;;;;;;;
;;;1101;20:00:00;3419,45;1,5463997;0;0;0;0;0;0;0;32183;3419,45;0;0;;;;;;;;;
;;;1102;21:00:00;3547,15;1,1133827;0;0;0;0;0;0;0;28636;3547,15;0;0;;;;;;;;;
;;;1103;22:00:00;625,45;1,1410238;0;0;0;0;0;0;0;28010;625,45;0;0;;;;;;;;;
;;;1104;23:00:00;815,45;1,319571;0;0;0;0;0;0;0;27195;815,45;0;0;;;;;;;;;
;;Viernes;1105;0:00:00;654,6;0,9171603;0;0;0;0;0;0;0;26540;654,6;0;0;;;;;;;;;
;;;1106;1:00:00;52;0,8121374;0;0;0;0;0;0;0;26488;52;0;0;;;;;;;;;
;;;1107;2:00:00;52;1,1550047;0;0;0;0;0;0;0;26436;52;0;0;;;;;;;;;
;;;1108;3:00:00;52;1,1168981;0;0;0;0;0;0;0;26384;52;0;0;;;;;;;;;
;;;1109;4:00:00;52;2,1299617;0;0;0;0;0;0;0;26332;52;0;0;;;;;;;;;
;;;1110;5:00:00;52;2,442569;0;0;0;0;0;0;0;26280;52;0;0;;;;;;;;;
;;;1111;6:00:00;1894,41;2,3319263;0;0;0;0;0;0;0;24386;1894,41;0;0;;;;;;;;;
;;;1112;7:00:00;2590,45;1,7252488;0;0;0;0;0;0;0;21795;2590,45;0;0;;;;;;;;;
;;;1113;8:00:00;1620,45;2,2951255;0;149,06;488,87;1526,3744;894,36;894,36;0;21069;726,09;0;0;;;;;;;;;
;;;1114;9:00:00;113,56;2,3501067;0;403,8;637,34;4134,912;2422,8;2422,8;2309,24;23379;0;0;0;;;;;;;;;
;;;1115;10:00:00;52;2,4832337;0;652,44;577,26;6680,9856;3914,64;3914,64;3862,64;27241;0;0;0;;;;;;;;;
;;;1116;11:00:00;52;1,4909545;0;848,49;406,24;8688,5376;5090,94;5090,94;5038,94;32280;0;0;0;;;;;;;;;
;;;1117;12:00:00;52;0,58437765;0;971,5;183,18;9948,16;5829;5829;5777;38057;0;0;3834,12;;;;;;;;;
;;;1118;13:00:00;2788;0,32048845;0;739,03;429,5;7567,6672;4434,18;4434,18;1646,18;39703;0;0;1349,48;;;;;;;;;
;;;1119;14:00:00;362;0,8820942;0;700,06;536,14;7168,6144;4200,36;4200,36;3838,36;40000;0;0;3838,36;;;;;;;;;
;;;1120;15:00:00;492;1,203186;0;798,58;743,68;8177,4592;4791,48;4791,48;4299,48;40000;0;0;4299,48;;;;;;;;;
;;;1121;16:00:00;52;1,2342367;0;685,53;883,67;7019,8272;4113,18;4113,18;4061,18;40000;0;0;4061,18;;;;;;;;;
;;;1122;17:00:00;52;1,2706822;0;518,14;1046,97;5305,7536;3108,84;3108,84;3056,84;40000;0;0;3056,84;;;;;;;;;
;;;1123;18:00:00;1342,2;1,3661267;0;0;0;0;0;0;0;38658;1342,2;0;0;;;;;;;;;
;;;1124;19:00:00;3055,45;0,881173;0;0;0;0;0;0;0;35602;3055,45;0;0;;;;;;;;;
;;;1125;20:00:00;3419,45;0,74786747;0;0;0;0;0;0;0;32183;3419,45;0;0;;;;;;;;;
;;;1126;21:00:00;3547,15;1,5566422;0;0;0;0;0;0;0;28636;3547,15;0;0;;;;;;;;;
;;;1127;22:00:00;625,45;1,7616346;0;0;0;0;0;0;0;28010;625,45;0;0;;;;;;;;;
;;;1128;23:00:00;815,45;2,1069422;0;0;0;0;0;0;0;27195;815,45;0;0;;;;;;;;;
;;Sábado;1129;0:00:00;757,2;2,6067505;0;0;0;0;0;0;0;26438;757,2;0;0;;;;;;;;;
;;;1130;1:00:00;362;2,7562802;0;0;0;0;0;0;0;26076;362;0;0;;;;;;;;;
;;;1131;2:00:00;52;2,7326977;0;0;0;0;0;0;0;26024;52;0;0;;;;;;;;;
;;;1132;3:00:00;52;2,6258898;0;0;0;0;0;0;0;25972;52;0;0;;;;;;;;;
;;;1133;4:00:00;52;2,6989954;0;0;0;0;0;0;0;25920;52;0;0;;;;;;;;;
;;;1134;5:00:00;52;2,9375572;0;0;0;0;0;0;0;25868;52;0;0;;;;;;;;;
;;;1135;6:00:00;399,6;3,002496;0;0;0;0;0;0;0;25468;399,6;0;0;;;;;;;;;
;;;1136;7:00:00;2365,45;2,7897635;0;0;0;0;0;0;0;23103;2365,45;0;0;;;;;;;;;
;;;1137;8:00:00;2160,45;2,8932273;0;150,39;493,1;1539,9936;902,34;902,34;0;21844;1258,11;0;0;;;;;;;;;
;;;1138;9:00:00;1311,81;2,7381487;0;396,53;624,5;4060,4672;2379,18;2379,18;1067,37;22912;0;0;0;;;;;;;;;
;;;1139;10:00:00;1676,25;1,660999;0;649,35;574,47;6649,344;3896,1;3896,1;2219,85;25132;0;0;0;;;;;;;;;
;;;1140;11:00:00;232;0,19634505;0;861,8;402,85;8824,832;5170,8;5170,8;4938,8;30071;0;0;0;;;;;;;;;
;;;1141;12:00:00;52;0,1700013;0;996,24;164,9;10201,4976;5977,44;5977,44;5925,44;35996;0;0;1921,39;;;;;;;;;
;;;1142;13:00:00;2755;0,48100632;0;1057,15;380,23;10825,216;6342,9;6342,9;3587,9;39584;0;0;3171,75;;;;;;;;;
;;;1143;14:00:00;2642;0,19513904;0;1026;624,77;10506,24;6156;6156;3514;40000;0;0;3514;;;;;;;;;
;;;1144;15:00:00;492;0,79414463;0;894,25;806,68;9157,12;5365,5;5365,5;4873,5;40000;0;0;4873,5;;;;;;;;;
;;;1145;16:00:00;52;1,836428;0;745,01;956,29;7628,9024;4470,06;4470,06;4418,06;40000;0;0;4418,06;;;;;;;;;
;;;1146;17:00:00;52;2,115446;0;523,32;1058,89;5358,7968;3139,92;3139,92;3087,92;40000;0;0;3087,92;;;;;;;;;
;;;1147;18:00:00;632,2;2,173255;0;0;0;0;0;0;0;39368;632,2;0;0;;;;;;;;;
;;;1148;19:00:00;1343,7;1,5042686;0;0;0;0;0;0;0;38024;1343,7;0;0;;;;;;;;;
;;;1149;20:00:00;3239,45;1,5234745;0;0;0;0;0;0;0;34785;3239,45;0;0;;;;;;;;;
;;;1150;21:00:00;5495,45;1,6199375;0;0;0;0;0;0;0;29289;5495,45;0;0;;;;;;;;;
;;;1151;22:00:00;625,45;1,1039366;0;0;0;0;0;0;0;28664;625,45;0;0;;;;;;;;;
;;;1152;23:00:00;815,45;0,84447074;0;0;0;0;0;0;0;27848;815,45;0;0;;;;;;;;;
;;Domingo;1153;0:00:00;757,2;0,96678853;0;0;0;0;0;0;0;27091;757,2;0;0;;;;;;;;;
;;;1154;1:00:00;362;0,99946874;0;0;0;0;0;0;0;26729;362;0;0;;;;;;;;;
;;;1155;2:00:00;52;1,0670476;0;0;0;0;0;0;0;26677;52;0;0;;;;;;;;;
;;;1156;3:00:00;52;1,0609506;0;0;0;0;0;0;0;26625;52;0;0;;;;;;;;;
;;;1157;4:00:00;52;1,3759022;0;0;0;0;0;0;0;26573;52;0;0;;;;;;;;;
;;;1158;5:00:00;52;1,6987095;0;0;0;0;0;0;0;26521;52;0;0;;;;;;;;;
;;;1159;6:00:00;399,6;1,6851119;0;0;0;0;0;0;0;26122;399,6;0;0;;;;;;;;;
;;;1160;7:00:00;2365,45;1,7705216;0;0;0;0;0;0;0;23756;2365,45;0;0;;;;;;;;;
;;;1161;8:00:00;2160,45;2,1615849;0;147,1;467,46;1506,304;882,6;882,6;0;22478;1277,85;0;0;;;;;;;;;
;;;1162;9:00:00;1311,81;1,5494068;0;398,25;626,72;4078,08;2389,5;2389,5;1077,69;23556;0;0;0;;;;;;;;;
;;;1163;10:00:00;1676,25;1,1669548;0;643,59;573,16;6590,3616;3861,54;3861,54;2185,29;25741;0;0;0;;;;;;;;;
;;;1164;11:00:00;232;1,187885;0;834,19;410,05;8542,1056;5005,14;5005,14;4773,14;30514;0;0;0;;;;;;;;;
;;;1165;12:00:00;52;1,6356997;0;985,02;173,83;10086,6048;5910,12;5910,12;5858,12;36372;0;0;2230,56;;;;;;;;;
;;;1166;13:00:00;2755;2,3486843;0;1044,82;384,84;10698,9568;6268,92;6268,92;3513,92;39886;0;0;3400,28;;;;;;;;;
;;;1167;14:00:00;2642;3,3096664;0;1027,79;626,73;10524,5696;6166,74;6166,74;3524,74;40000;0;0;3524,74;;;;;;;;;
;;;1168;15:00:00;492;3,680767;0;895,98;809,34;9174,8352;5375,88;5375,88;4883,88;40000;0;0;4883,88;;;;;;;;;
;;;1169;16:00:00;52;3,7048109;0;718,87;925,15;7361,2288;4313,22;4313,22;4261,22;40000;0;0;4261,22;;;;;;;;;
;;;1170;17:00:00;52;3,2100487;0;531,04;1076,7;5437,8496;3186,24;3186,24;3134,24;40000;0;0;3134,24;;;;;;;;;
;;;1171;18:00:00;632,2;2,1224246;0;0;0;0;0;0;0;39368;632,2;0;0;;;;;;;;;
;;;1172;19:00:00;1343,7;1,2348177;0;0;0;0;0;0;0;38024;1343,7;0;0;;;;;;;;;
;;;1173;20:00:00;3239,45;1,2636535;0;0;0;0;0;0;0;34785;3239,45;0;0;;;;;;;;;
;;;1174;21:00:00;5495,45;1,611169;0;0;0;0;0;0;0;29289;5495,45;0;0;;;;;;;;;
;;;1175;22:00:00;625,45;1,549819;0;0;0;0;0;0;0;28664;625,45;0;0;;;;;;;;;
;;;1176;23:00:00;815,45;1,3897201;0;0;0;0;0;0;0;27848;815,45;0;0;;;;;;;;;
;8;Lunes;1177;0:00:00;654,6;1,4891076;0;0;0;0;0;0;0;27194;654,6;0;0;;;;;;;;;
;;;1178;1:00:00;52;1,8099405;0;0;0;0;0;0;0;27142;52;0;0;;;;;;;;;
;;;1179;2:00:00;52;2,1852634;0;0;0;0;0;0;0;27090;52;0;0;;;;;;;;;
;;;1180;3:00:00;52;2,4005418;0;0;0;0;0;0;0;27038;52;0;0;;;;;;;;;
;;;1181;4:00:00;52;2,515434;0;0;0;0;0;0;0;26986;52;0;0;;;;;;;;;
;;;1182;5:00:00;52;2,6125736;0;0;0;0;0;0;0;26934;52;0;0;;;;;;;;;
;;;1183;6:00:00;1894,41;2,6304688;0;0;0;0;0;0;0;25039;1894,41;0;0;;;;;;;;;
;;;1184;7:00:00;2590,45;2,4920375;0;0;0;0;0;0;0;22449;2590,45;0;0;;;;;;;;;
;;;1185;8:00:00;1620,45;2,6717339;0;148,45;469,76;1520,128;890,7;890,7;0;21719;729,75;0;0;;;;;;;;;
;;;1186;9:00:00;113,56;1,7780709;0;397,56;624,9;4071,0144;2385,36;2385,36;2271,8;23991;0;0;0;;;;;;;;;
;;;1187;10:00:00;52;1,3494116;0;637,71;568,37;6530,1504;3826,26;3826,26;3774,26;27765;0;0;0;;;;;;;;;
;;;1188;11:00:00;52;2,0557756;0;854,17;400,56;8746,7008;5125,02;5125,02;5073,02;32838;0;0;0;;;;;;;;;
;;;1189;12:00:00;52;2,2453668;0;994,37;163,41;10182,3488;5966,22;5966,22;5914,22;38752;0;0;4666,61;;;;;;;;;
;;;1190;13:00:00;2788;2,5717413;0;1032,91;383,69;10576,9984;6197,46;6197,46;3409,46;40000;0;0;3409,46;;;;;;;;;
;;;1191;14:00:00;362;2,6907828;0;1021,57;621,93;10460,8768;6129,42;6129,42;5767,42;40000;0;0;5767,42;;;;;;;;;
;;;1192;15:00:00;492;2,6753569;0;927,78;827,38;9500,4672;5566,68;5566,68;5074,68;40000;0;0;5074,68;;;;;;;;;
;;;1193;16:00:00;52;2,9317832;0;740,13;950,32;7578,9312;4440,78;4440,78;4388,78;40000;0;0;4388,78;;;;;;;;;
;;;1194;17:00:00;52;2,0232105;0;567,74;1152,29;5813,6576;3406,44;3406,44;3354,44;40000;0;0;3354,44;;;;;;;;;
;;;1195;18:00:00;1342,2;1,525459;0;0;0;0;0;0;0;38658;1342,2;0;0;;;;;;;;;
;;;1196;19:00:00;3055,45;0,73296237;0;0;0;0;0;0;0;35602;3055,45;0;0;;;;;;;;;
;;;1197;20:00:00;3419,45;1,027596;0;0;0;0;0;0;0;32183;3419,45;0;0;;;;;;;;;
;;;1198;21:00:00;3547,15;1,307024;0;0;0;0;0;0;0;28636;3547,15;0;0;;;;;;;;;
;;;1199;22:00:00;625,45;1,5075623;0;0;0;0;0;0;0;28010;625,45;0;0;;;;;;;;;
;;;1200;23:00:00;815,45;1,654965;0;0;0;0;0;0;0;27195;815,45;0;0;;;;;;;;;
;;Martes;1201;0:00:00;654,6;1,7997605;0;0;0;0;0;0;0;26540;654,6;0;0;;;;;;;;;
;;;1202;1:00:00;52;2,2437482;0;0;0;0;0;0;0;26488;52;0;0;;;;;;;;;
;;;1203;2:00:00;52;2,7711933;0;0;0;0;0;0;0;26436;52;0;0;;;;;;;;;
;;;1204;3:00:00;52;3,171592;0;0;0;0;0;0;0;26384;52;0;0;;;;;;;;;
;;;1205;4:00:00;52;3,4227233;0;0;0;0;0;0;0;26332;52;0;0;;;;;;;;;
;;;1206;5:00:00;52;3,5465379;0;0;0;0;0;0;0;26280;52;0;0;;;;;;;;;
;;;1207;6:00:00;1894,41;3,5939822;0;0;0;0;0;0;0;24386;1894,41;0;0;;;;;;;;;
;;;1208;7:00:00;2590,45;3,6658597;0;0;0;0;0;0;0;21795;2590,45;0;0;;;;;;;;;
;;;1209;8:00:00;1620,45;3,7424679;0;117,02;284,75;1198,2848;702,12;702,12;0;20877;918,33;0;0;;;;;;;;;
;;;1210;9:00:00;113,56;2,7788103;0;396,59;622,49;4061,0816;2379,54;2379,54;2265,98;23143;0;0;0;;;;;;;;;
;;;1211;10:00:00;52;2,2628777;0;356,03;377,4;3645,7472;2136,18;2136,18;2084,18;25227;0;0;0;;;;;;;;;
;;;1212;11:00:00;52;2,590199;0;368,47;351,13;3773,1328;2210,82;2210,82;2158,82;27386;0;0;0;;;;;;;;;
;;;1213;12:00:00;52;3,2837148;0;308,58;310,74;3159,8592;1851,48;1851,48;1799,48;29186;0;0;0;;;;;;;;;
;;;1214;13:00:00;2788;4,342234;0;1026,4;383,29;10510,336;6158,4;6158,4;3370,4;32556;0;0;0;;;;;;;;;
;;;1215;14:00:00;362;4,1604266;0;739,98;552,89;7577,3952;4439,88;4439,88;4077,88;36634;0;0;711,68;;;;;;;;;
;;;1216;15:00:00;492;3,2831643;0;303,68;327,03;3109,6832;1822,08;1822,08;1330,08;37964;0;0;0;;;;;;;;;
;;;1217;16:00:00;52;2,4848232;0;418,8;536,95;4288,512;2512,8;2512,8;2460,8;40000;0;0;2460,8;;;;;;;;;
;;;1218;17:00:00;52;1,9116335;0;244,91;472,1;2507,8784;1469,46;1469,46;1417,46;40000;0;0;1417,46;;;;;;;;;
;;;1219;18:00:00;1342,2;1,8306558;0;0;0;0;0;0;0;38658;1342,2;0;0;;;;;;;;;
;;;1220;19:00:00;3055,45;1,7215887;0;0;0;0;0;0;0;35602;3055,45;0;0;;;;;;;;;
;;;1221;20:00:00;3419,45;1,7985655;0;0;0;0;0;0;0;32183;3419,45;0;0;;;;;;;;;
;;;1222;21:00:00;3547,15;1,3048289;0;0;0;0;0;0;0;28636;3547,15;0;0;;;;;;;;;
;;;1223;22:00:00;625,45;0,7528686;0;0;0;0;0;0;0;28010;625,45;0;0;;;;;;;;;
;;;1224;23:00:00;815,45;0,86234975;0;0;0;0;0;0;0;27195;815,45;0;0;;;;;;;;;
;;Miércoles;1225;0:00:00;654,6;0,84497523;0;0;0;0;0;0;0;26540;654,6;0;0;;;;;;;;;
;;;1226;1:00:00;52;0,9267567;0;0;0;0;0;0;0;26488;52;0;0;;;;;;;;;
;;;1227;2:00:00;52;1,2234168;0;0;0;0;0;0;0;26436;52;0;0;;;;;;;;;
;;;1228;3:00:00;52;1,3310432;0;0;0;0;0;0;0;26384;52;0;0;;;;;;;;;
;;;1229;4:00:00;52;1,5633885;0;0;0;0;0;0;0;26332;52;0;0;;;;;;;;;
;;;1230;5:00:00;52;1,605874;0;0;0;0;0;0;0;26280;52;0;0;;;;;;;;;
;;;1231;6:00:00;1894,41;1,5646805;0;0;0;0;0;0;0;24386;1894,41;0;0;;;;;;;;;
;;;1232;7:00:00;2590,45;1,6162242;0;0;0;0;0;0;0;21795;2590,45;0;0;;;;;;;;;
;;;1233;8:00:00;1620,45;2,1055574;0;91,72;159,85;939,2128;550,32;550,32;0;20725;1070,13;0;0;;;;;;;;;
;;;1234;9:00:00;113,56;1,5379983;0;175,74;219,45;1799,5776;1054,44;1054,44;940,88;21666;0;0;0;;;;;;;;;
;;;1235;10:00:00;52;1,0849386;0;200,04;227,65;2048,4096;1200,24;1200,24;1148,24;22814;0;0;0;;;;;;;;;
;;;1236;11:00:00;52;0,70145744;0;788,1;425,29;8070,144;4728,6;4728,6;4676,6;27491;0;0;0;;;;;;;;;
;;;1237;12:00:00;52;1,5026356;0;995,2;170,23;10190,848;5971,2;5971,2;5919,2;33410;0;0;0;;;;;;;;;
;;;1238;13:00:00;2788;1,8692204;0;1083,46;381,67;11094,6304;6500,76;6500,76;3712,76;37123;0;0;835,7;;;;;;;;;
;;;1239;14:00:00;362;2,7229016;0;1022,91;629,25;10474,5984;6137,46;6137,46;5775,46;40000;0;0;5775,46;;;;;;;;;
;;;1240;15:00:00;492;3,243443;0;928,02;830,79;9502,9248;5568,12;5568,12;5076,12;40000;0;0;5076,12;;;;;;;;;
;;;1241;16:00:00;52;3,2046642;0;782,37;1002,93;8011,4688;4694,22;4694,22;4642,22;40000;0;0;4642,22;;;;;;;;;
;;;1242;17:00:00;52;2,5601604;0;545,98;1113,16;5590,8352;3275,88;3275,88;3223,88;40000;0;0;3223,88;;;;;;;;;
;;;1243;18:00:00;1342,2;2,2967412;0;0;0;0;0;0;0;38658;1342,2;0;0;;;;;;;;;
;;;1244;19:00:00;3055,45;1,6886842;0;0;0;0;0;0;0;35602;3055,45;0;0;;;;;;;;;
;;;1245;20:00:00;3419,45;1,7542696;0;0;0;0;0;0;0;32183;3419,45;0;0;;;;;;;;;
;;;1246;21:00:00;3547,15;1,4106243;0;0;0;0;0;0;0;28636;3547,15;0;0;;;;;;;;;
;;;1247;22:00:00;625,45;1,3375776;0;0;0;0;0;0;0;28010;625,45;0;0;;;;;;;;;
;;;1248;23:00:00;815,45;1,2877269;0;0;0;0;0;0;0;27195;815,45;0;0;;;;;;;;;
;;Jueves;1249;0:00:00;654,6;1,8895282;0;0;0;0;0;0;0;26540;654,6;0;0;;;;;;;;;
;;;1250;1:00:00;52;2,091724;0;0;0;0;0;0;0;26488;52;0;0;;;;;;;;;
;;;1251;2:00:00;52;2,2904398;0;0;0;0;0;0;0;26436;52;0;0;;;;;;;;;
;;;1252;3:00:00;52;2,9207306;0;0;0;0;0;0;0;26384;52;0;0;;;;;;;;;
;;;1253;4:00:00;52;3,4160426;0;0;0;0;0;0;0;26332;52;0;0;;;;;;;;;
;;;1254;5:00:00;52;3,4501584;0;0;0;0;0;0;0;26280;52;0;0;;;;;;;;;
;;;1255;6:00:00;1894,41;4,3463564;0;0;0;0;0;0;0;24386;1894,41;0;0;;;;;;;;;
;;;1256;7:00:00;2590,45;4,687673;0;0;0;0;0;0;0;21795;2590,45;0;0;;;;;;;;;
;;;1257;8:00:00;1620,45;5,024749;0;43,91;50,62;449,6384;263,46;263,46;0;20438;1356,99;0;0;;;;;;;;;
;;;1258;9:00:00;113,56;5,3889036;0;123,65;144,74;1266,176;741,9;741,9;628,34;21067;0;0;0;;;;;;;;;
;;;1259;10:00:00;52;6,0836167;0;565,9;537,64;5794,816;3395,4;3395,4;3343,4;24410;0;0;0;;;;;;;;;
;;;1260;11:00:00;52;6,704751;0;841,09;409,85;8612,7616;5046,54;5046,54;4994,54;29405;0;0;0;;;;;;;;;
;;;1261;12:00:00;52;7,132202;0;901,75;233,69;9233,92;5410,5;5410,5;5358,5;34763;0;0;121,68;;;;;;;;;
;;;1262;13:00:00;2788;7,3523774;0;943,05;418,4;9656,832;5658,3;5658,3;2870,3;37633;0;0;503,78;;;;;;;;;
;;;1263;14:00:00;362;7,2905025;0;981,9;622,5;10054,656;5891,4;5891,4;5529,4;40000;0;0;5529,4;;;;;;;;;
;;;1264;15:00:00;492;6,9422026;0;631,82;619,49;6469,8368;3790,92;3790,92;3298,92;40000;0;0;3298,92;;;;;;;;;
;;;1265;16:00:00;52;6,42038;0;581,15;752,92;5950,976;3486,9;3486,9;3434,9;40000;0;0;3434,9;;;;;;;;;
;;;1266;17:00:00;52;5,8396664;0;505,66;990,82;5177,9584;3033,96;3033,96;2981,96;40000;0;0;2981,96;;;;;;;;;
;;;1267;18:00:00;1342,2;5,7819476;0;0;0;0;0;0;0;38658;1342,2;0;0;;;;;;;;;
;;;1268;19:00:00;3055,45;5,543912;0;0;0;0;0;0;0;35602;3055,45;0;0;;;;;;;;;
;;;1269;20:00:00;3419,45;5,1654763;0;0;0;0;0;0;0;32183;3419,45;0;0;;;;;;;;;
;;;1270;21:00:00;3547,15;4,469836;0;0;0;0;0;0;0;28636;3547,15;0;0;;;;;;;;;
;;;1271;22:00:00;625,45;4,7306113;0;0;0;0;0;0;0;28010;625,45;0;0;;;;;;;;;
;;;1272;23:00:00;815,45;4,7824965;0;0;0;0;0;0;0;27195;815,45;0;0;;;;;;;;;
;;Viernes;1273;0:00:00;654,6;4,646719;0;0;0;0;0;0;0;26540;654,6;0;0;;;;;;;;;
;;;1274;1:00:00;52;4,954582;0;0;0;0;0;0;0;26488;52;0;0;;;;;;;;;
;;;1275;2:00:00;52;4,770236;0;0;0;0;0;0;0;26436;52;0;0;;;;;;;;;
;;;1276;3:00:00;52;4,3352118;0;0;0;0;0;0;0;26384;52;0;0;;;;;;;;;
;;;1277;4:00:00;52;4,4271364;0;0;0;0;0;0;0;26332;52;0;0;;;;;;;;;
;;;1278;5:00:00;52;4,4159584;0;0;0;0;0;0;0;26280;52;0;0;;;;;;;;;
;;;1279;6:00:00;1894,41;4,6442657;0;0;0;0;0;0;0;24386;1894,41;0;0;;;;;;;;;
;;;1280;7:00:00;2590,45;5,039919;0;0;0;0;0;0;0;21795;2590,45;0;0;;;;;;;;;
;;;1281;8:00:00;1620,45;5,3442826;0;52,14;60,1;533,9136;312,84;312,84;0;20488;1307,61;0;0;;;;;;;;;
;;;1282;9:00:00;113,56;6,7394037;0;59,46;68,54;608,8704;356,76;356,76;243,2;20731;0;0;0;;;;;;;;;
;;;1283;10:00:00;52;6,7355137;0;59,46;68,54;608,8704;356,76;356,76;304,76;21036;0;0;0;;;;;;;;;
;;;1284;11:00:00;52;6,8691154;0;83,24;95,96;852,3776;499,44;499,44;447,44;21483;0;0;0;;;;;;;;;
;;;1285;12:00:00;52;7,0037565;0;58,54;67,48;599,4496;351,24;351,24;299,24;21782;0;0;0;;;;;;;;;
;;;1286;13:00:00;2788;6,8712077;0;60,37;69,6;618,1888;362,22;362,22;0;19357;2425,78;0;0;;;;;;;;;
;;;1287;14:00:00;362;7,395626;0;103,36;119,16;1058,4064;620,16;620,16;258,16;19615;0;0;0;;;;;;;;;
;;;1288;15:00:00;492;7,765468;0;50,31;58;515,1744;301,86;301,86;0;19425;190,14;0;0;;;;;;;;;
;;;1289;16:00:00;52;7,5016975;0;93,3;107,56;955,392;559,8;559,8;507,8;19932;0;0;0;;;;;;;;;
;;;1290;17:00:00;52;6,6507115;0;58,68;78,33;600,8832;352,08;352,08;300,08;20233;0;0;0;;;;;;;;;
;;;1291;18:00:00;1342,2;6,1134295;0;0;0;0;0;0;0;18890;1342,2;0;0;;;;;;;;;
;;;1292;19:00:00;3055,45;5,898703;0;0;0;0;0;0;0;15835;3055,45;0;0;;;;;;;;;
;;;1293;20:00:00;3419,45;5,6685386;0;0;0;0;0;0;0;12415;3419,45;0;0;;;;;;;;;
;;;1294;21:00:00;3547,15;5,5925612;0;0;0;0;0;0;0;8868;3547,15;0;0;;;;;;;;;
;;;1295;22:00:00;625,45;5,0210786;0;0;0;0;0;0;0;8243;625,45;0;0;;;;;;;;;
;;;1296;23:00:00;815,45;5,612882;0;0;0;0;0;0;0;7427;815,45;0;0;;;;;;;;;
;;Sábado;1297;0:00:00;757,2;6,1196866;0;0;0;0;0;0;0;6670;757,2;0;0;;;;;;;;;
;;;1298;1:00:00;362;6,591515;0;0;0;0;0;0;0;6308;362;0;0;;;;;;;;;
;;;1299;2:00:00;52;6,6717644;0;0;0;0;0;0;0;6256;52;0;0;;;;;;;;;
;;;1300;3:00:00;52;6,409203;0;0;0;0;0;0;0;6204;52;0;0;;;;;;;;;
;;;1301;4:00:00;52;6,353521;0;0;0;0;0;0;0;6152;52;0;0;;;;;;;;;
;;;1302;5:00:00;52;6,4743876;0;0;0;0;0;0;0;6100;52;0;0;;;;;;;;;
;;;1303;6:00:00;399,6;6,522956;0;0;0;0;0;0;0;5701;399,6;0;0;;;;;;;;;
;;;1304;7:00:00;2365,45;6,6101604;0;0;0;0;0;0;0;3335;2365,45;0;0;;;;;;;;;
;;;1305;8:00:00;2160,45;5,9815764;0;84,88;127,71;869,1712;509,28;509,28;0;1684;1651,17;0;0;;;;;;;;;
;;;1306;9:00:00;1311,81;7,358922;0;39,33;45,35;402,7392;235,98;235,98;0;608;1075,83;467,69;0;;;;;;;;;
;;;1307;10:00:00;1676,25;7,0405145;0;61,29;70,65;627,6096;367,74;367,74;0;0;1308,51;1308,51;0;;;;;;;;;
;;;1308;11:00:00;232;7,031109;0;51,22;59,06;524,4928;307,32;307,32;75,32;75;0;0;0;;;;;;;;;
;;;1309;12:00:00;52;6,5577197;0;73,18;84,36;749,3632;439,08;439,08;387,08;462;0;0;0;;;;;;;;;
;;;1310;13:00:00;2755;6,246782;0;63,11;72,76;646,2464;378,66;378,66;0;0;2376,34;2376,34;0;;;;;;;;;
;;;1311;14:00:00;2642;6,1600313;0;63,11;72,76;646,2464;378,66;378,66;0;0;2263,34;2263,34;0;;;;;;;;;
;;;1312;15:00:00;492;5,7201176;0;46,65;53,78;477,696;279,9;279,9;0;0;212,1;212,1;0;;;;;;;;;
;;;1313;16:00:00;52;5,2091713;0;48,48;55,89;496,4352;290,88;290,88;238,88;239;0;0;0;;;;;;;;;
;;;1314;17:00:00;52;4,1687675;0;15,55;17,92;159,232;93,3;93,3;41,3;280;0;0;0;;;;;;;;;
;;;1315;18:00:00;632,2;4,192483;0;0;0;0;0;0;0;0;632,2;632,2;0;;;;;;;;;
;;;1316;19:00:00;1343,7;4,8141956;0;0;0;0;0;0;0;0;1343,7;1343,7;0;;;;;;;;;
;;;1317;20:00:00;3239,45;4,872412;0;0;0;0;0;0;0;0;3239,45;3239,45;0;;;;;;;;;
;;;1318;21:00:00;5495,45;4,615171;0;0;0;0;0;0;0;0;5495,45;5495,45;0;;;;;;;;;
;;;1319;22:00:00;625,45;3,8908312;0;0;0;0;0;0;0;0;625,45;625,45;0;;;;;;;;;
;;;1320;23:00:00;815,45;4,336344;0;0;0;0;0;0;0;0;815,45;815,45;0;;;;;;;;;
;;Domingo;1321;0:00:00;757,2;4,802001;0;0;0;0;0;0;0;0;757,2;757,2;0;;;;;;;;;
;;;1322;1:00:00;362;5,198187;0;0;0;0;0;0;0;0;362;362;0;;;;;;;;;
;;;1323;2:00:00;52;5,0404363;0;0;0;0;0;0;0;0;52;52;0;;;;;;;;;
;;;1324;3:00:00;52;5,4103327;0;0;0;0;0;0;0;0;52;52;0;;;;;;;;;
;;;1325;4:00:00;52;5,610006;0;0;0;0;0;0;0;0;52;52;0;;;;;;;;;
;;;1326;5:00:00;52;5,495258;0;0;0;0;0;0;0;0;52;52;0;;;;;;;;;
;;;1327;6:00:00;399,6;5,657381;0;0;0;0;0;0;0;0;399,6;399,6;0;;;;;;;;;
;;;1328;7:00:00;2365,45;5,5783606;0;0;0;0;0;0;0;0;2365,45;2365,45;0;;;;;;;;;
;;;1329;8:00:00;2160,45;5,9486785;0;25,61;29,53;262,2464;153,66;153,66;0;0;2006,79;2006,79;0;;;;;;;;;
;;;1330;9:00:00;1311,81;6,064558;0;75,92;87,53;777,4208;455,52;455,52;0;0;856,29;856,29;0;;;;;;;;;
;;;1331;10:00:00;1676,25;5,8074303;0;83,24;95,96;852,3776;499,44;499,44;0;0;1176,81;1176,81;0;;;;;;;;;
;;;1332;11:00:00;232;6,293438;0;52,14;60,1;533,9136;312,84;312,84;80,84;81;0;0;0;;;;;;;;;
;;;1333;12:00:00;52;7,032215;0;61,29;70,65;627,6096;367,74;367,74;315,74;397;0;0;0;;;;;;;;;
;;;1334;13:00:00;2755;7,8922296;0;81,41;93,85;833,6384;488,46;488,46;0;0;2266,54;2266,54;0;;;;;;;;;
;;;1335;14:00:00;2642;8,524105;0;73,18;84,36;749,3632;439,08;439,08;0;0;2202,92;2202,92;0;;;;;;;;;
;;;1336;15:00:00;492;7,9003835;0;64,03;73,81;655,6672;384,18;384,18;0;0;107,82;107,82;0;;;;;;;;;
;;;1337;16:00:00;52;7,3751364;0;30,19;34,8;309,1456;181,14;181,14;129,14;129;0;0;0;;;;;;;;;
;;;1338;17:00:00;52;7,5913687;0;71,04;97,28;727,4496;426,24;426,24;374,24;503;0;0;0;;;;;;;;;
;;;1339;18:00:00;632,2;6,3619494;0;0;0;0;0;0;0;0;632,2;632,2;0;;;;;;;;;
;;;1340;19:00:00;1343,7;6,4912233;0;0;0;0;0;0;0;0;1343,7;1343,7;0;;;;;;;;;
;;;1341;20:00:00;3239,45;6,588991;0;0;0;0;0;0;0;0;3239,45;3239,45;0;;;;;;;;;
;;;1342;21:00:00;5495,45;6,299694;0;0;0;0;0;0;0;0;5495,45;5495,45;0;;;;;;;;;
;;;1343;22:00:00;625,45;5,6665173;0;0;0;0;0;0;0;0;625,45;625,45;0;;;;;;;;;
;;;1344;23:00:00;815,45;5,885737;0;0;0;0;0;0;0;0;815,45;815,45;0;;;;;;;;;
;9;Lunes;1345;0:00:00;654,6;6,1569047;0;0;0;0;0;0;0;0;654,6;654,6;0;;;;;;;;;
;;;1346;1:00:00;52;6,221577;0;0;0;0;0;0;0;0;52;52;0;;;;;;;;;
;;;1347;2:00:00;52;6,228063;0;0;0;0;0;0;0;0;52;52;0;;;;;;;;;
;;;1348;3:00:00;52;6,012266;0;0;0;0;0;0;0;0;52;52;0;;;;;;;;;
;;;1349;4:00:00;52;5,0066156;0;0;0;0;0;0;0;0;52;52;0;;;;;;;;;
;;;1350;5:00:00;52;4,0225043;0;0;0;0;0;0;0;0;52;52;0;;;;;;;;;
;;;1351;6:00:00;1894,41;3,6174366;0;0;0;0;0;0;0;0;1894,41;1894,41;0;;;;;;;;;
;;;1352;7:00:00;2590,45;3,6203084;0;0;0;0;0;0;0;0;2590,45;2590,45;0;;;;;;;;;
;;;1353;8:00:00;1620,45;3,9580946;0;169,85;532,08;1739,264;1019,1;1019,1;0;0;601,35;601,35;0;;;;;;;;;
;;;1354;9:00:00;113,56;4,2982464;0;419,77;654,04;4298,4448;2518,62;2518,62;2405,06;2405;0;0;0;;;;;;;;;
;;;1355;10:00:00;52;4,290423;0;683,42;594,83;6998,2208;4100,52;4100,52;4048,52;6454;0;0;0;;;;;;;;;
;;;1356;11:00:00;52;4,4938283;0;863,27;412,38;8839,8848;5179,62;5179,62;5127,62;11581;0;0;0;;;;;;;;;
;;;1357;12:00:00;52;4,3769727;0;1000,15;176,5;10241,536;6000,9;6000,9;5948,9;17530;0;0;0;;;;;;;;;
;;;1358;13:00:00;2788;4,0424714;0;1072,84;393,08;10985,8816;6437,04;6437,04;3649,04;21179;0;0;0;;;;;;;;;
;;;1359;14:00:00;362;3,8751123;0;1053,36;642,42;10786,4064;6320,16;6320,16;5958,16;27137;0;0;0;;;;;;;;;
;;;1360;15:00:00;492;4,501887;0;921,05;832,04;9431,552;5526,3;5526,3;5034,3;32172;0;0;0;;;;;;;;;
;;;1361;16:00:00;52;5,0475397;0;771,27;993,74;7897,8048;4627,62;4627,62;4575,62;36747;0;0;1322,84;;;;;;;;;
;;;1362;17:00:00;52;4,903157;0;386,24;742,72;3955,0976;2317,44;2317,44;2265,44;39013;0;0;1278,1;;;;;;;;;
;;;1363;18:00:00;1342,2;5,1302385;0;0;0;0;0;0;0;37670;1342,2;0;0;;;;;;;;;
;;;1364;19:00:00;3055,45;5,607459;0;0;0;0;0;0;0;34615;3055,45;0;0;;;;;;;;;
;;;1365;20:00:00;3419,45;5,763884;0;0;0;0;0;0;0;31196;3419,45;0;0;;;;;;;;;
;;;1366;21:00:00;3547,15;5,1880646;0;0;0;0;0;0;0;27648;3547,15;0;0;;;;;;;;;
;;;1367;22:00:00;625,45;4,788114;0;0;0;0;0;0;0;27023;625,45;0;0;;;;;;;;;
;;;1368;23:00:00;815,45;5,344148;0;0;0;0;0;0;0;26208;815,45;0;0;;;;;;;;;
;;Martes;1369;0:00:00;654,6;5,4823804;0;0;0;0;0;0;0;25553;654,6;0;0;;;;;;;;;
;;;1370;1:00:00;52;5,2015047;0;0;0;0;0;0;0;25501;52;0;0;;;;;;;;;
;;;1371;2:00:00;52;4,971863;0;0;0;0;0;0;0;25449;52;0;0;;;;;;;;;
;;;1372;3:00:00;52;5,1845136;0;0;0;0;0;0;0;25397;52;0;0;;;;;;;;;
;;;1373;4:00:00;52;5,3832483;0;0;0;0;0;0;0;25345;52;0;0;;;;;;;;;
;;;1374;5:00:00;52;5,389823;0;0;0;0;0;0;0;25293;52;0;0;;;;;;;;;
;;;1375;6:00:00;1894,41;5,362725;0;0;0;0;0;0;0;23399;1894,41;0;0;;;;;;;;;
;;;1376;7:00:00;2590,45;5,3371596;0;1,71;2,11;17,5104;10,26;10,26;0;20818;2580,19;0;0;;;;;;;;;
;;;1377;8:00:00;1620,45;5,1637454;0;90,86;133,22;930,4064;545,16;545,16;0;19743;1075,29;0;0;;;;;;;;;
;;;1378;9:00:00;113,56;5,1757035;0;119,21;138,09;1220,7104;715,26;715,26;601,7;20345;0;0;0;;;;;;;;;
;;;1379;10:00:00;52;4,71412;0;213,73;243,16;2188,5952;1282,38;1282,38;1230,38;21575;0;0;0;;;;;;;;;
;;;1380;11:00:00;52;5,122122;0;112,51;129,71;1152,1024;675,06;675,06;623,06;22198;0;0;0;;;;;;;;;
;;;1381;12:00:00;52;5,490887;0;224,57;255,41;2299,5968;1347,42;1347,42;1295,42;23494;0;0;0;;;;;;;;;
;;;1382;13:00:00;2788;5,081336;0;231,16;262,08;2367,0784;1386,96;1386,96;0;22093;1401,04;0;0;;;;;;;;;
;;;1383;14:00:00;362;5,011102;0;585,16;501,86;5992,0384;3510,96;3510,96;3148,96;25242;0;0;0;;;;;;;;;
;;;1384;15:00:00;492;4,5685353;0;430,55;450,84;4408,832;2583,3;2583,3;2091,3;27333;0;0;0;;;;;;;;;
;;;1385;16:00:00;52;3,935072;0;151,54;178,6;1551,7696;909,24;909,24;857,24;28190;0;0;0;;;;;;;;;
;;;1386;17:00:00;52;4,253645;0;224,17;401,85;2295,5008;1345,02;1345,02;1293,02;29483;0;0;0;;;;;;;;;
;;;1387;18:00:00;1342,2;5,7779794;0;0;0;0;0;0;0;28141;1342,2;0;0;;;;;;;;;
;;;1388;19:00:00;3055,45;6,27776;0;0;0;0;0;0;0;25085;3055,45;0;0;;;;;;;;;
;;;1389;20:00:00;3419,45;6,4345236;0;0;0;0;0;0;0;21666;3419,45;0;0;;;;;;;;;
;;;1390;21:00:00;3547,15;6,927938;0;0;0;0;0;0;0;18119;3547,15;0;0;;;;;;;;;
;;;1391;22:00:00;625,45;6,1000295;0;0;0;0;0;0;0;17493;625,45;0;0;;;;;;;;;
;;;1392;23:00:00;815,45;5,4281898;0;0;0;0;0;0;0;16678;815,45;0;0;;;;;;;;;
;;Miércoles;1393;0:00:00;654,6;5,4063983;0;0;0;0;0;0;0;16023;654,6;0;0;;;;;;;;;
;;;1394;1:00:00;52;5,925833;0;0;0;0;0;0;0;15971;52;0;0;;;;;;;;;
;;;1395;2:00:00;52;6,133006;0;0;0;0;0;0;0;15919;52;0;0;;;;;;;;;
;;;1396;3:00:00;52;6,068811;0;0;0;0;0;0;0;15867;52;0;0;;;;;;;;;
;;;1397;4:00:00;52;5,97534;0;0;0;0;0;0;0;15815;52;0;0;;;;;;;;;
;;;1398;5:00:00;52;5,44463;0;0;0;0;0;0;0;15763;52;0;0;;;;;;;;;
;;;1399;6:00:00;1894,41;4,1896935;0;0;0;0;0;0;0;13869;1894,41;0;0;;;;;;;;;
;;;1400;7:00:00;2590,45;3,354643;0;0,85;1,06;8,704;5,1;5,1;0;11284;2585,35;0;0;;;;;;;;;
;;;1401;8:00:00;1620,45;3,0553963;0;99,98;157,58;1023,7952;599,88;599,88;0;10263;1020,57;0;0;;;;;;;;;
;;;1402;9:00:00;113,56;3,7640889;0;191,94;238,35;1965,4656;1151,64;1151,64;1038,08;11301;0;0;0;;;;;;;;;
;;;1403;10:00:00;52;3,627227;0;348,12;375,1;3564,7488;2088,72;2088,72;2036,72;13338;0;0;0;;;;;;;;;
;;;1404;11:00:00;52;2,449373;0;227,32;257,64;2327,7568;1363,92;1363,92;1311,92;14650;0;0;0;;;;;;;;;
;;;1405;12:00:00;52;0,7985578;0;297,79;314,91;3049,3696;1786,74;1786,74;1734,74;16384;0;0;0;;;;;;;;;
;;;1406;13:00:00;2788;1,2445542;0;291,84;315,63;2988,4416;1751,04;1751,04;0;15347;1036,96;0;0;;;;;;;;;
;;;1407;14:00:00;362;2,2566762;0;161,9;186,64;1657,856;971,4;971,4;609,4;15957;0;0;0;;;;;;;;;
;;;1408;15:00:00;492;3,0339804;0;75,01;86,47;768,1024;450,06;450,06;0;15915;41,94;0;0;;;;;;;;;
;;;1409;16:00:00;52;3,0576973;0;61,29;70,65;627,6096;367,74;367,74;315,74;16231;0;0;0;;;;;;;;;
;;;1410;17:00:00;52;2,6693525;0;65,95;85,27;675,328;395,7;395,7;343,7;16574;0;0;0;;;;;;;;;
;;;1411;18:00:00;1342,2;1,6511631;0;0;0;0;0;0;0;15232;1342,2;0;0;;;;;;;;;
;;;1412;19:00:00;3055,45;1,1465638;0;0;0;0;0;0;0;12177;3055,45;0;0;;;;;;;;;
;;;1413;20:00:00;3419,45;1,7418005;0;0;0;0;0;0;0;8757;3419,45;0;0;;;;;;;;;
;;;1414;21:00:00;3547,15;2,0755394;0;0;0;0;0;0;0;5210;3547,15;0;0;;;;;;;;;
;;;1415;22:00:00;625,45;2,384151;0;0;0;0;0;0;0;4585;625,45;0;0;;;;;;;;;
;;;1416;23:00:00;815,45;2,8495934;0;0;0;0;0;0;0;3769;815,45;0;0;;;;;;;;;
Marzo;;Jueves;1417;0:00:00;637,5;2,8708446;0;0;0;0;0;0;0;3132;637,5;0;0;;;;;;;;;
;;;1418;1:00:00;52;2,9546034;0;0;0;0;0;0;0;3080;52;0;0;;;;;;;;;
;;;1419;2:00:00;52;2,9692087;0;0;0;0;0;0;0;3028;52;0;0;;;;;;;;;
;;;1420;3:00:00;52;2,7780614;0;0;0;0;0;0;0;2976;52;0;0;;;;;;;;;
;;;1421;4:00:00;52;2,822893;0;0;0;0;0;0;0;2924;52;0;0;;;;;;;;;
;;;1422;5:00:00;52;3,0477536;0;0;0;0;0;0;0;2872;52;0;0;;;;;;;;;
;;;1423;6:00:00;1027,05;3,1926491;0;0;0;0;0;0;0;1845;1027,05;0;0;;;;;;;;;
;;;1424;7:00:00;1716,25;3,3596392;0;7,69;30,05;78,7456;46,14;46,14;0;175;1670,11;1495,54;0;;;;;;;;;
;;;1425;8:00:00;1586,25;3,5174117;0;72,26;88,59;739,9424;433,56;433,56;0;0;1152,69;1152,69;0;;;;;;;;;
;;;1426;9:00:00;103,3;3,2461126;0;112,51;129,71;1152,1024;675,06;675,06;571,76;572;0;0;0;;;;;;;;;
;;;1427;10:00:00;52;2,5681286;0;163,24;187,82;1671,5776;979,44;979,44;927,44;1499;0;0;0;;;;;;;;;
;;;1428;11:00:00;52;1,4083686;0;250,31;278,65;2563,1744;1501,86;1501,86;1449,86;2949;0;0;0;;;;;;;;;
;;;1429;12:00:00;52;0,39820623;0;197,58;227,78;2023,2192;1185,48;1185,48;1133,48;4083;0;0;0;;;;;;;;;
;;;1430;13:00:00;2788;0,47837853;0;366,76;364,49;3755,6224;2200,56;2200,56;0;3495;587,44;0;0;;;;;;;;;
;;;1431;14:00:00;362;0,75900924;0;182,03;209,84;1863,9872;1092,18;1092,18;730,18;4225;0;0;0;;;;;;;;;
;;;1432;15:00:00;492;1,7392368;0;85,07;98,07;871,1168;510,42;510,42;18,42;4244;0;0;0;;;;;;;;;
;;;1433;16:00:00;52;2,9435825;0;80,49;92,8;824,2176;482,94;482,94;430,94;4675;0;0;0;;;;;;;;;
;;;1434;17:00:00;52;2,564171;0;56,96;70,04;583,2704;341,76;341,76;289,76;4964;0;0;0;;;;;;;;;
;;;1435;18:00:00;468;1,7474781;0;0;0;0;0;0;0;4496;468;0;0;;;;;;;;;
;;;1436;19:00:00;2181,25;2,8683286;0;0;0;0;0;0;0;2315;2181,25;0;0;;;;;;;;;
;;;1437;20:00:00;2545,25;4,9598885;0;0;0;0;0;0;0;0;2545,25;2545,25;0;;;;;;;;;
;;;1438;21:00:00;3512,95;6,454846;0;0;0;0;0;0;0;0;3512,95;3512,95;0;;;;;;;;;
;;;1439;22:00:00;591,25;6,6174765;0;0;0;0;0;0;0;0;591,25;591,25;0;;;;;;;;;
;;;1440;23:00:00;781,25;6,844444;0;0;0;0;0;0;0;0;781,25;781,25;0;;;;;;;;;
;;Viernes;1441;0:00:00;637,5;7,024347;0;0;0;0;0;0;0;0;637,5;637,5;0;;;;;;;;;
;;;1442;1:00:00;52;6,8119926;0;0;0;0;0;0;0;0;52;52;0;;;;;;;;;
;;;1443;2:00:00;52;6,671535;0;0;0;0;0;0;0;0;52;52;0;;;;;;;;;
;;;1444;3:00:00;52;6,790396;0;0;0;0;0;0;0;0;52;52;0;;;;;;;;;
;;;1445;4:00:00;52;6,6824307;0;0;0;0;0;0;0;0;52;52;0;;;;;;;;;
;;;1446;5:00:00;52;6,222386;0;0;0;0;0;0;0;0;52;52;0;;;;;;;;;
;;;1447;6:00:00;1027,05;5,7752643;0;0;0;0;0;0;0;0;1027,05;1027,05;0;;;;;;;;;
;;;1448;7:00:00;1716,25;5,758593;0;3,42;4,21;35,0208;20,52;20,52;0;0;1695,73;1695,73;0;;;;;;;;;
;;;1449;8:00:00;1586,25;5,8925633;0;96,86;144,07;991,8464;581,16;581,16;0;0;1005,09;1005,09;0;;;;;;;;;
;;;1450;9:00:00;103,3;6,2853613;0;75,92;87,53;777,4208;455,52;455,52;352,22;352;0;0;0;;;;;;;;;
;;;1451;10:00:00;52;6,382498;0;116,17;133,92;1189,5808;697,02;697,02;645,02;997;0;0;0;;;;;;;;;
;;;1452;11:00:00;52;5,9961076;0;171,96;198,25;1760,8704;1031,76;1031,76;979,76;1977;0;0;0;;;;;;;;;
;;;1453;12:00:00;52;5,2767367;0;222,67;253,3;2280,1408;1336,02;1336,02;1284,02;3261;0;0;0;;;;;;;;;
;;;1454;13:00:00;2788;4,790025;0;174,71;201,41;1789,0304;1048,26;1048,26;0;1521;1739,74;218,46;0;;;;;;;;;
;;;1455;14:00:00;362;5,073173;0;197,61;226,76;2023,5264;1185,66;1185,66;823,66;2345;0;0;0;;;;;;;;;
;;;1456;15:00:00;492;5,495977;0;489,82;505,86;5015,7568;2938,92;2938,92;2446,92;4792;0;0;0;;;;;;;;;
;;;1457;16:00:00;52;5,538595;0;677,25;882,3;6935,04;4063,5;4063,5;4011,5;8803;0;0;0;;;;;;;;;
;;;1458;17:00:00;52;5,051988;0;129,01;204,17;1321,0624;774,06;774,06;722,06;9525;0;0;0;;;;;;;;;
;;;1459;18:00:00;468;4,781266;0;0;0;0;0;0;0;9057;468;0;0;;;;;;;;;
;;;1460;19:00:00;2181,25;5,1229396;0;0;0;0;0;0;0;6876;2181,25;0;0;;;;;;;;;
;;;1461;20:00:00;2545,25;4,810783;0;0;0;0;0;0;0;4331;2545,25;0;0;;;;;;;;;
;;;1462;21:00:00;3512,95;3,8526962;0;0;0;0;0;0;0;818;3512,95;2694,98;0;;;;;;;;;
;;;1463;22:00:00;591,25;2,9486563;0;0;0;0;0;0;0;227;591,25;364,53;0;;;;;;;;;
;;;1464;23:00:00;781,25;3,3082135;0;0;0;0;0;0;0;0;781,25;781,25;0;;;;;;;;;
;;Sábado;1465;0:00:00;723;3,9775877;0;0;0;0;0;0;0;0;723;723;0;;;;;;;;;
;;;1466;1:00:00;362;4,489924;0;0;0;0;0;0;0;0;362;362;0;;;;;;;;;
;;;1467;2:00:00;52;4,9698606;0;0;0;0;0;0;0;0;52;52;0;;;;;;;;;
;;;1468;3:00:00;52;5,2440505;0;0;0;0;0;0;0;0;52;52;0;;;;;;;;;
;;;1469;4:00:00;52;5,3693395;0;0;0;0;0;0;0;0;52;52;0;;;;;;;;;
;;;1470;5:00:00;52;5,4437604;0;0;0;0;0;0;0;0;52;52;0;;;;;;;;;
;;;1471;6:00:00;382,5;5,5214195;0;0;0;0;0;0;0;0;382,5;382,5;0;;;;;;;;;
;;;1472;7:00:00;1491,25;5,685606;0;5,98;7,38;61,2352;35,88;35,88;0;0;1455,37;1455,37;0;;;;;;;;;
;;;1473;8:00:00;1286,25;5,7638807;0;146,09;329,64;1495,9616;876,54;876,54;0;0;409,71;409,71;0;;;;;;;;;
;;;1474;9:00:00;1301,55;7,185013;0;379,95;574,06;3890,688;2279,7;2279,7;978,15;978;0;0;0;;;;;;;;;
;;;1475;10:00:00;1676,25;7,852576;0;645,26;586,17;6607,4624;3871,56;3871,56;2195,31;3173;0;0;0;;;;;;;;;
;;;1476;11:00:00;232;8,595095;0;825,1;437,74;8449,024;4950,6;4950,6;4718,6;7892;0;0;0;;;;;;;;;
;;;1477;12:00:00;52;8,527915;0;712,45;352,23;7295,488;4274,7;4274,7;4222,7;12115;0;0;0;;;;;;;;;
;;;1478;13:00:00;2755;9,164745;0;961,19;444,41;9842,5856;5767,14;5767,14;3012,14;15127;0;0;0;;;;;;;;;
;;;1479;14:00:00;2642;9,458751;0;977,48;644,94;10009,3952;5864,88;5864,88;3222,88;18350;0;0;0;;;;;;;;;
;;;1480;15:00:00;492;8,340247;0;872,37;811,26;8933,0688;5234,22;5234,22;4742,22;23092;0;0;0;;;;;;;;;
;;;1481;16:00:00;52;8,048246;0;645,93;844,25;6614,3232;3875,58;3875,58;3823,58;26916;0;0;0;;;;;;;;;
;;;1482;17:00:00;52;7,296942;0;240,58;433,16;2463,5392;1443,48;1443,48;1391,48;28307;0;0;0;;;;;;;;;
;;;1483;18:00:00;598;6,4358087;0;0;0;0;0;0;0;27709;598;0;0;;;;;;;;;
;;;1484;19:00:00;622;6,510013;0;0;0;0;0;0;0;27087;622;0;0;;;;;;;;;
;;;1485;20:00:00;2365,25;6,771692;0;0;0;0;0;0;0;24722;2365,25;0;0;;;;;;;;;
;;;1486;21:00:00;4621,25;7,15462;0;0;0;0;0;0;0;20101;4621,25;0;0;;;;;;;;;
;;;1487;22:00:00;591,25;7,0501;0;0;0;0;0;0;0;19509;591,25;0;0;;;;;;;;;
;;;1488;23:00:00;781,25;6,6384454;0;0;0;0;0;0;0;18728;781,25;0;0;;;;;;;;;
;;Domingo;1489;0:00:00;723;7,445284;0;0;0;0;0;0;0;18005;723;0;0;;;;;;;;;
;;;1490;1:00:00;362;8,141415;0;0;0;0;0;0;0;17643;362;0;0;;;;;;;;;
;;;1491;2:00:00;52;8,224662;0;0;0;0;0;0;0;17591;52;0;0;;;;;;;;;
;;;1492;3:00:00;52;8,269793;0;0;0;0;0;0;0;17539;52;0;0;;;;;;;;;
;;;1493;4:00:00;52;8,035532;0;0;0;0;0;0;0;17487;52;0;0;;;;;;;;;
;;;1494;5:00:00;52;7,755282;0;0;0;0;0;0;0;17435;52;0;0;;;;;;;;;
;;;1495;6:00:00;382,5;7,641156;0;0;0;0;0;0;0;17053;382,5;0;0;;;;;;;;;
;;;1496;7:00:00;1491,25;7,536519;0;12,82;43,46;131,2768;76,92;76,92;0;15638;1414,33;0;0;;;;;;;;;
;;;1497;8:00:00;1286,25;7,959776;0;96,67;134,89;989,9008;580,02;580,02;0;14932;706,23;0;0;;;;;;;;;
;;;1498;9:00:00;1301,55;8,586252;0;140,69;164,12;1440,6656;844,14;844,14;0;14475;457,41;0;0;;;;;;;;;
;;;1499;10:00:00;1676,25;8,207352;0;154,59;178,21;1583,0016;927,54;927,54;0;13726;748,71;0;0;;;;;;;;;
;;;1500;11:00:00;232;8,109685;0;342,51;351,92;3507,3024;2055,06;2055,06;1823,06;15549;0;0;0;;;;;;;;;
;;;1501;12:00:00;52;8,170126;0;205,81;237,26;2107,4944;1234,86;1234,86;1182,86;16732;0;0;0;;;;;;;;;
;;;1502;13:00:00;2755;8,241811;0;112,51;129,71;1152,1024;675,06;675,06;0;14652;2079,94;0;0;;;;;;;;;
;;;1503;14:00:00;2642;8,398995;0;99,7;114,94;1020,928;598,2;598,2;0;12608;2043,8;0;0;;;;;;;;;
;;;1504;15:00:00;492;8,882865;0;89,64;103,34;917,9136;537,84;537,84;45,84;12654;0;0;0;;;;;;;;;
;;;1505;16:00:00;52;8,821403;0;86,9;100,18;889,856;521,4;521,4;469,4;13123;0;0;0;;;;;;;;;
;;;1506;17:00:00;52;7,97882;0;145,52;234,37;1490,1248;873,12;873,12;821,12;13944;0;0;0;;;;;;;;;
;;;1507;18:00:00;598;6,9072194;0;0;0;0;0;0;0;13346;598;0;0;;;;;;;;;
;;;1508;19:00:00;622;6,2070117;0;0;0;0;0;0;0;12724;622;0;0;;;;;;;;;
;;;1509;20:00:00;2365,25;5,8037734;0;0;0;0;0;0;0;10359;2365,25;0;0;;;;;;;;;
;;;1510;21:00:00;4621,25;5,768858;0;0;0;0;0;0;0;5738;4621,25;0;0;;;;;;;;;
;;;1511;22:00:00;591,25;5,412601;0;0;0;0;0;0;0;5147;591,25;0;0;;;;;;;;;
;;;1512;23:00:00;781,25;5,1094594;0;0;0;0;0;0;0;4365;781,25;0;0;;;;;;;;;
;10;Lunes;1513;0:00:00;637,5;4,79246;0;0;0;0;0;0;0;3728;637,5;0;0;;;;;;;;;
;;;1514;1:00:00;52;4,7805686;0;0;0;0;0;0;0;3676;52;0;0;;;;;;;;;
;;;1515;2:00:00;52;5,248516;0;0;0;0;0;0;0;3624;52;0;0;;;;;;;;;
;;;1516;3:00:00;52;5,685043;0;0;0;0;0;0;0;3572;52;0;0;;;;;;;;;
;;;1517;4:00:00;52;5,759702;0;0;0;0;0;0;0;3520;52;0;0;;;;;;;;;
;;;1518;5:00:00;52;5,6150756;0;0;0;0;0;0;0;3468;52;0;0;;;;;;;;;
;;;1519;6:00:00;1027,05;5,6117496;0;0;0;0;0;0;0;2441;1027,05;0;0;;;;;;;;;
;;;1520;7:00:00;1716,25;5,6402764;0;14,53;106,91;148,7872;87,18;87,18;0;812;1629,07;817,27;0;;;;;;;;;
;;;1521;8:00:00;1586,25;5,142817;0;185,83;543,56;1902,8992;1114,98;1114,98;0;341;471,27;130,74;0;;;;;;;;;
;;;1522;9:00:00;103,3;6,10811;0;420,66;643,29;4307,5584;2523,96;2523,96;2420,66;2761;0;0;0;;;;;;;;;
;;;1523;10:00:00;52;6,7192903;0;639,85;588,67;6552,064;3839,1;3839,1;3787,1;6548;0;0;0;;;;;;;;;
;;;1524;11:00:00;52;6,701324;0;826,28;445,56;8461,1072;4957,68;4957,68;4905,68;11454;0;0;0;;;;;;;;;
;;;1525;12:00:00;52;7,3296585;0;1003,43;199,61;10275,1232;6020,58;6020,58;5968,58;17423;0;0;0;;;;;;;;;
;;;1526;13:00:00;2788;7,924879;0;1008,44;443,1;10326,4256;6050,64;6050,64;3262,64;20685;0;0;0;;;;;;;;;
;;;1527;14:00:00;362;7,4550114;0;1017,22;658,37;10416,3328;6103,32;6103,32;5741,32;26427;0;0;0;;;;;;;;;
;;;1528;15:00:00;492;7,015525;0;885,44;825,08;9066,9056;5312,64;5312,64;4820,64;31247;0;0;0;;;;;;;;;
;;;1529;16:00:00;52;6,343672;0;714,53;934,18;7316,7872;4287,18;4287,18;4235,18;35482;0;0;0;;;;;;;;;
;;;1530;17:00:00;52;5,5153093;0;476,13;936,27;4875,5712;2856,78;2856,78;2804,78;38287;0;0;1091,89;;;;;;;;;
;;;1531;18:00:00;468;5,160254;0;0;0;0;0;0;0;37819;468;0;0;;;;;;;;;
;;;1532;19:00:00;2181,25;5,0744915;0;0;0;0;0;0;0;35638;2181,25;0;0;;;;;;;;;
;;;1533;20:00:00;2545,25;4,9669437;0;0;0;0;0;0;0;33093;2545,25;0;0;;;;;;;;;
;;;1534;21:00:00;3512,95;4,9743943;0;0;0;0;0;0;0;29580;3512,95;0;0;;;;;;;;;
;;;1535;22:00:00;591,25;3,9969757;0;0;0;0;0;0;0;28988;591,25;0;0;;;;;;;;;
;;;1536;23:00:00;781,25;4,499051;0;0;0;0;0;0;0;28207;781,25;0;0;;;;;;;;;
;;Martes;1537;0:00:00;637,5;4,5783796;0;0;0;0;0;0;0;27570;637,5;0;0;;;;;;;;;
;;;1538;1:00:00;52;4,306599;0;0;0;0;0;0;0;27518;52;0;0;;;;;;;;;
;;;1539;2:00:00;52;4,1405473;0;0;0;0;0;0;0;27466;52;0;0;;;;;;;;;
;;;1540;3:00:00;52;4,0445967;0;0;0;0;0;0;0;27414;52;0;0;;;;;;;;;
;;;1541;4:00:00;52;3,8810983;0;0;0;0;0;0;0;27362;52;0;0;;;;;;;;;
;;;1542;5:00:00;52;3,733877;0;0;0;0;0;0;0;27310;52;0;0;;;;;;;;;
;;;1543;6:00:00;1027,05;3,7287965;0;0;0;0;0;0;0;26283;1027,05;0;0;;;;;;;;;
;;;1544;7:00:00;1716,25;3,918387;0;16,24;123,22;166,2976;97,44;97,44;0;24664;1618,81;0;0;;;;;;;;;
;;;1545;8:00:00;1586,25;3,9074805;0;189,56;553,62;1941,0944;1137,36;1137,36;0;24215;448,89;0;0;;;;;;;;;
;;;1546;9:00:00;103,3;3,998666;0;430,59;658,52;4409,2416;2583,54;2583,54;2480,24;26695;0;0;0;;;;;;;;;
;;;1547;10:00:00;52;3,0627084;0;564,42;549,41;5779,6608;3386,52;3386,52;3334,52;30030;0;0;0;;;;;;;;;
;;;1548;11:00:00;52;2,514531;0;795,4;453,95;8144,896;4772,4;4772,4;4720,4;34750;0;0;0;;;;;;;;;
;;;1549;12:00:00;52;2,126402;0;957,71;235,39;9806,9504;5746,26;5746,26;5694,26;40000;0;0;5694,26;;;;;;;;;
;;;1550;13:00:00;2788;2,382646;0;524,18;440,33;5367,6032;3145,08;3145,08;357,08;40000;0;0;357,08;;;;;;;;;
;;;1551;14:00:00;362;2,4114287;0;348,98;364,31;3573,5552;2093,88;2093,88;1731,88;40000;0;0;1731,88;;;;;;;;;
;;;1552;15:00:00;492;1,9823332;0;476,11;498,47;4875,3664;2856,66;2856,66;2364,66;40000;0;0;2364,66;;;;;;;;;
;;;1553;16:00:00;52;1,3989244;0;710,91;930,49;7279,7184;4265,46;4265,46;4213,46;40000;0;0;4213,46;;;;;;;;;
;;;1554;17:00:00;52;2,734682;0;508,9;1007,21;5211,136;3053,4;3053,4;3001,4;40000;0;0;3001,4;;;;;;;;;
;;;1555;18:00:00;468;3,3951514;0;0;0;0;0;0;0;39532;468;0;0;;;;;;;;;
;;;1556;19:00:00;2181,25;3,1041706;0;0;0;0;0;0;0;37351;2181,25;0;0;;;;;;;;;
;;;1557;20:00:00;2545,25;1,9580053;0;0;0;0;0;0;0;34806;2545,25;0;0;;;;;;;;;
;;;1558;21:00:00;3512,95;1,1097345;0;0;0;0;0;0;0;31293;3512,95;0;0;;;;;;;;;
;;;1559;22:00:00;591,25;0,75565004;0;0;0;0;0;0;0;30701;591,25;0;0;;;;;;;;;
;;;1560;23:00:00;781,25;1,0540326;0;0;0;0;0;0;0;29920;781,25;0;0;;;;;;;;;
;;Miércoles;1561;0:00:00;637,5;1,3206873;0;0;0;0;0;0;0;29283;637,5;0;0;;;;;;;;;
;;;1562;1:00:00;52;1,7248353;0;0;0;0;0;0;0;29231;52;0;0;;;;;;;;;
;;;1563;2:00:00;52;2,0055287;0;0;0;0;0;0;0;29179;52;0;0;;;;;;;;;
;;;1564;3:00:00;52;2,1229494;0;0;0;0;0;0;0;29127;52;0;0;;;;;;;;;
;;;1565;4:00:00;52;2,318027;0;0;0;0;0;0;0;29075;52;0;0;;;;;;;;;
;;;1566;5:00:00;52;2,3174493;0;0;0;0;0;0;0;29023;52;0;0;;;;;;;;;
;;;1567;6:00:00;1027,05;2,3463862;0;0;0;0;0;0;0;27996;1027,05;0;0;;;;;;;;;
;;;1568;7:00:00;1716,25;2,5429032;0;17,1;161,77;175,104;102,6;102,6;0;26382;1613,65;0;0;;;;;;;;;
;;;1569;8:00:00;1586,25;2,21826;0;197,32;580,98;2020,5568;1183,92;1183,92;0;25980;402,33;0;0;;;;;;;;;
;;;1570;9:00:00;103,3;1,3561654;0;452,05;691,77;4628,992;2712,3;2712,3;2609;28589;0;0;0;;;;;;;;;
;;;1571;10:00:00;52;0,89681613;0;688,67;610,95;7051,9808;4132,02;4132,02;4080,02;32669;0;0;0;;;;;;;;;
;;;1572;11:00:00;52;1,14472;0;900,78;432,65;9223,9872;5404,68;5404,68;5352,68;38021;0;0;3373,9;;;;;;;;;
;;;1573;12:00:00;52;1,4247197;0;1024,45;198,18;10490,368;6146,7;6146,7;6094,7;40000;0;0;6094,7;;;;;;;;;
;;;1574;13:00:00;2788;1,8946334;0;1093,05;429,29;11192,832;6558,3;6558,3;3770,3;40000;0;0;3770,3;;;;;;;;;
;;;1575;14:00:00;362;2,6259663;0;1054,83;673,95;10801,4592;6328,98;6328,98;5966,98;40000;0;0;5966,98;;;;;;;;;
;;;1576;15:00:00;492;3,5779073;0;929,1;859,16;9513,984;5574,6;5574,6;5082,6;40000;0;0;5082,6;;;;;;;;;
;;;1577;16:00:00;52;4,48353;0;733,24;961,17;7508,3776;4399,44;4399,44;4347,44;40000;0;0;4347,44;;;;;;;;;
;;;1578;17:00:00;52;4,383059;0;504,16;997,81;5162,5984;3024,96;3024,96;2972,96;40000;0;0;2972,96;;;;;;;;;
;;;1579;18:00:00;468;2,933218;0;0;0;0;0;0;0;39532;468;0;0;;;;;;;;;
;;;1580;19:00:00;2181,25;1,4859452;0;0;0;0;0;0;0;37351;2181,25;0;0;;;;;;;;;
;;;1581;20:00:00;2545,25;1,0708569;0;0;0;0;0;0;0;34806;2545,25;0;0;;;;;;;;;
;;;1582;21:00:00;3512,95;1,2790185;0;0;0;0;0;0;0;31293;3512,95;0;0;;;;;;;;;
;;;1583;22:00:00;591,25;1,7282721;0;0;0;0;0;0;0;30701;591,25;0;0;;;;;;;;;
;;;1584;23:00:00;781,25;1,6476762;0;0;0;0;0;0;0;29920;781,25;0;0;;;;;;;;;
;;Jueves;1585;0:00:00;637,5;1,3359481;0;0;0;0;0;0;0;29283;637,5;0;0;;;;;;;;;
;;;1586;1:00:00;52;1,0147591;0;0;0;0;0;0;0;29231;52;0;0;;;;;;;;;
;;;1587;2:00:00;52;0,9299727;0;0;0;0;0;0;0;29179;52;0;0;;;;;;;;;
;;;1588;3:00:00;52;0,8782112;0;0;0;0;0;0;0;29127;52;0;0;;;;;;;;;
;;;1589;4:00:00;52;0,94213283;0;0;0;0;0;0;0;29075;52;0;0;;;;;;;;;
;;;1590;5:00:00;52;0,68799365;0;0;0;0;0;0;0;29023;52;0;0;;;;;;;;;
;;;1591;6:00:00;1027,05;0,7370395;0;0;0;0;0;0;0;27996;1027,05;0;0;;;;;;;;;
;;;1592;7:00:00;1716,25;1,075905;0;18,21;181,62;186,4704;109,26;109,26;0;26389;1606,99;0;0;;;;;;;;;
;;;1593;8:00:00;1586,25;1,1279287;0;199,14;584,85;2039,1936;1194,84;1194,84;0;25997;391,41;0;0;;;;;;;;;
;;;1594;9:00:00;103,3;1,5094681;0;434,12;660,13;4445,3888;2604,72;2604,72;2501,42;28499;0;0;0;;;;;;;;;
;;;1595;10:00:00;52;1,961134;0;677,39;606,21;6936,4736;4064,34;4064,34;4012,34;32511;0;0;0;;;;;;;;;
;;;1596;11:00:00;52;2,7473543;0;872,91;439,73;8938,5984;5237,46;5237,46;5185,46;37696;0;0;2881,78;;;;;;;;;
;;;1597;12:00:00;52;3,7027137;0;1018,79;199,12;10432,4096;6112,74;6112,74;6060,74;40000;0;0;6060,74;;;;;;;;;
;;;1598;13:00:00;2788;4,1635594;0;1071,06;433,41;10967,6544;6426,36;6426,36;3638,36;40000;0;0;3638,36;;;;;;;;;
;;;1599;14:00:00;362;4,459351;0;1046,38;671,07;10714,9312;6278,28;6278,28;5916,28;40000;0;0;5916,28;;;;;;;;;
;;;1600;15:00:00;492;4,9823413;0;906,16;845,17;9279,0784;5436,96;5436,96;4944,96;40000;0;0;4944,96;;;;;;;;;
;;;1601;16:00:00;52;5,032495;0;733,11;961,8;7507,0464;4398,66;4398,66;4346,66;40000;0;0;4346,66;;;;;;;;;
;;;1602;17:00:00;52;4,6524262;0;495,32;980,37;5072,0768;2971,92;2971,92;2919,92;40000;0;0;2919,92;;;;;;;;;
;;;1603;18:00:00;468;3,721881;0;0;0;0;0;0;0;39532;468;0;0;;;;;;;;;
;;;1604;19:00:00;2181,25;2,9966807;0;0;0;0;0;0;0;37351;2181,25;0;0;;;;;;;;;
;;;1605;20:00:00;2545,25;2,420011;0;0;0;0;0;0;0;34806;2545,25;0;0;;;;;;;;;
;;;1606;21:00:00;3512,95;2,0164835;0;0;0;0;0;0;0;31293;3512,95;0;0;;;;;;;;;
;;;1607;22:00:00;591,25;1,3253481;0;0;0;0;0;0;0;30701;591,25;0;0;;;;;;;;;
;;;1608;23:00:00;781,25;0,90770996;0;0;0;0;0;0;0;29920;781,25;0;0;;;;;;;;;
;;Viernes;1609;0:00:00;637,5;2,832565;0;0;0;0;0;0;0;29283;637,5;0;0;;;;;;;;;
;;;1610;1:00:00;52;4,113896;0;0;0;0;0;0;0;29231;52;0;0;;;;;;;;;
;;;1611;2:00:00;52;4,961944;0;0;0;0;0;0;0;29179;52;0;0;;;;;;;;;
;;;1612;3:00:00;52;5,1324387;0;0;0;0;0;0;0;29127;52;0;0;;;;;;;;;
;;;1613;4:00:00;52;5,401096;0;0;0;0;0;0;0;29075;52;0;0;;;;;;;;;
;;;1614;5:00:00;52;5,405427;0;0;0;0;0;0;0;29023;52;0;0;;;;;;;;;
;;;1615;6:00:00;1027,05;5,173036;0;0;0;0;0;0;0;27996;1027,05;0;0;;;;;;;;;
;;;1616;7:00:00;1716,25;5,1148148;0;22,07;151,07;225,9968;132,42;132,42;0;26412;1583,83;0;0;;;;;;;;;
;;;1617;8:00:00;1586,25;4,5763326;0;202,46;596,01;2073,1904;1214,76;1214,76;0;26040;371,49;0;0;;;;;;;;;
;;;1618;9:00:00;103,3;5,6586947;0;447,96;681,22;4587,1104;2687,76;2687,76;2584,46;28625;0;0;0;;;;;;;;;
;;;1619;10:00:00;52;6,316353;0;678,42;605,79;6947,0208;4070,52;4070,52;4018,52;32643;0;0;0;;;;;;;;;
;;;1620;11:00:00;52;6,9609284;0;907,65;428,29;9294,336;5445,9;5445,9;5393,9;38037;0;0;3430,96;;;;;;;;;
;;;1621;12:00:00;52;7,0889225;0;1019,16;198,45;10436,1984;6114,96;6114,96;6062,96;40000;0;0;6062,96;;;;;;;;;
;;;1622;13:00:00;2788;7,147511;0;981,81;465,71;10053,7344;5890,86;5890,86;3102,86;40000;0;0;3102,86;;;;;;;;;
;;;1623;14:00:00;362;6,976401;0;1005,91;669,52;10300,5184;6035,46;6035,46;5673,46;40000;0;0;5673,46;;;;;;;;;
;;;1624;15:00:00;492;6,633507;0;818,03;788,21;8376,6272;4908,18;4908,18;4416,18;40000;0;0;4416,18;;;;;;;;;
;;;1625;16:00:00;52;6,335326;0;711,18;935,89;7282,4832;4267,08;4267,08;4215,08;40000;0;0;4215,08;;;;;;;;;
;;;1626;17:00:00;52;5,809629;0;392,19;758,19;4016,0256;2353,14;2353,14;2301,14;40000;0;0;2301,14;;;;;;;;;
;;;1627;18:00:00;468;3,9828875;0;0;0;0;0;0;0;39532;468;0;0;;;;;;;;;
;;;1628;19:00:00;2181,25;3,1045735;0;0;0;0;0;0;0;37351;2181,25;0;0;;;;;;;;;
;;;1629;20:00:00;2545,25;2,8248024;0;0;0;0;0;0;0;34806;2545,25;0;0;;;;;;;;;
;;;1630;21:00:00;3512,95;2,404182;0;0;0;0;0;0;0;31293;3512,95;0;0;;;;;;;;;
;;;1631;22:00:00;591,25;3,241708;0;0;0;0;0;0;0;30701;591,25;0;0;;;;;;;;;
;;;1632;23:00:00;781,25;2,872925;0;0;0;0;0;0;0;29920;781,25;0;0;;;;;;;;;
;;Sábado;1633;0:00:00;723;1,9390273;0;0;0;0;0;0;0;29197;723;0;0;;;;;;;;;
;;;1634;1:00:00;362;1,7710952;0;0;0;0;0;0;0;28835;362;0;0;;;;;;;;;
;;;1635;2:00:00;52;1,4963058;0;0;0;0;0;0;0;28783;52;0;0;;;;;;;;;
;;;1636;3:00:00;52;0,70240235;0;0;0;0;0;0;0;28731;52;0;0;;;;;;;;;
;;;1637;4:00:00;52;0,8746716;0;0;0;0;0;0;0;28679;52;0;0;;;;;;;;;
;;;1638;5:00:00;52;2,1403716;0;0;0;0;0;0;0;28627;52;0;0;;;;;;;;;
;;;1639;6:00:00;382,5;3,2651103;0;0;0;0;0;0;0;28245;382,5;0;0;;;;;;;;;
;;;1640;7:00:00;1491,25;3,6760037;0;23,93;164,45;245,0432;143,58;143,58;0;26897;1347,67;0;0;;;;;;;;;
;;;1641;8:00:00;1286,25;3,9399757;0;198,87;563,61;2036,4288;1193,22;1193,22;0;26804;93,03;0;0;;;;;;;;;
;;;1642;9:00:00;1301,55;3,6989608;0;400,18;595,37;4097,8432;2401,08;2401,08;1099,53;27903;0;0;0;;;;;;;;;
;;;1643;10:00:00;1676,25;4,1509132;0;671,4;602,57;6875,136;4028,4;4028,4;2352,15;30256;0;0;0;;;;;;;;;
;;;1644;11:00:00;232;5,30677;0;892,61;429,79;9140,3264;5355,66;5355,66;5123,66;35379;0;0;502,85;;;;;;;;;
;;;1645;12:00:00;52;4,76767;0;1019,04;192,51;10434,9696;6114,24;6114,24;6062,24;40000;0;0;6062,24;;;;;;;;;
;;;1646;13:00:00;2755;4,084681;0;1077,77;431,19;11036,3648;6466,62;6466,62;3711,62;40000;0;0;3711,62;;;;;;;;;
;;;1647;14:00:00;2642;5,112434;0;1045,57;671,85;10706,6368;6273,42;6273,42;3631,42;40000;0;0;3631,42;;;;;;;;;
;;;1648;15:00:00;492;5,310191;0;905,21;844,87;9269,3504;5431,26;5431,26;4939,26;40000;0;0;4939,26;;;;;;;;;
;;;1649;16:00:00;52;5,5080047;0;419,58;543,3;4296,4992;2517,48;2517,48;2465,48;40000;0;0;2465,48;;;;;;;;;
;;;1650;17:00:00;52;5,343762;0;360,39;689,39;3690,3936;2162,34;2162,34;2110,34;40000;0;0;2110,34;;;;;;;;;
;;;1651;18:00:00;598;5,102144;0;0;0;0;0;0;0;39402;598;0;0;;;;;;;;;
;;;1652;19:00:00;622;5,3757787;0;0;0;0;0;0;0;38780;622;0;0;;;;;;;;;
;;;1653;20:00:00;2365,25;5,9749866;0;0;0;0;0;0;0;36415;2365,25;0;0;;;;;;;;;
;;;1654;21:00:00;4621,25;5,9370537;0;0;0;0;0;0;0;31794;4621,25;0;0;;;;;;;;;
;;;1655;22:00:00;591,25;4,874341;0;0;0;0;0;0;0;31202;591,25;0;0;;;;;;;;;
;;;1656;23:00:00;781,25;5,881525;0;0;0;0;0;0;0;30421;781,25;0;0;;;;;;;;;
;;Domingo;1657;0:00:00;723;5,9930587;0;0;0;0;0;0;0;29698;723;0;0;;;;;;;;;
;;;1658;1:00:00;362;5,3653445;0;0;0;0;0;0;0;29336;362;0;0;;;;;;;;;
;;;1659;2:00:00;52;4,6955113;0;0;0;0;0;0;0;29284;52;0;0;;;;;;;;;
;;;1660;3:00:00;52;4,294736;0;0;0;0;0;0;0;29232;52;0;0;;;;;;;;;
;;;1661;4:00:00;52;4,388741;0;0;0;0;0;0;0;29180;52;0;0;;;;;;;;;
;;;1662;5:00:00;52;4,6180983;0;0;0;0;0;0;0;29128;52;0;0;;;;;;;;;
;;;1663;6:00:00;382,5;4,501144;0;0;0;0;0;0;0;28746;382,5;0;0;;;;;;;;;
;;;1664;7:00:00;1491,25;4,665943;0;8,23;9,49;84,2752;49,38;49,38;0;27304;1441,87;0;0;;;;;;;;;
;;;1665;8:00:00;1286,25;4,5066695;0;104,47;136,55;1069,7728;626,82;626,82;0;26644;659,43;0;0;;;;;;;;;
;;;1666;9:00:00;1301,55;6,335382;0;179,34;212,84;1836,4416;1076,04;1076,04;0;26419;225,51;0;0;;;;;;;;;
;;;1667;10:00:00;1676,25;6,309526;0;216,15;247,05;2213,376;1296,9;1296,9;0;26039;379,35;0;0;;;;;;;;;
;;;1668;11:00:00;232;6,4419565;0;332,02;351,99;3399,8848;1992,12;1992,12;1760,12;27799;0;0;0;;;;;;;;;
;;;1669;12:00:00;52;6,7849417;0;735,72;362,15;7533,7728;4414,32;4414,32;4362,32;32162;0;0;0;;;;;;;;;
;;;1670;13:00:00;2755;7,428683;0;904,74;476,98;9264,5376;5428,44;5428,44;2673,44;34835;0;0;0;;;;;;;;;
;;;1671;14:00:00;2642;7,5105705;0;1000,48;662,05;10244,9152;6002,88;6002,88;3360,88;38196;0;0;1556,98;;;;;;;;;
;;;1672;15:00:00;492;7,658837;0;838,59;801,48;8587,1616;5031,54;5031,54;4539,54;40000;0;0;4539,54;;;;;;;;;
;;;1673;16:00:00;52;7,65459;0;629,72;832,45;6448,3328;3778,32;3778,32;3726,32;40000;0;0;3726,32;;;;;;;;;
;;;1674;17:00:00;52;6,2085166;0;385,05;744,71;3942,912;2310,3;2310,3;2258,3;40000;0;0;2258,3;;;;;;;;;
;;;1675;18:00:00;598;6,24031;0;0;0;0;0;0;0;39402;598;0;0;;;;;;;;;
;;;1676;19:00:00;622;6,294289;0;0;0;0;0;0;0;38780;622;0;0;;;;;;;;;
;;;1677;20:00:00;2365,25;6,194396;0;0;0;0;0;0;0;36415;2365,25;0;0;;;;;;;;;
;;;1678;21:00:00;4621,25;5,8687143;0;0;0;0;0;0;0;31794;4621,25;0;0;;;;;;;;;
;;;1679;22:00:00;591,25;4,679691;0;0;0;0;0;0;0;31202;591,25;0;0;;;;;;;;;
;;;1680;23:00:00;781,25;4,697927;0;0;0;0;0;0;0;30421;781,25;0;0;;;;;;;;;
;11;Lunes;1681;0:00:00;637,5;5,238061;0;0;0;0;0;0;0;29784;637,5;0;0;;;;;;;;;
;;;1682;1:00:00;52;5,5594435;0;0;0;0;0;0;0;29732;52;0;0;;;;;;;;;
;;;1683;2:00:00;52;5,7578673;0;0;0;0;0;0;0;29680;52;0;0;;;;;;;;;
;;;1684;3:00:00;52;5,522424;0;0;0;0;0;0;0;29628;52;0;0;;;;;;;;;
;;;1685;4:00:00;52;5,2082725;0;0;0;0;0;0;0;29576;52;0;0;;;;;;;;;
;;;1686;5:00:00;52;5,163972;0;0;0;0;0;0;0;29524;52;0;0;;;;;;;;;
;;;1687;6:00:00;1027,05;5,3334208;0;0;0;0;0;0;0;28496;1027,05;0;0;;;;;;;;;
;;;1688;7:00:00;1716,25;5,7038894;0;0;0;0;0;0;0;26780;1716,25;0;0;;;;;;;;;
;;;1689;8:00:00;1586,25;5,8731046;0;153,96;287,9;1576,5504;923,76;923,76;0;26118;662,49;0;0;;;;;;;;;
;;;1690;9:00:00;103,3;6,232453;0;370,95;537,3;3798,528;2225,7;2225,7;2122,4;28240;0;0;0;;;;;;;;;
;;;1691;10:00:00;52;5,565397;0;585,85;561,53;5999,104;3515,1;3515,1;3463,1;31703;0;0;0;;;;;;;;;
;;;1692;11:00:00;52;5,85008;0;815,14;449,08;8347,0336;4890,84;4890,84;4838,84;36542;0;0;1380,89;;;;;;;;;
;;;1693;12:00:00;52;5,426778;0;887,77;284,38;9090,7648;5326,62;5326,62;5274,62;40000;0;0;5274,62;;;;;;;;;
;;;1694;13:00:00;2788;5,0605764;0;586,82;467,03;6009,0368;3520,92;3520,92;732,92;40000;0;0;732,92;;;;;;;;;
;;;1695;14:00:00;362;4,736224;0;940,14;653,57;9627,0336;5640,84;5640,84;5278,84;40000;0;0;5278,84;;;;;;;;;
;;;1696;15:00:00;492;4,8690715;0;763,74;748,55;7820,6976;4582,44;4582,44;4090,44;40000;0;0;4090,44;;;;;;;;;
;;;1697;16:00:00;52;4,7509227;0;605,51;801,28;6200,4224;3633,06;3633,06;3581,06;40000;0;0;3581,06;;;;;;;;;
;;;1698;17:00:00;52;3,8506374;0;387,43;751,16;3967,2832;2324,58;2324,58;2272,58;40000;0;0;2272,58;;;;;;;;;
;;;1699;18:00:00;468;3,393931;0;0;0;0;0;0;0;39532;468;0;0;;;;;;;;;
;;;1700;19:00:00;2181,25;3,7246377;0;0;0;0;0;0;0;37351;2181,25;0;0;;;;;;;;;
;;;1701;20:00:00;2545,25;3,958033;0;0;0;0;0;0;0;34806;2545,25;0;0;;;;;;;;;
;;;1702;21:00:00;3512,95;3,799024;0;0;0;0;0;0;0;31293;3512,95;0;0;;;;;;;;;
;;;1703;22:00:00;591,25;2,8139129;0;0;0;0;0;0;0;30701;591,25;0;0;;;;;;;;;
;;;1704;23:00:00;781,25;2,6316001;0;0;0;0;0;0;0;29920;781,25;0;0;;;;;;;;;
;;Martes;1705;0:00:00;637,5;2,704831;0;0;0;0;0;0;0;29283;637,5;0;0;;;;;;;;;
;;;1706;1:00:00;52;2,7142518;0;0;0;0;0;0;0;29231;52;0;0;;;;;;;;;
;;;1707;2:00:00;52;2,9071438;0;0;0;0;0;0;0;29179;52;0;0;;;;;;;;;
;;;1708;3:00:00;52;3,2058268;0;0;0;0;0;0;0;29127;52;0;0;;;;;;;;;
;;;1709;4:00:00;52;3,3014286;0;0;0;0;0;0;0;29075;52;0;0;;;;;;;;;
;;;1710;5:00:00;52;3,3663507;0;0;0;0;0;0;0;29023;52;0;0;;;;;;;;;
;;;1711;6:00:00;1027,05;3,3385077;0;0;0;0;0;0;0;27996;1027,05;0;0;;;;;;;;;
;;;1712;7:00:00;1716,25;3,4884655;0;28,31;53,26;289,8944;169,86;169,86;0;26449;1546,39;0;0;;;;;;;;;
;;;1713;8:00:00;1586,25;2,870409;0;132,63;205,6;1358,1312;795,78;795,78;0;25659;790,47;0;0;;;;;;;;;
;;;1714;9:00:00;103,3;1,7657461;0;324,43;449,45;3322,1632;1946,58;1946,58;1843,28;27502;0;0;0;;;;;;;;;
;;;1715;10:00:00;52;0,7072467;0;553,18;541,02;5664,5632;3319,08;3319,08;3267,08;30769;0;0;0;;;;;;;;;
;;;1716;11:00:00;52;1,6903833;0;812,06;443,41;8315,4944;4872,36;4872,36;4820,36;35589;0;0;409,72;;;;;;;;;
;;;1717;12:00:00;52;2,7946947;0;957,04;223,51;9800,0896;5742,24;5742,24;5690,24;40000;0;0;5690,24;;;;;;;;;
;;;1718;13:00:00;2788;3,6875334;0;994,93;449,4;10188,0832;5969,58;5969,58;3181,58;40000;0;0;3181,58;;;;;;;;;
;;;1719;14:00:00;362;4,324658;0;927,36;648,59;9496,1664;5564,16;5564,16;5202,16;40000;0;0;5202,16;;;;;;;;;
;;;1720;15:00:00;492;4,6768136;0;752,76;739,51;7708,2624;4516,56;4516,56;4024,56;40000;0;0;4024,56;;;;;;;;;
;;;1721;16:00:00;52;5,0273576;0;641,22;849,61;6566,0928;3847,32;3847,32;3795,32;40000;0;0;3795,32;;;;;;;;;
;;;1722;17:00:00;52;4,5688024;0;407,52;797,4;4173,0048;2445,12;2445,12;2393,12;40000;0;0;2393,12;;;;;;;;;
;;;1723;18:00:00;468;3,118808;0;0;0;0;0;0;0;39532;468;0;0;;;;;;;;;
;;;1724;19:00:00;2181,25;1,9248505;0;0;0;0;0;0;0;37351;2181,25;0;0;;;;;;;;;
;;;1725;20:00:00;2545,25;1,2471375;0;0;0;0;0;0;0;34806;2545,25;0;0;;;;;;;;;
;;;1726;21:00:00;3512,95;0,89362717;0;0;0;0;0;0;0;31293;3512,95;0;0;;;;;;;;;
;;;1727;22:00:00;591,25;1,2148879;0;0;0;0;0;0;0;30701;591,25;0;0;;;;;;;;;
;;;1728;23:00:00;781,25;1,1322129;0;0;0;0;0;0;0;29920;781,25;0;0;;;;;;;;;
;;Miércoles;1729;0:00:00;637,5;1,175766;0;0;0;0;0;0;0;29283;637,5;0;0;;;;;;;;;
;;;1730;1:00:00;52;1,3234127;0;0;0;0;0;0;0;29231;52;0;0;;;;;;;;;
;;;1731;2:00:00;52;1,2495997;0;0;0;0;0;0;0;29179;52;0;0;;;;;;;;;
;;;1732;3:00:00;52;1,1320568;0;0;0;0;0;0;0;29127;52;0;0;;;;;;;;;
;;;1733;4:00:00;52;1,0762291;0;0;0;0;0;0;0;29075;52;0;0;;;;;;;;;
;;;1734;5:00:00;52;1,0392056;0;0;0;0;0;0;0;29023;52;0;0;;;;;;;;;
;;;1735;6:00:00;1027,05;0,92562276;0;0;0;0;0;0;0;27996;1027,05;0;0;;;;;;;;;
;;;1736;7:00:00;1716,25;1,0986612;0;26,53;37,14;271,6672;159,18;159,18;0;26438;1557,07;0;0;;;;;;;;;
;;;1737;8:00:00;1586,25;0,77604353;0;74,09;85,42;758,6816;444,54;444,54;0;25297;1141,71;0;0;;;;;;;;;
;;;1738;9:00:00;103,3;0,41757882;0;112,51;129,71;1152,1024;675,06;675,06;571,76;25868;0;0;0;;;;;;;;;
;;;1739;10:00:00;52;0,94978076;0;107,02;123,37;1095,8848;642,12;642,12;590,12;26459;0;0;0;;;;;;;;;
;;;1740;11:00:00;52;1,6196586;0;116,17;133,92;1189,5808;697,02;697,02;645,02;27104;0;0;0;;;;;;;;;
;;;1741;12:00:00;52;2,3166368;0;133,55;153,96;1367,552;801,3;801,3;749,3;27853;0;0;0;;;;;;;;;
;;;1742;13:00:00;2788;2,8782668;0;123,49;142,36;1264,5376;740,94;740,94;0;25806;2047,06;0;0;;;;;;;;;
;;;1743;14:00:00;362;3,396312;0;167,39;192,98;1714,0736;1004,34;1004,34;642,34;26448;0;0;0;;;;;;;;;
;;;1744;15:00:00;492;3,9869843;0;90,56;104,39;927,3344;543,36;543,36;51,36;26500;0;0;0;;;;;;;;;
;;;1745;16:00:00;52;4,1882463;0;76,84;88,57;786,8416;461,04;461,04;409,04;26909;0;0;0;;;;;;;;;
;;;1746;17:00:00;52;3,7657673;0;100,66;136,96;1030,7584;603,96;603,96;551,96;27461;0;0;0;;;;;;;;;
;;;1747;18:00:00;468;2,1277027;0;0;0;0;0;0;0;26993;468;0;0;;;;;;;;;
;;;1748;19:00:00;2181,25;1,6441891;0;0;0;0;0;0;0;24811;2181,25;0;0;;;;;;;;;
;;;1749;20:00:00;2545,25;0,9009892;0;0;0;0;0;0;0;22266;2545,25;0;0;;;;;;;;;
;;;1750;21:00:00;3512,95;1,052114;0;0;0;0;0;0;0;18753;3512,95;0;0;;;;;;;;;
;;;1751;22:00:00;591,25;0,9133053;0;0;0;0;0;0;0;18162;591,25;0;0;;;;;;;;;
;;;1752;23:00:00;781,25;0,81336784;0;0;0;0;0;0;0;17381;781,25;0;0;;;;;;;;;
;;Jueves;1753;0:00:00;723;0,85913736;0;0;0;0;0;0;0;16658;723;0;0;;;;;;;;;
;;;1754;1:00:00;362;0,7608216;0;0;0;0;0;0;0;16296;362;0;0;;;;;;;;;
;;;1755;2:00:00;52;0,8148803;0;0;0;0;0;0;0;16244;52;0;0;;;;;;;;;
;;;1756;3:00:00;52;1,0731341;0;0;0;0;0;0;0;16192;52;0;0;;;;;;;;;
;;;1757;4:00:00;52;1,2882005;0;0;0;0;0;0;0;16140;52;0;0;;;;;;;;;
;;;1758;5:00:00;52;1,333057;0;0;0;0;0;0;0;16088;52;0;0;;;;;;;;;
;;;1759;6:00:00;382,5;1,3401433;0;0;0;0;0;0;0;15705;382,5;0;0;;;;;;;;;
;;;1760;7:00:00;1491,25;1,6544557;0;35,53;106,86;363,8272;213,18;213,18;0;14427;1278,07;0;0;;;;;;;;;
;;;1761;8:00:00;1286,25;1,361649;0;132,8;195,21;1359,872;796,8;796,8;0;13938;489,45;0;0;;;;;;;;;
;;;1762;9:00:00;1301,55;0,7362911;0;168,14;196,6;1721,7536;1008,84;1008,84;0;13645;292,71;0;0;;;;;;;;;
;;;1763;10:00:00;1676,25;1,025468;0;185,07;213;1895,1168;1110,42;1110,42;0;13079;565,83;0;0;;;;;;;;;
;;;1764;11:00:00;232;1,7519535;0;312,94;339,98;3204,5056;1877,64;1877,64;1645,64;14725;0;0;0;;;;;;;;;
;;;1765;12:00:00;52;2,4515152;0;289,53;319,17;2964,7872;1737,18;1737,18;1685,18;16410;0;0;0;;;;;;;;;
;;;1766;13:00:00;2755;3,1200898;0;382,01;389,75;3911,7824;2292,06;2292,06;0;15947;462,94;0;0;;;;;;;;;
;;;1767;14:00:00;2642;3,586434;0;335,72;359,97;3437,7728;2014,32;2014,32;0;15319;627,68;0;0;;;;;;;;;
;;;1768;15:00:00;492;3,8508275;0;139,95;161,34;1433,088;839,7;839,7;347,7;15667;0;0;0;;;;;;;;;
;;;1769;16:00:00;52;3,7184863;0;192,67;230,16;1972,9408;1156,02;1156,02;1104,02;16771;0;0;0;;;;;;;;;
;;;1770;17:00:00;52;2,44883;0;70,08;84,04;717,6192;420,48;420,48;368,48;17139;0;0;0;;;;;;;;;
;;;1771;18:00:00;598;1,337863;0;0;0;0;0;0;0;16541;598;0;0;;;;;;;;;
;;;1772;19:00:00;622;1,0597221;0;0;0;0;0;0;0;15919;622;0;0;;;;;;;;;
;;;1773;20:00:00;2365,25;0,88321126;0;0;0;0;0;0;0;13554;2365,25;0;0;;;;;;;;;
;;;1774;21:00:00;4621,25;0,9590041;0;0;0;0;0;0;0;8933;4621,25;0;0;;;;;;;;;
;;;1775;22:00:00;591,25;1,2025476;0;0;0;0;0;0;0;8342;591,25;0;0;;;;;;;;;
;;;1776;23:00:00;781,25;1,8832076;0;0;0;0;0;0;0;7560;781,25;0;0;;;;;;;;;
;;Viernes;1777;0:00:00;723;2,2185786;0;0;0;0;0;0;0;6837;723;0;0;;;;;;;;;
;;;1778;1:00:00;362;3,0120447;0;0;0;0;0;0;0;6475;362;0;0;;;;;;;;;
;;;1779;2:00:00;52;3,7705178;0;0;0;0;0;0;0;6423;52;0;0;;;;;;;;;
;;;1780;3:00:00;52;4,224235;0;0;0;0;0;0;0;6371;52;0;0;;;;;;;;;
;;;1781;4:00:00;52;4,455888;0;0;0;0;0;0;0;6319;52;0;0;;;;;;;;;
;;;1782;5:00:00;52;4,3871527;0;0;0;0;0;0;0;6267;52;0;0;;;;;;;;;
;;;1783;6:00:00;382,5;4,1124797;0;0;0;0;0;0;0;5885;382,5;0;0;;;;;;;;;
;;;1784;7:00:00;1491,25;4,0632877;0;26,55;36,71;271,872;159,3;159,3;0;4553;1331,95;0;0;;;;;;;;;
;;;1785;8:00:00;1286,25;3,9196954;0;84,92;99,91;869,5808;509,52;509,52;0;3776;776,73;0;0;;;;;;;;;
;;;1786;9:00:00;1301,55;3,5080292;0;141,91;164,11;1453,1584;851,46;851,46;0;3326;450,09;0;0;;;;;;;;;
;;;1787;10:00:00;1676,25;2,0887678;0;446,45;466,82;4571,648;2678,7;2678,7;1002,45;4329;0;0;0;;;;;;;;;
;;;1788;11:00:00;232;0,8976855;0;780,06;459,53;7987,8144;4680,36;4680,36;4448,36;8777;0;0;0;;;;;;;;;
;;;1789;12:00:00;52;0,90970206;0;790;342,66;8089,6;4740;4740;4688;13465;0;0;0;;;;;;;;;
;;;1790;13:00:00;2755;1,9493905;0;980,83;464,46;10043,6992;5884,98;5884,98;3129,98;16595;0;0;0;;;;;;;;;
;;;1791;14:00:00;2642;2,2001104;0;997,85;665,07;10217,984;5987,1;5987,1;3345,1;19940;0;0;0;;;;;;;;;
;;;1792;15:00:00;492;3,3913481;0;865,88;824,02;8866,6112;5195,28;5195,28;4703,28;24643;0;0;0;;;;;;;;;
;;;1793;16:00:00;52;3,7823958;0;666,43;887,13;6824,2432;3998,58;3998,58;3946,58;28590;0;0;0;;;;;;;;;
;;;1794;17:00:00;52;3,4109988;0;421,67;831,58;4317,9008;2530,02;2530,02;2478,02;31068;0;0;0;;;;;;;;;
;;;1795;18:00:00;598;2,4677556;0;0;0;0;0;0;0;30470;598;0;0;;;;;;;;;
;;;1796;19:00:00;622;1,5921621;0;0;0;0;0;0;0;29848;622;0;0;;;;;;;;;
;;;1797;20:00:00;2365,25;0,77110887;0;0;0;0;0;0;0;27483;2365,25;0;0;;;;;;;;;
;;;1798;21:00:00;4621,25;0,56863564;0;0;0;0;0;0;0;22861;4621,25;0;0;;;;;;;;;
;;;1799;22:00:00;591,25;1,0344461;0;0;0;0;0;0;0;22270;591,25;0;0;;;;;;;;;
;;;1800;23:00:00;781,25;1,5397881;0;0;0;0;0;0;0;21489;781,25;0;0;;;;;;;;;
;;Sábado;1801;0:00:00;723;1,7373028;0;0;0;0;0;0;0;20766;723;0;0;;;;;;;;;
;;;1802;1:00:00;362;1,8218998;0;0;0;0;0;0;0;20404;362;0;0;;;;;;;;;
;;;1803;2:00:00;52;2,018675;0;0;0;0;0;0;0;20352;52;0;0;;;;;;;;;
;;;1804;3:00:00;52;2,251526;0;0;0;0;0;0;0;20300;52;0;0;;;;;;;;;
;;;1805;4:00:00;52;2,3986382;0;0;0;0;0;0;0;20248;52;0;0;;;;;;;;;
;;;1806;5:00:00;52;2,2298052;0;0;0;0;0;0;0;20196;52;0;0;;;;;;;;;
;;;1807;6:00:00;382,5;2,2174928;0;0;0;0;0;0;0;19813;382,5;0;0;;;;;;;;;
;;;1808;7:00:00;1491,25;2,6276097;0;40,16;171,32;411,2384;240,96;240,96;0;18563;1250,29;0;0;;;;;;;;;
;;;1809;8:00:00;1286,25;2,4354122;0;204,31;510,34;2092,1344;1225,86;1225,86;0;18503;60,39;0;0;;;;;;;;;
;;;1810;9:00:00;1301,55;1,6675031;0;405,7;590,6;4154,368;2434,2;2434,2;1132,65;19635;0;0;0;;;;;;;;;
;;;1811;10:00:00;1676,25;0,8789619;0;633,96;585,38;6491,7504;3803,76;3803,76;2127,51;21763;0;0;0;;;;;;;;;
;;;1812;11:00:00;232;1,0120769;0;851,86;438,82;8723,0464;5111,16;5111,16;4879,16;26642;0;0;0;;;;;;;;;
;;;1813;12:00:00;52;1,8779523;0;1025,65;178,27;10502,656;6153,9;6153,9;6101,9;32744;0;0;0;;;;;;;;;
;;;1814;13:00:00;2755;3,213878;0;1047,96;443,62;10731,1104;6287,76;6287,76;3532,76;36277;0;0;0;;;;;;;;;
;;;1815;14:00:00;2642;3,958077;0;1058,14;677,46;10835,3536;6348,84;6348,84;3706,84;39984;0;0;3690,43;;;;;;;;;
;;;1816;15:00:00;492;4,3951044;0;906,18;851,74;9279,2832;5437,08;5437,08;4945,08;40000;0;0;4945,08;;;;;;;;;
;;;1817;16:00:00;52;4,3291373;0;714,22;949,69;7313,6128;4285,32;4285,32;4233,32;40000;0;0;4233,32;;;;;;;;;
;;;1818;17:00:00;52;3,3595178;0;456,41;910,42;4673,6384;2738,46;2738,46;2686,46;40000;0;0;2686,46;;;;;;;;;
;;;1819;18:00:00;598;1,5493681;0;0;0;0;0;0;0;39402;598;0;0;;;;;;;;;
;;;1820;19:00:00;622;1,269851;0;0;0;0;0;0;0;38780;622;0;0;;;;;;;;;
;;;1821;20:00:00;2365,25;1,5264994;0;0;0;0;0;0;0;36415;2365,25;0;0;;;;;;;;;
;;;1822;21:00:00;4621,25;1,2303525;0;0;0;0;0;0;0;31794;4621,25;0;0;;;;;;;;;
;;;1823;22:00:00;591,25;1,0298618;0;0;0;0;0;0;0;31202;591,25;0;0;;;;;;;;;
;;;1824;23:00:00;781,25;0,99721885;0;0;0;0;0;0;0;30421;781,25;0;0;;;;;;;;;
;;Domingo;1825;0:00:00;723;1,1137856;0;0;0;0;0;0;0;29698;723;0;0;;;;;;;;;
;;;1826;1:00:00;362;1,4257615;0;0;0;0;0;0;0;29336;362;0;0;;;;;;;;;
;;;1827;2:00:00;52;1,5147289;0;0;0;0;0;0;0;29284;52;0;0;;;;;;;;;
;;;1828;3:00:00;52;1,4495219;0;0;0;0;0;0;0;29232;52;0;0;;;;;;;;;
;;;1829;4:00:00;52;1,6164963;0;0;0;0;0;0;0;29180;52;0;0;;;;;;;;;
;;;1830;5:00:00;52;1,7374796;0;0;0;0;0;0;0;29128;52;0;0;;;;;;;;;
;;;1831;6:00:00;382,5;1,7158033;0;0;0;0;0;0;0;28746;382,5;0;0;;;;;;;;;
;;;1832;7:00:00;1491,25;1,8292701;0;41,29;235,45;422,8096;247,74;247,74;0;27502;1243,51;0;0;;;;;;;;;
;;;1833;8:00:00;1286,25;1,4564471;0;221,83;606,66;2271,5392;1330,98;1330,98;44,73;27547;0;0;0;;;;;;;;;
;;;1834;9:00:00;1301,55;0,77867615;0;464,29;688,18;4754,3296;2785,74;2785,74;1484,19;29031;0;0;0;;;;;;;;;
;;;1835;10:00:00;1676,25;0,3540291;0;697,22;606,22;7139,5328;4183,32;4183,32;2507,07;31538;0;0;0;;;;;;;;;
;;;1836;11:00:00;232;1,4774495;0;903,48;424,23;9251,6352;5420,88;5420,88;5188,88;36727;0;0;1915,74;;;;;;;;;
;;;1837;12:00:00;52;2,4479997;0;1039,34;177,67;10642,8416;6236,04;6236,04;6184,04;40000;0;0;6184,04;;;;;;;;;
;;;1838;13:00:00;2755;3,406741;0;1074,65;444,74;11004,416;6447,9;6447,9;3692,9;40000;0;0;3692,9;;;;;;;;;
;;;1839;14:00:00;2642;4,1063285;0;1058,31;683,89;10837,0944;6349,86;6349,86;3707,86;40000;0;0;3707,86;;;;;;;;;
;;;1840;15:00:00;492;4,4732184;0;917,36;862,71;9393,7664;5504,16;5504,16;5012,16;40000;0;0;5012,16;;;;;;;;;
;;;1841;16:00:00;52;4,011985;0;725,47;966,4;7428,8128;4352,82;4352,82;4300,82;40000;0;0;4300,82;;;;;;;;;
;;;1842;17:00:00;52;2,6938922;0;493,99;994,91;5058,4576;2963,94;2963,94;2911,94;40000;0;0;2911,94;;;;;;;;;
;;;1843;18:00:00;598;1,7799631;0;0;0;0;0;0;0;39402;598;0;0;;;;;;;;;
;;;1844;19:00:00;622;1,8123459;0;0;0;0;0;0;0;38780;622;0;0;;;;;;;;;
;;;1845;20:00:00;2365,25;1,9285386;0;0;0;0;0;0;0;36415;2365,25;0;0;;;;;;;;;
;;;1846;21:00:00;4621,25;1,5278488;0;0;0;0;0;0;0;31794;4621,25;0;0;;;;;;;;;
;;;1847;22:00:00;591,25;1,4108864;0;0;0;0;0;0;0;31202;591,25;0;0;;;;;;;;;
;;;1848;23:00:00;781,25;1,3933672;0;0;0;0;0;0;0;30421;781,25;0;0;;;;;;;;;
;12;Lunes;1849;0:00:00;723;1,1865314;0;0;0;0;0;0;0;29698;723;0;0;;;;;;;;;
;;;1850;1:00:00;362;1,2745999;0;0;0;0;0;0;0;29336;362;0;0;;;;;;;;;
;;;1851;2:00:00;52;1,2548289;0;0;0;0;0;0;0;29284;52;0;0;;;;;;;;;
;;;1852;3:00:00;52;1,253288;0;0;0;0;0;0;0;29232;52;0;0;;;;;;;;;
;;;1853;4:00:00;52;1,2851901;0;0;0;0;0;0;0;29180;52;0;0;;;;;;;;;
;;;1854;5:00:00;52;1,456066;0;0;0;0;0;0;0;29128;52;0;0;;;;;;;;;
;;;1855;6:00:00;382,5;1,5278573;0;0;0;0;0;0;0;28746;382,5;0;0;;;;;;;;;
;;;1856;7:00:00;1491,25;1,7950224;0;40,93;286,48;419,1232;245,58;245,58;0;27500;1245,67;0;0;;;;;;;;;
;;;1857;8:00:00;1286,25;1,4534093;0;226,08;629,26;2315,0592;1356,48;1356,48;70,23;27570;0;0;0;;;;;;;;;
;;;1858;9:00:00;1301,55;0,9702958;0;460,73;680,41;4717,8752;2764,38;2764,38;1462,83;29033;0;0;0;;;;;;;;;
;;;1859;10:00:00;1676,25;1,5111091;0;690,22;599,65;7067,8528;4141,32;4141,32;2465,07;31498;0;0;0;;;;;;;;;
;;;1860;11:00:00;232;2,1177857;0;877,94;425,87;8990,1056;5267,64;5267,64;5035,64;36534;0;0;1569,24;;;;;;;;;
;;;1861;12:00:00;52;2,6613357;0;1014,69;187,42;10390,4256;6088,14;6088,14;6036,14;40000;0;0;6036,14;;;;;;;;;
;;;1862;13:00:00;2755;3,0990267;0;1061,98;443,24;10874,6752;6371,88;6371,88;3616,88;40000;0;0;3616,88;;;;;;;;;
;;;1863;14:00:00;2642;3,5568032;0;1017,93;673,3;10423,6032;6107,58;6107,58;3465,58;40000;0;0;3465,58;;;;;;;;;
;;;1864;15:00:00;492;3,9173064;0;286,41;321,28;2932,8384;1718,46;1718,46;1226,46;40000;0;0;1226,46;;;;;;;;;
;;;1865;16:00:00;52;3,873353;0;293,67;368,21;3007,1808;1762,02;1762,02;1710,02;40000;0;0;1710,02;;;;;;;;;
;;;1866;17:00:00;52;3,1622174;0;221,79;384,07;2271,1296;1330,74;1330,74;1278,74;40000;0;0;1278,74;;;;;;;;;
;;;1867;18:00:00;598;1,7811173;0;0;0;0;0;0;0;39402;598;0;0;;;;;;;;;
;;;1868;19:00:00;622;1,1565524;0;0;0;0;0;0;0;38780;622;0;0;;;;;;;;;
;;;1869;20:00:00;2365,25;1,0063812;0;0;0;0;0;0;0;36415;2365,25;0;0;;;;;;;;;
;;;1870;21:00:00;4621,25;1,34911;0;0;0;0;0;0;0;31794;4621,25;0;0;;;;;;;;;
;;;1871;22:00:00;591,25;1,2574068;0;0;0;0;0;0;0;31202;591,25;0;0;;;;;;;;;
;;;1872;23:00:00;781,25;0,9038051;0;0;0;0;0;0;0;30421;781,25;0;0;;;;;;;;;
;;Martes;1873;0:00:00;637,5;0,56481624;0;0;0;0;0;0;0;29784;637,5;0;0;;;;;;;;;
;;;1874;1:00:00;52;0,90456116;0;0;0;0;0;0;0;29732;52;0;0;;;;;;;;;
;;;1875;2:00:00;52;1,0916505;0;0;0;0;0;0;0;29680;52;0;0;;;;;;;;;
;;;1876;3:00:00;52;1,0277902;0;0;0;0;0;0;0;29628;52;0;0;;;;;;;;;
;;;1877;4:00:00;52;0,96503;0;0;0;0;0;0;0;29576;52;0;0;;;;;;;;;
;;;1878;5:00:00;52;0,62856704;0;0;0;0;0;0;0;29524;52;0;0;;;;;;;;;
;;;1879;6:00:00;1027,05;0,5689258;0;0;0;0;0;0;0;28496;1027,05;0;0;;;;;;;;;
;;;1880;7:00:00;1716,25;0,64083517;0;38,48;55,58;394,0352;230,88;230,88;0;27011;1485,37;0;0;;;;;;;;;
;;;1881;8:00:00;1586,25;0,8335951;0;151,01;227,79;1546,3424;906,06;906,06;0;26331;680,19;0;0;;;;;;;;;
;;;1882;9:00:00;103,3;1,093273;0;380,41;537,03;3895,3984;2282,46;2282,46;2179,16;28510;0;0;0;;;;;;;;;
;;;1883;10:00:00;52;1,6884089;0;612,3;576,98;6269,952;3673,8;3673,8;3621,8;32132;0;0;0;;;;;;;;;
;;;1884;11:00:00;52;2,601197;0;777,44;466,92;7960,9856;4664,64;4664,64;4612,64;36744;0;0;1357,13;;;;;;;;;
;;;1885;12:00:00;52;2,6586432;0;909,52;279,37;9313,4848;5457,12;5457,12;5405,12;40000;0;0;5405,12;;;;;;;;;
;;;1886;13:00:00;2788;3,354493;0;882,57;499,2;9037,5168;5295,42;5295,42;2507,42;40000;0;0;2507,42;;;;;;;;;
;;;1887;14:00:00;362;4,544033;0;859,52;649,99;8801,4848;5157,12;5157,12;4795,12;40000;0;0;4795,12;;;;;;;;;
;;;1888;15:00:00;492;4,595551;0;779,23;772,02;7979,3152;4675,38;4675,38;4183,38;40000;0;0;4183,38;;;;;;;;;
;;;1889;16:00:00;52;3,8490648;0;565,99;757,05;5795,7376;3395,94;3395,94;3343,94;40000;0;0;3343,94;;;;;;;;;
;;;1890;17:00:00;52;3,1493917;0;334,98;638,65;3430,1952;2009,88;2009,88;1957,88;40000;0;0;1957,88;;;;;;;;;
;;;1891;18:00:00;468;1,9574809;0;0;0;0;0;0;0;39532;468;0;0;;;;;;;;;
;;;1892;19:00:00;2181,25;2,1942348;0;0;0;0;0;0;0;37351;2181,25;0;0;;;;;;;;;
;;;1893;20:00:00;2545,25;2,2785952;0;0;0;0;0;0;0;34806;2545,25;0;0;;;;;;;;;
;;;1894;21:00:00;3512,95;2,171523;0;0;0;0;0;0;0;31293;3512,95;0;0;;;;;;;;;
;;;1895;22:00:00;591,25;1,4810151;0;0;0;0;0;0;0;30701;591,25;0;0;;;;;;;;;
;;;1896;23:00:00;781,25;1,371453;0;0;0;0;0;0;0;29920;781,25;0;0;;;;;;;;;
;;Miércoles;1897;0:00:00;637,5;1,1052903;0;0;0;0;0;0;0;29283;637,5;0;0;;;;;;;;;
;;;1898;1:00:00;52;0,8852481;0;0;0;0;0;0;0;29231;52;0;0;;;;;;;;;
;;;1899;2:00:00;52;1,3224041;0;0;0;0;0;0;0;29179;52;0;0;;;;;;;;;
;;;1900;3:00:00;52;1,4592018;0;0;0;0;0;0;0;29127;52;0;0;;;;;;;;;
;;;1901;4:00:00;52;1,1384883;0;0;0;0;0;0;0;29075;52;0;0;;;;;;;;;
;;;1902;5:00:00;52;0,5463193;0;0;0;0;0;0;0;29023;52;0;0;;;;;;;;;
;;;1903;6:00:00;1027,05;0,53128016;0;0;0;0;0;0;0;27996;1027,05;0;0;;;;;;;;;
;;;1904;7:00:00;1716,25;1,163009;0;10,06;11,6;103,0144;60,36;60,36;0;26340;1655,89;0;0;;;;;;;;;
;;;1905;8:00:00;1586,25;1,7682534;0;51,22;59,06;524,4928;307,32;307,32;0;25061;1278,93;0;0;;;;;;;;;
;;;1906;9:00:00;103,3;2,268728;0;59,46;68,54;608,8704;356,76;356,76;253,46;25314;0;0;0;;;;;;;;;
;;;1907;10:00:00;52;2,229295;0;210,26;241,31;2153,0624;1261,56;1261,56;1209,56;26524;0;0;0;;;;;;;;;
;;;1908;11:00:00;52;3,0742013;0;361,8;378,36;3704,832;2170,8;2170,8;2118,8;28643;0;0;0;;;;;;;;;
;;;1909;12:00:00;52;3,4323761;0;674,86;393,91;6910,5664;4049,16;4049,16;3997,16;32640;0;0;0;;;;;;;;;
;;;1910;13:00:00;2788;4,0859075;0;359,29;378,87;3679,1296;2155,74;2155,74;0;32007;632,26;0;0;;;;;;;;;
;;;1911;14:00:00;362;4,575635;0;175,62;202,46;1798,3488;1053,72;1053,72;691,72;32699;0;0;0;;;;;;;;;
;;;1912;15:00:00;492;4,45263;0;317,61;353,61;3252,3264;1905,66;1905,66;1413,66;34113;0;0;0;;;;;;;;;
;;;1913;16:00:00;52;4,112831;0;128,31;148,43;1313,8944;769,86;769,86;717,86;34831;0;0;0;;;;;;;;;
;;;1914;17:00:00;52;3,372012;0;108,9;147,49;1115,136;653,4;653,4;601,4;35432;0;0;0;;;;;;;;;
;;;1915;18:00:00;468;2,8317518;0;0;0;0;0;0;0;34964;468;0;0;;;;;;;;;
;;;1916;19:00:00;2181,25;2,8731265;0;0;0;0;0;0;0;32783;2181,25;0;0;;;;;;;;;
;;;1917;20:00:00;2545,25;3,2015915;0;0;0;0;0;0;0;30238;2545,25;0;0;;;;;;;;;
;;;1918;21:00:00;3512,95;2,919052;0;0;0;0;0;0;0;26725;3512,95;0;0;;;;;;;;;
;;;1919;22:00:00;591,25;2,2747211;0;0;0;0;0;0;0;26133;591,25;0;0;;;;;;;;;
;;;1920;23:00:00;781,25;2,3841138;0;0;0;0;0;0;0;25352;781,25;0;0;;;;;;;;;
;;Jueves;1921;0:00:00;637,5;2,34994;0;0;0;0;0;0;0;24715;637,5;0;0;;;;;;;;;
;;;1922;1:00:00;52;2,9298272;0;0;0;0;0;0;0;24663;52;0;0;;;;;;;;;
;;;1923;2:00:00;52;3,4238088;0;0;0;0;0;0;0;24611;52;0;0;;;;;;;;;
;;;1924;3:00:00;52;3,493428;0;0;0;0;0;0;0;24559;52;0;0;;;;;;;;;
;;;1925;4:00:00;52;4,0460873;0;0;0;0;0;0;0;24507;52;0;0;;;;;;;;;
;;;1926;5:00:00;52;4,5189614;0;0;0;0;0;0;0;24455;52;0;0;;;;;;;;;
;;;1927;6:00:00;1027,05;3,9593277;0;0;0;0;0;0;0;23428;1027,05;0;0;;;;;;;;;
;;;1928;7:00:00;1716,25;2,802765;0;31,1;35,85;318,464;186,6;186,6;0;21898;1529,65;0;0;;;;;;;;;
;;;1929;8:00:00;1586,25;2,9986687;0;189,05;367,68;1935,872;1134,3;1134,3;0;21446;451,95;0;0;;;;;;;;;
;;;1930;9:00:00;103,3;4,4938874;0;390,74;552,75;4001,1776;2344,44;2344,44;2241,14;23687;0;0;0;;;;;;;;;
;;;1931;10:00:00;52;5,2650013;0;647,46;586,17;6629,9904;3884,76;3884,76;3832,76;27520;0;0;0;;;;;;;;;
;;;1932;11:00:00;52;5,060221;0;822,64;444,21;8423,8336;4935,84;4935,84;4883,84;32404;0;0;0;;;;;;;;;
;;;1933;12:00:00;52;4,2144866;0;994,46;197,91;10183,2704;5966,76;5966,76;5914,76;38318;0;0;4233,2;;;;;;;;;
;;;1934;13:00:00;2788;4,304105;0;933,62;484,76;9560,2688;5601,72;5601,72;2813,72;40000;0;0;2813,72;;;;;;;;;
;;;1935;14:00:00;362;4,618959;0;893,54;656,09;9149,8496;5361,24;5361,24;4999,24;40000;0;0;4999,24;;;;;;;;;
;;;1936;15:00:00;492;4,354741;0;893,49;848,01;9149,3376;5360,94;5360,94;4868,94;40000;0;0;4868,94;;;;;;;;;
;;;1937;16:00:00;52;3,6057594;0;702;941,68;7188,48;4212;4212;4160;40000;0;0;4160;;;;;;;;;
;;;1938;17:00:00;52;2,894619;0;448,6;902,63;4593,664;2691,6;2691,6;2639,6;40000;0;0;2639,6;;;;;;;;;
;;;1939;18:00:00;468;2,2534368;0;17,1;18,24;175,104;102,6;102,6;0;39635;365,4;0;0;;;;;;;;;
;;;1940;19:00:00;2181,25;1,6433102;0;0;0;0;0;0;0;37453;2181,25;0;0;;;;;;;;;
;;;1941;20:00:00;2545,25;1,4603076;0;0;0;0;0;0;0;34908;2545,25;0;0;;;;;;;;;
;;;1942;21:00:00;3512,95;1,5012413;0;0;0;0;0;0;0;31395;3512,95;0;0;;;;;;;;;
;;;1943;22:00:00;591,25;0,95796746;0;0;0;0;0;0;0;30804;591,25;0;0;;;;;;;;;
;;;1944;23:00:00;781,25;1,3198183;0;0;0;0;0;0;0;30023;781,25;0;0;;;;;;;;;
;;Viernes;1945;0:00:00;637,5;1,3884476;0;0;0;0;0;0;0;29385;637,5;0;0;;;;;;;;;
;;;1946;1:00:00;52;1,3811543;0;0;0;0;0;0;0;29333;52;0;0;;;;;;;;;
;;;1947;2:00:00;52;1,4130005;0;0;0;0;0;0;0;29281;52;0;0;;;;;;;;;
;;;1948;3:00:00;52;1,382573;0;0;0;0;0;0;0;29229;52;0;0;;;;;;;;;
;;;1949;4:00:00;52;1,4868782;0;0;0;0;0;0;0;29177;52;0;0;;;;;;;;;
;;;1950;5:00:00;52;1,4859271;0;0;0;0;0;0;0;29125;52;0;0;;;;;;;;;
;;;1951;6:00:00;1027,05;1,332927;0;0;0;0;0;0;0;28098;1027,05;0;0;;;;;;;;;
;;;1952;7:00:00;1716,25;1,4089593;0;30,19;34,8;309,1456;181,14;181,14;0;26563;1535,11;0;0;;;;;;;;;
;;;1953;8:00:00;1586,25;0,923881;0;148;209,74;1515,52;888;888;0;25865;698,25;0;0;;;;;;;;;
;;;1954;9:00:00;103,3;0,78710467;0;225,21;270,58;2306,1504;1351,26;1351,26;1247,96;27113;0;0;0;;;;;;;;;
;;;1955;10:00:00;52;0,7365134;0;160,99;185,6;1648,5376;965,94;965,94;913,94;28027;0;0;0;;;;;;;;;
;;;1956;11:00:00;52;1,376939;0;202,15;233,05;2070,016;1212,9;1212,9;1160,9;29188;0;0;0;;;;;;;;;
;;;1957;12:00:00;52;2,2129424;0;388,44;387,93;3977,6256;2330,64;2330,64;2278,64;31466;0;0;0;;;;;;;;;
;;;1958;13:00:00;2788;2,835768;0;631,51;494,6;6466,6624;3789,06;3789,06;1001,06;32467;0;0;0;;;;;;;;;
;;;1959;14:00:00;362;3,3064005;0;251,48;285,67;2575,1552;1508,88;1508,88;1146,88;33614;0;0;0;;;;;;;;;
;;;1960;15:00:00;492;3,4756684;0;428,92;466,33;4392,1408;2573,52;2573,52;2081,52;35696;0;0;0;;;;;;;;;
;;;1961;16:00:00;52;3,4227314;0;33,84;39,01;346,5216;203,04;203,04;151,04;35847;0;0;0;;;;;;;;;
;;;1962;17:00:00;52;2,7744744;0;32,01;36,91;327,7824;192,06;192,06;140,06;35987;0;0;0;;;;;;;;;
;;;1963;18:00:00;468;1,4614275;0;17,95;19,16;183,808;107,7;107,7;0;35626;360,3;0;0;;;;;;;;;
;;;1964;19:00:00;2181,25;1,6279339;0;0;0;0;0;0;0;33445;2181,25;0;0;;;;;;;;;
;;;1965;20:00:00;2545,25;1,434543;0;0;0;0;0;0;0;30900;2545,25;0;0;;;;;;;;;
;;;1966;21:00:00;3512,95;1,2378426;0;0;0;0;0;0;0;27387;3512,95;0;0;;;;;;;;;
;;;1967;22:00:00;591,25;1,3592889;0;0;0;0;0;0;0;26796;591,25;0;0;;;;;;;;;
;;;1968;23:00:00;781,25;1,5227575;0;0;0;0;0;0;0;26014;781,25;0;0;;;;;;;;;
;;Sábado;1969;0:00:00;723;1,4126865;0;0;0;0;0;0;0;25291;723;0;0;;;;;;;;;
;;;1970;1:00:00;362;1,2830163;0;0;0;0;0;0;0;24929;362;0;0;;;;;;;;;
;;;1971;2:00:00;52;1,169315;0;0;0;0;0;0;0;24877;52;0;0;;;;;;;;;
;;;1972;3:00:00;52;1,2208152;0;0;0;0;0;0;0;24825;52;0;0;;;;;;;;;
;;;1973;4:00:00;52;1,3375279;0;0;0;0;0;0;0;24773;52;0;0;;;;;;;;;
;;;1974;5:00:00;52;1,3721673;0;0;0;0;0;0;0;24721;52;0;0;;;;;;;;;
;;;1975;6:00:00;382,5;1,3097545;0;0;0;0;0;0;0;24339;382,5;0;0;;;;;;;;;
;;;1976;7:00:00;1491,25;1,8010911;0;56,48;191,53;578,3552;338,88;338,88;0;23187;1152,37;0;0;;;;;;;;;
;;;1977;8:00:00;1286,25;1,362662;0;236,49;637,21;2421,6576;1418,94;1418,94;132,69;23319;0;0;0;;;;;;;;;
;;;1978;9:00:00;1301,55;1,1371473;0;487,48;709,39;4991,7952;2924,88;2924,88;1623,33;24943;0;0;0;;;;;;;;;
;;;1979;10:00:00;1676,25;1,5083113;0;726,94;608,05;7443,8656;4361,64;4361,64;2685,39;27628;0;0;0;;;;;;;;;
;;;1980;11:00:00;232;2,4159696;0;924,98;409,83;9471,7952;5549,88;5549,88;5317,88;32946;0;0;0;;;;;;;;;
;;;1981;12:00:00;52;3,0370562;0;1053,15;173,35;10784,256;6318,9;6318,9;6266,9;39213;0;0;5479,71;;;;;;;;;
;;;1982;13:00:00;2755;3,6408067;0;1093,05;443,6;11192,832;6558,3;6558,3;3803,3;40000;0;0;3803,3;;;;;;;;;
;;;1983;14:00:00;2642;4,0719376;0;1053,99;687,45;10792,8576;6323,94;6323,94;3681,94;40000;0;0;3681,94;;;;;;;;;
;;;1984;15:00:00;492;4,052843;0;918,24;869,77;9402,7776;5509,44;5509,44;5017,44;40000;0;0;5017,44;;;;;;;;;
;;;1985;16:00:00;52;3,6534145;0;744,32;999,58;7621,8368;4465,92;4465,92;4413,92;40000;0;0;4413,92;;;;;;;;;
;;;1986;17:00:00;52;2,4101052;0;483,09;983,61;4946,8416;2898,54;2898,54;2846,54;40000;0;0;2846,54;;;;;;;;;
;;;1987;18:00:00;598;1,2802006;0;18,81;20,06;192,6144;112,86;112,86;0;39515;485,14;0;0;;;;;;;;;
;;;1988;19:00:00;622;1,2299746;0;0;0;0;0;0;0;38893;622;0;0;;;;;;;;;
;;;1989;20:00:00;2365,25;1,1700726;0;0;0;0;0;0;0;36528;2365,25;0;0;;;;;;;;;
;;;1990;21:00:00;4621,25;1,4554474;0;0;0;0;0;0;0;31906;4621,25;0;0;;;;;;;;;
;;;1991;22:00:00;591,25;1,5878367;0;0;0;0;0;0;0;31315;591,25;0;0;;;;;;;;;
;;;1992;23:00:00;781,25;1,4306599;0;0;0;0;0;0;0;30534;781,25;0;0;;;;;;;;;
;;Domingo;1993;0:00:00;723;0,9440665;0;0;0;0;0;0;0;29811;723;0;0;;;;;;;;;
;;;1994;1:00:00;362;1,0458987;0;0;0;0;0;0;0;29449;362;0;0;;;;;;;;;
;;;1995;2:00:00;52;0,59090894;0;0;0;0;0;0;0;29397;52;0;0;;;;;;;;;
;;;1996;3:00:00;52;0,5008522;0;0;0;0;0;0;0;29345;52;0;0;;;;;;;;;
;;;1997;4:00:00;52;1,1475127;0;0;0;0;0;0;0;29293;52;0;0;;;;;;;;;
;;;1998;5:00:00;52;1,3636465;0;0;0;0;0;0;0;29241;52;0;0;;;;;;;;;
;;;1999;6:00:00;382,5;1,4693115;0;0;0;0;0;0;0;28858;382,5;0;0;;;;;;;;;
;;;2000;7:00:00;1491,25;1,4271419;0;34,76;40,07;355,9424;208,56;208,56;0;27576;1282,69;0;0;;;;;;;;;
;;;2001;8:00:00;1286,25;1,3866684;0;113,73;136,5;1164,5952;682,38;682,38;0;26972;603,87;0;0;;;;;;;;;
;;;2002;9:00:00;1301,55;2,1037657;0;127,14;146,57;1301,9136;762,84;762,84;0;26433;538,71;0;0;;;;;;;;;
;;;2003;10:00:00;1676,25;3,5803251;0;183,86;211,96;1882,7264;1103,16;1103,16;0;25860;573,09;0;0;;;;;;;;;
;;;2004;11:00:00;232;3,5485306;0;117,08;134,98;1198,8992;702,48;702,48;470,48;26330;0;0;0;;;;;;;;;
;;;2005;12:00:00;52;3,6697497;0;707,84;404,04;7248,2816;4247,04;4247,04;4195,04;30526;0;0;0;;;;;;;;;
;;;2006;13:00:00;2755;3,9355578;0;953,65;491,56;9765,376;5721,9;5721,9;2966,9;33492;0;0;0;;;;;;;;;
;;;2007;14:00:00;2642;4,033943;0;737,72;615,68;7554,2528;4426,32;4426,32;1784,32;35277;0;0;0;;;;;;;;;
;;;2008;15:00:00;492;4,0887294;0;538,09;573,25;5510,0416;3228,54;3228,54;2736,54;38013;0;0;749,82;;;;;;;;;
;;;2009;16:00:00;52;3,6908119;0;662,78;896,32;6786,8672;3976,68;3976,68;3924,68;40000;0;0;3924,68;;;;;;;;;
;;;2010;17:00:00;52;3,4010818;0;417,55;835,3;4275,712;2505,3;2505,3;2453,3;40000;0;0;2453,3;;;;;;;;;
;;;2011;18:00:00;598;3,0010972;0;20,52;21,88;210,1248;123,12;123,12;0;39525;474,88;0;0;;;;;;;;;
;;;2012;19:00:00;622;2,163947;0;0;0;0;0;0;0;38903;622;0;0;;;;;;;;;
;;;2013;20:00:00;2365,25;1,3792155;0;0;0;0;0;0;0;36538;2365,25;0;0;;;;;;;;;
;;;2014;21:00:00;4621,25;1,2309474;0;0;0;0;0;0;0;31917;4621,25;0;0;;;;;;;;;
;;;2015;22:00:00;591,25;1,915648;0;0;0;0;0;0;0;31325;591,25;0;0;;;;;;;;;
;;;2016;23:00:00;781,25;2,2724462;0;0;0;0;0;0;0;30544;781,25;0;0;;;;;;;;;
;13;Lunes;2017;0:00:00;637,5;2,2873485;0;0;0;0;0;0;0;29907;637,5;0;0;;;;;;;;;
;;;2018;1:00:00;52;2,295405;0;0;0;0;0;0;0;29855;52;0;0;;;;;;;;;
;;;2019;2:00:00;52;1,4346437;0;0;0;0;0;0;0;29803;52;0;0;;;;;;;;;
;;;2020;3:00:00;52;1,4686463;0;0;0;0;0;0;0;29751;52;0;0;;;;;;;;;
;;;2021;4:00:00;52;1,490801;0;0;0;0;0;0;0;29699;52;0;0;;;;;;;;;
;;;2022;5:00:00;52;1,1160785;0;0;0;0;0;0;0;29647;52;0;0;;;;;;;;;
;;;2023;6:00:00;1027,05;1,0645324;0;0;0;0;0;0;0;28620;1027,05;0;0;;;;;;;;;
;;;2024;7:00:00;1716,25;1,1324984;0;51,39;73,92;526,2336;308,34;308,34;0;27212;1407,91;0;0;;;;;;;;;
;;;2025;8:00:00;1586,25;1,0378914;0;159,6;229,18;1634,304;957,6;957,6;0;26583;628,65;0;0;;;;;;;;;
;;;2026;9:00:00;103,3;0,93423474;0;339,07;448,9;3472,0768;2034,42;2034,42;1931,12;28514;0;0;0;;;;;;;;;
;;;2027;10:00:00;52;1,9037997;0;717,62;603,74;7348,4288;4305,72;4305,72;4253,72;32768;0;0;0;;;;;;;;;
;;;2028;11:00:00;52;1,8594681;0;879,23;426,18;9003,3152;5275,38;5275,38;5223,38;37991;0;0;3214,61;;;;;;;;;
;;;2029;12:00:00;52;1,8502171;0;585,2;431,35;5992,448;3511,2;3511,2;3459,2;40000;0;0;3459,2;;;;;;;;;
;;;2030;13:00:00;2788;2,1626732;0;127,14;146,57;1301,9136;762,84;762,84;0;37975;2025,16;0;0;;;;;;;;;
;;;2031;14:00:00;362;3,0354767;0;85,98;99,12;880,4352;515,88;515,88;153,88;38129;0;0;0;;;;;;;;;
;;;2032;15:00:00;492;3,9721437;0;242,81;276,8;2486,3744;1456,86;1456,86;964,86;39094;0;0;58,44;;;;;;;;;
;;;2033;16:00:00;52;4,1402397;0;58,54;67,48;599,4496;351,24;351,24;299,24;39393;0;0;0;;;;;;;;;
;;;2034;17:00:00;52;3,466904;0;22,87;26,36;234,1888;137,22;137,22;85,22;39478;0;0;0;;;;;;;;;
;;;2035;18:00:00;468;3,5859313;0;15,39;16,42;157,5936;92,34;92,34;0;39102;375,66;0;0;;;;;;;;;
;;;2036;19:00:00;2181,25;2,6890385;0;0;0;0;0;0;0;36921;2181,25;0;0;;;;;;;;;
;;;2037;20:00:00;2545,25;2,1323118;0;0;0;0;0;0;0;34376;2545,25;0;0;;;;;;;;;
;;;2038;21:00:00;3512,95;1,4004579;0;0;0;0;0;0;0;30863;3512,95;0;0;;;;;;;;;
;;;2039;22:00:00;591,25;0,24018538;0;0;0;0;0;0;0;30272;591,25;0;0;;;;;;;;;
;;;2040;23:00:00;781,25;0,72648966;0;0;0;0;0;0;0;29490;781,25;0;0;;;;;;;;;
;;Martes;2041;0:00:00;637,5;0,77489555;0;0;0;0;0;0;0;28853;637,5;0;0;;;;;;;;;
;;;2042;1:00:00;52;0,86528397;0;0;0;0;0;0;0;28801;52;0;0;;;;;;;;;
;;;2043;2:00:00;52;2,2014577;0;0;0;0;0;0;0;28749;52;0;0;;;;;;;;;
;;;2044;3:00:00;52;3,9260287;0;0;0;0;0;0;0;28697;52;0;0;;;;;;;;;
;;;2045;4:00:00;52;5,6129246;0;0;0;0;0;0;0;28645;52;0;0;;;;;;;;;
;;;2046;5:00:00;52;5,5287156;0;0;0;0;0;0;0;28593;52;0;0;;;;;;;;;
;;;2047;6:00:00;1027,05;5,7923946;0;0;0;0;0;0;0;27566;1027,05;0;0;;;;;;;;;
;;;2048;7:00:00;1716,25;6,312668;0;52,42;449,04;536,7808;314,52;314,52;0;26164;1401,73;0;0;;;;;;;;;
;;;2049;8:00:00;1586,25;6,445681;0;258,25;717,2;2644,48;1549,5;1549,5;0;26127;36,75;0;0;;;;;;;;;
;;;2050;9:00:00;103,3;6,252576;0;507,86;732,23;5200,4864;3047,16;3047,16;2943,86;29071;0;0;0;;;;;;;;;
;;;2051;10:00:00;52;6,3633404;0;743,46;616,54;7613,0304;4460,76;4460,76;4408,76;33480;0;0;0;;;;;;;;;
;;;2052;11:00:00;52;6,5740976;0;930,74;416,43;9530,7776;5584,44;5584,44;5532,44;39012;0;0;4544,9;;;;;;;;;
;;;2053;12:00:00;52;6,571012;0;1044,69;198,34;10697,6256;6268,14;6268,14;6216,14;40000;0;0;6216,14;;;;;;;;;
;;;2054;13:00:00;2788;6,606176;0;1102,37;456,99;11288,2688;6614,22;6614,22;3826,22;40000;0;0;3826,22;;;;;;;;;
;;;2055;14:00:00;362;7,571376;0;1067,37;701,07;10929,8688;6404,22;6404,22;6042,22;40000;0;0;6042,22;;;;;;;;;
;;;2056;15:00:00;492;7,51014;0;930,26;886,25;9525,8624;5581,56;5581,56;5089,56;40000;0;0;5089,56;;;;;;;;;
;;;2057;16:00:00;52;8,375489;0;734,92;994,32;7525,5808;4409,52;4409,52;4357,52;40000;0;0;4357,52;;;;;;;;;
;;;2058;17:00:00;52;8,524541;0;417,06;834,51;4270,6944;2502,36;2502,36;2450,36;40000;0;0;2450,36;;;;;;;;;
;;;2059;18:00:00;468;7,77664;0;22,23;23,72;227,6352;133,38;133,38;0;39665;334,62;0;0;;;;;;;;;
;;;2060;19:00:00;2181,25;6,620506;0;0;0;0;0;0;0;37484;2181,25;0;0;;;;;;;;;
;;;2061;20:00:00;2545,25;5,989679;0;0;0;0;0;0;0;34939;2545,25;0;0;;;;;;;;;
;;;2062;21:00:00;3512,95;5,6878386;0;0;0;0;0;0;0;31426;3512,95;0;0;;;;;;;;;
;;;2063;22:00:00;591,25;5,0090575;0;0;0;0;0;0;0;30835;591,25;0;0;;;;;;;;;
;;;2064;23:00:00;781,25;5,086774;0;0;0;0;0;0;0;30053;781,25;0;0;;;;;;;;;
;;Miércoles;2065;0:00:00;637,5;5,5232773;0;0;0;0;0;0;0;29416;637,5;0;0;;;;;;;;;
;;;2066;1:00:00;52;5,4696884;0;0;0;0;0;0;0;29364;52;0;0;;;;;;;;;
;;;2067;2:00:00;52;5,6990633;0;0;0;0;0;0;0;29312;52;0;0;;;;;;;;;
;;;2068;3:00:00;52;6,529156;0;0;0;0;0;0;0;29260;52;0;0;;;;;;;;;
;;;2069;4:00:00;52;6,559424;0;0;0;0;0;0;0;29208;52;0;0;;;;;;;;;
;;;2070;5:00:00;52;6,6605124;0;0;0;0;0;0;0;29156;52;0;0;;;;;;;;;
;;;2071;6:00:00;1027,05;6,759387;0;0;0;0;0;0;0;28129;1027,05;0;0;;;;;;;;;
;;;2072;7:00:00;1716,25;6,3459105;0;67,19;232,43;688,0256;403,14;403,14;0;26816;1313,11;0;0;;;;;;;;;
;;;2073;8:00:00;1586,25;7,3155384;0;173,78;261,22;1779,5072;1042,68;1042,68;0;26272;543,57;0;0;;;;;;;;;
;;;2074;9:00:00;103,3;9,088228;0;339,08;444,55;3472,1792;2034,48;2034,48;1931,18;28203;0;0;0;;;;;;;;;
;;;2075;10:00:00;52;8,828811;0;475,49;494,91;4869,0176;2852,94;2852,94;2800,94;31004;0;0;0;;;;;;;;;
;;;2076;11:00:00;52;9,281447;0;783,67;476,73;8024,7808;4702,02;4702,02;4650,02;35654;0;0;304,36;;;;;;;;;
;;;2077;12:00:00;52;8,820621;0;140,86;162,39;1442,4064;845,16;845,16;793,16;36448;0;0;0;;;;;;;;;
;;;2078;13:00:00;2788;9,208049;0;184,77;213,01;1892,0448;1108,62;1108,62;0;34768;1679,38;0;0;;;;;;;;;
;;;2079;14:00:00;362;8,791605;0;867,98;669,19;8888,1152;5207,88;5207,88;4845,88;39614;0;0;4459,88;;;;;;;;;
;;;2080;15:00:00;492;10,186482;0;513,4;553,42;5257,216;3080,4;3080,4;2588,4;40000;0;0;2588,4;;;;;;;;;
;;;2081;16:00:00;52;9,729952;0;722,05;978,84;7393,792;4332,3;4332,3;4280,3;40000;0;0;4280,3;;;;;;;;;
;;;2082;17:00:00;52;8,629501;0;489,41;1006,27;5011,5584;2936,46;2936,46;2884,46;40000;0;0;2884,46;;;;;;;;;
;;;2083;18:00:00;468;8,586227;0;22,23;23,72;227,6352;133,38;133,38;0;39665;334,62;0;0;;;;;;;;;
;;;2084;19:00:00;2181,25;8,043137;0;0;0;0;0;0;0;37484;2181,25;0;0;;;;;;;;;
;;;2085;20:00:00;2545,25;8,075031;0;0;0;0;0;0;0;34939;2545,25;0;0;;;;;;;;;
;;;2086;21:00:00;3512,95;7,836331;0;0;0;0;0;0;0;31426;3512,95;0;0;;;;;;;;;
;;;2087;22:00:00;591,25;8,204399;0;0;0;0;0;0;0;30835;591,25;0;0;;;;;;;;;
;;;2088;23:00:00;781,25;8,361644;0;0;0;0;0;0;0;30053;781,25;0;0;;;;;;;;;
;;Jueves;2089;0:00:00;637,5;8,282835;0;0;0;0;0;0;0;29416;637,5;0;0;;;;;;;;;
;;;2090;1:00:00;52;7,429143;0;0;0;0;0;0;0;29364;52;0;0;;;;;;;;;
;;;2091;2:00:00;52;6,571533;0;0;0;0;0;0;0;29312;52;0;0;;;;;;;;;
;;;2092;3:00:00;52;6,051678;0;0;0;0;0;0;0;29260;52;0;0;;;;;;;;;
;;;2093;4:00:00;52;5,63806;0;0;0;0;0;0;0;29208;52;0;0;;;;;;;;;
;;;2094;5:00:00;52;5,16864;0;0;0;0;0;0;0;29156;52;0;0;;;;;;;;;
;;;2095;6:00:00;1027,05;4,723332;0;0;0;0;0;0;0;28129;1027,05;0;0;;;;;;;;;
;;;2096;7:00:00;1716,25;4,6242986;0;63,83;346,88;653,6192;382,98;382,98;0;26796;1333,27;0;0;;;;;;;;;
;;;2097;8:00:00;1586,25;4,756683;0;154,62;206,82;1583,3088;927,72;927,72;0;26137;658,53;0;0;;;;;;;;;
;;;2098;9:00:00;103,3;5,7024236;0;446,07;633,43;4567,7568;2676,42;2676,42;2573,12;28710;0;0;0;;;;;;;;;
;;;2099;10:00:00;52;5,034795;0;713,91;604,73;7310,4384;4283,46;4283,46;4231,46;32942;0;0;0;;;;;;;;;
;;;2100;11:00:00;52;6,354344;0;912,64;416,63;9345,4336;5475,84;5475,84;5423,84;38366;0;0;3789,34;;;;;;;;;
;;;2101;12:00:00;52;5,692326;0;890,15;327,57;9115,136;5340,9;5340,9;5288,9;40000;0;0;5288,9;;;;;;;;;
;;;2102;13:00:00;2788;5,5106554;0;1041,98;474,37;10669,8752;6251,88;6251,88;3463,88;40000;0;0;3463,88;;;;;;;;;
;;;2103;14:00:00;362;5,6254916;0;969,73;690,06;9930,0352;5818,38;5818,38;5456,38;40000;0;0;5456,38;;;;;;;;;
;;;2104;15:00:00;492;5,6062055;0;464,08;506,12;4752,1792;2784,48;2784,48;2292,48;40000;0;0;2292,48;;;;;;;;;
;;;2105;16:00:00;52;5,1020722;0;592,53;806,17;6067,5072;3555,18;3555,18;3503,18;40000;0;0;3503,18;;;;;;;;;
;;;2106;17:00:00;52;3,754035;0;186,93;299,11;1914,1632;1121,58;1121,58;1069,58;40000;0;0;1069,58;;;;;;;;;
;;;2107;18:00:00;468;2,5624917;0;25,65;27,36;262,656;153,9;153,9;0;39686;314,1;0;0;;;;;;;;;
;;;2108;19:00:00;2181,25;2,5408576;0;0;0;0;0;0;0;37505;2181,25;0;0;;;;;;;;;
;;;2109;20:00:00;2545,25;2,3511593;0;0;0;0;0;0;0;34959;2545,25;0;0;;;;;;;;;
;;;2110;21:00:00;3512,95;2,4316285;0;0;0;0;0;0;0;31446;3512,95;0;0;;;;;;;;;
;;;2111;22:00:00;591,25;2,5507991;0;0;0;0;0;0;0;30855;591,25;0;0;;;;;;;;;
;;;2112;23:00:00;781,25;2,5734396;0;0;0;0;0;0;0;30074;781,25;0;0;;;;;;;;;
;;Viernes;2113;0:00:00;637,5;2,5708299;0;0;0;0;0;0;0;29436;637,5;0;0;;;;;;;;;
;;;2114;1:00:00;52;2,2024555;0;0;0;0;0;0;0;29384;52;0;0;;;;;;;;;
;;;2115;2:00:00;52;2,0548925;0;0;0;0;0;0;0;29332;52;0;0;;;;;;;;;
;;;2116;3:00:00;52;2,13726;0;0;0;0;0;0;0;29280;52;0;0;;;;;;;;;
;;;2117;4:00:00;52;1,9978116;0;0;0;0;0;0;0;29228;52;0;0;;;;;;;;;
;;;2118;5:00:00;52;1,9238169;0;0;0;0;0;0;0;29176;52;0;0;;;;;;;;;
;;;2119;6:00:00;1027,05;1,6478387;0;0;0;0;0;0;0;28149;1027,05;0;0;;;;;;;;;
;;;2120;7:00:00;1716,25;1,4686186;0;70,61;261,72;723,0464;423,66;423,66;0;26857;1292,59;0;0;;;;;;;;;
;;;2121;8:00:00;1586,25;1,3190032;0;259,81;699,09;2660,4544;1558,86;1558,86;0;26829;27,39;0;0;;;;;;;;;
;;;2122;9:00:00;103,3;2,1337285;0;497,51;710,96;5094,5024;2985,06;2985,06;2881,76;29711;0;0;0;;;;;;;;;
;;;2123;10:00:00;52;2,2165308;0;722,52;605,54;7398,6048;4335,12;4335,12;4283,12;33994;0;0;0;;;;;;;;;
;;;2124;11:00:00;52;3,808677;0;906,12;416,91;9278,6688;5436,72;5436,72;5384,72;39379;0;0;4763,74;;;;;;;;;
;;;2125;12:00:00;52;5,335706;0;1025,44;208,64;10500,5056;6152,64;6152,64;6100,64;40000;0;0;6100,64;;;;;;;;;
;;;2126;13:00:00;2788;6,5589;0;1066,52;462,89;10921,1648;6399,12;6399,12;3611,12;40000;0;0;3611,12;;;;;;;;;
;;;2127;14:00:00;362;7,4770164;0;989,84;691,38;10135,9616;5939,04;5939,04;5577,04;40000;0;0;5577,04;;;;;;;;;
;;;2128;15:00:00;492;6,211196;0;902,38;869,95;9240,3712;5414,28;5414,28;4922,28;40000;0;0;4922,28;;;;;;;;;
;;;2129;16:00:00;52;5,1789036;0;704,48;959,57;7213,8752;4226,88;4226,88;4174,88;40000;0;0;4174,88;;;;;;;;;
;;;2130;17:00:00;52;6,2222223;0;432,25;876,9;4426,24;2593,5;2593,5;2541,5;40000;0;0;2541,5;;;;;;;;;
;;;2131;18:00:00;468;6,323442;0;26,5;28,28;271,36;159;159;0;39691;309;0;0;;;;;;;;;
;;;2132;19:00:00;2181,25;5,016196;0;0;0;0;0;0;0;37510;2181,25;0;0;;;;;;;;;
;;;2133;20:00:00;2545,25;5,3804297;0;0;0;0;0;0;0;34965;2545,25;0;0;;;;;;;;;
;;;2134;21:00:00;3512,95;5,4480877;0;0;0;0;0;0;0;31452;3512,95;0;0;;;;;;;;;
;;;2135;22:00:00;591,25;4,159841;0;0;0;0;0;0;0;30860;591,25;0;0;;;;;;;;;
;;;2136;23:00:00;781,25;3,7750711;0;0;0;0;0;0;0;30079;781,25;0;0;;;;;;;;;
;;Sábado;2137;0:00:00;723;4,2523403;0;0;0;0;0;0;0;29356;723;0;0;;;;;;;;;
;;;2138;1:00:00;362;5,028102;0;0;0;0;0;0;0;28994;362;0;0;;;;;;;;;
;;;2139;2:00:00;52;4,1565824;0;0;0;0;0;0;0;28942;52;0;0;;;;;;;;;
;;;2140;3:00:00;52;3,1224809;0;0;0;0;0;0;0;28890;52;0;0;;;;;;;;;
;;;2141;4:00:00;52;2,8750842;0;0;0;0;0;0;0;28838;52;0;0;;;;;;;;;
;;;2142;5:00:00;52;2,7793834;0;0;0;0;0;0;0;28786;52;0;0;;;;;;;;;
;;;2143;6:00:00;382,5;2,7460637;0;0;0;0;0;0;0;28404;382,5;0;0;;;;;;;;;
;;;2144;7:00:00;1491,25;2,827961;0;59,18;494,27;606,0032;355,08;355,08;0;27267;1136,17;0;0;;;;;;;;;
;;;2145;8:00:00;1286,25;2,3957922;0;261,06;693,24;2673,2544;1566,36;1566,36;280,11;27547;0;0;0;;;;;;;;;
;;;2146;9:00:00;1301,55;2,3545737;0;494,8;705,36;5066,752;2968,8;2968,8;1667,25;29215;0;0;0;;;;;;;;;
;;;2147;10:00:00;1676,25;2,855152;0;732,01;608,98;7495,7824;4392,06;4392,06;2715,81;31931;0;0;0;;;;;;;;;
;;;2148;11:00:00;232;3,4157395;0;885,11;434,77;9063,5264;5310,66;5310,66;5078,66;37009;0;0;2087,87;;;;;;;;;
;;;2149;12:00:00;52;3,6744103;0;1018,8;220,34;10432,512;6112,8;6112,8;6060,8;40000;0;0;6060,8;;;;;;;;;
;;;2150;13:00:00;2755;3,459903;0;1072,35;466,24;10980,864;6434,1;6434,1;3679,1;40000;0;0;3679,1;;;;;;;;;
;;;2151;14:00:00;2642;3,890569;0;1023,16;695,7;10477,1584;6138,96;6138,96;3496,96;40000;0;0;3496,96;;;;;;;;;
;;;2152;15:00:00;492;4,8465123;0;906,37;874,7;9281,2288;5438,22;5438,22;4946,22;40000;0;0;4946,22;;;;;;;;;
;;;2153;16:00:00;52;4,1469607;0;724,17;987,22;7415,5008;4345,02;4345,02;4293,02;40000;0;0;4293,02;;;;;;;;;
;;;2154;17:00:00;52;2,3916242;0;336,57;646,96;3446,4768;2019,42;2019,42;1967,42;40000;0;0;1967,42;;;;;;;;;
;;;2155;18:00:00;598;1,7820587;0;26,5;28,28;271,36;159;159;0;39561;439;0;0;;;;;;;;;
;;;2156;19:00:00;622;1,7996495;0;0;0;0;0;0;0;38939;622;0;0;;;;;;;;;
;;;2157;20:00:00;2365,25;2,433573;0;0;0;0;0;0;0;36574;2365,25;0;0;;;;;;;;;
;;;2158;21:00:00;4621,25;2,39137;0;0;0;0;0;0;0;31953;4621,25;0;0;;;;;;;;;
;;;2159;22:00:00;591,25;3,238504;0;0;0;0;0;0;0;31361;591,25;0;0;;;;;;;;;
;;;2160;23:00:00;781,25;3,5200958;0;0;0;0;0;0;0;30580;781,25;0;0;;;;;;;;;
Abril;;Domingo;2161;0:00:00;723;3,683728;0;0;0;0;0;0;0;29857;723;0;0;;;;;;;;;
;;;2162;1:00:00;362;4,3406873;0;0;0;0;0;0;0;29495;362;0;0;;;;;;;;;
;;;2163;2:00:00;52;4,645998;0;0;0;0;0;0;0;29443;52;0;0;;;;;;;;;
;;;2164;3:00:00;52;3,8270106;0;0;0;0;0;0;0;29391;52;0;0;;;;;;;;;
;;;2165;4:00:00;52;3,6156175;0;0;0;0;0;0;0;29339;52;0;0;;;;;;;;;
;;;2166;5:00:00;52;3,29373;0;0;0;0;0;0;0;29287;52;0;0;;;;;;;;;
;;;2167;6:00:00;382,5;2,5642345;0;0;0;0;0;0;0;28905;382,5;0;0;;;;;;;;;
;;;2168;7:00:00;1491,25;1,6430602;0;42,08;48,51;430,8992;252,48;252,48;0;27666;1238,77;0;0;;;;;;;;;
;;;2169;8:00:00;1286,25;0,8688913;0;73,18;84,36;749,3632;439,08;439,08;0;26819;847,17;0;0;;;;;;;;;
;;;2170;9:00:00;1301,55;0,86159015;0;221,78;260,95;2271,0272;1330,68;1330,68;29,13;26848;0;0;0;;;;;;;;;
;;;2171;10:00:00;1676,25;0,5672954;0;410,1;443,64;4199,424;2460,6;2460,6;784,35;27632;0;0;0;;;;;;;;;
;;;2172;11:00:00;232;2,0570354;0;648,78;502,17;6643,5072;3892,68;3892,68;3660,68;31293;0;0;0;;;;;;;;;
;;;2173;12:00:00;52;4,0429254;0;753,89;419,54;7719,8336;4523,34;4523,34;4471,34;35764;0;0;235,4;;;;;;;;;
;;;2174;13:00:00;2755;4,9636045;0;809,78;543,1;8292,1472;4858,68;4858,68;2103,68;37868;0;0;0;;;;;;;;;
;;;2175;14:00:00;2642;5,386068;0;648,69;588,85;6642,5856;3892,14;3892,14;1250,14;39118;0;0;368,02;;;;;;;;;
;;;2176;15:00:00;492;6,4419956;0;792,28;804,3;8112,9472;4753,68;4753,68;4261,68;40000;0;0;4261,68;;;;;;;;;
;;;2177;16:00:00;52;6,769626;0;583,54;797,36;5975,4496;3501,24;3501,24;3449,24;40000;0;0;3449,24;;;;;;;;;
;;;2178;17:00:00;52;6,929599;0;283,35;517,78;2901,504;1700,1;1700,1;1648,1;40000;0;0;1648,1;;;;;;;;;
;;;2179;18:00:00;598;6,755059;0;20,52;21,88;210,1248;123,12;123,12;0;39525;474,88;0;0;;;;;;;;;
;;;2180;19:00:00;622;6,7450624;0;0;0;0;0;0;0;38903;622;0;0;;;;;;;;;
;;;2181;20:00:00;2365,25;7,208579;0;0;0;0;0;0;0;36538;2365,25;0;0;;;;;;;;;
;;;2182;21:00:00;4621,25;7,251429;0;0;0;0;0;0;0;31917;4621,25;0;0;;;;;;;;;
;;;2183;22:00:00;591,25;7,1246333;0;0;0;0;0;0;0;31325;591,25;0;0;;;;;;;;;
;;;2184;23:00:00;781,25;6,7499332;0;0;0;0;0;0;0;30544;781,25;0;0;;;;;;;;;
;14;Lunes;2185;0:00:00;637,5;6,508606;0;0;0;0;0;0;0;29907;637,5;0;0;;;;;;;;;
;;;2186;1:00:00;52;6,135001;0;0;0;0;0;0;0;29855;52;0;0;;;;;;;;;
;;;2187;2:00:00;52;5,780715;0;0;0;0;0;0;0;29803;52;0;0;;;;;;;;;
;;;2188;3:00:00;52;5,323426;0;0;0;0;0;0;0;29751;52;0;0;;;;;;;;;
;;;2189;4:00:00;52;4,8396463;0;0;0;0;0;0;0;29699;52;0;0;;;;;;;;;
;;;2190;5:00:00;52;4,490499;0;0;0;0;0;0;0;29647;52;0;0;;;;;;;;;
;;;2191;6:00:00;1027,05;3,9347687;0;0;0;0;0;0;0;28620;1027,05;0;0;;;;;;;;;
;;;2192;7:00:00;1716,25;3,8032143;0;18,29;21,09;187,2896;109,74;109,74;0;27013;1606,51;0;0;;;;;;;;;
;;;2193;8:00:00;1586,25;4,8460484;0;145,3;180,74;1487,872;871,8;871,8;0;26299;714,45;0;0;;;;;;;;;
;;;2194;9:00:00;103,3;6,92477;0;76,84;88,57;786,8416;461,04;461,04;357,74;26656;0;0;0;;;;;;;;;
;;;2195;10:00:00;52;4,6942387;0;119,83;138,14;1227,0592;718,98;718,98;666,98;27323;0;0;0;;;;;;;;;
;;;2196;11:00:00;52;5,173005;0;78,66;90,69;805,4784;471,96;471,96;419,96;27743;0;0;0;;;;;;;;;
;;;2197;12:00:00;52;5,5347075;0;81,41;93,85;833,6384;488,46;488,46;436,46;28180;0;0;0;;;;;;;;;
;;;2198;13:00:00;2788;5,687711;0;152,76;176,1;1564,2624;916,56;916,56;0;26308;1871,44;0;0;;;;;;;;;
;;;2199;14:00:00;362;5,786945;0;125,31;144,46;1283,1744;751,86;751,86;389,86;26698;0;0;0;;;;;;;;;
;;;2200;15:00:00;492;6,0041184;0;108,85;125,48;1114,624;653,1;653,1;161,1;26859;0;0;0;;;;;;;;;
;;;2201;16:00:00;52;6,1927657;0;224,17;270,15;2295,5008;1345,02;1345,02;1293,02;28152;0;0;0;;;;;;;;;
;;;2202;17:00:00;52;5,452089;0;155,21;227,01;1589,3504;931,26;931,26;879,26;29032;0;0;0;;;;;;;;;
;;;2203;18:00:00;468;4,5272613;0;14,53;15,5;148,7872;87,18;87,18;0;28651;380,82;0;0;;;;;;;;;
;;;2204;19:00:00;2181,25;4,0862136;0;0;0;0;0;0;0;26469;2181,25;0;0;;;;;;;;;
;;;2205;20:00:00;2545,25;3,3552322;0;0;0;0;0;0;0;23924;2545,25;0;0;;;;;;;;;
;;;2206;21:00:00;3512,95;3,2639441;0;0;0;0;0;0;0;20411;3512,95;0;0;;;;;;;;;
;;;2207;22:00:00;591,25;2,6846051;0;0;0;0;0;0;0;19820;591,25;0;0;;;;;;;;;
;;;2208;23:00:00;781,25;2,6687567;0;0;0;0;0;0;0;19039;781,25;0;0;;;;;;;;;
;;Martes;2209;0:00:00;637,5;2,8288996;0;0;0;0;0;0;0;18401;637,5;0;0;;;;;;;;;
;;;2210;1:00:00;52;3,1953201;0;0;0;0;0;0;0;18349;52;0;0;;;;;;;;;
;;;2211;2:00:00;52;3,399706;0;0;0;0;0;0;0;18297;52;0;0;;;;;;;;;
;;;2212;3:00:00;52;3,2138178;0;0;0;0;0;0;0;18245;52;0;0;;;;;;;;;
;;;2213;4:00:00;52;3,053026;0;0;0;0;0;0;0;18193;52;0;0;;;;;;;;;
;;;2214;5:00:00;52;3,0098882;0;0;0;0;0;0;0;18141;52;0;0;;;;;;;;;
;;;2215;6:00:00;1027,05;2,9928906;0;0;0;0;0;0;0;17114;1027,05;0;0;;;;;;;;;
;;;2216;7:00:00;1716,25;3,2367086;0;73,95;131,8;757,248;443,7;443,7;0;15842;1272,55;0;0;;;;;;;;;
;;;2217;8:00:00;1586,25;2,9123368;0;219,5;394,44;2247,68;1317;1317;0;15572;269,25;0;0;;;;;;;;;
;;;2218;9:00:00;103,3;2,4599538;0;128,97;148,69;1320,6528;773,82;773,82;670,52;16243;0;0;0;;;;;;;;;
;;;2219;10:00:00;52;1,0948316;0;299,19;338,12;3063,7056;1795,14;1795,14;1743,14;17986;0;0;0;;;;;;;;;
;;;2220;11:00:00;52;0,7097956;0;286,34;324,32;2932,1216;1718,04;1718,04;1666,04;19652;0;0;0;;;;;;;;;
;;;2221;12:00:00;52;1,9378473;0;554,09;451,34;5673,8816;3324,54;3324,54;3272,54;22925;0;0;0;;;;;;;;;
;;;2222;13:00:00;2788;2,931133;0;805,57;540,36;8249,0368;4833,42;4833,42;2045,42;24970;0;0;0;;;;;;;;;
;;;2223;14:00:00;362;4,496322;0;929,97;690,99;9522,8928;5579,82;5579,82;5217,82;30188;0;0;0;;;;;;;;;
;;;2224;15:00:00;492;4,7299957;0;846,18;841,32;8664,8832;5077,08;5077,08;4585,08;34773;0;0;0;;;;;;;;;
;;;2225;16:00:00;52;4,9079266;0;264,94;327,09;2712,9856;1589,64;1589,64;1537,64;36311;0;0;0;;;;;;;;;
;;;2226;17:00:00;52;4,5261226;0;147,65;211,84;1511,936;885,9;885,9;833,9;37145;0;0;0;;;;;;;;;
;;;2227;18:00:00;468;3,4835467;0;93,72;336,77;959,6928;562,32;562,32;94,32;37239;0;0;0;;;;;;;;;
;;;2228;19:00:00;2181,25;1,7654258;0;0;0;0;0;0;0;35058;2181,25;0;0;;;;;;;;;
;;;2229;20:00:00;2545,25;0,75838405;0;0;0;0;0;0;0;32512;2545,25;0;0;;;;;;;;;
;;;2230;21:00:00;3512,95;0,27641302;0;0;0;0;0;0;0;28999;3512,95;0;0;;;;;;;;;
;;;2231;22:00:00;591,25;1,3133434;0;0;0;0;0;0;0;28408;591,25;0;0;;;;;;;;;
;;;2232;23:00:00;781,25;1,5214965;0;0;0;0;0;0;0;27627;781,25;0;0;;;;;;;;;
;;Miércoles;2233;0:00:00;637,5;1,947256;0;0;0;0;0;0;0;26989;637,5;0;0;;;;;;;;;
;;;2234;1:00:00;52;2,05694;0;0;0;0;0;0;0;26937;52;0;0;;;;;;;;;
;;;2235;2:00:00;52;2,464875;0;0;0;0;0;0;0;26885;52;0;0;;;;;;;;;
;;;2236;3:00:00;52;2,841847;0;0;0;0;0;0;0;26833;52;0;0;;;;;;;;;
;;;2237;4:00:00;52;3,2556133;0;0;0;0;0;0;0;26781;52;0;0;;;;;;;;;
;;;2238;5:00:00;52;3,814824;0;0;0;0;0;0;0;26729;52;0;0;;;;;;;;;
;;;2239;6:00:00;1027,05;4,1867485;0;0;0;0;0;0;0;25702;1027,05;0;0;;;;;;;;;
;;;2240;7:00:00;1716,25;4,841763;0;66,12;88,37;677,0688;396,72;396,72;0;24383;1319,53;0;0;;;;;;;;;
;;;2241;8:00:00;1586,25;5,238204;0;164,46;214,26;1684,0704;986,76;986,76;0;23783;599,49;0;0;;;;;;;;;
;;;2242;9:00:00;103,3;5,7508025;0;375,26;495,14;3842,6624;2251,56;2251,56;2148,26;25932;0;0;0;;;;;;;;;
;;;2243;10:00:00;52;4,760127;0;706,81;607,51;7237,7344;4240,86;4240,86;4188,86;30120;0;0;0;;;;;;;;;
;;;2244;11:00:00;52;4,2338576;0;874,07;442,46;8950,4768;5244,42;5244,42;5192,42;35313;0;0;505,29;;;;;;;;;
;;;2245;12:00:00;52;3,5953531;0;982,59;267,46;10061,7216;5895,54;5895,54;5843,54;40000;0;0;5843,54;;;;;;;;;
;;;2246;13:00:00;2788;3,024061;0;1046,45;483,72;10715,648;6278,7;6278,7;3490,7;40000;0;0;3490,7;;;;;;;;;
;;;2247;14:00:00;362;2,9023318;0;988,27;702,14;10119,8848;5929,62;5929,62;5567,62;40000;0;0;5567,62;;;;;;;;;
;;;2248;15:00:00;492;2,6989076;0;879,62;864,98;9007,3088;5277,72;5277,72;4785,72;40000;0;0;4785,72;;;;;;;;;
;;;2249;16:00:00;52;2,3642998;0;676,24;931,35;6924,6976;4057,44;4057,44;4005,44;40000;0;0;4005,44;;;;;;;;;
;;;2250;17:00:00;52;1,9313343;0;393,37;789,31;4028,1088;2360,22;2360,22;2308,22;40000;0;0;2308,22;;;;;;;;;
;;;2251;18:00:00;468;1,7059925;0;188,09;808,83;1926,0416;1128,54;1128,54;660,54;40000;0;0;660,54;;;;;;;;;
;;;2252;19:00:00;2181,25;2,0103729;0;0;0;0;0;0;0;37819;2181,25;0;0;;;;;;;;;
;;;2253;20:00:00;2545,25;2,2636492;0;0;0;0;0;0;0;35274;2545,25;0;0;;;;;;;;;
;;;2254;21:00:00;3512,95;2,2234452;0;0;0;0;0;0;0;31761;3512,95;0;0;;;;;;;;;
;;;2255;22:00:00;591,25;1,7640454;0;0;0;0;0;0;0;31169;591,25;0;0;;;;;;;;;
;;;2256;23:00:00;781,25;1,7920668;0;0;0;0;0;0;0;30388;781,25;0;0;;;;;;;;;
;;Jueves;2257;0:00:00;637,5;2,060405;0;0;0;0;0;0;0;29751;637,5;0;0;;;;;;;;;
;;;2258;1:00:00;52;2,333063;0;0;0;0;0;0;0;29699;52;0;0;;;;;;;;;
;;;2259;2:00:00;52;2,5156856;0;0;0;0;0;0;0;29647;52;0;0;;;;;;;;;
;;;2260;3:00:00;52;2,632268;0;0;0;0;0;0;0;29595;52;0;0;;;;;;;;;
;;;2261;4:00:00;52;2,6561522;0;0;0;0;0;0;0;29543;52;0;0;;;;;;;;;
;;;2262;5:00:00;52;2,7253172;0;0;0;0;0;0;0;29491;52;0;0;;;;;;;;;
;;;2263;6:00:00;1027,05;2,9374857;0;0;0;0;0;0;0;28464;1027,05;0;0;;;;;;;;;
;;;2264;7:00:00;1716,25;3,0456016;0;82,66;169,53;846,4384;495,96;495,96;0;27243;1220,29;0;0;;;;;;;;;
;;;2265;8:00:00;1586,25;2,389454;0;138;165,33;1413,12;828;828;0;26485;758,25;0;0;;;;;;;;;
;;;2266;9:00:00;103,3;1,8293941;0;112,51;129,71;1152,1024;675,06;675,06;571,76;27057;0;0;0;;;;;;;;;
;;;2267;10:00:00;52;1,3757392;0;219,7;252,9;2249,728;1318,2;1318,2;1266,2;28323;0;0;0;;;;;;;;;
;;;2268;11:00:00;52;1,4991252;0;224,1;258,35;2294,784;1344,6;1344,6;1292,6;29616;0;0;0;;;;;;;;;
;;;2269;12:00:00;52;2,3039958;0;394,12;408,38;4035,7888;2364,72;2364,72;2312,72;31928;0;0;0;;;;;;;;;
;;;2270;13:00:00;2788;3,694428;0;454,46;454,89;4653,6704;2726,76;2726,76;0;31867;61,24;0;0;;;;;;;;;
;;;2271;14:00:00;362;5,0734735;0;666,15;601,82;6821,376;3996,9;3996,9;3634,9;35502;0;0;0;;;;;;;;;
;;;2272;15:00:00;492;5,208917;0;794,33;809,12;8133,9392;4765,98;4765,98;4273,98;39776;0;0;4049,86;;;;;;;;;
;;;2273;16:00:00;52;5,029855;0;655,77;905,08;6715,0848;3934,62;3934,62;3882,62;40000;0;0;3882,62;;;;;;;;;
;;;2274;17:00:00;52;4,291566;0;407,26;825,32;4170,3424;2443,56;2443,56;2391,56;40000;0;0;2391,56;;;;;;;;;
;;;2275;18:00:00;468;2,676226;0;155;643,04;1587,2;930;930;462;40000;0;0;462;;;;;;;;;
;;;2276;19:00:00;2181,25;1,7778659;0;0;0;0;0;0;0;37819;2181,25;0;0;;;;;;;;;
;;;2277;20:00:00;2545,25;1,3116434;0;0;0;0;0;0;0;35274;2545,25;0;0;;;;;;;;;
;;;2278;21:00:00;3512,95;0,9980137;0;0;0;0;0;0;0;31761;3512,95;0;0;;;;;;;;;
;;;2279;22:00:00;591,25;1,131415;0;0;0;0;0;0;0;31169;591,25;0;0;;;;;;;;;
;;;2280;23:00:00;781,25;0,8047236;0;0;0;0;0;0;0;30388;781,25;0;0;;;;;;;;;
;;Viernes;2281;0:00:00;637,5;0,67950493;0;0;0;0;0;0;0;29751;637,5;0;0;;;;;;;;;
;;;2282;1:00:00;52;0,73903453;0;0;0;0;0;0;0;29699;52;0;0;;;;;;;;;
;;;2283;2:00:00;52;0,75344425;0;0;0;0;0;0;0;29647;52;0;0;;;;;;;;;
;;;2284;3:00:00;52;0,7601866;0;0;0;0;0;0;0;29595;52;0;0;;;;;;;;;
;;;2285;4:00:00;52;0,8622619;0;0;0;0;0;0;0;29543;52;0;0;;;;;;;;;
;;;2286;5:00:00;52;0,9923605;0;0;0;0;0;0;0;29491;52;0;0;;;;;;;;;
;;;2287;6:00:00;1027,05;0,9446888;0;0;0;0;0;0;0;28464;1027,05;0;0;;;;;;;;;
;;;2288;7:00:00;1716,25;1,1084598;0;83,55;387,53;855,552;501,3;501,3;0;27249;1214,95;0;0;;;;;;;;;
;;;2289;8:00:00;1586,25;0,86075914;0;266,78;638,16;2731,8272;1600,68;1600,68;14,43;27263;0;0;0;;;;;;;;;
;;;2290;9:00:00;103,3;1,4337972;0;477,57;668,17;4890,3168;2865,42;2865,42;2762,12;30025;0;0;0;;;;;;;;;
;;;2291;10:00:00;52;2,1396725;0;677,21;608,45;6934,6304;4063,26;4063,26;4011,26;34036;0;0;0;;;;;;;;;
;;;2292;11:00:00;52;3,0388305;0;880,92;443,16;9020,6208;5285,52;5285,52;5233,52;39270;0;0;4503,4;;;;;;;;;
;;;2293;12:00:00;52;3,6657975;0;996,47;264,66;10203,8528;5978,82;5978,82;5926,82;40000;0;0;5926,82;;;;;;;;;
;;;2294;13:00:00;2788;4,0919127;0;1038,04;496,36;10629,5296;6228,24;6228,24;3440,24;40000;0;0;3440,24;;;;;;;;;
;;;2295;14:00:00;362;4,3220854;0;992,9;707,62;10167,296;5957,4;5957,4;5595,4;40000;0;0;5595,4;;;;;;;;;
;;;2296;15:00:00;492;4,287227;0;802,15;818,24;8214,016;4812,9;4812,9;4320,9;40000;0;0;4320,9;;;;;;;;;
;;;2297;16:00:00;52;3,9918969;0;586,08;807,59;6001,4592;3516,48;3516,48;3464,48;40000;0;0;3464,48;;;;;;;;;
;;;2298;17:00:00;52;3,4592876;0;311,82;588;3193,0368;1870,92;1870,92;1818,92;40000;0;0;1818,92;;;;;;;;;
;;;2299;18:00:00;468;2,578927;0;134,68;539,91;1379,1232;808,08;808,08;340,08;40000;0;0;340,08;;;;;;;;;
;;;2300;19:00:00;2181,25;1,6000253;0;0;0;0;0;0;0;37819;2181,25;0;0;;;;;;;;;
;;;2301;20:00:00;2545,25;1,5584269;0;0;0;0;0;0;0;35274;2545,25;0;0;;;;;;;;;
;;;2302;21:00:00;3512,95;1,6052203;0;0;0;0;0;0;0;31761;3512,95;0;0;;;;;;;;;
;;;2303;22:00:00;591,25;1,3544875;0;0;0;0;0;0;0;31169;591,25;0;0;;;;;;;;;
;;;2304;23:00:00;781,25;1,0858389;0;0;0;0;0;0;0;30388;781,25;0;0;;;;;;;;;
;;Sábado;2305;0:00:00;723;0,95549583;0;0;0;0;0;0;0;29665;723;0;0;;;;;;;;;
;;;2306;1:00:00;362;1,2081189;0;0;0;0;0;0;0;29303;362;0;0;;;;;;;;;
;;;2307;2:00:00;52;1,0870993;0;0;0;0;0;0;0;29251;52;0;0;;;;;;;;;
;;;2308;3:00:00;52;1,1780498;0;0;0;0;0;0;0;29199;52;0;0;;;;;;;;;
;;;2309;4:00:00;52;1,4857155;0;0;0;0;0;0;0;29147;52;0;0;;;;;;;;;
;;;2310;5:00:00;52;1,7667556;0;0;0;0;0;0;0;29095;52;0;0;;;;;;;;;
;;;2311;6:00:00;382,5;1,8936578;0;5,13;17,16;52,5312;30,78;30,78;0;28743;351,72;0;0;;;;;;;;;
;;;2312;7:00:00;1491,25;1,2803766;0;69,81;91,94;714,8544;418,86;418,86;0;27671;1072,39;0;0;;;;;;;;;
;;;2313;8:00:00;1286,25;1,4293281;0;239,13;446,73;2448,6912;1434,78;1434,78;148,53;27819;0;0;0;;;;;;;;;
;;;2314;9:00:00;1301,55;1,797115;0;270,89;325,03;2773,9136;1625,34;1625,34;323,79;28143;0;0;0;;;;;;;;;
;;;2315;10:00:00;1676,25;2,0027404;0;672,43;606,43;6885,6832;4034,58;4034,58;2358,33;30502;0;0;0;;;;;;;;;
;;;2316;11:00:00;232;3,0988574;0;618,92;504,97;6337,7408;3713,52;3713,52;3481,52;33983;0;0;0;;;;;;;;;
;;;2317;12:00:00;52;3,7077398;0;856,7;381,18;8772,608;5140,2;5140,2;5088,2;39071;0;0;4159,51;;;;;;;;;
;;;2318;13:00:00;2755;4,1841755;0;573,28;511,99;5870,3872;3439,68;3439,68;684,68;39756;0;0;440,67;;;;;;;;;
;;;2319;14:00:00;2642;4,1612854;0;486,67;493,91;4983,5008;2920,02;2920,02;278,02;40000;0;0;278,02;;;;;;;;;
;;;2320;15:00:00;492;3,8657749;0;819,12;831,02;8387,7888;4914,72;4914,72;4422,72;40000;0;0;4422,72;;;;;;;;;
;;;2321;16:00:00;52;3,3864715;0;203;240,7;2078,72;1218;1218;1166;40000;0;0;1166;;;;;;;;;
;;;2322;17:00:00;52;2,8962793;0;331,67;638,08;3396,3008;1990,02;1990,02;1938,02;40000;0;0;1938,02;;;;;;;;;
;;;2323;18:00:00;598;2,353089;0;89,23;305,21;913,7152;535,38;535,38;0;39937;62,62;0;0;;;;;;;;;
;;;2324;19:00:00;622;1,6510477;0;0;0;0;0;0;0;39315;622;0;0;;;;;;;;;
;;;2325;20:00:00;2365,25;1,6998448;0;0;0;0;0;0;0;36950;2365,25;0;0;;;;;;;;;
;;;2326;21:00:00;4621,25;1,9012016;0;0;0;0;0;0;0;32329;4621,25;0;0;;;;;;;;;
;;;2327;22:00:00;591,25;1,6377702;0;0;0;0;0;0;0;31738;591,25;0;0;;;;;;;;;
;;;2328;23:00:00;781,25;1,3505409;0;0;0;0;0;0;0;30956;781,25;0;0;;;;;;;;;
;;Domingo;2329;0:00:00;723;1,1960891;0;0;0;0;0;0;0;30233;723;0;0;;;;;;;;;
;;;2330;1:00:00;362;1,4705845;0;0;0;0;0;0;0;29871;362;0;0;;;;;;;;;
;;;2331;2:00:00;52;1,6379026;0;0;0;0;0;0;0;29819;52;0;0;;;;;;;;;
;;;2332;3:00:00;52;1,5289642;0;0;0;0;0;0;0;29767;52;0;0;;;;;;;;;
;;;2333;4:00:00;52;1,6267585;0;0;0;0;0;0;0;29715;52;0;0;;;;;;;;;
;;;2334;5:00:00;52;1,7456715;0;0;0;0;0;0;0;29663;52;0;0;;;;;;;;;
;;;2335;6:00:00;382,5;1,9013484;0;6,84;18,85;70,0416;41,04;41,04;0;29322;341,46;0;0;;;;;;;;;
;;;2336;7:00:00;1491,25;1,7016311;0;83,17;134,5;851,6608;499,02;499,02;0;28330;992,23;0;0;;;;;;;;;
;;;2337;8:00:00;1286,25;1,932723;0;264,15;602,25;2704,896;1584,9;1584,9;298,65;28628;0;0;0;;;;;;;;;
;;;2338;9:00:00;1301,55;2,0031035;0;493,71;688,81;5055,5904;2962,26;2962,26;1660,71;30289;0;0;0;;;;;;;;;
;;;2339;10:00:00;1676,25;1,8625966;0;688,21;604,11;7047,2704;4129,26;4129,26;2453,01;32742;0;0;0;;;;;;;;;
;;;2340;11:00:00;232;1,4883125;0;855,82;450;8763,5968;5134,92;5134,92;4902,92;37645;0;0;2547,9;;;;;;;;;
;;;2341;12:00:00;52;1,0467585;0;820,5;397,4;8401,92;4923;4923;4871;40000;0;0;4871;;;;;;;;;
;;;2342;13:00:00;2755;1,5602307;0;517,73;489,27;5301,5552;3106,38;3106,38;351,38;40000;0;0;351,38;;;;;;;;;
;;;2343;14:00:00;2642;2,9572287;0;122,57;141,3;1255,1168;735,42;735,42;0;38093;1906,58;0;0;;;;;;;;;
;;;2344;15:00:00;492;3,7110243;0;52,14;60,1;533,9136;312,84;312,84;0;37914;179,16;0;0;;;;;;;;;
;;;2345;16:00:00;52;3,4521074;0;48,48;55,89;496,4352;290,88;290,88;238,88;38153;0;0;0;;;;;;;;;
;;;2346;17:00:00;52;2,4870453;0;42,08;48,51;430,8992;252,48;252,48;200,48;38354;0;0;0;;;;;;;;;
;;;2347;18:00:00;598;2,0380614;0;16,46;18,98;168,5504;98,76;98,76;0;37854;499,24;0;0;;;;;;;;;
;;;2348;19:00:00;622;1,7827842;0;0;0;0;0;0;0;37232;622;0;0;;;;;;;;;
;;;2349;20:00:00;2365,25;1,4574673;0;0;0;0;0;0;0;34867;2365,25;0;0;;;;;;;;;
;;;2350;21:00:00;4621,25;1,2362428;0;0;0;0;0;0;0;30246;4621,25;0;0;;;;;;;;;
;;;2351;22:00:00;591,25;1,1890768;0;0;0;0;0;0;0;29655;591,25;0;0;;;;;;;;;
;;;2352;23:00:00;781,25;1,1438282;0;0;0;0;0;0;0;28873;781,25;0;0;;;;;;;;;
;15;Lunes;2353;0:00:00;637,5;1,6344265;0;0;0;0;0;0;0;28236;637,5;0;0;;;;;;;;;
;;;2354;1:00:00;52;0,9054839;0;0;0;0;0;0;0;28184;52;0;0;;;;;;;;;
;;;2355;2:00:00;52;1,4363414;0;0;0;0;0;0;0;28132;52;0;0;;;;;;;;;
;;;2356;3:00:00;52;1,8576998;0;0;0;0;0;0;0;28080;52;0;0;;;;;;;;;
;;;2357;4:00:00;52;1,6117612;0;0;0;0;0;0;0;28028;52;0;0;;;;;;;;;
;;;2358;5:00:00;52;0,94331235;0;0;0;0;0;0;0;27976;52;0;0;;;;;;;;;
;;;2359;6:00:00;1027,05;1,1036059;0;8,55;100,67;87,552;51,3;51,3;0;27000;975,75;0;0;;;;;;;;;
;;;2360;7:00:00;1716,25;1,9446557;0;78,82;566,04;807,1168;472,92;472,92;0;25757;1243,33;0;0;;;;;;;;;
;;;2361;8:00:00;1586,25;1,6691846;0;291,77;744,89;2987,7248;1750,62;1750,62;164,37;25921;0;0;0;;;;;;;;;
;;;2362;9:00:00;103,3;1,9275475;0;538,57;749,32;5514,9568;3231,42;3231,42;3128,12;29049;0;0;0;;;;;;;;;
;;;2363;10:00:00;52;1,8258278;0;773,51;629,35;7920,7424;4641,06;4641,06;4589,06;33638;0;0;0;;;;;;;;;
;;;2364;11:00:00;52;2,0456045;0;964,28;421,32;9874,2272;5785,68;5785,68;5733,68;39372;0;0;5105,71;;;;;;;;;
;;;2365;12:00:00;52;2,8907719;0;983,35;324,42;10069,504;5900,1;5900,1;5848,1;40000;0;0;5848,1;;;;;;;;;
;;;2366;13:00:00;2788;3,646794;0;1028,32;536,7;10529,9968;6169,92;6169,92;3381,92;40000;0;0;3381,92;;;;;;;;;
;;;2367;14:00:00;362;4,44272;0;1033,16;734,78;10579,5584;6198,96;6198,96;5836,96;40000;0;0;5836,96;;;;;;;;;
;;;2368;15:00:00;492;5,4996266;0;914,49;906,58;9364,3776;5486,94;5486,94;4994,94;40000;0;0;4994,94;;;;;;;;;
;;;2369;16:00:00;52;5,8897467;0;731,83;1016,33;7493,9392;4390,98;4390,98;4338,98;40000;0;0;4338,98;;;;;;;;;
;;;2370;17:00:00;52;5,960734;0;468,21;977,38;4794,4704;2809,26;2809,26;2757,26;40000;0;0;2757,26;;;;;;;;;
;;;2371;18:00:00;468;6,229578;0;225,68;1028,41;2310,9632;1354,08;1354,08;886,08;40000;0;0;886,08;;;;;;;;;
;;;2372;19:00:00;2181,25;6,9216337;0;0;0;0;0;0;0;37819;2181,25;0;0;;;;;;;;;
;;;2373;20:00:00;2545,25;6,8029723;0;0;0;0;0;0;0;35274;2545,25;0;0;;;;;;;;;
;;;2374;21:00:00;3512,95;6,4650855;0;0;0;0;0;0;0;31761;3512,95;0;0;;;;;;;;;
;;;2375;22:00:00;591,25;6,307611;0;0;0;0;0;0;0;31169;591,25;0;0;;;;;;;;;
;;;2376;23:00:00;781,25;6,470483;0;0;0;0;0;0;0;30388;781,25;0;0;;;;;;;;;
;;Martes;2377;0:00:00;637,5;5,732982;0;0;0;0;0;0;0;29751;637,5;0;0;;;;;;;;;
;;;2378;1:00:00;52;5,4830127;0;0;0;0;0;0;0;29699;52;0;0;;;;;;;;;
;;;2379;2:00:00;52;5,3581157;0;0;0;0;0;0;0;29647;52;0;0;;;;;;;;;
;;;2380;3:00:00;52;4,90771;0;0;0;0;0;0;0;29595;52;0;0;;;;;;;;;
;;;2381;4:00:00;52;4,8488445;0;0;0;0;0;0;0;29543;52;0;0;;;;;;;;;
;;;2382;5:00:00;52;4,8615017;0;0;0;0;0;0;0;29491;52;0;0;;;;;;;;;
;;;2383;6:00:00;1027,05;5,0059896;0;11,11;71,95;113,7664;66,66;66,66;0;28530;960,39;0;0;;;;;;;;;
;;;2384;7:00:00;1716,25;5,3839507;0;83,66;537,56;856,6784;501,96;501,96;0;27316;1214,29;0;0;;;;;;;;;
;;;2385;8:00:00;1586,25;5,7955585;0;292,21;741,44;2992,2304;1753,26;1753,26;167,01;27483;0;0;0;;;;;;;;;
;;;2386;9:00:00;103,3;5,4743385;0;536,44;744,22;5493,1456;3218,64;3218,64;3115,34;30598;0;0;0;;;;;;;;;
;;;2387;10:00:00;52;4,520583;0;752,91;626,77;7709,7984;4517,46;4517,46;4465,46;35064;0;0;0;;;;;;;;;
;;;2388;11:00:00;52;3,2037766;0;936,82;432,51;9593,0368;5620,92;5620,92;5568,92;40000;0;0;5568,92;;;;;;;;;
;;;2389;12:00:00;52;2,063896;0;1057,93;242,94;10833,2032;6347,58;6347,58;6295,58;40000;0;0;6295,58;;;;;;;;;
;;;2390;13:00:00;2788;1,539165;0;1057,64;520,57;10830,2336;6345,84;6345,84;3557,84;40000;0;0;3557,84;;;;;;;;;
;;;2391;14:00:00;362;1,2017784;0;1047,69;731,79;10728,3456;6286,14;6286,14;5924,14;40000;0;0;5924,14;;;;;;;;;
;;;2392;15:00:00;492;1,0933672;0;932,01;915,72;9543,7824;5592,06;5592,06;5100,06;40000;0;0;5100,06;;;;;;;;;
;;;2393;16:00:00;52;1,2623999;0;739,65;1027,51;7574,016;4437,9;4437,9;4385,9;40000;0;0;4385,9;;;;;;;;;
;;;2394;17:00:00;52;2,2853985;0;494,9;1045,67;5067,776;2969,4;2969,4;2917,4;40000;0;0;2917,4;;;;;;;;;
;;;2395;18:00:00;468;2,663338;0;221,63;1012,49;2269,4912;1329,78;1329,78;861,78;40000;0;0;861,78;;;;;;;;;
;;;2396;19:00:00;2181,25;2,674248;0;0;0;0;0;0;0;37819;2181,25;0;0;;;;;;;;;
;;;2397;20:00:00;2545,25;2,2885654;0;0;0;0;0;0;0;35274;2545,25;0;0;;;;;;;;;
;;;2398;21:00:00;3512,95;1,830889;0;0;0;0;0;0;0;31761;3512,95;0;0;;;;;;;;;
;;;2399;22:00:00;591,25;1,1195191;0;0;0;0;0;0;0;31169;591,25;0;0;;;;;;;;;
;;;2400;23:00:00;781,25;0,97001874;0;0;0;0;0;0;0;30388;781,25;0;0;;;;;;;;;
;;Miércoles;2401;0:00:00;637,5;0,9481848;0;0;0;0;0;0;0;29751;637,5;0;0;;;;;;;;;
;;;2402;1:00:00;52;1,2414405;0;0;0;0;0;0;0;29699;52;0;0;;;;;;;;;
;;;2403;2:00:00;52;1,909011;0;0;0;0;0;0;0;29647;52;0;0;;;;;;;;;
;;;2404;3:00:00;52;2,4163146;0;0;0;0;0;0;0;29595;52;0;0;;;;;;;;;
;;;2405;4:00:00;52;2,874572;0;0;0;0;0;0;0;29543;52;0;0;;;;;;;;;
;;;2406;5:00:00;52;3,3295207;0;0;0;0;0;0;0;29491;52;0;0;;;;;;;;;
;;;2407;6:00:00;1027,05;3,634977;0;12,82;81,36;131,2768;76,92;76,92;0;28540;950,13;0;0;;;;;;;;;
;;;2408;7:00:00;1716,25;3,4546466;0;81,96;570,18;839,2704;491,76;491,76;0;27316;1224,49;0;0;;;;;;;;;
;;;2409;8:00:00;1586,25;2,9733593;0;292,19;738,67;2992,0256;1753,14;1753,14;166,89;27483;0;0;0;;;;;;;;;
;;;2410;9:00:00;103,3;2,155905;0;532,64;736,79;5454,2336;3195,84;3195,84;3092,54;30575;0;0;0;;;;;;;;;
;;;2411;10:00:00;52;1,3304167;0;754,73;619,77;7728,4352;4528,38;4528,38;4476,38;35052;0;0;0;;;;;;;;;
;;;2412;11:00:00;52;0,30339694;0;933,43;424,45;9558,3232;5600,58;5600,58;5548,58;40000;0;0;5548,58;;;;;;;;;
;;;2413;12:00:00;52;1,4950094;0;1040,22;252,03;10651,8528;6241,32;6241,32;6189,32;40000;0;0;6189,32;;;;;;;;;
;;;2414;13:00:00;2788;2,4664762;0;1067,56;506,69;10931,8144;6405,36;6405,36;3617,36;40000;0;0;3617,36;;;;;;;;;
;;;2415;14:00:00;362;3,6230054;0;1005,93;726,19;10300,7232;6035,58;6035,58;5673,58;40000;0;0;5673,58;;;;;;;;;
;;;2416;15:00:00;492;4,5509214;0;812,93;838;8324,4032;4877,58;4877,58;4385,58;40000;0;0;4385,58;;;;;;;;;
;;;2417;16:00:00;52;4,7798223;0;728,86;1014,08;7463,5264;4373,16;4373,16;4321,16;40000;0;0;4321,16;;;;;;;;;
;;;2418;17:00:00;52;4,2794166;0;453,52;947,12;4644,0448;2721,12;2721,12;2669,12;40000;0;0;2669,12;;;;;;;;;
;;;2419;18:00:00;468;2,8816242;0;186,19;824,39;1906,5856;1117,14;1117,14;649,14;40000;0;0;649,14;;;;;;;;;
;;;2420;19:00:00;2181,25;1,4524649;0;0;0;0;0;0;0;37819;2181,25;0;0;;;;;;;;;
;;;2421;20:00:00;2545,25;1,0202204;0;0;0;0;0;0;0;35274;2545,25;0;0;;;;;;;;;
;;;2422;21:00:00;3512,95;0,94718134;0;0;0;0;0;0;0;31761;3512,95;0;0;;;;;;;;;
;;;2423;22:00:00;591,25;1,0765278;0;0;0;0;0;0;0;31169;591,25;0;0;;;;;;;;;
;;;2424;23:00:00;781,25;1,2799133;0;0;0;0;0;0;0;30388;781,25;0;0;;;;;;;;;
;;Jueves;2425;0:00:00;637,5;1,3407936;0;0;0;0;0;0;0;29751;637,5;0;0;;;;;;;;;
;;;2426;1:00:00;52;1,3289301;0;0;0;0;0;0;0;29699;52;0;0;;;;;;;;;
;;;2427;2:00:00;52;1,3397955;0;0;0;0;0;0;0;29647;52;0;0;;;;;;;;;
;;;2428;3:00:00;52;1,2026542;0;0;0;0;0;0;0;29595;52;0;0;;;;;;;;;
;;;2429;4:00:00;52;1,2166795;0;0;0;0;0;0;0;29543;52;0;0;;;;;;;;;
;;;2430;5:00:00;52;1,235054;0;0;0;0;0;0;0;29491;52;0;0;;;;;;;;;
;;;2431;6:00:00;1027,05;0,83765227;0;13,68;97,85;140,0832;82,08;82,08;0;28546;944,97;0;0;;;;;;;;;
;;;2432;7:00:00;1716,25;0,7957569;0;89,82;503,69;919,7568;538,92;538,92;0;27368;1177,33;0;0;;;;;;;;;
;;;2433;8:00:00;1586,25;0,862039;0;285,33;679,29;2921,7792;1711,98;1711,98;125,73;27494;0;0;0;;;;;;;;;
;;;2434;9:00:00;103,3;1,6161642;0;523,97;723,86;5365,4528;3143,82;3143,82;3040,52;30535;0;0;0;;;;;;;;;
;;;2435;10:00:00;52;1,9556689;0;718,6;617,22;7358,464;4311,6;4311,6;4259,6;34794;0;0;0;;;;;;;;;
;;;2436;11:00:00;52;2,6337159;0;917,63;425,36;9396,5312;5505,78;5505,78;5453,78;40000;0;0;5453,78;;;;;;;;;
;;;2437;12:00:00;52;3,7517061;0;1021,48;260,22;10459,9552;6128,88;6128,88;6076,88;40000;0;0;6076,88;;;;;;;;;
;;;2438;13:00:00;2788;4,1937165;0;1048,28;509;10734,3872;6289,68;6289,68;3501,68;40000;0;0;3501,68;;;;;;;;;
;;;2439;14:00:00;362;3,8806493;0;1015,24;720,68;10396,0576;6091,44;6091,44;5729,44;40000;0;0;5729,44;;;;;;;;;
;;;2440;15:00:00;492;3,4959714;0;895,09;888,56;9165,7216;5370,54;5370,54;4878,54;40000;0;0;4878,54;;;;;;;;;
;;;2441;16:00:00;52;3,504064;0;690,99;964,66;7075,7376;4145,94;4145,94;4093,94;40000;0;0;4093,94;;;;;;;;;
;;;2442;17:00:00;52;3,1340773;0;447,77;935,76;4585,1648;2686,62;2686,62;2634,62;40000;0;0;2634,62;;;;;;;;;
;;;2443;18:00:00;468;1,7424461;0;158,23;673,31;1620,2752;949,38;949,38;481,38;40000;0;0;481,38;;;;;;;;;
;;;2444;19:00:00;2181,25;0,82085353;0;0;0;0;0;0;0;37819;2181,25;0;0;;;;;;;;;
;;;2445;20:00:00;2545,25;1,2759904;0;0;0;0;0;0;0;35274;2545,25;0;0;;;;;;;;;
;;;2446;21:00:00;3512,95;1,1424494;0;0;0;0;0;0;0;31761;3512,95;0;0;;;;;;;;;
;;;2447;22:00:00;591,25;0,36589018;0;0;0;0;0;0;0;31169;591,25;0;0;;;;;;;;;
;;;2448;23:00:00;781,25;0,51212466;0;0;0;0;0;0;0;30388;781,25;0;0;;;;;;;;;
;;Viernes;2449;0:00:00;637,5;1,4355484;0;0;0;0;0;0;0;29751;637,5;0;0;;;;;;;;;
;;;2450;1:00:00;52;1,6497545;0;0;0;0;0;0;0;29699;52;0;0;;;;;;;;;
;;;2451;2:00:00;52;1,9071164;0;0;0;0;0;0;0;29647;52;0;0;;;;;;;;;
;;;2452;3:00:00;52;1,7878053;0;0;0;0;0;0;0;29595;52;0;0;;;;;;;;;
;;;2453;4:00:00;52;1,748579;0;0;0;0;0;0;0;29543;52;0;0;;;;;;;;;
;;;2454;5:00:00;52;1,9572123;0;0;0;0;0;0;0;29491;52;0;0;;;;;;;;;
;;;2455;6:00:00;1027,05;2,3217752;0;16,24;72,54;166,2976;97,44;97,44;0;28561;929,61;0;0;;;;;;;;;
;;;2456;7:00:00;1716,25;2,3720818;0;90,69;510,71;928,6656;544,14;544,14;0;27389;1172,11;0;0;;;;;;;;;
;;;2457;8:00:00;1586,25;1,5752473;0;286,41;682,3;2932,8384;1718,46;1718,46;132,21;27521;0;0;0;;;;;;;;;
;;;2458;9:00:00;103,3;0,68050086;0;489,48;674,11;5012,2752;2936,88;2936,88;2833,58;30355;0;0;0;;;;;;;;;
;;;2459;10:00:00;52;1,2607696;0;704,05;614,41;7209,472;4224,3;4224,3;4172,3;34527;0;0;0;;;;;;;;;
;;;2460;11:00:00;52;1,9040911;0;865,19;461,15;8859,5456;5191,14;5191,14;5139,14;39666;0;0;4805,2;;;;;;;;;
;;;2461;12:00:00;52;2,5270524;0;964,68;315,66;9878,3232;5788,08;5788,08;5736,08;40000;0;0;5736,08;;;;;;;;;
;;;2462;13:00:00;2788;3,1745288;0;1048,81;503,83;10739,8144;6292,86;6292,86;3504,86;40000;0;0;3504,86;;;;;;;;;
;;;2463;14:00:00;362;3,2446706;0;987,14;718,3;10108,3136;5922,84;5922,84;5560,84;40000;0;0;5560,84;;;;;;;;;
;;;2464;15:00:00;492;2,9803815;0;889,98;885,47;9113,3952;5339,88;5339,88;4847,88;40000;0;0;4847,88;;;;;;;;;
;;;2465;16:00:00;52;2,8583806;0;647,56;906,03;6631,0144;3885,36;3885,36;3833,36;40000;0;0;3833,36;;;;;;;;;
;;;2466;17:00:00;52;2,5390098;0;444,13;929,19;4547,8912;2664,78;2664,78;2612,78;40000;0;0;2612,78;;;;;;;;;
;;;2467;18:00:00;468;2,021195;0;136,08;549,47;1393,4592;816,48;816,48;348,48;40000;0;0;348,48;;;;;;;;;
;;;2468;19:00:00;2181,25;1,7742802;0;0;0;0;0;0;0;37819;2181,25;0;0;;;;;;;;;
;;;2469;20:00:00;2545,25;1,3984569;0;0;0;0;0;0;0;35274;2545,25;0;0;;;;;;;;;
;;;2470;21:00:00;3512,95;0,961448;0;0;0;0;0;0;0;31761;3512,95;0;0;;;;;;;;;
;;;2471;22:00:00;591,25;1,1228552;0;0;0;0;0;0;0;31169;591,25;0;0;;;;;;;;;
;;;2472;23:00:00;781,25;1,5611969;0;0;0;0;0;0;0;30388;781,25;0;0;;;;;;;;;
;;Sábado;2473;0:00:00;723;1,91402;0;0;0;0;0;0;0;29665;723;0;0;;;;;;;;;
;;;2474;1:00:00;362;2,350186;0;0;0;0;0;0;0;29303;362;0;0;;;;;;;;;
;;;2475;2:00:00;52;2,3015614;0;0;0;0;0;0;0;29251;52;0;0;;;;;;;;;
;;;2476;3:00:00;52;2,2086632;0;0;0;0;0;0;0;29199;52;0;0;;;;;;;;;
;;;2477;4:00:00;52;2,1470664;0;0;0;0;0;0;0;29147;52;0;0;;;;;;;;;
;;;2478;5:00:00;52;2,074991;0;0;0;0;0;0;0;29095;52;0;0;;;;;;;;;
;;;2479;6:00:00;382,5;2,1106882;0;17,95;123,89;183,808;107,7;107,7;0;28820;274,8;0;0;;;;;;;;;
;;;2480;7:00:00;1491,25;1,8864278;0;92,25;134,31;944,64;553,5;553,5;0;27883;937,75;0;0;;;;;;;;;
;;;2481;8:00:00;1286,25;0,8822534;0;271,32;559,83;2778,3168;1627,92;1627,92;341,67;28224;0;0;0;;;;;;;;;
;;;2482;9:00:00;1301,55;0,57345;0;96,96;111,78;992,8704;581,76;581,76;0;27504;719,79;0;0;;;;;;;;;
;;;2483;10:00:00;1676,25;1,5137689;0;340,77;382,11;3489,4848;2044,62;2044,62;368,37;27873;0;0;0;;;;;;;;;
;;;2484;11:00:00;232;2,5644386;0;892,69;436,31;9141,1456;5356,14;5356,14;5124,14;32997;0;0;0;;;;;;;;;
;;;2485;12:00:00;52;3,047282;0;997,3;278,17;10212,352;5983,8;5983,8;5931,8;38929;0;0;4860,49;;;;;;;;;
;;;2486;13:00:00;2755;3,283959;0;1034,98;507,05;10598,1952;6209,88;6209,88;3454,88;40000;0;0;3454,88;;;;;;;;;
;;;2487;14:00:00;2642;3,573358;0;945,72;713,67;9684,1728;5674,32;5674,32;3032,32;40000;0;0;3032,32;;;;;;;;;
;;;2488;15:00:00;492;3,7883592;0;784,01;814,84;8028,2624;4704,06;4704,06;4212,06;40000;0;0;4212,06;;;;;;;;;
;;;2489;16:00:00;52;3,6174142;0;668,52;936,3;6845,6448;4011,12;4011,12;3959,12;40000;0;0;3959,12;;;;;;;;;
;;;2490;17:00:00;52;3,0980961;0;169,64;246,42;1737,1136;1017,84;1017,84;965,84;40000;0;0;965,84;;;;;;;;;
;;;2491;18:00:00;598;1,8938357;0;177,35;790,34;1816,064;1064,1;1064,1;466,1;40000;0;0;466,1;;;;;;;;;
;;;2492;19:00:00;622;1,2112131;0;0;0;0;0;0;0;39378;622;0;0;;;;;;;;;
;;;2493;20:00:00;2365,25;0,7912688;0;0;0;0;0;0;0;37013;2365,25;0;0;;;;;;;;;
;;;2494;21:00:00;4621,25;1,3640021;0;0;0;0;0;0;0;32392;4621,25;0;0;;;;;;;;;
;;;2495;22:00:00;591,25;1,4176075;0;0;0;0;0;0;0;31800;591,25;0;0;;;;;;;;;
;;;2496;23:00:00;781,25;1,1922302;0;0;0;0;0;0;0;31019;781,25;0;0;;;;;;;;;
;;Domingo;2497;0:00:00;723;1,1566895;0;0;0;0;0;0;0;30296;723;0;0;;;;;;;;;
;;;2498;1:00:00;362;1,3153343;0;0;0;0;0;0;0;29934;362;0;0;;;;;;;;;
;;;2499;2:00:00;52;1,0511432;0;0;0;0;0;0;0;29882;52;0;0;;;;;;;;;
;;;2500;3:00:00;52;1,2605389;0;0;0;0;0;0;0;29830;52;0;0;;;;;;;;;
;;;2501;4:00:00;52;1,5557095;0;0;0;0;0;0;0;29778;52;0;0;;;;;;;;;
;;;2502;5:00:00;52;1,6009775;0;0;0;0;0;0;0;29726;52;0;0;;;;;;;;;
;;;2503;6:00:00;382,5;1,7176673;0;17,95;160,64;183,808;107,7;107,7;0;29451;274,8;0;0;;;;;;;;;
;;;2504;7:00:00;1491,25;1,6137199;0;89,61;564,32;917,6064;537,66;537,66;0;28498;953,59;0;0;;;;;;;;;
;;;2505;8:00:00;1286,25;0,6909419;0;294,24;718,92;3013,0176;1765,44;1765,44;479,19;28977;0;0;0;;;;;;;;;
;;;2506;9:00:00;1301,55;0,39320284;0;530,08;726,27;5428,0192;3180,48;3180,48;1878,93;30856;0;0;0;;;;;;;;;
;;;2507;10:00:00;1676,25;0,97105354;0;385,99;426,25;3952,5376;2315,94;2315,94;639,69;31495;0;0;0;;;;;;;;;
;;;2508;11:00:00;232;1,8972118;0;870,2;462,43;8910,848;5221,2;5221,2;4989,2;36485;0;0;1473,82;;;;;;;;;
;;;2509;12:00:00;52;2,9408512;0;232,34;267,85;2379,1616;1394,04;1394,04;1342,04;37827;0;0;0;;;;;;;;;
;;;2510;13:00:00;2755;3,796698;0;549,11;515,78;5622,8864;3294,66;3294,66;539,66;38366;0;0;0;;;;;;;;;
;;;2511;14:00:00;2642;4,6401205;0;700,58;637;7173,9392;4203,48;4203,48;1561,48;39928;0;0;1489,28;;;;;;;;;
;;;2512;15:00:00;492;4,8596683;0;58,54;67,48;599,4496;351,24;351,24;0;39787;140,76;0;0;;;;;;;;;
;;;2513;16:00:00;52;4,6349397;0;603,73;844,8;6182,1952;3622,38;3622,38;3570,38;40000;0;0;3570,38;;;;;;;;;
;;;2514;17:00:00;52;4,339692;0;462,35;977,96;4734,464;2774,1;2774,1;2722,1;40000;0;0;2722,1;;;;;;;;;
;;;2515;18:00:00;598;3,1547656;0;185,97;843,9;1904,3328;1115,82;1115,82;517,82;40000;0;0;517,82;;;;;;;;;
;;;2516;19:00:00;622;1,857007;0;0;0;0;0;0;0;39378;622;0;0;;;;;;;;;
;;;2517;20:00:00;2365,25;1,373239;0;0;0;0;0;0;0;37013;2365,25;0;0;;;;;;;;;
;;;2518;21:00:00;4621,25;0,81692916;0;0;0;0;0;0;0;32392;4621,25;0;0;;;;;;;;;
;;;2519;22:00:00;591,25;1,4238421;0;0;0;0;0;0;0;31800;591,25;0;0;;;;;;;;;
;;;2520;23:00:00;781,25;1,3453153;0;0;0;0;0;0;0;31019;781,25;0;0;;;;;;;;;
;16;Lunes;2521;0:00:00;637,5;1,3392594;0;0;0;0;0;0;0;30382;637,5;0;0;;;;;;;;;
;;;2522;1:00:00;52;1,4293803;0;0;0;0;0;0;0;30330;52;0;0;;;;;;;;;
;;;2523;2:00:00;52;1,8487475;0;0;0;0;0;0;0;30278;52;0;0;;;;;;;;;
;;;2524;3:00:00;52;2,126391;0;0;0;0;0;0;0;30226;52;0;0;;;;;;;;;
;;;2525;4:00:00;52;1,9771073;0;0;0;0;0;0;0;30174;52;0;0;;;;;;;;;
;;;2526;5:00:00;52;1,939742;0;0;0;0;0;0;0;30122;52;0;0;;;;;;;;;
;;;2527;6:00:00;1027,05;2,4218132;0;18,81;196,53;192,6144;112,86;112,86;0;29207;914,19;0;0;;;;;;;;;
;;;2528;7:00:00;1716,25;2,2800353;0;89,56;615,46;917,0944;537,36;537,36;0;28028;1178,89;0;0;;;;;;;;;
;;;2529;8:00:00;1586,25;1,2532467;0;303,88;757,38;3111,7312;1823,28;1823,28;237,03;28265;0;0;0;;;;;;;;;
;;;2530;9:00:00;103,3;0,12380286;0;548,95;748,4;5621,248;3293,7;3293,7;3190,4;31456;0;0;0;;;;;;;;;
;;;2531;10:00:00;52;1,1023645;0;769,54;618,19;7880,0896;4617,24;4617,24;4565,24;36021;0;0;586,33;;;;;;;;;
;;;2532;11:00:00;52;2,5403364;0;947,64;414,57;9703,8336;5685,84;5685,84;5633,84;40000;0;0;5633,84;;;;;;;;;
;;;2533;12:00:00;52;3,5541325;0;1054,21;245,29;10795,1104;6325,26;6325,26;6273,26;40000;0;0;6273,26;;;;;;;;;
;;;2534;13:00:00;2788;4,1211214;0;487,99;489,28;4997,0176;2927,94;2927,94;139,94;40000;0;0;139,94;;;;;;;;;
;;;2535;14:00:00;362;4,260312;0;436,89;465,21;4473,7536;2621,34;2621,34;2259,34;40000;0;0;2259,34;;;;;;;;;
;;;2536;15:00:00;492;4,3272314;0;393,13;443,5;4025,6512;2358,78;2358,78;1866,78;40000;0;0;1866,78;;;;;;;;;
;;;2537;16:00:00;52;3,8735812;0;260,15;317,54;2663,936;1560,9;1560,9;1508,9;40000;0;0;1508,9;;;;;;;;;
;;;2538;17:00:00;52;2,676121;0;305,85;569,56;3131,904;1835,1;1835,1;1783,1;40000;0;0;1783,1;;;;;;;;;
;;;2539;18:00:00;468;1,7588271;0;153,44;652,44;1571,2256;920,64;920,64;452,64;40000;0;0;452,64;;;;;;;;;
;;;2540;19:00:00;2181,25;1,1864387;0;0;0;0;0;0;0;37819;2181,25;0;0;;;;;;;;;
;;;2541;20:00:00;2545,25;0,78853923;0;0;0;0;0;0;0;35274;2545,25;0;0;;;;;;;;;
;;;2542;21:00:00;3512,95;0,5817089;0;0;0;0;0;0;0;31761;3512,95;0;0;;;;;;;;;
;;;2543;22:00:00;591,25;1,1338071;0;0;0;0;0;0;0;31169;591,25;0;0;;;;;;;;;
;;;2544;23:00:00;781,25;1,1953026;0;0;0;0;0;0;0;30388;781,25;0;0;;;;;;;;;
;;Martes;2545;0:00:00;637,5;1,0048048;0;0;0;0;0;0;0;29751;637,5;0;0;;;;;;;;;
;;;2546;1:00:00;52;1,1742738;0;0;0;0;0;0;0;29699;52;0;0;;;;;;;;;
;;;2547;2:00:00;52;1,8125966;0;0;0;0;0;0;0;29647;52;0;0;;;;;;;;;
;;;2548;3:00:00;52;2,130585;0;0;0;0;0;0;0;29595;52;0;0;;;;;;;;;
;;;2549;4:00:00;52;2,141785;0;0;0;0;0;0;0;29543;52;0;0;;;;;;;;;
;;;2550;5:00:00;52;2,1684988;0;0;0;0;0;0;0;29491;52;0;0;;;;;;;;;
;;;2551;6:00:00;1027,05;2,1643138;0;21,37;195,72;218,8288;128,22;128,22;0;28592;898,83;0;0;;;;;;;;;
;;;2552;7:00:00;1716,25;1,6902597;0;99,93;519,64;1023,2832;599,58;599,58;0;27475;1116,67;0;0;;;;;;;;;
;;;2553;8:00:00;1586,25;0,77933687;0;299,35;730,02;3065,344;1796,1;1796,1;209,85;27685;0;0;0;;;;;;;;;
;;;2554;9:00:00;103,3;1,2125579;0;524,41;717,41;5369,9584;3146,46;3146,46;3043,16;30728;0;0;0;;;;;;;;;
;;;2555;10:00:00;52;3,1568909;0;699,58;617,36;7163,6992;4197,48;4197,48;4145,48;34874;0;0;0;;;;;;;;;
;;;2556;11:00:00;52;3,183324;0;913,91;426,9;9358,4384;5483,46;5483,46;5431,46;40000;0;0;5431,46;;;;;;;;;
;;;2557;12:00:00;52;3,9406898;0;1001,24;289,94;10252,6976;6007,44;6007,44;5955,44;40000;0;0;5955,44;;;;;;;;;
;;;2558;13:00:00;2788;5,27922;0;1011,28;532,02;10355,5072;6067,68;6067,68;3279,68;40000;0;0;3279,68;;;;;;;;;
;;;2559;14:00:00;362;6,1286864;0;716,3;647,38;7334,912;4297,8;4297,8;3935,8;40000;0;0;3935,8;;;;;;;;;
;;;2560;15:00:00;492;6,200781;0;354,85;402,34;3633,664;2129,1;2129,1;1637,1;40000;0;0;1637,1;;;;;;;;;
;;;2561;16:00:00;52;5,503441;0;423,16;565,68;4333,1584;2538,96;2538,96;2486,96;40000;0;0;2486,96;;;;;;;;;
;;;2562;17:00:00;52;4,417662;0;192,05;291,7;1966,592;1152,3;1152,3;1100,3;40000;0;0;1100,3;;;;;;;;;
;;;2563;18:00:00;468;3,2680264;0;132,69;529,71;1358,7456;796,14;796,14;328,14;40000;0;0;328,14;;;;;;;;;
;;;2564;19:00:00;2181,25;2,0487897;0;0;0;0;0;0;0;37819;2181,25;0;0;;;;;;;;;
;;;2565;20:00:00;2545,25;1,8210248;0;0;0;0;0;0;0;35274;2545,25;0;0;;;;;;;;;
;;;2566;21:00:00;3512,95;1,8481212;0;0;0;0;0;0;0;31761;3512,95;0;0;;;;;;;;;
;;;2567;22:00:00;591,25;0,2838705;0;0;0;0;0;0;0;31169;591,25;0;0;;;;;;;;;
;;;2568;23:00:00;781,25;1,9577256;0;0;0;0;0;0;0;30388;781,25;0;0;;;;;;;;;
;;Miércoles;2569;0:00:00;723;2,638838;0;0;0;0;0;0;0;29665;723;0;0;;;;;;;;;
;;;2570;1:00:00;362;2,2931137;0;0;0;0;0;0;0;29303;362;0;0;;;;;;;;;
;;;2571;2:00:00;52;1,7248093;0;0;0;0;0;0;0;29251;52;0;0;;;;;;;;;
;;;2572;3:00:00;52;1,2327732;0;0;0;0;0;0;0;29199;52;0;0;;;;;;;;;
;;;2573;4:00:00;52;1,1619785;0;0;0;0;0;0;0;29147;52;0;0;;;;;;;;;
;;;2574;5:00:00;52;1,3403834;0;0;0;0;0;0;0;29095;52;0;0;;;;;;;;;
;;;2575;6:00:00;382,5;1,6994545;0;0;0;0;0;0;0;28713;382,5;0;0;;;;;;;;;
;;;2576;7:00:00;1491,25;1,6888613;0;0;0;0;0;0;0;27221;1491,25;0;0;;;;;;;;;
;;;2577;8:00:00;1286,25;0,78999066;0;0;0;0;0;0;0;25935;1286,25;0;0;;;;;;;;;
;;;2578;9:00:00;1301,55;0,6677625;0;0;0;0;0;0;0;24634;1301,55;0;0;;;;;;;;;
;;;2579;10:00:00;1676,25;2,3794606;0;0;0;0;0;0;0;22957;1676,25;0;0;;;;;;;;;
;;;2580;11:00:00;232;2,8858626;0;0;0;0;0;0;0;22725;232;0;0;;;;;;;;;
;;;2581;12:00:00;52;4,5675454;0;0;0;0;0;0;0;22673;52;0;0;;;;;;;;;
;;;2582;13:00:00;2755;5,849877;0;1080,55;492,33;11064,832;6483,3;6483,3;3728,3;26402;0;0;0;;;;;;;;;
;;;2583;14:00:00;2642;6,355405;0;1030,7;720,77;10554,368;6184,2;6184,2;3542,2;29944;0;0;0;;;;;;;;;
;;;2584;15:00:00;492;6,3111596;0;902,35;896,47;9240,064;5414,1;5414,1;4922,1;34866;0;0;0;;;;;;;;;
;;;2585;16:00:00;52;5,5941005;0;666,36;938,62;6823,5264;3998,16;3998,16;3946,16;38812;0;0;2758,17;;;;;;;;;
;;;2586;17:00:00;52;4,800649;0;456,77;970,28;4677,3248;2740,62;2740,62;2688,62;40000;0;0;2688,62;;;;;;;;;
;;;2587;18:00:00;598;3,786222;0;184,77;850,51;1892,0448;1108,62;1108,62;510,62;40000;0;0;510,62;;;;;;;;;
;;;2588;19:00:00;622;2,352397;0;0;0;0;0;0;0;39378;622;0;0;;;;;;;;;
;;;2589;20:00:00;2365,25;0,9603248;0;0;0;0;0;0;0;37013;2365,25;0;0;;;;;;;;;
;;;2590;21:00:00;4621,25;0,589659;0;0;0;0;0;0;0;32392;4621,25;0;0;;;;;;;;;
;;;2591;22:00:00;591,25;0,62957525;0;0;0;0;0;0;0;31800;591,25;0;0;;;;;;;;;
;;;2592;23:00:00;781,25;0,99380845;0;0;0;0;0;0;0;31019;781,25;0;0;;;;;;;;;
;;Jueves;2593;0:00:00;637,5;1,449601;0;0;0;0;0;0;0;30382;637,5;0;0;;;;;;;;;
;;;2594;1:00:00;52;1,4136794;0;0;0;0;0;0;0;30330;52;0;0;;;;;;;;;
;;;2595;2:00:00;52;1,2064695;0;0;0;0;0;0;0;30278;52;0;0;;;;;;;;;
;;;2596;3:00:00;52;1,1691849;0;0;0;0;0;0;0;30226;52;0;0;;;;;;;;;
;;;2597;4:00:00;52;1,1082172;0;0;0;0;0;0;0;30174;52;0;0;;;;;;;;;
;;;2598;5:00:00;52;1,142758;0;0;0;0;0;0;0;30122;52;0;0;;;;;;;;;
;;;2599;6:00:00;1027,05;1,4067892;0;23,94;204,16;245,1456;143,64;143,64;0;29238;883,41;0;0;;;;;;;;;
;;;2600;7:00:00;1716,25;1,5126548;0;94,8;607,45;970,752;568,8;568,8;0;28091;1147,45;0;0;;;;;;;;;
;;;2601;8:00:00;1586,25;1,2165078;0;304,61;740,65;3119,2064;1827,66;1827,66;241,41;28332;0;0;0;;;;;;;;;
;;;2602;9:00:00;103,3;1,2687036;0;540,51;734,12;5534,8224;3243,06;3243,06;3139,76;31472;0;0;0;;;;;;;;;
;;;2603;10:00:00;52;1,9967581;0;651,18;611,66;6668,0832;3907,08;3907,08;3855,08;35327;0;0;0;;;;;;;;;
;;;2604;11:00:00;52;2,8730614;0;937,53;413,27;9600,3072;5625,18;5625,18;5573,18;40000;0;0;5573,18;;;;;;;;;
;;;2605;12:00:00;52;3,5847147;0;139,04;160,28;1423,7696;834,24;834,24;782,24;40000;0;0;782,24;;;;;;;;;
;;;2606;13:00:00;2788;4,130818;0;1085,66;501,56;11117,1584;6513,96;6513,96;3725,96;40000;0;0;3725,96;;;;;;;;;
;;;2607;14:00:00;362;4,752175;0;1048,26;732,08;10734,1824;6289,56;6289,56;5927,56;40000;0;0;5927,56;;;;;;;;;
;;;2608;15:00:00;492;5,0737944;0;907,74;905,8;9295,2576;5446,44;5446,44;4954,44;40000;0;0;4954,44;;;;;;;;;
;;;2609;16:00:00;52;4,939345;0;680,45;960,27;6967,808;4082,7;4082,7;4030,7;40000;0;0;4030,7;;;;;;;;;
;;;2610;17:00:00;52;4,374815;0;308,94;577,24;3163,5456;1853,64;1853,64;1801,64;40000;0;0;1801,64;;;;;;;;;
;;;2611;18:00:00;468;3,491002;0;195,41;919,42;2000,9984;1172,46;1172,46;704,46;40000;0;0;704,46;;;;;;;;;
;;;2612;19:00:00;2181,25;2,1490972;0;0;0;0;0;0;0;37819;2181,25;0;0;;;;;;;;;
;;;2613;20:00:00;2545,25;0,8892832;0;0;0;0;0;0;0;35274;2545,25;0;0;;;;;;;;;
;;;2614;21:00:00;3512,95;0,4339856;0;0;0;0;0;0;0;31761;3512,95;0;0;;;;;;;;;
;;;2615;22:00:00;591,25;1,1174755;0;0;0;0;0;0;0;31169;591,25;0;0;;;;;;;;;
;;;2616;23:00:00;781,25;1,3388617;0;0;0;0;0;0;0;30388;781,25;0;0;;;;;;;;;
;;Viernes;2617;0:00:00;637,5;2,6613631;0;0;0;0;0;0;0;29751;637,5;0;0;;;;;;;;;
;;;2618;1:00:00;52;3,5134492;0;0;0;0;0;0;0;29699;52;0;0;;;;;;;;;
;;;2619;2:00:00;52;3,5896883;0;0;0;0;0;0;0;29647;52;0;0;;;;;;;;;
;;;2620;3:00:00;52;3,4731886;0;0;0;0;0;0;0;29595;52;0;0;;;;;;;;;
;;;2621;4:00:00;52;3,4833074;0;0;0;0;0;0;0;29543;52;0;0;;;;;;;;;
;;;2622;5:00:00;52;3,1386435;0;0;0;0;0;0;0;29491;52;0;0;;;;;;;;;
;;;2623;6:00:00;1027,05;2,859634;0;27,36;91;280,1664;164,16;164,16;0;28628;862,89;0;0;;;;;;;;;
;;;2624;7:00:00;1716,25;3,1389036;0;119,05;246,81;1219,072;714,3;714,3;0;27626;1001,95;0;0;;;;;;;;;
;;;2625;8:00:00;1586,25;3,2907002;0;257,06;428,18;2632,2944;1542,36;1542,36;0;27582;43,89;0;0;;;;;;;;;
;;;2626;9:00:00;103,3;3,1458068;0;335,67;410,47;3437,2608;2014,02;2014,02;1910,72;29493;0;0;0;;;;;;;;;
;;;2627;10:00:00;52;2,2415893;0;751,08;604,21;7691,0592;4506,48;4506,48;4454,48;33947;0;0;0;;;;;;;;;
;;;2628;11:00:00;52;2,9437094;0;937,36;401,3;9598,5664;5624,16;5624,16;5572,16;39519;0;0;5091,34;;;;;;;;;
;;;2629;12:00:00;52;3,1047714;0;1005,57;279,53;10297,0368;6033,42;6033,42;5981,42;40000;0;0;5981,42;;;;;;;;;
;;;2630;13:00:00;2788;3,0601413;0;915;562,69;9369,6;5490;5490;2702;40000;0;0;2702;;;;;;;;;
;;;2631;14:00:00;362;3,5957174;0;944,57;720,74;9672,3968;5667,42;5667,42;5305,42;40000;0;0;5305,42;;;;;;;;;
;;;2632;15:00:00;492;5,1623645;0;763,6;806,4;7819,264;4581,6;4581,6;4089,6;40000;0;0;4089,6;;;;;;;;;
;;;2633;16:00:00;52;6,014891;0;461,34;627,94;4724,1216;2768,04;2768,04;2716,04;40000;0;0;2716,04;;;;;;;;;
;;;2634;17:00:00;52;6,2605715;0;442,77;936,59;4533,9648;2656,62;2656,62;2604,62;40000;0;0;2604,62;;;;;;;;;
;;;2635;18:00:00;468;5,635612;0;168,72;761,47;1727,6928;1012,32;1012,32;544,32;40000;0;0;544,32;;;;;;;;;
;;;2636;19:00:00;2181,25;4,3135815;0;0;0;0;0;0;0;37819;2181,25;0;0;;;;;;;;;
;;;2637;20:00:00;2545,25;3,0693927;0;0;0;0;0;0;0;35274;2545,25;0;0;;;;;;;;;
;;;2638;21:00:00;3512,95;1,8487875;0;0;0;0;0;0;0;31761;3512,95;0;0;;;;;;;;;
;;;2639;22:00:00;591,25;0,65410167;0;0;0;0;0;0;0;31169;591,25;0;0;;;;;;;;;
;;;2640;23:00:00;781,25;0,44293588;0;0;0;0;0;0;0;30388;781,25;0;0;;;;;;;;;
;;Sábado;2641;0:00:00;723;0,41880327;0;0;0;0;0;0;0;29665;723;0;0;;;;;;;;;
;;;2642;1:00:00;362;0,5206663;0;0;0;0;0;0;0;29303;362;0;0;;;;;;;;;
;;;2643;2:00:00;52;0,9125712;0;0;0;0;0;0;0;29251;52;0;0;;;;;;;;;
;;;2644;3:00:00;52;0,9283574;0;0;0;0;0;0;0;29199;52;0;0;;;;;;;;;
;;;2645;4:00:00;52;1,0493461;0;0;0;0;0;0;0;29147;52;0;0;;;;;;;;;
;;;2646;5:00:00;52;0,9490578;0;0;0;0;0;0;0;29095;52;0;0;;;;;;;;;
;;;2647;6:00:00;382,5;0,664068;0;27,36;200,17;280,1664;164,16;164,16;0;28877;218,34;0;0;;;;;;;;;
;;;2648;7:00:00;1491,25;0,6599077;0;117,78;374,52;1206,0672;706,68;706,68;0;28092;784,57;0;0;;;;;;;;;
;;;2649;8:00:00;1286,25;1,024633;0;292,77;658,06;2997,9648;1756,62;1756,62;470,37;28563;0;0;0;;;;;;;;;
;;;2650;9:00:00;1301,55;1,6726893;0;510,3;692,78;5225,472;3061,8;3061,8;1760,25;30323;0;0;0;;;;;;;;;
;;;2651;10:00:00;1676,25;2,160305;0;693,41;604,14;7100,5184;4160,46;4160,46;2484,21;32807;0;0;0;;;;;;;;;
;;;2652;11:00:00;232;3,2187674;0;845,25;457,48;8655,36;5071,5;5071,5;4839,5;37646;0;0;2485,97;;;;;;;;;
;;;2653;12:00:00;52;3,8034127;0;944,2;326,53;9668,608;5665,2;5665,2;5613,2;40000;0;0;5613,2;;;;;;;;;
;;;2654;13:00:00;2755;4,0939093;0;954,47;538,66;9773,7728;5726,82;5726,82;2971,82;40000;0;0;2971,82;;;;;;;;;
;;;2655;14:00:00;2642;4,2767005;0;543,7;544,19;5567,488;3262,2;3262,2;620,2;40000;0;0;620,2;;;;;;;;;
;;;2656;15:00:00;492;4,386604;0;314,52;358,54;3220,6848;1887,12;1887,12;1395,12;40000;0;0;1395,12;;;;;;;;;
;;;2657;16:00:00;52;4,3174734;0;513,25;711,76;5255,68;3079,5;3079,5;3027,5;40000;0;0;3027,5;;;;;;;;;
;;;2658;17:00:00;52;4,278625;0;178,64;261,05;1829,2736;1071,84;1071,84;1019,84;40000;0;0;1019,84;;;;;;;;;
;;;2659;18:00:00;598;3,732334;0;51,87;92,69;531,1488;311,22;311,22;0;39713;286,78;0;0;;;;;;;;;
;;;2660;19:00:00;622;2,648881;0;0;0;0;0;0;0;39091;622;0;0;;;;;;;;;
;;;2661;20:00:00;2365,25;2,0035667;0;0;0;0;0;0;0;36726;2365,25;0;0;;;;;;;;;
;;;2662;21:00:00;4621,25;1,6829408;0;0;0;0;0;0;0;32105;4621,25;0;0;;;;;;;;;
;;;2663;22:00:00;591,25;1,4294498;0;0;0;0;0;0;0;31513;591,25;0;0;;;;;;;;;
;;;2664;23:00:00;781,25;1,0610802;0;0;0;0;0;0;0;30732;781,25;0;0;;;;;;;;;
;;Domingo;2665;0:00:00;723;1,0905991;0;0;0;0;0;0;0;30009;723;0;0;;;;;;;;;
;;;2666;1:00:00;362;1,1680332;0;0;0;0;0;0;0;29647;362;0;0;;;;;;;;;
;;;2667;2:00:00;52;0,8608729;0;0;0;0;0;0;0;29595;52;0;0;;;;;;;;;
;;;2668;3:00:00;52;0,40581238;0;0;0;0;0;0;0;29543;52;0;0;;;;;;;;;
;;;2669;4:00:00;52;0,44666532;0;0;0;0;0;0;0;29491;52;0;0;;;;;;;;;
;;;2670;5:00:00;52;0,65563625;0;0;0;0;0;0;0;29439;52;0;0;;;;;;;;;
;;;2671;6:00:00;382,5;0,8576025;0;21,37;26,36;218,8288;128,22;128,22;0;29185;254,28;0;0;;;;;;;;;
;;;2672;7:00:00;1491,25;1,1216502;0;120,03;241,42;1229,1072;720,18;720,18;0;28414;771,07;0;0;;;;;;;;;
;;;2673;8:00:00;1286,25;0,7690031;0;199,59;255,79;2043,8016;1197,54;1197,54;0;28325;88,71;0;0;;;;;;;;;
;;;2674;9:00:00;1301,55;0,93979454;0;515,16;698,46;5275,2384;3090,96;3090,96;1789,41;30115;0;0;0;;;;;;;;;
;;;2675;10:00:00;1676,25;1,1834106;0;662,68;605,25;6785,8432;3976,08;3976,08;2299,83;32414;0;0;0;;;;;;;;;
;;;2676;11:00:00;232;2,216518;0;913,16;406,05;9350,7584;5478,96;5478,96;5246,96;37661;0;0;2908,32;;;;;;;;;
;;;2677;12:00:00;52;3,0886765;0;1018,18;253,38;10426,1632;6109,08;6109,08;6057,08;40000;0;0;6057,08;;;;;;;;;
;;;2678;13:00:00;2755;3,8905594;0;1041,34;500,4;10663,3216;6248,04;6248,04;3493,04;40000;0;0;3493,04;;;;;;;;;
;;;2679;14:00:00;2642;4,7185335;0;580,64;570,77;5945,7536;3483,84;3483,84;841,84;40000;0;0;841,84;;;;;;;;;
;;;2680;15:00:00;492;5,4103727;0;280,59;321,25;2873,2416;1683,54;1683,54;1191,54;40000;0;0;1191,54;;;;;;;;;
;;;2681;16:00:00;52;5,5758033;0;185,34;216,59;1897,8816;1112,04;1112,04;1060,04;40000;0;0;1060,04;;;;;;;;;
;;;2682;17:00:00;52;5,381212;0;148,77;197,1;1523,4048;892,62;892,62;840,62;40000;0;0;840,62;;;;;;;;;
;;;2683;18:00:00;598;4,4531837;0;63,27;125,94;647,8848;379,62;379,62;0;39782;218,38;0;0;;;;;;;;;
;;;2684;19:00:00;622;3,2911558;0;0;0;0;0;0;0;39160;622;0;0;;;;;;;;;
;;;2685;20:00:00;2365,25;2,6607466;0;0;0;0;0;0;0;36794;2365,25;0;0;;;;;;;;;
;;;2686;21:00:00;4621,25;2,1428375;0;0;0;0;0;0;0;32173;4621,25;0;0;;;;;;;;;
;;;2687;22:00:00;591,25;1,7013772;0;0;0;0;0;0;0;31582;591,25;0;0;;;;;;;;;
;;;2688;23:00:00;781,25;1,4011703;0;0;0;0;0;0;0;30801;781,25;0;0;;;;;;;;;
;17;Lunes;2689;0:00:00;637,5;1,1863353;0;0;0;0;0;0;0;30163;637,5;0;0;;;;;;;;;
;;;2690;1:00:00;52;1,1228431;0;0;0;0;0;0;0;30111;52;0;0;;;;;;;;;
;;;2691;2:00:00;52;1,1997658;0;0;0;0;0;0;0;30059;52;0;0;;;;;;;;;
;;;2692;3:00:00;52;1,590519;0;0;0;0;0;0;0;30007;52;0;0;;;;;;;;;
;;;2693;4:00:00;52;2,005004;0;0;0;0;0;0;0;29955;52;0;0;;;;;;;;;
;;;2694;5:00:00;52;2,378803;0;0;0;0;0;0;0;29903;52;0;0;;;;;;;;;
;;;2695;6:00:00;1027,05;2,7136958;0;29,07;62,19;297,6768;174,42;174,42;0;29050;852,63;0;0;;;;;;;;;
;;;2696;7:00:00;1716,25;3,4268613;0;113,01;174,15;1157,2224;678,06;678,06;0;28012;1038,19;0;0;;;;;;;;;
;;;2697;8:00:00;1586,25;3,670255;0;215,38;287,74;2205,4912;1292,28;1292,28;0;27718;293,97;0;0;;;;;;;;;
;;;2698;9:00:00;103,3;4,031437;0;368,95;460,41;3778,048;2213,7;2213,7;2110,4;29829;0;0;0;;;;;;;;;
;;;2699;10:00:00;52;5,6011;0;634,24;598,43;6494,6176;3805,44;3805,44;3753,44;33582;0;0;0;;;;;;;;;
;;;2700;11:00:00;52;6,062647;0;768,29;503,39;7867,2896;4609,74;4609,74;4557,74;38140;0;0;2697,65;;;;;;;;;
;;;2701;12:00:00;52;6,1284394;0;710,67;477,4;7277,2608;4264,02;4264,02;4212,02;40000;0;0;4212,02;;;;;;;;;
;;;2702;13:00:00;2788;6,3981786;0;430,11;453,14;4404,3264;2580,66;2580,66;0;39793;207,34;0;0;;;;;;;;;
;;;2703;14:00:00;362;6,676607;0;825,5;693,29;8453,12;4953;4953;4591;40000;0;0;4591;;;;;;;;;
;;;2704;15:00:00;492;6,6193047;0;858,63;870,41;8792,3712;5151,78;5151,78;4659,78;40000;0;0;4659,78;;;;;;;;;
;;;2705;16:00:00;52;6,1029296;0;633,95;897,9;6491,648;3803,7;3803,7;3751,7;40000;0;0;3751,7;;;;;;;;;
;;;2706;17:00:00;52;5,602135;0;105,08;123,29;1076,0192;630,48;630,48;578,48;40000;0;0;578,48;;;;;;;;;
;;;2707;18:00:00;468;4,827082;0;58,35;107,67;597,504;350,1;350,1;0;39882;117,9;0;0;;;;;;;;;
;;;2708;19:00:00;2181,25;3,8700435;0;0;0;0;0;0;0;37701;2181,25;0;0;;;;;;;;;
;;;2709;20:00:00;2545,25;2,7628095;0;0;0;0;0;0;0;35156;2545,25;0;0;;;;;;;;;
;;;2710;21:00:00;3512,95;1,669448;0;0;0;0;0;0;0;31643;3512,95;0;0;;;;;;;;;
;;;2711;22:00:00;591,25;0,25430465;0;0;0;0;0;0;0;31051;591,25;0;0;;;;;;;;;
;;;2712;23:00:00;781,25;0,55260134;0;0;0;0;0;0;0;30270;781,25;0;0;;;;;;;;;
;;Martes;2713;0:00:00;637,5;0,105991766;0;0;0;0;0;0;0;29633;637,5;0;0;;;;;;;;;
;;;2714;1:00:00;52;1,3426999;0;0;0;0;0;0;0;29581;52;0;0;;;;;;;;;
;;;2715;2:00:00;52;3,082046;0;0;0;0;0;0;0;29529;52;0;0;;;;;;;;;
;;;2716;3:00:00;52;3,5406451;0;0;0;0;0;0;0;29477;52;0;0;;;;;;;;;
;;;2717;4:00:00;52;3,3805473;0;0;0;0;0;0;0;29425;52;0;0;;;;;;;;;
;;;2718;5:00:00;52;3,0752392;0;0;0;0;0;0;0;29373;52;0;0;;;;;;;;;
;;;2719;6:00:00;1027,05;3,044057;0;23,94;29,53;245,1456;143,64;143,64;0;28489;883,41;0;0;;;;;;;;;
;;;2720;7:00:00;1716,25;3,25755;0;99,26;126,44;1016,4224;595,56;595,56;0;27369;1120,69;0;0;;;;;;;;;
;;;2721;8:00:00;1586,25;3,0640311;0;166,66;198,45;1706,5984;999,96;999,96;0;26782;586,29;0;0;;;;;;;;;
;;;2722;9:00:00;103,3;2,4539104;0;211,05;244,17;2161,152;1266,3;1266,3;1163;27945;0;0;0;;;;;;;;;
;;;2723;10:00:00;52;1,1024827;0;327,29;370,48;3351,4496;1963,74;1963,74;1911,74;29857;0;0;0;;;;;;;;;
;;;2724;11:00:00;52;1,4146625;0;916,52;410,81;9385,1648;5499,12;5499,12;5447,12;35304;0;0;751,24;;;;;;;;;
;;;2725;12:00:00;52;1,53451;0;1044,18;242,42;10692,4032;6265,08;6265,08;6213,08;40000;0;0;6213,08;;;;;;;;;
;;;2726;13:00:00;2788;1,6708637;0;1062,07;500,08;10875,5968;6372,42;6372,42;3584,42;40000;0;0;3584,42;;;;;;;;;
;;;2727;14:00:00;362;1,6894537;0;986,37;722,13;10100,4288;5918,22;5918,22;5556,22;40000;0;0;5556,22;;;;;;;;;
;;;2728;15:00:00;492;1,7716111;0;895,28;896,48;9167,6672;5371,68;5371,68;4879,68;40000;0;0;4879,68;;;;;;;;;
;;;2729;16:00:00;52;1,5585877;0;709,75;1003,74;7267,84;4258,5;4258,5;4206,5;40000;0;0;4206,5;;;;;;;;;
;;;2730;17:00:00;52;1,8345642;0;465,98;1002,3;4771,6352;2795,88;2795,88;2743,88;40000;0;0;2743,88;;;;;;;;;
;;;2731;18:00:00;468;1,9728369;0;207,26;896,85;2122,3424;1243,56;1243,56;775,56;40000;0;0;775,56;;;;;;;;;
;;;2732;19:00:00;2181,25;1,5147372;0;0;0;0;0;0;0;37819;2181,25;0;0;;;;;;;;;
;;;2733;20:00:00;2545,25;0,8328328;0;0;0;0;0;0;0;35274;2545,25;0;0;;;;;;;;;
;;;2734;21:00:00;3512,95;0,93604696;0;0;0;0;0;0;0;31761;3512,95;0;0;;;;;;;;;
;;;2735;22:00:00;591,25;2,8948426;0;0;0;0;0;0;0;31169;591,25;0;0;;;;;;;;;
;;;2736;23:00:00;781,25;3,291709;0;0;0;0;0;0;0;30388;781,25;0;0;;;;;;;;;
;;Miércoles;2737;0:00:00;637,5;4,1649504;0;0;0;0;0;0;0;29751;637,5;0;0;;;;;;;;;
;;;2738;1:00:00;52;4,3236475;0;0;0;0;0;0;0;29699;52;0;0;;;;;;;;;
;;;2739;2:00:00;52;3,9314294;0;0;0;0;0;0;0;29647;52;0;0;;;;;;;;;
;;;2740;3:00:00;52;3,6916378;0;0;0;0;0;0;0;29595;52;0;0;;;;;;;;;
;;;2741;4:00:00;52;3,4521916;0;0;0;0;0;0;0;29543;52;0;0;;;;;;;;;
;;;2742;5:00:00;52;3,1556203;0;0;0;0;0;0;0;29491;52;0;0;;;;;;;;;
;;;2743;6:00:00;1027,05;3,021315;0;29,92;312,12;306,3808;179,52;179,52;0;28643;847,53;0;0;;;;;;;;;
;;;2744;7:00:00;1716,25;2,9675243;0;100,13;674,95;1025,3312;600,78;600,78;0;27528;1115,47;0;0;;;;;;;;;
;;;2745;8:00:00;1586,25;1,994044;0;320,35;784,73;3280,384;1922,1;1922,1;335,85;27863;0;0;0;;;;;;;;;
;;;2746;9:00:00;103,3;0,515314;0;566,72;755,63;5803,2128;3400,32;3400,32;3297,02;31160;0;0;0;;;;;;;;;
;;;2747;10:00:00;52;1,0264782;0;778,08;611,98;7967,5392;4668,48;4668,48;4616,48;35777;0;0;393,38;;;;;;;;;
;;;2748;11:00:00;52;1,6872677;0;956,73;401,52;9796,9152;5740,38;5740,38;5688,38;40000;0;0;5688,38;;;;;;;;;
;;;2749;12:00:00;52;2,292859;0;1077,52;233,13;11033,8048;6465,12;6465,12;6413,12;40000;0;0;6413,12;;;;;;;;;
;;;2750;13:00:00;2788;2,986141;0;1110,16;499,31;11368,0384;6660,96;6660,96;3872,96;40000;0;0;3872,96;;;;;;;;;
;;;2751;14:00:00;362;3,9198337;0;1058,15;737,21;10835,456;6348,9;6348,9;5986,9;40000;0;0;5986,9;;;;;;;;;
;;;2752;15:00:00;492;5,2841387;0;927,84;923,66;9501,0816;5567,04;5567,04;5075,04;40000;0;0;5075,04;;;;;;;;;
;;;2753;16:00:00;52;6,240353;0;728,38;1031;7458,6112;4370,28;4370,28;4318,28;40000;0;0;4318,28;;;;;;;;;
;;;2754;17:00:00;52;6,3239293;0;482,13;1042,1;4937,0112;2892,78;2892,78;2840,78;40000;0;0;2840,78;;;;;;;;;
;;;2755;18:00:00;468;5,197826;0;230,11;1028,11;2356,3264;1380,66;1380,66;912,66;40000;0;0;912,66;;;;;;;;;
;;;2756;19:00:00;2181,25;3,7448883;0;0;0;0;0;0;0;37819;2181,25;0;0;;;;;;;;;
;;;2757;20:00:00;2545,25;2,5428543;0;0;0;0;0;0;0;35274;2545,25;0;0;;;;;;;;;
;;;2758;21:00:00;3512,95;1,6323688;0;0;0;0;0;0;0;31761;3512,95;0;0;;;;;;;;;
;;;2759;22:00:00;591,25;1,5011566;0;0;0;0;0;0;0;31169;591,25;0;0;;;;;;;;;
;;;2760;23:00:00;781,25;1,9983634;0;0;0;0;0;0;0;30388;781,25;0;0;;;;;;;;;
;;Jueves;2761;0:00:00;637,5;2,2770267;0;0;0;0;0;0;0;29751;637,5;0;0;;;;;;;;;
;;;2762;1:00:00;52;2,2068398;0;0;0;0;0;0;0;29699;52;0;0;;;;;;;;;
;;;2763;2:00:00;52;1,9979333;0;0;0;0;0;0;0;29647;52;0;0;;;;;;;;;
;;;2764;3:00:00;52;1,7332603;0;0;0;0;0;0;0;29595;52;0;0;;;;;;;;;
;;;2765;4:00:00;52;1,6411507;0;0;0;0;0;0;0;29543;52;0;0;;;;;;;;;
;;;2766;5:00:00;52;1,4694749;0;0;0;0;0;0;0;29491;52;0;0;;;;;;;;;
;;;2767;6:00:00;1027,05;1,2984838;0;32,49;286,41;332,6976;194,94;194,94;0;28658;832,11;0;0;;;;;;;;;
;;;2768;7:00:00;1716,25;1,010733;0;103,44;653,26;1059,2256;620,64;620,64;0;27563;1095,61;0;0;;;;;;;;;
;;;2769;8:00:00;1586,25;1,093779;0;319,12;773,84;3267,7888;1914,72;1914,72;328,47;27891;0;0;0;;;;;;;;;
;;;2770;9:00:00;103,3;1,986581;0;551,77;738,94;5650,1248;3310,62;3310,62;3207,32;31099;0;0;0;;;;;;;;;
;;;2771;10:00:00;52;2,7165446;0;779,9;610,12;7986,176;4679,4;4679,4;4627,4;35726;0;0;353,42;;;;;;;;;
;;;2772;11:00:00;52;3,447596;0;963,63;394,82;9867,5712;5781,78;5781,78;5729,78;40000;0;0;5729,78;;;;;;;;;
;;;2773;12:00:00;52;3,8447287;0;1073,89;234,63;10996,6336;6443,34;6443,34;6391,34;40000;0;0;6391,34;;;;;;;;;
;;;2774;13:00:00;2788;4,3506236;0;1105,01;498,46;11315,3024;6630,06;6630,06;3842,06;40000;0;0;3842,06;;;;;;;;;
;;;2775;14:00:00;362;5,414933;0;1053,85;736,01;10791,424;6323,1;6323,1;5961,1;40000;0;0;5961,1;;;;;;;;;
;;;2776;15:00:00;492;5,08799;0;923,36;920,28;9455,2064;5540,16;5540,16;5048,16;40000;0;0;5048,16;;;;;;;;;
;;;2777;16:00:00;52;4,43956;0;738,85;1045,28;7565,824;4433,1;4433,1;4381,1;40000;0;0;4381,1;;;;;;;;;
;;;2778;17:00:00;52;3,8428233;0;469,48;1011,69;4807,4752;2816,88;2816,88;2764,88;40000;0;0;2764,88;;;;;;;;;
;;;2779;18:00:00;468;3,781067;0;217,19;955,12;2224,0256;1303,14;1303,14;835,14;40000;0;0;835,14;;;;;;;;;
;;;2780;19:00:00;2181,25;3,6880913;0;0;0;0;0;0;0;37819;2181,25;0;0;;;;;;;;;
;;;2781;20:00:00;2545,25;3,1879234;0;0;0;0;0;0;0;35274;2545,25;0;0;;;;;;;;;
;;;2782;21:00:00;3512,95;3,3534672;0;0;0;0;0;0;0;31761;3512,95;0;0;;;;;;;;;
;;;2783;22:00:00;591,25;2,827674;0;0;0;0;0;0;0;31169;591,25;0;0;;;;;;;;;
;;;2784;23:00:00;781,25;2,0179327;0;0;0;0;0;0;0;30388;781,25;0;0;;;;;;;;;
;;Viernes;2785;0:00:00;637,5;1,3164623;0;0;0;0;0;0;0;29751;637,5;0;0;;;;;;;;;
;;;2786;1:00:00;52;0,96909654;0;0;0;0;0;0;0;29699;52;0;0;;;;;;;;;
;;;2787;2:00:00;52;0,82831424;0;0;0;0;0;0;0;29647;52;0;0;;;;;;;;;
;;;2788;3:00:00;52;1,0309961;0;0;0;0;0;0;0;29595;52;0;0;;;;;;;;;
;;;2789;4:00:00;52;1,1872197;0;0;0;0;0;0;0;29543;52;0;0;;;;;;;;;
;;;2790;5:00:00;52;1,1766082;0;0;0;0;0;0;0;29491;52;0;0;;;;;;;;;
;;;2791;6:00:00;1027,05;1,29265;0;33,34;294,23;341,4016;200,04;200,04;0;28664;827,01;0;0;;;;;;;;;
;;;2792;7:00:00;1716,25;0,94971865;0;111,28;598,54;1139,5072;667,68;667,68;0;27615;1048,57;0;0;;;;;;;;;
;;;2793;8:00:00;1586,25;0,36253187;0;304,69;643,17;3120,0256;1828,14;1828,14;241,89;27857;0;0;0;;;;;;;;;
;;;2794;9:00:00;103,3;0,82486594;0;537,11;722,14;5500,0064;3222,66;3222,66;3119,36;30976;0;0;0;;;;;;;;;
;;;2795;10:00:00;52;1,8354675;0;746,35;610,78;7642,624;4478,1;4478,1;4426,1;35402;0;0;0;;;;;;;;;
;;;2796;11:00:00;52;2,8277006;0;926,24;411,65;9484,6976;5557,44;5557,44;5505,44;40000;0;0;5505,44;;;;;;;;;
;;;2797;12:00:00;52;3,4239643;0;1047;249,6;10721,28;6282;6282;6230;40000;0;0;6230;;;;;;;;;
;;;2798;13:00:00;2788;4,2490215;0;1051,07;513,85;10762,9568;6306,42;6306,42;3518,42;40000;0;0;3518,42;;;;;;;;;
;;;2799;14:00:00;362;5,304849;0;954,71;730,06;9776,2304;5728,26;5728,26;5366,26;40000;0;0;5366,26;;;;;;;;;
;;;2800;15:00:00;492;6,062952;0;874,53;888,82;8955,1872;5247,18;5247,18;4755,18;40000;0;0;4755,18;;;;;;;;;
;;;2801;16:00:00;52;5,8650765;0;479,61;659,31;4911,2064;2877,66;2877,66;2825,66;40000;0;0;2825,66;;;;;;;;;
;;;2802;17:00:00;52;4,7482433;0;202,31;305,14;2071,6544;1213,86;1213,86;1161,86;40000;0;0;1161,86;;;;;;;;;
;;;2803;18:00:00;468;3,837498;0;199,35;849,17;2041,344;1196,1;1196,1;728,1;40000;0;0;728,1;;;;;;;;;
;;;2804;19:00:00;2181,25;2,6914406;0;0;0;0;0;0;0;37819;2181,25;0;0;;;;;;;;;
;;;2805;20:00:00;2545,25;2,1781194;0;0;0;0;0;0;0;35274;2545,25;0;0;;;;;;;;;
;;;2806;21:00:00;3512,95;2,014486;0;0;0;0;0;0;0;31761;3512,95;0;0;;;;;;;;;
;;;2807;22:00:00;591,25;1,5694551;0;0;0;0;0;0;0;31169;591,25;0;0;;;;;;;;;
;;;2808;23:00:00;781,25;1,4709225;0;0;0;0;0;0;0;30388;781,25;0;0;;;;;;;;;
;;Sábado;2809;0:00:00;723;2,0186114;0;0;0;0;0;0;0;29665;723;0;0;;;;;;;;;
;;;2810;1:00:00;362;1,9499764;0;0;0;0;0;0;0;29303;362;0;0;;;;;;;;;
;;;2811;2:00:00;52;1,7892907;0;0;0;0;0;0;0;29251;52;0;0;;;;;;;;;
;;;2812;3:00:00;52;1,9314895;0;0;0;0;0;0;0;29199;52;0;0;;;;;;;;;
;;;2813;4:00:00;52;2,08043;0;0;0;0;0;0;0;29147;52;0;0;;;;;;;;;
;;;2814;5:00:00;52;1,7976592;0;0;0;0;0;0;0;29095;52;0;0;;;;;;;;;
;;;2815;6:00:00;382,5;1,0380324;0;34,2;307,78;350,208;205,2;205,2;0;28918;177,3;0;0;;;;;;;;;
;;;2816;7:00:00;1491,25;0,71911365;0;105,53;658,9;1080,6272;633,18;633,18;0;28060;858,07;0;0;;;;;;;;;
;;;2817;8:00:00;1286,25;1,4091444;0;319,13;768,53;3267,8912;1914,78;1914,78;628,53;28688;0;0;0;;;;;;;;;
;;;2818;9:00:00;1301,55;2,2824235;0;554,4;738,96;5677,056;3326,4;3326,4;2024,85;30713;0;0;0;;;;;;;;;
;;;2819;10:00:00;1676,25;4,118544;0;770,43;604,74;7889,2032;4622,58;4622,58;2946,33;33659;0;0;0;;;;;;;;;
;;;2820;11:00:00;232;4,4606695;0;956,36;392,26;9793,1264;5738,16;5738,16;5506,16;39166;0;0;4671,71;;;;;;;;;
;;;2821;12:00:00;52;4,212102;0;1070,1;232,26;10957,824;6420,6;6420,6;6368,6;40000;0;0;6368,6;;;;;;;;;
;;;2822;13:00:00;2755;3,7207346;0;1088,92;499,43;11150,5408;6533,52;6533,52;3778,52;40000;0;0;3778,52;;;;;;;;;
;;;2823;14:00:00;2642;2,9815624;0;1043,06;731,5;10680,9344;6258,36;6258,36;3616,36;40000;0;0;3616,36;;;;;;;;;
;;;2824;15:00:00;492;2,6460345;0;913,26;912,71;9351,7824;5479,56;5479,56;4987,56;40000;0;0;4987,56;;;;;;;;;
;;;2825;16:00:00;52;4,0745435;0;721,69;1023,96;7390,1056;4330,14;4330,14;4278,14;40000;0;0;4278,14;;;;;;;;;
;;;2826;17:00:00;52;4,031791;0;475,34;1029,67;4867,4816;2852,04;2852,04;2800,04;40000;0;0;2800,04;;;;;;;;;
;;;2827;18:00:00;598;3,2794943;0;213,13;935,76;2182,4512;1278,78;1278,78;680,78;40000;0;0;680,78;;;;;;;;;
;;;2828;19:00:00;622;2,3405066;0;0;0;0;0;0;0;39378;622;0;0;;;;;;;;;
;;;2829;20:00:00;2365,25;2,0551493;0;0;0;0;0;0;0;37013;2365,25;0;0;;;;;;;;;
;;;2830;21:00:00;4621,25;1,9607255;0;0;0;0;0;0;0;32392;4621,25;0;0;;;;;;;;;
;;;2831;22:00:00;591,25;1,9181933;0;0;0;0;0;0;0;31800;591,25;0;0;;;;;;;;;
;;;2832;23:00:00;781,25;2,074214;0;0;0;0;0;0;0;31019;781,25;0;0;;;;;;;;;
;;Domingo;2833;0:00:00;723;2,0377338;0;0;0;0;0;0;0;30296;723;0;0;;;;;;;;;
;;;2834;1:00:00;362;1,9738244;0;0;0;0;0;0;0;29934;362;0;0;;;;;;;;;
;;;2835;2:00:00;52;1,8907323;0;0;0;0;0;0;0;29882;52;0;0;;;;;;;;;
;;;2836;3:00:00;52;1,9200355;0;0;0;0;0;0;0;29830;52;0;0;;;;;;;;;
;;;2837;4:00:00;52;2,2254887;0;0;0;0;0;0;0;29778;52;0;0;;;;;;;;;
;;;2838;5:00:00;52;2,5302303;0;0;0;0;0;0;0;29726;52;0;0;;;;;;;;;
;;;2839;6:00:00;382,5;2,9232392;0;35,05;332,49;358,912;210,3;210,3;0;29554;172,2;0;0;;;;;;;;;
;;;2840;7:00:00;1491,25;2,8316886;0;106,74;672,1;1093,0176;640,44;640,44;0;28703;850,81;0;0;;;;;;;;;
;;;2841;8:00:00;1286,25;2,5018559;0;321,15;768,5;3288,576;1926,9;1926,9;640,65;29344;0;0;0;;;;;;;;;
;;;2842;9:00:00;1301,55;2,0232174;0;558,7;743,47;5721,088;3352,2;3352,2;2050,65;31394;0;0;0;;;;;;;;;
;;;2843;10:00:00;1676,25;2,7101004;0;777,16;608,62;7958,1184;4662,96;4662,96;2986,71;34381;0;0;0;;;;;;;;;
;;;2844;11:00:00;232;2,9577272;0;943,65;404,24;9662,976;5661,9;5661,9;5429,9;39811;0;0;5240,8;;;;;;;;;
;;;2845;12:00:00;52;3,4745967;0;1061,13;246,73;10865,9712;6366,78;6366,78;6314,78;40000;0;0;6314,78;;;;;;;;;
;;;2846;13:00:00;2755;3,8944259;0;1084,85;507,14;11108,864;6509,1;6509,1;3754,1;40000;0;0;3754,1;;;;;;;;;
;;;2847;14:00:00;2642;4,198395;0;1033,33;734,93;10581,2992;6199,98;6199,98;3557,98;40000;0;0;3557,98;;;;;;;;;
;;;2848;15:00:00;492;4,6853213;0;880,99;896,58;9021,3376;5285,94;5285,94;4793,94;40000;0;0;4793,94;;;;;;;;;
;;;2849;16:00:00;52;4,7563562;0;660,36;942,35;6762,0864;3962,16;3962,16;3910,16;40000;0;0;3910,16;;;;;;;;;
;;;2850;17:00:00;52;4,4998693;0;447,18;955,71;4579,1232;2683,08;2683,08;2631,08;40000;0;0;2631,08;;;;;;;;;
;;;2851;18:00:00;598;3,898661;0;190,78;795,89;1953,5872;1144,68;1144,68;546,68;40000;0;0;546,68;;;;;;;;;
;;;2852;19:00:00;622;2,6989074;0;0;0;0;0;0;0;39378;622;0;0;;;;;;;;;
;;;2853;20:00:00;2365,25;2,0342076;0;0;0;0;0;0;0;37013;2365,25;0;0;;;;;;;;;
;;;2854;21:00:00;4621,25;1,7518475;0;0;0;0;0;0;0;32392;4621,25;0;0;;;;;;;;;
;;;2855;22:00:00;591,25;1,7783115;0;0;0;0;0;0;0;31800;591,25;0;0;;;;;;;;;
;;;2856;23:00:00;781,25;1,5561992;0;0;0;0;0;0;0;31019;781,25;0;0;;;;;;;;;
;18;Lunes;2857;0:00:00;637,5;1,8223572;0;0;0;0;0;0;0;30382;637,5;0;0;;;;;;;;;
;;;2858;1:00:00;52;1,4852824;0;0;0;0;0;0;0;30330;52;0;0;;;;;;;;;
;;;2859;2:00:00;52;1,3445579;0;0;0;0;0;0;0;30278;52;0;0;;;;;;;;;
;;;2860;3:00:00;52;1,9723572;0;0;0;0;0;0;0;30226;52;0;0;;;;;;;;;
;;;2861;4:00:00;52;1,6659834;0;0;0;0;0;0;0;30174;52;0;0;;;;;;;;;
;;;2862;5:00:00;52;1,4598898;0;0;0;0;0;0;0;30122;52;0;0;;;;;;;;;
;;;2863;6:00:00;1027,05;1,6142659;0;39,32;284,11;402,6368;235,92;235,92;0;29330;791,13;0;0;;;;;;;;;
;;;2864;7:00:00;1716,25;1,6395223;0;113,23;610,04;1159,4752;679,38;679,38;0;28294;1036,87;0;0;;;;;;;;;
;;;2865;8:00:00;1586,25;1,7430176;0;315,81;731,27;3233,8944;1894,86;1894,86;308,61;28602;0;0;0;;;;;;;;;
;;;2866;9:00:00;103,3;2,2397215;0;549,82;731,56;5630,1568;3298,92;3298,92;3195,62;31798;0;0;0;;;;;;;;;
;;;2867;10:00:00;52;2,008147;0;754,67;602,44;7727,8208;4528,02;4528,02;4476,02;36274;0;0;749,77;;;;;;;;;
;;;2868;11:00:00;52;1,9837894;0;929,55;401,3;9518,592;5577,3;5577,3;5525,3;40000;0;0;5525,3;;;;;;;;;
;;;2869;12:00:00;52;1,8334752;0;1033,6;256,79;10584,064;6201,6;6201,6;6149,6;40000;0;0;6149,6;;;;;;;;;
;;;2870;13:00:00;2788;1,4713709;0;1067,24;501,77;10928,5376;6403,44;6403,44;3615,44;40000;0;0;3615,44;;;;;;;;;
;;;2871;14:00:00;362;1,1428523;0;1010,6;725,5;10348,544;6063,6;6063,6;5701,6;40000;0;0;5701,6;;;;;;;;;
;;;2872;15:00:00;492;1,1604998;0;848,16;873,76;8685,1584;5088,96;5088,96;4596,96;40000;0;0;4596,96;;;;;;;;;
;;;2873;16:00:00;52;1,1566633;0;413,51;552,49;4234,3424;2481,06;2481,06;2429,06;40000;0;0;2429,06;;;;;;;;;
;;;2874;17:00:00;52;0,9612945;0;258,41;439,38;2646,1184;1550,46;1550,46;1498,46;40000;0;0;1498,46;;;;;;;;;
;;;2875;18:00:00;468;1,6392157;0;133,44;444,95;1366,4256;800,64;800,64;332,64;40000;0;0;332,64;;;;;;;;;
;;;2876;19:00:00;2181,25;2,0999308;0;0;0;0;0;0;0;37819;2181,25;0;0;;;;;;;;;
;;;2877;20:00:00;2545,25;1,9980965;0;0;0;0;0;0;0;35274;2545,25;0;0;;;;;;;;;
;;;2878;21:00:00;3512,95;1,9521606;0;0;0;0;0;0;0;31761;3512,95;0;0;;;;;;;;;
;;;2879;22:00:00;591,25;2,04451;0;0;0;0;0;0;0;31169;591,25;0;0;;;;;;;;;
;;;2880;23:00:00;781,25;2,3270292;0;0;0;0;0;0;0;30388;781,25;0;0;;;;;;;;;
Mayo;;Martes;2881;0:00:00;723;2,266212;0;0;0;0;0;0;0;29665;723;0;0;;;;;;;;;
;;;2882;1:00:00;362;2,182585;0;0;0;0;0;0;0;29303;362;0;0;;;;;;;;;
;;;2883;2:00:00;52;2,5398474;0;0;0;0;0;0;0;29251;52;0;0;;;;;;;;;
;;;2884;3:00:00;52;2,853488;0;0;0;0;0;0;0;29199;52;0;0;;;;;;;;;
;;;2885;4:00:00;52;2,8792093;0;0;0;0;0;0;0;29147;52;0;0;;;;;;;;;
;;;2886;5:00:00;52;2,8139129;0;0;0;0;0;0;0;29095;52;0;0;;;;;;;;;
;;;2887;6:00:00;382,5;2,8736606;0;40,18;280,8;411,4432;241,08;241,08;0;28954;141,42;0;0;;;;;;;;;
;;;2888;7:00:00;1491,25;2,6177464;0;127,25;498,74;1303,04;763,5;763,5;0;28226;727,75;0;0;;;;;;;;;
;;;2889;8:00:00;1286,25;2,5278018;0;310,23;686,23;3176,7552;1861,38;1861,38;575,13;28801;0;0;0;;;;;;;;;
;;;2890;9:00:00;1301,55;2,3117046;0;467,04;616,42;4782,4896;2802,24;2802,24;1500,69;30302;0;0;0;;;;;;;;;
;;;2891;10:00:00;1676,25;1,4111781;0;716,23;607,49;7334,1952;4297,38;4297,38;2621,13;32923;0;0;0;;;;;;;;;
;;;2892;11:00:00;232;1,0864453;0;898,85;417,91;9204,224;5393,1;5393,1;5161,1;38084;0;0;3245,03;;;;;;;;;
;;;2893;12:00:00;52;1,7323017;0;962,14;325,51;9852,3136;5772,84;5772,84;5720,84;40000;0;0;5720,84;;;;;;;;;
;;;2894;13:00:00;2755;2,5622993;0;1003,25;528,26;10273,28;6019,5;6019,5;3264,5;40000;0;0;3264,5;;;;;;;;;
;;;2895;14:00:00;2642;2,542709;0;951,78;720,37;9746,2272;5710,68;5710,68;3068,68;40000;0;0;3068,68;;;;;;;;;
;;;2896;15:00:00;492;1,0027481;0;857,48;875,44;8780,5952;5144,88;5144,88;4652,88;40000;0;0;4652,88;;;;;;;;;
;;;2897;16:00:00;52;1,1981579;0;657,74;938,3;6735,2576;3946,44;3946,44;3894,44;40000;0;0;3894,44;;;;;;;;;
;;;2898;17:00:00;52;1,8421757;0;421,39;890,86;4315,0336;2528,34;2528,34;2476,34;40000;0;0;2476,34;;;;;;;;;
;;;2899;18:00:00;598;1,0218917;0;187,92;783,56;1924,3008;1127,52;1127,52;529,52;40000;0;0;529,52;;;;;;;;;
;;;2900;19:00:00;622;0,87570834;0;0;0;0;0;0;0;39378;622;0;0;;;;;;;;;
;;;2901;20:00:00;2365,25;1,0902901;0;0;0;0;0;0;0;37013;2365,25;0;0;;;;;;;;;
;;;2902;21:00:00;4621,25;1,7411102;0;0;0;0;0;0;0;32392;4621,25;0;0;;;;;;;;;
;;;2903;22:00:00;591,25;3,244217;0;0;0;0;0;0;0;31800;591,25;0;0;;;;;;;;;
;;;2904;23:00:00;781,25;5,2572007;0;0;0;0;0;0;0;31019;781,25;0;0;;;;;;;;;
;;Miércoles;2905;0:00:00;637,5;6,1024814;0;0;0;0;0;0;0;30382;637,5;0;0;;;;;;;;;
;;;2906;1:00:00;52;6,379161;0;0;0;0;0;0;0;30330;52;0;0;;;;;;;;;
;;;2907;2:00:00;52;6,554305;0;0;0;0;0;0;0;30278;52;0;0;;;;;;;;;
;;;2908;3:00:00;52;6,8254547;0;0;0;0;0;0;0;30226;52;0;0;;;;;;;;;
;;;2909;4:00:00;52;6,932874;0;0;0;0;0;0;0;30174;52;0;0;;;;;;;;;
;;;2910;5:00:00;52;6,496816;0;0;0;0;0;0;0;30122;52;0;0;;;;;;;;;
;;;2911;6:00:00;1027,05;5,835063;0;29,92;36,91;306,3808;179,52;179,52;0;29274;847,53;0;0;;;;;;;;;
;;;2912;7:00:00;1716,25;6,8404164;0;22,87;26,36;234,1888;137,22;137,22;0;27695;1579,03;0;0;;;;;;;;;
;;;2913;8:00:00;1586,25;7,4355817;0;62,2;71,71;636,928;373,2;373,2;0;26482;1213,05;0;0;;;;;;;;;
;;;2914;9:00:00;103,3;7,1872816;0;225,48;261,03;2308,9152;1352,88;1352,88;1249,58;27731;0;0;0;;;;;;;;;
;;;2915;10:00:00;52;6,653253;0;100,62;115,99;1030,3488;603,72;603,72;551,72;28283;0;0;0;;;;;;;;;
;;;2916;11:00:00;52;6,913622;0;91,47;105,45;936,6528;548,82;548,82;496,82;28780;0;0;0;;;;;;;;;
;;;2917;12:00:00;52;7,438946;0;83,24;95,96;852,3776;499,44;499,44;447,44;29227;0;0;0;;;;;;;;;
;;;2918;13:00:00;2788;7,712231;0;104,28;120,21;1067,8272;625,68;625,68;0;27065;2162,32;0;0;;;;;;;;;
;;;2919;14:00:00;362;7,302299;0;84,15;97,01;861,696;504,9;504,9;142,9;27208;0;0;0;;;;;;;;;
;;;2920;15:00:00;492;7,075804;0;103,36;119,16;1058,4064;620,16;620,16;128,16;27336;0;0;0;;;;;;;;;
;;;2921;16:00:00;52;7,3774986;0;75,92;87,53;777,4208;455,52;455,52;403,52;27740;0;0;0;;;;;;;;;
;;;2922;17:00:00;52;8,077873;0;57,63;66,44;590,1312;345,78;345,78;293,78;28033;0;0;0;;;;;;;;;
;;;2923;18:00:00;468;7,2750745;0;29,27;33,74;299,7248;175,62;175,62;0;27741;292,38;0;0;;;;;;;;;
;;;2924;19:00:00;2181,25;6,6242037;0;0;0;0;0;0;0;25560;2181,25;0;0;;;;;;;;;
;;;2925;20:00:00;2545,25;6,250859;0;0;0;0;0;0;0;23015;2545,25;0;0;;;;;;;;;
;;;2926;21:00:00;3512,95;5,6630216;0;0;0;0;0;0;0;19502;3512,95;0;0;;;;;;;;;
;;;2927;22:00:00;591,25;4,9299016;0;0;0;0;0;0;0;18910;591,25;0;0;;;;;;;;;
;;;2928;23:00:00;781,25;5,9210258;0;0;0;0;0;0;0;18129;781,25;0;0;;;;;;;;;
;;Jueves;2929;0:00:00;637,5;6,0311594;0;0;0;0;0;0;0;17492;637,5;0;0;;;;;;;;;
;;;2930;1:00:00;52;5,7810736;0;0;0;0;0;0;0;17440;52;0;0;;;;;;;;;
;;;2931;2:00:00;52;5,465032;0;0;0;0;0;0;0;17388;52;0;0;;;;;;;;;
;;;2932;3:00:00;52;5,2228246;0;0;0;0;0;0;0;17336;52;0;0;;;;;;;;;
;;;2933;4:00:00;52;4,914546;0;0;0;0;0;0;0;17284;52;0;0;;;;;;;;;
;;;2934;5:00:00;52;4,99421;0;0;0;0;0;0;0;17232;52;0;0;;;;;;;;;
;;;2935;6:00:00;1027,05;4,877619;0;35,9;54,96;367,616;215,4;215,4;0;16420;811,65;0;0;;;;;;;;;
;;;2936;7:00:00;1716,25;5,19586;0;140,69;329,06;1440,6656;844,14;844,14;0;15548;872,11;0;0;;;;;;;;;
;;;2937;8:00:00;1586,25;5,0021462;0;296,02;555,5;3031,2448;1776,12;1776,12;189,87;15738;0;0;0;;;;;;;;;
;;;2938;9:00:00;103,3;4,604523;0;525,82;702,46;5384,3968;3154,92;3154,92;3051,62;18789;0;0;0;;;;;;;;;
;;;2939;10:00:00;52;3,5074468;0;619,5;595,73;6343,68;3717;3717;3665;22454;0;0;0;;;;;;;;;
;;;2940;11:00:00;52;3,5684373;0;757,9;510,24;7760,896;4547,4;4547,4;4495,4;26950;0;0;0;;;;;;;;;
;;;2941;12:00:00;52;3,5957382;0;874,21;403,03;8951,9104;5245,26;5245,26;5193,26;32143;0;0;0;;;;;;;;;
;;;2942;13:00:00;2788;4,0580344;0;855,28;577,95;8758,0672;5131,68;5131,68;2343,68;34487;0;0;0;;;;;;;;;
;;;2943;14:00:00;362;4,976897;0;917,14;715,21;9391,5136;5502,84;5502,84;5140,84;39628;0;0;4768,41;;;;;;;;;
;;;2944;15:00:00;492;5,3623934;0;797,18;837,03;8163,1232;4783,08;4783,08;4291,08;40000;0;0;4291,08;;;;;;;;;
;;;2945;16:00:00;52;5,520829;0;626,56;894,71;6415,9744;3759,36;3759,36;3707,36;40000;0;0;3707,36;;;;;;;;;
;;;2946;17:00:00;52;5,536002;0;281,86;502,95;2886,2464;1691,16;1691,16;1639,16;40000;0;0;1639,16;;;;;;;;;
;;;2947;18:00:00;468;4,910451;0;141,24;487,37;1446,2976;847,44;847,44;379,44;40000;0;0;379,44;;;;;;;;;
;;;2948;19:00:00;2181,25;4,149021;0;0;0;0;0;0;0;37819;2181,25;0;0;;;;;;;;;
;;;2949;20:00:00;2545,25;3,9717212;0;0;0;0;0;0;0;35274;2545,25;0;0;;;;;;;;;
;;;2950;21:00:00;3512,95;3,6115031;0;0;0;0;0;0;0;31761;3512,95;0;0;;;;;;;;;
;;;2951;22:00:00;591,25;3,445771;0;0;0;0;0;0;0;31169;591,25;0;0;;;;;;;;;
;;;2952;23:00:00;781,25;2,7604961;0;0;0;0;0;0;0;30388;781,25;0;0;;;;;;;;;
;;Viernes;2953;0:00:00;637,5;2,7765856;0;0;0;0;0;0;0;29751;637,5;0;0;;;;;;;;;
;;;2954;1:00:00;52;2,9660494;0;0;0;0;0;0;0;29699;52;0;0;;;;;;;;;
;;;2955;2:00:00;52;3,2271595;0;0;0;0;0;0;0;29647;52;0;0;;;;;;;;;
;;;2956;3:00:00;52;3,420779;0;0;0;0;0;0;0;29595;52;0;0;;;;;;;;;
;;;2957;4:00:00;52;3,4260983;0;0;0;0;0;0;0;29543;52;0;0;;;;;;;;;
;;;2958;5:00:00;52;3,4611642;0;0;0;0;0;0;0;29491;52;0;0;;;;;;;;;
;;;2959;6:00:00;1027,05;3,729653;0;41,03;71,93;420,1472;246,18;246,18;0;28710;780,87;0;0;;;;;;;;;
;;;2960;7:00:00;1716,25;3,66554;0;0;0;0;0;0;0;26993;1716,25;0;0;;;;;;;;;
;;;2961;8:00:00;1586,25;4,1834445;0;226,81;298,82;2322,5344;1360,86;1360,86;0;26768;225,39;0;0;;;;;;;;;
;;;2962;9:00:00;103,3;4,3673644;0;297,66;351,85;3048,0384;1785,96;1785,96;1682,66;28451;0;0;0;;;;;;;;;
;;;2963;10:00:00;52;3,5503666;0;587,08;581,8;6011,6992;3522,48;3522,48;3470,48;31921;0;0;0;;;;;;;;;
;;;2964;11:00:00;52;3,6320453;0;857,01;449,29;8775,7824;5142,06;5142,06;5090,06;37011;0;0;2101,3;;;;;;;;;
;;;2965;12:00:00;52;3,470157;0;952,77;327,34;9756,3648;5716,62;5716,62;5664,62;40000;0;0;5664,62;;;;;;;;;
;;;2966;13:00:00;2788;3,1263032;0;895,78;569,23;9172,7872;5374,68;5374,68;2586,68;40000;0;0;2586,68;;;;;;;;;
;;;2967;14:00:00;362;2,9613218;0;413,67;450,09;4235,9808;2482,02;2482,02;2120,02;40000;0;0;2120,02;;;;;;;;;
;;;2968;15:00:00;492;2,7188053;0;638,76;704,74;6540,9024;3832,56;3832,56;3340,56;40000;0;0;3340,56;;;;;;;;;
;;;2969;16:00:00;52;2,7170424;0;626,01;894,38;6410,3424;3756,06;3756,06;3704,06;40000;0;0;3704,06;;;;;;;;;
;;;2970;17:00:00;52;3,077204;0;176,14;243,83;1803,6736;1056,84;1056,84;1004,84;40000;0;0;1004,84;;;;;;;;;
;;;2971;18:00:00;468;3,2311437;0;153,95;562,46;1576,448;923,7;923,7;455,7;40000;0;0;455,7;;;;;;;;;
;;;2972;19:00:00;2181,25;2,7699869;0;0;0;0;0;0;0;37819;2181,25;0;0;;;;;;;;;
;;;2973;20:00:00;2545,25;2,5496645;0;0;0;0;0;0;0;35274;2545,25;0;0;;;;;;;;;
;;;2974;21:00:00;3512,95;2,5432444;0;0;0;0;0;0;0;31761;3512,95;0;0;;;;;;;;;
;;;2975;22:00:00;591,25;2,0535817;0;0;0;0;0;0;0;31169;591,25;0;0;;;;;;;;;
;;;2976;23:00:00;781,25;2,110019;0;0;0;0;0;0;0;30388;781,25;0;0;;;;;;;;;
;;Sábado;2977;0:00:00;723;2,0812256;0;0;0;0;0;0;0;29665;723;0;0;;;;;;;;;
;;;2978;1:00:00;362;2,2063012;0;0;0;0;0;0;0;29303;362;0;0;;;;;;;;;
;;;2979;2:00:00;52;2,5757341;0;0;0;0;0;0;0;29251;52;0;0;;;;;;;;;
;;;2980;3:00:00;52;2,740301;0;0;0;0;0;0;0;29199;52;0;0;;;;;;;;;
;;;2981;4:00:00;52;2,7692091;0;0;0;0;0;0;0;29147;52;0;0;;;;;;;;;
;;;2982;5:00:00;52;3,0305603;0;0;0;0;0;0;0;29095;52;0;0;;;;;;;;;
;;;2983;6:00:00;382,5;3,6264415;0;29,92;36,91;306,3808;179,52;179,52;0;28892;202,98;0;0;;;;;;;;;
;;;2984;7:00:00;1491,25;3,6017902;0;104,65;128,58;1071,616;627,9;627,9;0;28029;863,35;0;0;;;;;;;;;
;;;2985;8:00:00;1286,25;3,8308418;0;136,29;157,12;1395,6096;817,74;817,74;0;27560;468,51;0;0;;;;;;;;;
;;;2986;9:00:00;1301,55;3,4704018;0;107,02;123,37;1095,8848;642,12;642,12;0;26901;659,43;0;0;;;;;;;;;
;;;2987;10:00:00;1676,25;2,7467864;0;536,31;553,57;5491,8144;3217,86;3217,86;1541,61;28442;0;0;0;;;;;;;;;
;;;2988;11:00:00;232;1,7727463;0;856,74;454,44;8773,0176;5140,44;5140,44;4908,44;33351;0;0;0;;;;;;;;;
;;;2989;12:00:00;52;2,0981283;0;998,41;279,79;10223,7184;5990,46;5990,46;5938,46;39289;0;0;5227,75;;;;;;;;;
;;;2990;13:00:00;2755;2,8840559;0;1010,37;521,15;10346,1888;6062,22;6062,22;3307,22;40000;0;0;3307,22;;;;;;;;;
;;;2991;14:00:00;2642;3,3289986;0;965,03;718,05;9881,9072;5790,18;5790,18;3148,18;40000;0;0;3148,18;;;;;;;;;
;;;2992;15:00:00;492;3,6295013;0;840,45;865,68;8606,208;5042,7;5042,7;4550,7;40000;0;0;4550,7;;;;;;;;;
;;;2993;16:00:00;52;3,3414698;0;645,45;923,24;6609,408;3872,7;3872,7;3820,7;40000;0;0;3820,7;;;;;;;;;
;;;2994;17:00:00;52;2,7897747;0;432,66;924,53;4430,4384;2595,96;2595,96;2543,96;40000;0;0;2543,96;;;;;;;;;
;;;2995;18:00:00;598;2,6419961;0;190,28;792,92;1948,4672;1141,68;1141,68;543,68;40000;0;0;543,68;;;;;;;;;
;;;2996;19:00:00;622;2,2311506;0;0;0;0;0;0;0;39378;622;0;0;;;;;;;;;
;;;2997;20:00:00;2365,25;1,8699833;0;0;0;0;0;0;0;37013;2365,25;0;0;;;;;;;;;
;;;2998;21:00:00;4621,25;1,8338826;0;0;0;0;0;0;0;32392;4621,25;0;0;;;;;;;;;
;;;2999;22:00:00;591,25;1,8636552;0;0;0;0;0;0;0;31800;591,25;0;0;;;;;;;;;
;;;3000;23:00:00;781,25;0,92927414;0;0;0;0;0;0;0;31019;781,25;0;0;;;;;;;;;
;;Domingo;3001;0:00:00;723;0,903929;0;0;0;0;0;0;0;30296;723;0;0;;;;;;;;;
;;;3002;1:00:00;362;1,3287281;0;0;0;0;0;0;0;29934;362;0;0;;;;;;;;;
;;;3003;2:00:00;52;1,6135215;0;0;0;0;0;0;0;29882;52;0;0;;;;;;;;;
;;;3004;3:00:00;52;1,7609445;0;0;0;0;0;0;0;29830;52;0;0;;;;;;;;;
;;;3005;4:00:00;52;1,9608995;0;0;0;0;0;0;0;29778;52;0;0;;;;;;;;;
;;;3006;5:00:00;52;2,2406645;0;0;0;0;0;0;0;29726;52;0;0;;;;;;;;;
;;;3007;6:00:00;382,5;2,6701882;0;42,74;367,57;437,6576;256,44;256,44;0;29600;126,06;0;0;;;;;;;;;
;;;3008;7:00:00;1491,25;2,1501217;0;116,49;668,04;1192,8576;698,94;698,94;0;28808;792,31;0;0;;;;;;;;;
;;;3009;8:00:00;1286,25;1,631271;0;327,72;775,28;3355,8528;1966,32;1966,32;680,07;29488;0;0;0;;;;;;;;;
;;;3010;9:00:00;1301,55;1,827252;0;560,4;741,46;5738,496;3362,4;3362,4;2060,85;31549;0;0;0;;;;;;;;;
;;;3011;10:00:00;1676,25;1,764019;0;769,43;605,67;7878,9632;4616,58;4616,58;2940,33;34489;0;0;0;;;;;;;;;
;;;3012;11:00:00;232;2,129075;0;945,72;398,46;9684,1728;5674,32;5674,32;5442,32;39931;0;0;5373,52;;;;;;;;;
;;;3013;12:00:00;52;2,6593666;0;1038,66;264,2;10635,8784;6231,96;6231,96;6179,96;40000;0;0;6179,96;;;;;;;;;
;;;3014;13:00:00;2755;2,957085;0;1071,77;510,23;10974,9248;6430,62;6430,62;3675,62;40000;0;0;3675,62;;;;;;;;;
;;;3015;14:00:00;2642;2,696894;0;1019,07;733,97;10435,2768;6114,42;6114,42;3472,42;40000;0;0;3472,42;;;;;;;;;
;;;3016;15:00:00;492;2,7018588;0;890,28;903,46;9116,4672;5341,68;5341,68;4849,68;40000;0;0;4849,68;;;;;;;;;
;;;3017;16:00:00;52;2,1705627;0;697,15;996,8;7138,816;4182,9;4182,9;4130,9;40000;0;0;4130,9;;;;;;;;;
;;;3018;17:00:00;52;2,1240947;0;449,63;967,1;4604,2112;2697,78;2697,78;2645,78;40000;0;0;2645,78;;;;;;;;;
;;;3019;18:00:00;598;2,4737427;0;202,19;865,2;2070,4256;1213,14;1213,14;615,14;40000;0;0;615,14;;;;;;;;;
;;;3020;19:00:00;622;3,5052214;0;0;0;0;0;0;0;39378;622;0;0;;;;;;;;;
;;;3021;20:00:00;2365,25;3,4664507;0;0;0;0;0;0;0;37013;2365,25;0;0;;;;;;;;;
;;;3022;21:00:00;4621,25;2,9424381;0;0;0;0;0;0;0;32392;4621,25;0;0;;;;;;;;;
;;;3023;22:00:00;591,25;2,2775452;0;0;0;0;0;0;0;31800;591,25;0;0;;;;;;;;;
;;;3024;23:00:00;781,25;2,1538517;0;0;0;0;0;0;0;31019;781,25;0;0;;;;;;;;;
;19;Lunes;3025;0:00:00;637,5;1,9393523;0;0;0;0;0;0;0;30382;637,5;0;0;;;;;;;;;
;;;3026;1:00:00;52;2,10609;0;0;0;0;0;0;0;30330;52;0;0;;;;;;;;;
;;;3027;2:00:00;52;2,3836317;0;0;0;0;0;0;0;30278;52;0;0;;;;;;;;;
;;;3028;3:00:00;52;2,302536;0;0;0;0;0;0;0;30226;52;0;0;;;;;;;;;
;;;3029;4:00:00;52;2,0311768;0;0;0;0;0;0;0;30174;52;0;0;;;;;;;;;
;;;3030;5:00:00;52;1,6886617;0;0;0;0;0;0;0;30122;52;0;0;;;;;;;;;
;;;3031;6:00:00;1027,05;2,0884247;0;46,16;323,68;472,6784;276,96;276,96;0;29371;750,09;0;0;;;;;;;;;
;;;3032;7:00:00;1716,25;2,5932176;0;116,76;654,21;1195,6224;700,56;700,56;0;28356;1015,69;0;0;;;;;;;;;
;;;3033;8:00:00;1586,25;3,4773104;0;323,27;755,19;3310,2848;1939,62;1939,62;353,37;28709;0;0;0;;;;;;;;;
;;;3034;9:00:00;103,3;4,0327845;0;548,6;726,7;5617,664;3291,6;3291,6;3188,3;31897;0;0;0;;;;;;;;;
;;;3035;10:00:00;52;4,37795;0;762,49;598,94;7807,8976;4574,94;4574,94;4522,94;36420;0;0;943,27;;;;;;;;;
;;;3036;11:00:00;52;4,6852503;0;933,21;397,02;9556,0704;5599,26;5599,26;5547,26;40000;0;0;5547,26;;;;;;;;;
;;;3037;12:00:00;52;4,179215;0;1035,64;256,24;10604,9536;6213,84;6213,84;6161,84;40000;0;0;6161,84;;;;;;;;;
;;;3038;13:00:00;2788;3,8226166;0;1050,19;508,73;10753,9456;6301,14;6301,14;3513,14;40000;0;0;3513,14;;;;;;;;;
;;;3039;14:00:00;362;3,7090392;0;1009,78;726,75;10340,1472;6058,68;6058,68;5696,68;40000;0;0;5696,68;;;;;;;;;
;;;3040;15:00:00;492;3,4976943;0;871,14;887,8;8920,4736;5226,84;5226,84;4734,84;40000;0;0;4734,84;;;;;;;;;
;;;3041;16:00:00;52;2,2721562;0;610,06;871,96;6247,0144;3660,36;3660,36;3608,36;40000;0;0;3608,36;;;;;;;;;
;;;3042;17:00:00;52;1,0459412;0;307,48;565,22;3148,5952;1844,88;1844,88;1792,88;40000;0;0;1792,88;;;;;;;;;
;;;3043;18:00:00;468;3,79;0;154,04;548,17;1577,3696;924,24;924,24;456,24;40000;0;0;456,24;;;;;;;;;
;;;3044;19:00:00;2181,25;5,5076966;0;0;0;0;0;0;0;37819;2181,25;0;0;;;;;;;;;
;;;3045;20:00:00;2545,25;5,3335476;0;0;0;0;0;0;0;35274;2545,25;0;0;;;;;;;;;
;;;3046;21:00:00;3512,95;4,086753;0;0;0;0;0;0;0;31761;3512,95;0;0;;;;;;;;;
;;;3047;22:00:00;591,25;3,1410055;0;0;0;0;0;0;0;31169;591,25;0;0;;;;;;;;;
;;;3048;23:00:00;781,25;1,9556313;0;0;0;0;0;0;0;30388;781,25;0;0;;;;;;;;;
;;Martes;3049;0:00:00;637,5;1,7076503;0;0;0;0;0;0;0;29751;637,5;0;0;;;;;;;;;
;;;3050;1:00:00;52;1,8803606;0;0;0;0;0;0;0;29699;52;0;0;;;;;;;;;
;;;3051;2:00:00;52;1,9055855;0;0;0;0;0;0;0;29647;52;0;0;;;;;;;;;
;;;3052;3:00:00;52;1,2283157;0;0;0;0;0;0;0;29595;52;0;0;;;;;;;;;
;;;3053;4:00:00;52;0,47656113;0;0;0;0;0;0;0;29543;52;0;0;;;;;;;;;
;;;3054;5:00:00;52;0,690238;0;0;0;0;0;0;0;29491;52;0;0;;;;;;;;;
;;;3055;6:00:00;1027,05;0,6382445;0;50,44;287,18;516,5056;302,64;302,64;0;28766;724,41;0;0;;;;;;;;;
;;;3056;7:00:00;1716,25;0,68671715;0;127,46;582,37;1305,1904;764,76;764,76;0;27815;951,49;0;0;;;;;;;;;
;;;3057;8:00:00;1586,25;0,47664523;0;319,56;733,34;3272,2944;1917,36;1917,36;331,11;28146;0;0;0;;;;;;;;;
;;;3058;9:00:00;103,3;0,6204985;0;539,23;715,04;5521,7152;3235,38;3235,38;3132,08;31278;0;0;0;;;;;;;;;
;;;3059;10:00:00;52;1,9612032;0;714;608,21;7311,36;4284;4284;4232;35510;0;0;0;;;;;;;;;
;;;3060;11:00:00;52;2,1954186;0;765,01;515,61;7833,7024;4590,06;4590,06;4538,06;40000;0;0;4538,06;;;;;;;;;
;;;3061;12:00:00;52;2,7449691;0;951,98;336,92;9748,2752;5711,88;5711,88;5659,88;40000;0;0;5659,88;;;;;;;;;
;;;3062;13:00:00;2788;3,6448417;0;934,71;562,73;9571,4304;5608,26;5608,26;2820,26;40000;0;0;2820,26;;;;;;;;;
;;;3063;14:00:00;362;4,7730093;0;976,74;718,43;10001,8176;5860,44;5860,44;5498,44;40000;0;0;5498,44;;;;;;;;;
;;;3064;15:00:00;492;5,6714263;0;829,05;860,59;8489,472;4974,3;4974,3;4482,3;40000;0;0;4482,3;;;;;;;;;
;;;3065;16:00:00;52;6,144945;0;655,59;938,67;6713,2416;3933,54;3933,54;3881,54;40000;0;0;3881,54;;;;;;;;;
;;;3066;17:00:00;52;5,4685783;0;424,82;902,43;4350,1568;2548,92;2548,92;2496,92;40000;0;0;2496,92;;;;;;;;;
;;;3067;18:00:00;468;4,0488977;0;125,43;372,34;1284,4032;752,58;752,58;284,58;40000;0;0;284,58;;;;;;;;;
;;;3068;19:00:00;2181,25;2,6817713;0;0;0;0;0;0;0;37819;2181,25;0;0;;;;;;;;;
;;;3069;20:00:00;2545,25;2,2897792;0;0;0;0;0;0;0;35274;2545,25;0;0;;;;;;;;;
;;;3070;21:00:00;3512,95;1,6344451;0;0;0;0;0;0;0;31761;3512,95;0;0;;;;;;;;;
;;;3071;22:00:00;591,25;1,2610463;0;0;0;0;0;0;0;31169;591,25;0;0;;;;;;;;;
;;;3072;23:00:00;781,25;1,4869214;0;0;0;0;0;0;0;30388;781,25;0;0;;;;;;;;;
;;Miércoles;3073;0:00:00;637,5;1,6799811;0;0;0;0;0;0;0;29751;637,5;0;0;;;;;;;;;
;;;3074;1:00:00;52;1,6030636;0;0;0;0;0;0;0;29699;52;0;0;;;;;;;;;
;;;3075;2:00:00;52;1,8571192;0;0;0;0;0;0;0;29647;52;0;0;;;;;;;;;
;;;3076;3:00:00;52;1,8478265;0;0;0;0;0;0;0;29595;52;0;0;;;;;;;;;
;;;3077;4:00:00;52;1,6531545;0;0;0;0;0;0;0;29543;52;0;0;;;;;;;;;
;;;3078;5:00:00;52;1,5821934;0;0;0;0;0;0;0;29491;52;0;0;;;;;;;;;
;;;3079;6:00:00;1027,05;2,040685;0;9,4;11,6;96,256;56,4;56,4;0;28520;970,65;0;0;;;;;;;;;
;;;3080;7:00:00;1716,25;1,8667647;0;131,11;183,25;1342,5664;786,66;786,66;0;27590;929,59;0;0;;;;;;;;;
;;;3081;8:00:00;1586,25;1,1567184;0;146,35;168,72;1498,624;878,1;878,1;0;26882;708,15;0;0;;;;;;;;;
;;;3082;9:00:00;103,3;0,9975216;0;250,46;290,93;2564,7104;1502,76;1502,76;1399,46;28282;0;0;0;;;;;;;;;
;;;3083;10:00:00;52;1,0805823;0;67,69;78,03;693,1456;406,14;406,14;354,14;28636;0;0;0;;;;;;;;;
;;;3084;11:00:00;52;1,3782014;0;819,53;482,65;8391,9872;4917,18;4917,18;4865,18;33501;0;0;0;;;;;;;;;
;;;3085;12:00:00;52;2,972409;0;912,65;374,96;9345,536;5475,9;5475,9;5423,9;38925;0;0;4348,74;;;;;;;;;
;;;3086;13:00:00;2788;3,8817534;0;890,32;574,64;9116,8768;5341,92;5341,92;2553,92;40000;0;0;2553,92;;;;;;;;;
;;;3087;14:00:00;362;4,6056166;0;779,65;688,53;7983,616;4677,9;4677,9;4315,9;40000;0;0;4315,9;;;;;;;;;
;;;3088;15:00:00;492;4,8649516;0;291,56;334,56;2985,5744;1749,36;1749,36;1257,36;40000;0;0;1257,36;;;;;;;;;
;;;3089;16:00:00;52;4,8376374;0;66,77;76,98;683,7248;400,62;400,62;348,62;40000;0;0;348,62;;;;;;;;;
;;;3090;17:00:00;52;4,572644;0;221,06;339,36;2263,6544;1326,36;1326,36;1274,36;40000;0;0;1274,36;;;;;;;;;
;;;3091;18:00:00;468;3,9194777;0;144,7;482,12;1481,728;868,2;868,2;400,2;40000;0;0;400,2;;;;;;;;;
;;;3092;19:00:00;2181,25;2,4933047;0;0;0;0;0;0;0;37819;2181,25;0;0;;;;;;;;;
;;;3093;20:00:00;2545,25;1,4236876;0;0;0;0;0;0;0;35274;2545,25;0;0;;;;;;;;;
;;;3094;21:00:00;3512,95;1,0837142;0;0;0;0;0;0;0;31761;3512,95;0;0;;;;;;;;;
;;;3095;22:00:00;591,25;1,2750467;0;0;0;0;0;0;0;31169;591,25;0;0;;;;;;;;;
;;;3096;23:00:00;781,25;0,93733364;0;0;0;0;0;0;0;30388;781,25;0;0;;;;;;;;;
;;Jueves;3097;0:00:00;637,5;0,871319;0;0;0;0;0;0;0;29751;637,5;0;0;;;;;;;;;
;;;3098;1:00:00;52;0,59192526;0;0;0;0;0;0;0;29699;52;0;0;;;;;;;;;
;;;3099;2:00:00;52;0,29035765;0;0;0;0;0;0;0;29647;52;0;0;;;;;;;;;
;;;3100;3:00:00;52;0,48899624;0;0;0;0;0;0;0;29595;52;0;0;;;;;;;;;
;;;3101;4:00:00;52;0,91641027;0;0;0;0;0;0;0;29543;52;0;0;;;;;;;;;
;;;3102;5:00:00;52;0,92147523;0;0;0;0;0;0;0;29491;52;0;0;;;;;;;;;
;;;3103;6:00:00;1027,05;1,177676;0;52,15;298,32;534,016;312,9;312,9;0;28776;714,15;0;0;;;;;;;;;
;;;3104;7:00:00;1716,25;0,9810606;0;135,2;539,44;1384,448;811,2;811,2;0;27871;905,05;0;0;;;;;;;;;
;;;3105;8:00:00;1586,25;1,1725278;0;196,91;237,4;2016,3584;1181,46;1181,46;0;27467;404,79;0;0;;;;;;;;;
;;;3106;9:00:00;103,3;1,8021097;0;453,66;589,32;4645,4784;2721,96;2721,96;2618,66;30085;0;0;0;;;;;;;;;
;;;3107;10:00:00;52;1,909864;0;556,08;568,06;5694,2592;3336,48;3336,48;3284,48;33370;0;0;0;;;;;;;;;
;;;3108;11:00:00;52;3,248853;0;787,41;501,7;8063,0784;4724,46;4724,46;4672,46;38042;0;0;2714,62;;;;;;;;;
;;;3109;12:00:00;52;4,4512496;0;985,66;288,41;10093,1584;5913,96;5913,96;5861,96;40000;0;0;5861,96;;;;;;;;;
;;;3110;13:00:00;2788;5,465767;0;1015,68;511,78;10400,5632;6094,08;6094,08;3306,08;40000;0;0;3306,08;;;;;;;;;
;;;3111;14:00:00;362;6,3712;0;969,3;714,23;9925,632;5815,8;5815,8;5453,8;40000;0;0;5453,8;;;;;;;;;
;;;3112;15:00:00;492;6,8413;0;817,14;851,58;8367,5136;4902,84;4902,84;4410,84;40000;0;0;4410,84;;;;;;;;;
;;;3113;16:00:00;52;6,7165704;0;650,49;931,52;6661,0176;3902,94;3902,94;3850,94;40000;0;0;3850,94;;;;;;;;;
;;;3114;17:00:00;52;6,251935;0;421,38;894,44;4314,9312;2528,28;2528,28;2476,28;40000;0;0;2476,28;;;;;;;;;
;;;3115;18:00:00;468;5,101655;0;174,03;675,06;1782,0672;1044,18;1044,18;576,18;40000;0;0;576,18;;;;;;;;;
;;;3116;19:00:00;2181,25;3,9742806;0;0;0;0;0;0;0;37819;2181,25;0;0;;;;;;;;;
;;;3117;20:00:00;2545,25;3,0301821;0;0;0;0;0;0;0;35274;2545,25;0;0;;;;;;;;;
;;;3118;21:00:00;3512,95;1,9740993;0;0;0;0;0;0;0;31761;3512,95;0;0;;;;;;;;;
;;;3119;22:00:00;591,25;0,9347243;0;0;0;0;0;0;0;31169;591,25;0;0;;;;;;;;;
;;;3120;23:00:00;781,25;0,89275134;0;0;0;0;0;0;0;30388;781,25;0;0;;;;;;;;;
;;Viernes;3121;0:00:00;637,5;0,67016035;0;0;0;0;0;0;0;29751;637,5;0;0;;;;;;;;;
;;;3122;1:00:00;52;0,79959255;0;0;0;0;0;0;0;29699;52;0;0;;;;;;;;;
;;;3123;2:00:00;52;0,8700025;0;0;0;0;0;0;0;29647;52;0;0;;;;;;;;;
;;;3124;3:00:00;52;0,9735077;0;0;0;0;0;0;0;29595;52;0;0;;;;;;;;;
;;;3125;4:00:00;52;0,9179671;0;0;0;0;0;0;0;29543;52;0;0;;;;;;;;;
;;;3126;5:00:00;52;0,6712588;0;0;0;0;0;0;0;29491;52;0;0;;;;;;;;;
;;;3127;6:00:00;1027,05;0,38340688;0;51,29;97,53;525,2096;307,74;307,74;0;28771;719,31;0;0;;;;;;;;;
;;;3128;7:00:00;1716,25;0,2715796;0;145,55;253,99;1490,432;873,3;873,3;0;27928;842,95;0;0;;;;;;;;;
;;;3129;8:00:00;1586,25;1,5685333;0;310,47;616,8;3179,2128;1862,82;1862,82;276,57;28205;0;0;0;;;;;;;;;
;;;3130;9:00:00;103,3;2,6310024;0;523,23;697,26;5357,8752;3139,38;3139,38;3036,08;31241;0;0;0;;;;;;;;;
;;;3131;10:00:00;52;2,7898288;0;721,87;599,93;7391,9488;4331,22;4331,22;4279,22;35520;0;0;0;;;;;;;;;
;;;3132;11:00:00;52;3,9458134;0;891,72;408,45;9131,2128;5350,32;5350,32;5298,32;40000;0;0;5298,32;;;;;;;;;
;;;3133;12:00:00;52;4,6959963;0;975,57;295,61;9989,8368;5853,42;5853,42;5801,42;40000;0;0;5801,42;;;;;;;;;
;;;3134;13:00:00;2788;5,3053846;0;992,67;523,34;10164,9408;5956,02;5956,02;3168,02;40000;0;0;3168,02;;;;;;;;;
;;;3135;14:00:00;362;5,7296867;0;935,12;715,14;9575,6288;5610,72;5610,72;5248,72;40000;0;0;5248,72;;;;;;;;;
;;;3136;15:00:00;492;5,5622864;0;733,74;792,19;7513,4976;4402,44;4402,44;3910,44;40000;0;0;3910,44;;;;;;;;;
;;;3137;16:00:00;52;5,1718984;0;492,78;684,51;5046,0672;2956,68;2956,68;2904,68;40000;0;0;2904,68;;;;;;;;;
;;;3138;17:00:00;52;4,804907;0;378,99;771,41;3880,8576;2273,94;2273,94;2221,94;40000;0;0;2221,94;;;;;;;;;
;;;3139;18:00:00;468;4,050003;0;138,47;436,18;1417,9328;830,82;830,82;362,82;40000;0;0;362,82;;;;;;;;;
;;;3140;19:00:00;2181,25;2,5164561;0;0;0;0;0;0;0;37819;2181,25;0;0;;;;;;;;;
;;;3141;20:00:00;2545,25;1,2122104;0;0;0;0;0;0;0;35274;2545,25;0;0;;;;;;;;;
;;;3142;21:00:00;3512,95;1,2238766;0;0;0;0;0;0;0;31761;3512,95;0;0;;;;;;;;;
;;;3143;22:00:00;591,25;1,5044355;0;0;0;0;0;0;0;31169;591,25;0;0;;;;;;;;;
;;;3144;23:00:00;781,25;1,2778283;0;0;0;0;0;0;0;30388;781,25;0;0;;;;;;;;;
;;Sábado;3145;0:00:00;723;1,059779;0;0;0;0;0;0;0;29665;723;0;0;;;;;;;;;
;;;3146;1:00:00;362;1,1585844;0;0;0;0;0;0;0;29303;362;0;0;;;;;;;;;
;;;3147;2:00:00;52;1,2051407;0;0;0;0;0;0;0;29251;52;0;0;;;;;;;;;
;;;3148;3:00:00;52;0,85354155;0;0;0;0;0;0;0;29199;52;0;0;;;;;;;;;
;;;3149;4:00:00;52;0,721457;0;0;0;0;0;0;0;29147;52;0;0;;;;;;;;;
;;;3150;5:00:00;52;0,8715085;0;0;0;0;0;0;0;29095;52;0;0;;;;;;;;;
;;;3151;6:00:00;382,5;0,9414283;0;57,28;139,39;586,5472;343,68;343,68;0;29056;38,82;0;0;;;;;;;;;
;;;3152;7:00:00;1491,25;0,37135908;0;85,98;99,12;880,4352;515,88;515,88;0;28081;975,37;0;0;;;;;;;;;
;;;3153;8:00:00;1286,25;1,2479032;0;273,08;412,25;2796,3392;1638,48;1638,48;352,23;28433;0;0;0;;;;;;;;;
;;;3154;9:00:00;1301,55;2,2376742;0;493,81;655,92;5056,6144;2962,86;2962,86;1661,31;30094;0;0;0;;;;;;;;;
;;;3155;10:00:00;1676,25;2,185983;0;640,88;604,49;6562,6112;3845,28;3845,28;2169,03;32263;0;0;0;;;;;;;;;
;;;3156;11:00:00;232;2,9279482;0;861,27;439,32;8819,4048;5167,62;5167,62;4935,62;37199;0;0;2134,67;;;;;;;;;
;;;3157;12:00:00;52;4,0468054;0;956,78;318,78;9797,4272;5740,68;5740,68;5688,68;40000;0;0;5688,68;;;;;;;;;
;;;3158;13:00:00;2755;4,9551754;0;75,92;87,53;777,4208;455,52;455,52;0;37701;2299,48;0;0;;;;;;;;;
;;;3159;14:00:00;2642;5,740547;0;813,01;698,04;8325,2224;4878,06;4878,06;2236,06;39937;0;0;2172,64;;;;;;;;;
;;;3160;15:00:00;492;5,060818;0;777,88;824,91;7965,4912;4667,28;4667,28;4175,28;40000;0;0;4175,28;;;;;;;;;
;;;3161;16:00:00;52;4,6076846;0;636,4;911,64;6516,736;3818,4;3818,4;3766,4;40000;0;0;3766,4;;;;;;;;;
;;;3162;17:00:00;52;4,300018;0;327,69;622,45;3355,5456;1966,14;1966,14;1914,14;40000;0;0;1914,14;;;;;;;;;
;;;3163;18:00:00;598;3,482448;0;130,7;388,1;1338,368;784,2;784,2;186,2;40000;0;0;186,2;;;;;;;;;
;;;3164;19:00:00;622;2,7853723;0;0;0;0;0;0;0;39378;622;0;0;;;;;;;;;
;;;3165;20:00:00;2365,25;1,9839809;0;0;0;0;0;0;0;37013;2365,25;0;0;;;;;;;;;
;;;3166;21:00:00;4621,25;1,4490387;0;0;0;0;0;0;0;32392;4621,25;0;0;;;;;;;;;
;;;3167;22:00:00;591,25;1,4454656;0;0;0;0;0;0;0;31800;591,25;0;0;;;;;;;;;
;;;3168;23:00:00;781,25;1,1933202;0;0;0;0;0;0;0;31019;781,25;0;0;;;;;;;;;
;;Domingo;3169;0:00:00;723;0,61198723;0;0;0;0;0;0;0;30296;723;0;0;;;;;;;;;
;;;3170;1:00:00;362;1,2466273;0;0;0;0;0;0;0;29934;362;0;0;;;;;;;;;
;;;3171;2:00:00;52;1,2456157;0;0;0;0;0;0;0;29882;52;0;0;;;;;;;;;
;;;3172;3:00:00;52;1,1135179;0;0;0;0;0;0;0;29830;52;0;0;;;;;;;;;
;;;3173;4:00:00;52;1,4471713;0;0;0;0;0;0;0;29778;52;0;0;;;;;;;;;
;;;3174;5:00:00;52;0,83012605;0;0;0;0;0;0;0;29726;52;0;0;;;;;;;;;
;;;3175;6:00:00;382,5;1,0189896;0;58,13;168,78;595,2512;348,78;348,78;0;29692;33,72;0;0;;;;;;;;;
;;;3176;7:00:00;1491,25;0,6104508;0;141,45;502,86;1448,448;848,7;848,7;0;29050;642,55;0;0;;;;;;;;;
;;;3177;8:00:00;1286,25;0,49459007;0;314,15;657,26;3216,896;1884,9;1884,9;598,65;29648;0;0;0;;;;;;;;;
;;;3178;9:00:00;1301,55;1,2878127;0;499,21;664,23;5111,9104;2995,26;2995,26;1693,71;31342;0;0;0;;;;;;;;;
;;;3179;10:00:00;1676,25;1,4585117;0;724,09;593,23;7414,6816;4344,54;4344,54;2668,29;34010;0;0;0;;;;;;;;;
;;;3180;11:00:00;232;2,5804527;0;857,21;438,23;8777,8304;5143,26;5143,26;4911,26;38922;0;0;3832,9;;;;;;;;;
;;;3181;12:00:00;52;4,4805727;0;620,68;509,14;6355,7632;3724,08;3724,08;3672,08;40000;0;0;3672,08;;;;;;;;;
;;;3182;13:00:00;2755;5,244032;0;754,15;586,39;7722,496;4524,9;4524,9;1769,9;40000;0;0;1769,9;;;;;;;;;
;;;3183;14:00:00;2642;4,5173926;0;349,87;392,79;3582,6688;2099,22;2099,22;0;39457;542,78;0;0;;;;;;;;;
;;;3184;15:00:00;492;3,9968898;0;147,27;169,78;1508,0448;883,62;883,62;391,62;39849;0;0;240,46;;;;;;;;;
;;;3185;16:00:00;52;4,134838;0;288,16;354,77;2950,7584;1728,96;1728,96;1676,96;40000;0;0;1676,96;;;;;;;;;
;;;3186;17:00:00;52;4,1315827;0;33,84;39,01;346,5216;203,04;203,04;151,04;40000;0;0;151,04;;;;;;;;;
;;;3187;18:00:00;598;3,42967;0;12,81;14,76;131,1744;76,86;76,86;0;39479;521,14;0;0;;;;;;;;;
;;;3188;19:00:00;622;2,4454513;0;0;0;0;0;0;0;38857;622;0;0;;;;;;;;;
;;;3189;20:00:00;2365,25;1,9998913;0;0;0;0;0;0;0;36492;2365,25;0;0;;;;;;;;;
;;;3190;21:00:00;4621,25;1,692919;0;0;0;0;0;0;0;31870;4621,25;0;0;;;;;;;;;
;;;3191;22:00:00;591,25;1,6821046;0;0;0;0;0;0;0;31279;591,25;0;0;;;;;;;;;
;;;3192;23:00:00;781,25;0,9969146;0;0;0;0;0;0;0;30498;781,25;0;0;;;;;;;;;
;20;Lunes;3193;0:00:00;637,5;0,27152717;0;0;0;0;0;0;0;29860;637,5;0;0;;;;;;;;;
;;;3194;1:00:00;52;0,8542787;0;0;0;0;0;0;0;29808;52;0;0;;;;;;;;;
;;;3195;2:00:00;52;0,79398084;0;0;0;0;0;0;0;29756;52;0;0;;;;;;;;;
;;;3196;3:00:00;52;0,6932866;0;0;0;0;0;0;0;29704;52;0;0;;;;;;;;;
;;;3197;4:00:00;52;0,3242341;0;0;0;0;0;0;0;29652;52;0;0;;;;;;;;;
;;;3198;5:00:00;52;1,1972897;0;0;0;0;0;0;0;29600;52;0;0;;;;;;;;;
;;;3199;6:00:00;1027,05;1,1588053;0;47,87;430,64;490,1888;287,22;287,22;0;28861;739,83;0;0;;;;;;;;;
;;;3200;7:00:00;1716,25;0,65133685;0;120,26;691,71;1231,4624;721,56;721,56;0;27866;994,69;0;0;;;;;;;;;
;;;3201;8:00:00;1586,25;0,9298944;0;329,41;768,01;3373,1584;1976,46;1976,46;390,21;28256;0;0;0;;;;;;;;;
;;;3202;9:00:00;103,3;2,1172216;0;554,03;732,04;5673,2672;3324,18;3324,18;3220,88;31477;0;0;0;;;;;;;;;
;;;3203;10:00:00;52;2,507002;0;753,31;603,98;7713,8944;4519,86;4519,86;4467,86;35945;0;0;412,65;;;;;;;;;
;;;3204;11:00:00;52;3,3149498;0;917,71;408,08;9397,3504;5506,26;5506,26;5454,26;40000;0;0;5454,26;;;;;;;;;
;;;3205;12:00:00;52;3,863964;0;1020,61;270,14;10451,0464;6123,66;6123,66;6071,66;40000;0;0;6071,66;;;;;;;;;
;;;3206;13:00:00;2788;4,4973016;0;1034,8;518,44;10596,352;6208,8;6208,8;3420,8;40000;0;0;3420,8;;;;;;;;;
;;;3207;14:00:00;362;5,007481;0;994,1;726,41;10179,584;5964,6;5964,6;5602,6;40000;0;0;5602,6;;;;;;;;;
;;;3208;15:00:00;492;5,0500946;0;863,92;885,29;8846,5408;5183,52;5183,52;4691,52;40000;0;0;4691,52;;;;;;;;;
;;;3209;16:00:00;52;4,4151435;0;680,87;975,22;6972,1088;4085,22;4085,22;4033,22;40000;0;0;4033,22;;;;;;;;;
;;;3210;17:00:00;52;3,7290564;0;448,74;964,98;4595,0976;2692,44;2692,44;2640,44;40000;0;0;2640,44;;;;;;;;;
;;;3211;18:00:00;468;2,7173085;0;197,77;820,06;2025,1648;1186,62;1186,62;718,62;40000;0;0;718,62;;;;;;;;;
;;;3212;19:00:00;2181,25;2,5356364;0;0;0;0;0;0;0;37819;2181,25;0;0;;;;;;;;;
;;;3213;20:00:00;2545,25;2,0864127;0;0;0;0;0;0;0;35274;2545,25;0;0;;;;;;;;;
;;;3214;21:00:00;3512,95;1,7740101;0;0;0;0;0;0;0;31761;3512,95;0;0;;;;;;;;;
;;;3215;22:00:00;591,25;1,6759118;0;0;0;0;0;0;0;31169;591,25;0;0;;;;;;;;;
;;;3216;23:00:00;781,25;0,6631079;0;0;0;0;0;0;0;30388;781,25;0;0;;;;;;;;;
;;Martes;3217;0:00:00;637,5;0,6101811;0;0;0;0;0;0;0;29751;637,5;0;0;;;;;;;;;
;;;3218;1:00:00;52;0,8580273;0;0;0;0;0;0;0;29699;52;0;0;;;;;;;;;
;;;3219;2:00:00;52;0,9121422;0;0;0;0;0;0;0;29647;52;0;0;;;;;;;;;
;;;3220;3:00:00;52;0,9714295;0;0;0;0;0;0;0;29595;52;0;0;;;;;;;;;
;;;3221;4:00:00;52;1,1521146;0;0;0;0;0;0;0;29543;52;0;0;;;;;;;;;
;;;3222;5:00:00;52;1,0678923;0;0;0;0;0;0;0;29491;52;0;0;;;;;;;;;
;;;3223;6:00:00;1027,05;1,1094897;0;54,71;352,97;560,2304;328,26;328,26;0;28792;698,79;0;0;;;;;;;;;
;;;3224;7:00:00;1716,25;1,376877;0;141,07;548,48;1444,5568;846,42;846,42;0;27922;869,83;0;0;;;;;;;;;
;;;3225;8:00:00;1586,25;2,8063388;0;323,99;733,9;3317,6576;1943,94;1943,94;357,69;28280;0;0;0;;;;;;;;;
;;;3226;9:00:00;103,3;3,4424078;0;471,4;617,02;4827,136;2828,4;2828,4;2725,1;31005;0;0;0;;;;;;;;;
;;;3227;10:00:00;52;3,106252;0;670,15;616,95;6862,336;4020,9;4020,9;3968,9;34974;0;0;0;;;;;;;;;
;;;3228;11:00:00;52;2,5152876;0;915,02;399,97;9369,8048;5490,12;5490,12;5438,12;40000;0;0;5438,12;;;;;;;;;
;;;3229;12:00:00;52;1,633492;0;1007,65;270,85;10318,336;6045,9;6045,9;5993,9;40000;0;0;5993,9;;;;;;;;;
;;;3230;13:00:00;2788;1,6709856;0;1033,42;509,5;10582,2208;6200,52;6200,52;3412,52;40000;0;0;3412,52;;;;;;;;;
;;;3231;14:00:00;362;3,3164253;0;992,69;720,32;10165,1456;5956,14;5956,14;5594,14;40000;0;0;5594,14;;;;;;;;;
;;;3232;15:00:00;492;3,895182;0;851,18;873,23;8716,0832;5107,08;5107,08;4615,08;40000;0;0;4615,08;;;;;;;;;
;;;3233;16:00:00;52;3,7636008;0;701,14;1000,88;7179,6736;4206,84;4206,84;4154,84;40000;0;0;4154,84;;;;;;;;;
;;;3234;17:00:00;52;3,590128;0;401,12;830,2;4107,4688;2406,72;2406,72;2354,72;40000;0;0;2354,72;;;;;;;;;
;;;3235;18:00:00;468;3,565837;0;59,89;74,9;613,2736;359,34;359,34;0;39891;108,66;0;0;;;;;;;;;
;;;3236;19:00:00;2181,25;3,3319962;0;0;0;0;0;0;0;37710;2181,25;0;0;;;;;;;;;
;;;3237;20:00:00;2545,25;2,3741739;0;0;0;0;0;0;0;35165;2545,25;0;0;;;;;;;;;
;;;3238;21:00:00;3512,95;1,946712;0;0;0;0;0;0;0;31652;3512,95;0;0;;;;;;;;;
;;;3239;22:00:00;591,25;1,5236388;0;0;0;0;0;0;0;31061;591,25;0;0;;;;;;;;;
;;;3240;23:00:00;781,25;1,9311078;0;0;0;0;0;0;0;30279;781,25;0;0;;;;;;;;;
;;Miércoles;3241;0:00:00;637,5;1,9964845;0;0;0;0;0;0;0;29642;637,5;0;0;;;;;;;;;
;;;3242;1:00:00;52;1,6187602;0;0;0;0;0;0;0;29590;52;0;0;;;;;;;;;
;;;3243;2:00:00;52;1,3873929;0;0;0;0;0;0;0;29538;52;0;0;;;;;;;;;
;;;3244;3:00:00;52;1,7106987;0;0;0;0;0;0;0;29486;52;0;0;;;;;;;;;
;;;3245;4:00:00;52;1,753021;0;0;0;0;0;0;0;29434;52;0;0;;;;;;;;;
;;;3246;5:00:00;52;1,7487056;0;0;0;0;0;0;0;29382;52;0;0;;;;;;;;;
;;;3247;6:00:00;1027,05;1,7047065;0;35,9;44,29;367,616;215,4;215,4;0;28570;811,65;0;0;;;;;;;;;
;;;3248;7:00:00;1716,25;1,9272017;0;29,27;33,74;299,7248;175,62;175,62;0;27030;1540,63;0;0;;;;;;;;;
;;;3249;8:00:00;1586,25;2,2983658;0;219,15;272,26;2244,096;1314,9;1314,9;0;26758;271,35;0;0;;;;;;;;;
;;;3250;9:00:00;103,3;2,0804303;0;490,63;650,44;5024,0512;2943,78;2943,78;2840,48;29599;0;0;0;;;;;;;;;
;;;3251;10:00:00;52;2,4178662;0;680,26;610,7;6965,8624;4081,56;4081,56;4029,56;33628;0;0;0;;;;;;;;;
;;;3252;11:00:00;52;2,2965963;0;627,58;537,77;6426,4192;3765,48;3765,48;3713,48;37342;0;0;1055,26;;;;;;;;;
;;;3253;12:00:00;52;2,7382693;0;840,65;435,58;8608,256;5043,9;5043,9;4991,9;40000;0;0;4991,9;;;;;;;;;
;;;3254;13:00:00;2788;3,4245641;0;432,2;463,74;4425,728;2593,2;2593,2;0;39805;194,8;0;0;;;;;;;;;
;;;3255;14:00:00;362;3,9303923;0;255,52;294,02;2616,5248;1533,12;1533,12;1171,12;40000;0;0;1171,12;;;;;;;;;
;;;3256;15:00:00;492;3,8909113;0;711,26;774,77;7283,3024;4267,56;4267,56;3775,56;40000;0;0;3775,56;;;;;;;;;
;;;3257;16:00:00;52;3,9587324;0;156,41;180,32;1601,6384;938,46;938,46;886,46;40000;0;0;886,46;;;;;;;;;
;;;3258;17:00:00;52;4,1598682;0;111,11;129,84;1137,7664;666,66;666,66;614,66;40000;0;0;614,66;;;;;;;;;
;;;3259;18:00:00;468;4,910644;0;17,38;20,03;177,9712;104,28;104,28;0;39636;363,72;0;0;;;;;;;;;
;;;3260;19:00:00;2181,25;4,259813;0;0;0;0;0;0;0;37455;2181,25;0;0;;;;;;;;;
;;;3261;20:00:00;2545,25;2,879097;0;0;0;0;0;0;0;34910;2545,25;0;0;;;;;;;;;
;;;3262;21:00:00;3512,95;1,9563323;0;0;0;0;0;0;0;31397;3512,95;0;0;;;;;;;;;
;;;3263;22:00:00;591,25;0,9930588;0;0;0;0;0;0;0;30806;591,25;0;0;;;;;;;;;
;;;3264;23:00:00;781,25;0,51227134;0;0;0;0;0;0;0;30024;781,25;0;0;;;;;;;;;
;;Jueves;3265;0:00:00;637,5;1,6607934;0;0;0;0;0;0;0;29387;637,5;0;0;;;;;;;;;
;;;3266;1:00:00;52;2,0862925;0;0;0;0;0;0;0;29335;52;0;0;;;;;;;;;
;;;3267;2:00:00;52;1,9871807;0;0;0;0;0;0;0;29283;52;0;0;;;;;;;;;
;;;3268;3:00:00;52;1,8630571;0;0;0;0;0;0;0;29231;52;0;0;;;;;;;;;
;;;3269;4:00:00;52;2,0072312;0;0;0;0;0;0;0;29179;52;0;0;;;;;;;;;
;;;3270;5:00:00;52;3,018518;0;0;0;0;0;0;0;29127;52;0;0;;;;;;;;;
;;;3271;6:00:00;1027,05;4,3213935;0;48,73;441,86;498,9952;292,38;292,38;0;28392;734,67;0;0;;;;;;;;;
;;;3272;7:00:00;1716,25;5,221837;0;120,88;686,95;1237,8112;725,28;725,28;0;27401;990,97;0;0;;;;;;;;;
;;;3273;8:00:00;1586,25;5,309935;0;329,38;772,85;3372,8512;1976,28;1976,28;390,03;27791;0;0;0;;;;;;;;;
;;;3274;9:00:00;103,3;5,18702;0;468,83;612,12;4800,8192;2812,98;2812,98;2709,68;30501;0;0;0;;;;;;;;;
;;;3275;10:00:00;52;4,8937545;0;403,57;449,31;4132,5568;2421,42;2421,42;2369,42;32870;0;0;0;;;;;;;;;
;;;3276;11:00:00;52;5,460971;0;775,88;519,18;7945,0112;4655,28;4655,28;4603,28;37474;0;0;2076,88;;;;;;;;;
;;;3277;12:00:00;52;5,5212693;0;671,76;517,9;6878,8224;4030,56;4030,56;3978,56;40000;0;0;3978,56;;;;;;;;;
;;;3278;13:00:00;2788;5,695397;0;633,12;574,29;6483,1488;3798,72;3798,72;1010,72;40000;0;0;1010,72;;;;;;;;;
;;;3279;14:00:00;362;5,878868;0;392,7;435,3;4021,248;2356,2;2356,2;1994,2;40000;0;0;1994,2;;;;;;;;;
;;;3280;15:00:00;492;5,406863;0;723,97;788,8;7413,4528;4343,82;4343,82;3851,82;40000;0;0;3851,82;;;;;;;;;
;;;3281;16:00:00;52;4,50355;0;520,56;728,6;5330,5344;3123,36;3123,36;3071,36;40000;0;0;3071,36;;;;;;;;;
;;;3282;17:00:00;52;2,7969232;0;366,12;723,47;3749,0688;2196,72;2196,72;2144,72;40000;0;0;2144,72;;;;;;;;;
;;;3283;18:00:00;468;1,0559005;0;210,36;898,68;2154,0864;1262,16;1262,16;794,16;40000;0;0;794,16;;;;;;;;;
;;;3284;19:00:00;2181,25;1,5875772;0;0;0;0;0;0;0;37819;2181,25;0;0;;;;;;;;;
;;;3285;20:00:00;2545,25;1,4889456;0;0;0;0;0;0;0;35274;2545,25;0;0;;;;;;;;;
;;;3286;21:00:00;3512,95;1,1639695;0;0;0;0;0;0;0;31761;3512,95;0;0;;;;;;;;;
;;;3287;22:00:00;591,25;0,35415113;0;0;0;0;0;0;0;31169;591,25;0;0;;;;;;;;;
;;;3288;23:00:00;781,25;1,3219389;0;0;0;0;0;0;0;30388;781,25;0;0;;;;;;;;;
;;Viernes;3289;0:00:00;637,5;1,7073836;0;0;0;0;0;0;0;29751;637,5;0;0;;;;;;;;;
;;;3290;1:00:00;52;1,9968129;0;0;0;0;0;0;0;29699;52;0;0;;;;;;;;;
;;;3291;2:00:00;52;1,9386538;0;0;0;0;0;0;0;29647;52;0;0;;;;;;;;;
;;;3292;3:00:00;52;1,857491;0;0;0;0;0;0;0;29595;52;0;0;;;;;;;;;
;;;3293;4:00:00;52;1,8191644;0;0;0;0;0;0;0;29543;52;0;0;;;;;;;;;
;;;3294;5:00:00;52;1,8439747;0;0;0;0;0;0;0;29491;52;0;0;;;;;;;;;
;;;3295;6:00:00;1027,05;2,4243352;0;48,73;464,29;498,9952;292,38;292,38;0;28756;734,67;0;0;;;;;;;;;
;;;3296;7:00:00;1716,25;2,0392575;0;121,3;705,89;1242,112;727,8;727,8;0;27767;988,45;0;0;;;;;;;;;
;;;3297;8:00:00;1586,25;2,9143825;0;332;775,38;3399,68;1992;1992;405,75;28173;0;0;0;;;;;;;;;
;;;3298;9:00:00;103,3;3,0380254;0;556,72;735,73;5700,8128;3340,32;3340,32;3237,02;31410;0;0;0;;;;;;;;;
;;;3299;10:00:00;52;2,340371;0;762,87;603,75;7811,7888;4577,22;4577,22;4525,22;35935;0;0;460,64;;;;;;;;;
;;;3300;11:00:00;52;2,9031458;0;933,99;399,77;9564,0576;5603,94;5603,94;5551,94;40000;0;0;5551,94;;;;;;;;;
;;;3301;12:00:00;52;2,857317;0;1018,11;275,07;10425,4464;6108,66;6108,66;6056,66;40000;0;0;6056,66;;;;;;;;;
;;;3302;13:00:00;2788;2,791323;0;1048,72;512,71;10738,8928;6292,32;6292,32;3504,32;40000;0;0;3504,32;;;;;;;;;
;;;3303;14:00:00;362;4,1263165;0;997,93;728,7;10218,8032;5987,58;5987,58;5625,58;40000;0;0;5625,58;;;;;;;;;
;;;3304;15:00:00;492;5,486828;0;877,05;893,92;8980,992;5262,3;5262,3;4770,3;40000;0;0;4770,3;;;;;;;;;
;;;3305;16:00:00;52;5,4911866;0;684,28;979,54;7007,0272;4105,68;4105,68;4053,68;40000;0;0;4053,68;;;;;;;;;
;;;3306;17:00:00;52;5,7358046;0;455,78;981,49;4667,1872;2734,68;2734,68;2682,68;40000;0;0;2682,68;;;;;;;;;
;;;3307;18:00:00;468;5,407402;0;211,45;901,09;2165,248;1268,7;1268,7;800,7;40000;0;0;800,7;;;;;;;;;
;;;3308;19:00:00;2181,25;3,7708125;0;0;0;0;0;0;0;37819;2181,25;0;0;;;;;;;;;
;;;3309;20:00:00;2545,25;1,8875327;0;0;0;0;0;0;0;35274;2545,25;0;0;;;;;;;;;
;;;3310;21:00:00;3512,95;1,5293937;0;0;0;0;0;0;0;31761;3512,95;0;0;;;;;;;;;
;;;3311;22:00:00;591,25;2,5396008;0;0;0;0;0;0;0;31169;591,25;0;0;;;;;;;;;
;;;3312;23:00:00;781,25;2,4734952;0;0;0;0;0;0;0;30388;781,25;0;0;;;;;;;;;
;;Sábado;3313;0:00:00;723;2,0773978;0;0;0;0;0;0;0;29665;723;0;0;;;;;;;;;
;;;3314;1:00:00;362;2,019322;0;0;0;0;0;0;0;29303;362;0;0;;;;;;;;;
;;;3315;2:00:00;52;1,834409;0;0;0;0;0;0;0;29251;52;0;0;;;;;;;;;
;;;3316;3:00:00;52;1,8604323;0;0;0;0;0;0;0;29199;52;0;0;;;;;;;;;
;;;3317;4:00:00;52;1,8219367;0;0;0;0;0;0;0;29147;52;0;0;;;;;;;;;
;;;3318;5:00:00;52;2,004909;0;0;0;0;0;0;0;29095;52;0;0;;;;;;;;;
;;;3319;6:00:00;382,5;2,4706094;0;52,15;428,29;534,016;312,9;312,9;0;29025;69,6;0;0;;;;;;;;;
;;;3320;7:00:00;1491,25;2,8835244;0;123,56;679,42;1265,2544;741,36;741,36;0;28276;749,89;0;0;;;;;;;;;
;;;3321;8:00:00;1286,25;3,109215;0;328,82;765,31;3367,1168;1972,92;1972,92;686,67;28962;0;0;0;;;;;;;;;
;;;3322;9:00:00;1301,55;3,1469965;0;551,1;728,54;5643,264;3306,6;3306,6;2005,05;30967;0;0;0;;;;;;;;;
;;;3323;10:00:00;1676,25;2,6693678;0;755,11;599,27;7732,3264;4530,66;4530,66;2854,41;33822;0;0;0;;;;;;;;;
;;;3324;11:00:00;232;3,0612285;0;924,28;398,85;9464,6272;5545,68;5545,68;5313,68;39135;0;0;4449,05;;;;;;;;;
;;;3325;12:00:00;52;3,4686122;0;1012,6;270,43;10369,024;6075,6;6075,6;6023,6;40000;0;0;6023,6;;;;;;;;;
;;;3326;13:00:00;2755;3,9166746;0;1037,45;509,38;10623,488;6224,7;6224,7;3469,7;40000;0;0;3469,7;;;;;;;;;
;;;3327;14:00:00;2642;4,753552;0;980,22;720,29;10037,4528;5881,32;5881,32;3239,32;40000;0;0;3239,32;;;;;;;;;
;;;3328;15:00:00;492;5,2224154;0;857,04;878,47;8776,0896;5142,24;5142,24;4650,24;40000;0;0;4650,24;;;;;;;;;
;;;3329;16:00:00;52;4,9775543;0;676,52;967,95;6927,5648;4059,12;4059,12;4007,12;40000;0;0;4007,12;;;;;;;;;
;;;3330;17:00:00;52;4,5461164;0;437,79;932,78;4482,9696;2626,74;2626,74;2574,74;40000;0;0;2574,74;;;;;;;;;
;;;3331;18:00:00;598;3,9197884;0;192,39;762,93;1970,0736;1154,34;1154,34;556,34;40000;0;0;556,34;;;;;;;;;
;;;3332;19:00:00;622;3,3209438;0;0;0;0;0;0;0;39378;622;0;0;;;;;;;;;
;;;3333;20:00:00;2365,25;2,766535;0;0;0;0;0;0;0;37013;2365,25;0;0;;;;;;;;;
;;;3334;21:00:00;4621,25;2,4780605;0;0;0;0;0;0;0;32392;4621,25;0;0;;;;;;;;;
;;;3335;22:00:00;591,25;2,4597712;0;0;0;0;0;0;0;31800;591,25;0;0;;;;;;;;;
;;;3336;23:00:00;781,25;1,5929412;0;0;0;0;0;0;0;31019;781,25;0;0;;;;;;;;;
;;Domingo;3337;0:00:00;723;1,5298393;0;0;0;0;0;0;0;30296;723;0;0;;;;;;;;;
;;;3338;1:00:00;362;1,6602187;0;0;0;0;0;0;0;29934;362;0;0;;;;;;;;;
;;;3339;2:00:00;52;1,6819927;0;0;0;0;0;0;0;29882;52;0;0;;;;;;;;;
;;;3340;3:00:00;52;1,5142709;0;0;0;0;0;0;0;29830;52;0;0;;;;;;;;;
;;;3341;4:00:00;52;1,1622075;0;0;0;0;0;0;0;29778;52;0;0;;;;;;;;;
;;;3342;5:00:00;52;1,0536028;0;0;0;0;0;0;0;29726;52;0;0;;;;;;;;;
;;;3343;6:00:00;382,5;1,020337;0;55,57;405,71;569,0368;333,42;333,42;0;29677;49,08;0;0;;;;;;;;;
;;;3344;7:00:00;1491,25;1,0732384;0;127,85;666,15;1309,184;767,1;767,1;0;28953;724,15;0;0;;;;;;;;;
;;;3345;8:00:00;1286,25;0,9798337;0;330,21;764,87;3381,3504;1981,26;1981,26;695,01;29648;0;0;0;;;;;;;;;
;;;3346;9:00:00;1301,55;1,0448115;0;553,24;732,52;5665,1776;3319,44;3319,44;2017,89;31666;0;0;0;;;;;;;;;
;;;3347;10:00:00;1676,25;1,8119518;0;760,11;602,39;7783,5264;4560,66;4560,66;2884,41;34550;0;0;0;;;;;;;;;
;;;3348;11:00:00;232;2,2196023;0;916,24;408,11;9382,2976;5497,44;5497,44;5265,44;39816;0;0;5080,96;;;;;;;;;
;;;3349;12:00:00;52;2,9899235;0;1014,56;275,47;10389,0944;6087,36;6087,36;6035,36;40000;0;0;6035,36;;;;;;;;;
;;;3350;13:00:00;2755;3,7588062;0;1044,83;511,13;10699,0592;6268,98;6268,98;3513,98;40000;0;0;3513,98;;;;;;;;;
;;;3351;14:00:00;2642;4,3357606;0;1004,38;726,05;10284,8512;6026,28;6026,28;3384,28;40000;0;0;3384,28;;;;;;;;;
;;;3352;15:00:00;492;4,2765193;0;869,02;887,79;8898,7648;5214,12;5214,12;4722,12;40000;0;0;4722,12;;;;;;;;;
;;;3353;16:00:00;52;3,9158978;0;690,44;986,9;7070,1056;4142,64;4142,64;4090,64;40000;0;0;4090,64;;;;;;;;;
;;;3354;17:00:00;52;3,187713;0;463,54;1000,56;4746,6496;2781,24;2781,24;2729,24;40000;0;0;2729,24;;;;;;;;;
;;;3355;18:00:00;598;3,2549474;0;206,12;855,73;2110,6688;1236,72;1236,72;638,72;40000;0;0;638,72;;;;;;;;;
;;;3356;19:00:00;622;2,5993845;0;0;0;0;0;0;0;39378;622;0;0;;;;;;;;;
;;;3357;20:00:00;2365,25;2,4390578;0;0;0;0;0;0;0;37013;2365,25;0;0;;;;;;;;;
;;;3358;21:00:00;4621,25;1,8062503;0;0;0;0;0;0;0;32392;4621,25;0;0;;;;;;;;;
;;;3359;22:00:00;591,25;1,4451904;0;0;0;0;0;0;0;31800;591,25;0;0;;;;;;;;;
;;;3360;23:00:00;781,25;2,4675527;0;0;0;0;0;0;0;31019;781,25;0;0;;;;;;;;;
;21;Lunes;3361;0:00:00;637,5;1,8318534;0;0;0;0;0;0;0;30382;637,5;0;0;;;;;;;;;
;;;3362;1:00:00;52;0,47148782;0;0;0;0;0;0;0;30330;52;0;0;;;;;;;;;
;;;3363;2:00:00;52;0,37037784;0;0;0;0;0;0;0;30278;52;0;0;;;;;;;;;
;;;3364;3:00:00;52;0,3602275;0;0;0;0;0;0;0;30226;52;0;0;;;;;;;;;
;;;3365;4:00:00;52;0,86973965;0;0;0;0;0;0;0;30174;52;0;0;;;;;;;;;
;;;3366;5:00:00;52;1,7618445;0;0;0;0;0;0;0;30122;52;0;0;;;;;;;;;
;;;3367;6:00:00;1027,05;2,0086918;0;67,54;228,61;691,6096;405,24;405,24;0;29500;621,81;0;0;;;;;;;;;
;;;3368;7:00:00;1716,25;2,013732;0;158,85;420,88;1626,624;953,1;953,1;0;28737;763,15;0;0;;;;;;;;;
;;;3369;8:00:00;1586,25;1,5127124;0;287,04;440,3;2939,2896;1722,24;1722,24;135,99;28873;0;0;0;;;;;;;;;
;;;3370;9:00:00;103,3;0,8058585;0;189,34;218,28;1938,8416;1136,04;1136,04;1032,74;29905;0;0;0;;;;;;;;;
;;;3371;10:00:00;52;1,0453734;0;672,79;618,62;6889,3696;4036,74;4036,74;3984,74;33890;0;0;0;;;;;;;;;
;;;3372;11:00:00;52;0,74931;0;816,84;491,78;8364,4416;4901,04;4901,04;4849,04;38739;0;0;3588,09;;;;;;;;;
;;;3373;12:00:00;52;1,1083753;0;854,76;434,74;8752,7424;5128,56;5128,56;5076,56;40000;0;0;5076,56;;;;;;;;;
;;;3374;13:00:00;2788;1,8779279;0;899,15;577,87;9207,296;5394,9;5394,9;2606,9;40000;0;0;2606,9;;;;;;;;;
;;;3375;14:00:00;362;2,921843;0;777,86;693,61;7965,2864;4667,16;4667,16;4305,16;40000;0;0;4305,16;;;;;;;;;
;;;3376;15:00:00;492;4,4554753;0;580,65;652,26;5945,856;3483,9;3483,9;2991,9;40000;0;0;2991,9;;;;;;;;;
;;;3377;16:00:00;52;4,484736;0;220,01;258,11;2252,9024;1320,06;1320,06;1268,06;40000;0;0;1268,06;;;;;;;;;
;;;3378;17:00:00;52;4,1836367;0;359,3;700,74;3679,232;2155,8;2155,8;2103,8;40000;0;0;2103,8;;;;;;;;;
;;;3379;18:00:00;468;3,9319823;0;83,43;129,79;854,3232;500,58;500,58;32,58;40000;0;0;32,58;;;;;;;;;
;;;3380;19:00:00;2181,25;3,12797;0;0;0;0;0;0;0;37819;2181,25;0;0;;;;;;;;;
;;;3381;20:00:00;2545,25;2,4290848;0;0;0;0;0;0;0;35274;2545,25;0;0;;;;;;;;;
;;;3382;21:00:00;3512,95;2,3351011;0;0;0;0;0;0;0;31761;3512,95;0;0;;;;;;;;;
;;;3383;22:00:00;591,25;1,7578729;0;0;0;0;0;0;0;31169;591,25;0;0;;;;;;;;;
;;;3384;23:00:00;781,25;1,853083;0;0;0;0;0;0;0;30388;781,25;0;0;;;;;;;;;
;;Martes;3385;0:00:00;637,5;1,1721145;0;0;0;0;0;0;0;29751;637,5;0;0;;;;;;;;;
;;;3386;1:00:00;52;1,0478076;0;0;0;0;0;0;0;29699;52;0;0;;;;;;;;;
;;;3387;2:00:00;52;1,1462184;0;0;0;0;0;0;0;29647;52;0;0;;;;;;;;;
;;;3388;3:00:00;52;1,5483321;0;0;0;0;0;0;0;29595;52;0;0;;;;;;;;;
;;;3389;4:00:00;52;1,8864324;0;0;0;0;0;0;0;29543;52;0;0;;;;;;;;;
;;;3390;5:00:00;52;2,2720942;0;0;0;0;0;0;0;29491;52;0;0;;;;;;;;;
;;;3391;6:00:00;1027,05;2,8365552;0;68,39;201,6;700,3136;410,34;410,34;0;28874;616,71;0;0;;;;;;;;;
;;;3392;7:00:00;1716,25;2,986629;0;148,55;514,61;1521,152;891,3;891,3;0;28049;824,95;0;0;;;;;;;;;
;;;3393;8:00:00;1586,25;3,1062474;0;320,78;687,48;3284,7872;1924,68;1924,68;338,43;28387;0;0;0;;;;;;;;;
;;;3394;9:00:00;103,3;2,2558432;0;525,89;702,49;5385,1136;3155,34;3155,34;3052,04;31439;0;0;0;;;;;;;;;
;;;3395;10:00:00;52;0,77324027;0;708,73;607,83;7257,3952;4252,38;4252,38;4200,38;35640;0;0;0;;;;;;;;;
;;;3396;11:00:00;52;0,677226;0;866,13;437;8869,1712;5196,78;5196,78;5144,78;40000;0;0;5144,78;;;;;;;;;
;;;3397;12:00:00;52;0,6373166;0;987,63;273,84;10113,3312;5925,78;5925,78;5873,78;40000;0;0;5873,78;;;;;;;;;
;;;3398;13:00:00;2788;1,2491462;0;1017,31;503,25;10417,2544;6103,86;6103,86;3315,86;40000;0;0;3315,86;;;;;;;;;
;;;3399;14:00:00;362;2,3845816;0;961,41;708,95;9844,8384;5768,46;5768,46;5406,46;40000;0;0;5406,46;;;;;;;;;
;;;3400;15:00:00;492;3,5475702;0;834,87;858,89;8549,0688;5009,22;5009,22;4517,22;40000;0;0;4517,22;;;;;;;;;
;;;3401;16:00:00;52;4,3435755;0;339,26;429,52;3474,0224;2035,56;2035,56;1983,56;40000;0;0;1983,56;;;;;;;;;
;;;3402;17:00:00;52;4,1305027;0;338,44;640;3465,6256;2030,64;2030,64;1978,64;40000;0;0;1978,64;;;;;;;;;
;;;3403;18:00:00;468;4,1863804;0;190,24;741,09;1948,0576;1141,44;1141,44;673,44;40000;0;0;673,44;;;;;;;;;
;;;3404;19:00:00;2181,25;4,539131;0;0;0;0;0;0;0;37819;2181,25;0;0;;;;;;;;;
;;;3405;20:00:00;2545,25;4,844376;0;0;0;0;0;0;0;35274;2545,25;0;0;;;;;;;;;
;;;3406;21:00:00;3512,95;5,1568418;0;0;0;0;0;0;0;31761;3512,95;0;0;;;;;;;;;
;;;3407;22:00:00;591,25;3,3672566;0;0;0;0;0;0;0;31169;591,25;0;0;;;;;;;;;
;;;3408;23:00:00;781,25;2,171374;0;0;0;0;0;0;0;30388;781,25;0;0;;;;;;;;;
;;Miércoles;3409;0:00:00;637,5;0,8260751;0;0;0;0;0;0;0;29751;637,5;0;0;;;;;;;;;
;;;3410;1:00:00;52;1,480445;0;0;0;0;0;0;0;29699;52;0;0;;;;;;;;;
;;;3411;2:00:00;52;1,8333386;0;0;0;0;0;0;0;29647;52;0;0;;;;;;;;;
;;;3412;3:00:00;52;1,8501323;0;0;0;0;0;0;0;29595;52;0;0;;;;;;;;;
;;;3413;4:00:00;52;2,0582569;0;0;0;0;0;0;0;29543;52;0;0;;;;;;;;;
;;;3414;5:00:00;52;2,251034;0;0;0;0;0;0;0;29491;52;0;0;;;;;;;;;
;;;3415;6:00:00;1027,05;2,379865;0;64,12;127,71;656,5888;384,72;384,72;0;28848;642,33;0;0;;;;;;;;;
;;;3416;7:00:00;1716,25;2,14097;0;161,83;385,7;1657,1392;970,98;970,98;0;28103;745,27;0;0;;;;;;;;;
;;;3417;8:00:00;1586,25;1,8744811;0;289,44;447,32;2963,8656;1736,64;1736,64;150,39;28253;0;0;0;;;;;;;;;
;;;3418;9:00:00;103,3;0,8413164;0;454,53;588,06;4654,3872;2727,18;2727,18;2623,88;30877;0;0;0;;;;;;;;;
;;;3419;10:00:00;52;1,4496549;0;730,47;604,09;7480,0128;4382,82;4382,82;4330,82;35208;0;0;0;;;;;;;;;
;;;3420;11:00:00;52;1,7816921;0;877,4;433,51;8984,576;5264,4;5264,4;5212,4;40000;0;0;5212,4;;;;;;;;;
;;;3421;12:00:00;52;1,9743274;0;968,73;311,53;9919,7952;5812,38;5812,38;5760,38;40000;0;0;5760,38;;;;;;;;;
;;;3422;13:00:00;2788;4,135144;0;967,52;544,85;9907,4048;5805,12;5805,12;3017,12;40000;0;0;3017,12;;;;;;;;;
;;;3423;14:00:00;362;5,1351953;0;940,42;717,94;9629,9008;5642,52;5642,52;5280,52;40000;0;0;5280,52;;;;;;;;;
;;;3424;15:00:00;492;5,819443;0;821,23;855,46;8409,3952;4927,38;4927,38;4435,38;40000;0;0;4435,38;;;;;;;;;
;;;3425;16:00:00;52;5,9546356;0;661,03;944,55;6768,9472;3966,18;3966,18;3914,18;40000;0;0;3914,18;;;;;;;;;
;;;3426;17:00:00;52;4,9219584;0;437,5;929,87;4480;2625;2625;2573;40000;0;0;2573;;;;;;;;;
;;;3427;18:00:00;468;3,7732582;0;195,71;770,5;2004,0704;1174,26;1174,26;706,26;40000;0;0;706,26;;;;;;;;;
;;;3428;19:00:00;2181,25;2,5746799;0;0;0;0;0;0;0;37819;2181,25;0;0;;;;;;;;;
;;;3429;20:00:00;2545,25;2,191391;0;0;0;0;0;0;0;35274;2545,25;0;0;;;;;;;;;
;;;3430;21:00:00;3512,95;2,108146;0;0;0;0;0;0;0;31761;3512,95;0;0;;;;;;;;;
;;;3431;22:00:00;591,25;1,9704918;0;0;0;0;0;0;0;31169;591,25;0;0;;;;;;;;;
;;;3432;23:00:00;781,25;1,1563383;0;0;0;0;0;0;0;30388;781,25;0;0;;;;;;;;;
;;Jueves;3433;0:00:00;637,5;0,8904364;0;0;0;0;0;0;0;29751;637,5;0;0;;;;;;;;;
;;;3434;1:00:00;52;1,154861;0;0;0;0;0;0;0;29699;52;0;0;;;;;;;;;
;;;3435;2:00:00;52;1,1352738;0;0;0;0;0;0;0;29647;52;0;0;;;;;;;;;
;;;3436;3:00:00;52;1,3220932;0;0;0;0;0;0;0;29595;52;0;0;;;;;;;;;
;;;3437;4:00:00;52;1,7096384;0;0;0;0;0;0;0;29543;52;0;0;;;;;;;;;
;;;3438;5:00:00;52;1,8478186;0;0;0;0;0;0;0;29491;52;0;0;;;;;;;;;
;;;3439;6:00:00;1027,05;2,0845447;0;56,42;425,72;577,7408;338,52;338,52;0;28802;688,53;0;0;;;;;;;;;
;;;3440;7:00:00;1716,25;2,634155;0;127,18;672,87;1302,3232;763,08;763,08;0;27849;953,17;0;0;;;;;;;;;
;;;3441;8:00:00;1586,25;3,6639605;0;330,13;773,97;3380,5312;1980,78;1980,78;394,53;28243;0;0;0;;;;;;;;;
;;;3442;9:00:00;103,3;4,276758;0;549,33;728,91;5625,1392;3295,98;3295,98;3192,68;31436;0;0;0;;;;;;;;;
;;;3443;10:00:00;52;4,2199435;0;754,28;600,53;7723,8272;4525,68;4525,68;4473,68;35910;0;0;383,42;;;;;;;;;
;;;3444;11:00:00;52;4,534206;0;913,96;406,02;9358,9504;5483,76;5483,76;5431,76;40000;0;0;5431,76;;;;;;;;;
;;;3445;12:00:00;52;4,4186025;0;1010,99;269,43;10352,5376;6065,94;6065,94;6013,94;40000;0;0;6013,94;;;;;;;;;
;;;3446;13:00:00;2788;4,04355;0;1036,73;508,13;10616,1152;6220,38;6220,38;3432,38;40000;0;0;3432,38;;;;;;;;;
;;;3447;14:00:00;362;3,9980247;0;980,73;720;10042,6752;5884,38;5884,38;5522,38;40000;0;0;5522,38;;;;;;;;;
;;;3448;15:00:00;492;4,259646;0;862,7;880,72;8834,048;5176,2;5176,2;4684,2;40000;0;0;4684,2;;;;;;;;;
;;;3449;16:00:00;52;3,9191918;0;661,54;946,03;6774,1696;3969,24;3969,24;3917,24;40000;0;0;3917,24;;;;;;;;;
;;;3450;17:00:00;52;3,1967096;0;445,25;947,86;4559,36;2671,5;2671,5;2619,5;40000;0;0;2619,5;;;;;;;;;
;;;3451;18:00:00;468;3,1839533;0;207,59;854,34;2125,7216;1245,54;1245,54;777,54;40000;0;0;777,54;;;;;;;;;
;;;3452;19:00:00;2181,25;3,315376;0;13,68;14,6;140,0832;82,08;82,08;0;37901;2099,17;0;0;;;;;;;;;
;;;3453;20:00:00;2545,25;2,739237;0;0;0;0;0;0;0;35356;2545,25;0;0;;;;;;;;;
;;;3454;21:00:00;3512,95;2,1598647;0;0;0;0;0;0;0;31843;3512,95;0;0;;;;;;;;;
;;;3455;22:00:00;591,25;2,0674644;0;0;0;0;0;0;0;31251;591,25;0;0;;;;;;;;;
;;;3456;23:00:00;781,25;1,8027395;0;0;0;0;0;0;0;30470;781,25;0;0;;;;;;;;;
;;Viernes;3457;0:00:00;637,5;1,3266615;0;0;0;0;0;0;0;29833;637,5;0;0;;;;;;;;;
;;;3458;1:00:00;52;0,93241465;0;0;0;0;0;0;0;29781;52;0;0;;;;;;;;;
;;;3459;2:00:00;52;1,4142855;0;0;0;0;0;0;0;29729;52;0;0;;;;;;;;;
;;;3460;3:00:00;52;2,0432413;0;0;0;0;0;0;0;29677;52;0;0;;;;;;;;;
;;;3461;4:00:00;52;2,2501698;0;0;0;0;0;0;0;29625;52;0;0;;;;;;;;;
;;;3462;5:00:00;52;1,879094;0;0;0;0;0;0;0;29573;52;0;0;;;;;;;;;
;;;3463;6:00:00;1027,05;1,9380779;0;56,42;431,47;577,7408;338,52;338,52;0;28884;688,53;0;0;;;;;;;;;
;;;3464;7:00:00;1716,25;2,4327185;0;131,83;652,54;1349,9392;790,98;790,98;0;27959;925,27;0;0;;;;;;;;;
;;;3465;8:00:00;1586,25;3,0014248;0;329,2;756,98;3371,008;1975,2;1975,2;388,95;28348;0;0;0;;;;;;;;;
;;;3466;9:00:00;103,3;3,0095997;0;550,9;731,61;5641,216;3305,4;3305,4;3202,1;31550;0;0;0;;;;;;;;;
;;;3467;10:00:00;52;2,765536;0;756,92;602,83;7750,8608;4541,52;4541,52;4489,52;36039;0;0;528,92;;;;;;;;;
;;;3468;11:00:00;52;3,6063302;0;916,8;406,51;9388,032;5500,8;5500,8;5448,8;40000;0;0;5448,8;;;;;;;;;
;;;3469;12:00:00;52;4,453151;0;1014,05;268,57;10383,872;6084,3;6084,3;6032,3;40000;0;0;6032,3;;;;;;;;;
;;;3470;13:00:00;2788;4,474779;0;1039,98;508,24;10649,3952;6239,88;6239,88;3451,88;40000;0;0;3451,88;;;;;;;;;
;;;3471;14:00:00;362;4,4352846;0;994,55;721,34;10184,192;5967,3;5967,3;5605,3;40000;0;0;5605,3;;;;;;;;;
;;;3472;15:00:00;492;4,062813;0;866,34;883,37;8871,3216;5198,04;5198,04;4706,04;40000;0;0;4706,04;;;;;;;;;
;;;3473;16:00:00;52;4,0873013;0;685,21;977,33;7016,5504;4111,26;4111,26;4059,26;40000;0;0;4059,26;;;;;;;;;
;;;3474;17:00:00;52;4,708447;0;456,08;976,08;4670,2592;2736,48;2736,48;2684,48;40000;0;0;2684,48;;;;;;;;;
;;;3475;18:00:00;468;4,7524676;0;210,32;864,9;2153,6768;1261,92;1261,92;793,92;40000;0;0;793,92;;;;;;;;;
;;;3476;19:00:00;2181,25;4,3743587;0;14,53;15,5;148,7872;87,18;87,18;0;37906;2094,07;0;0;;;;;;;;;
;;;3477;20:00:00;2545,25;3,6175492;0;0;0;0;0;0;0;35361;2545,25;0;0;;;;;;;;;
;;;3478;21:00:00;3512,95;2,9457214;0;0;0;0;0;0;0;31848;3512,95;0;0;;;;;;;;;
;;;3479;22:00:00;591,25;2,381776;0;0;0;0;0;0;0;31256;591,25;0;0;;;;;;;;;
;;;3480;23:00:00;781,25;1,7195572;0;0;0;0;0;0;0;30475;781,25;0;0;;;;;;;;;
;;Sábado;3481;0:00:00;723;1,2634825;0;0;0;0;0;0;0;29752;723;0;0;;;;;;;;;
;;;3482;1:00:00;362;0,9206935;0;0;0;0;0;0;0;29390;362;0;0;;;;;;;;;
;;;3483;2:00:00;52;1,1266189;0;0;0;0;0;0;0;29338;52;0;0;;;;;;;;;
;;;3484;3:00:00;52;1,3497415;0;0;0;0;0;0;0;29286;52;0;0;;;;;;;;;
;;;3485;4:00:00;52;1,2529843;0;0;0;0;0;0;0;29234;52;0;0;;;;;;;;;
;;;3486;5:00:00;52;1,0279772;0;0;0;0;0;0;0;29182;52;0;0;;;;;;;;;
;;;3487;6:00:00;382,5;0,79179794;0;57,28;434,92;586,5472;343,68;343,68;0;29143;38,82;0;0;;;;;;;;;
;;;3488;7:00:00;1491,25;0,4968278;0;127,08;677,74;1301,2992;762,48;762,48;0;28415;728,77;0;0;;;;;;;;;
;;;3489;8:00:00;1286,25;0,344172;0;329,19;756,92;3370,9056;1975,14;1975,14;688,89;29104;0;0;0;;;;;;;;;
;;;3490;9:00:00;1301,55;1,1735922;0;554,68;735,75;5679,9232;3328,08;3328,08;2026,53;31130;0;0;0;;;;;;;;;
;;;3491;10:00:00;1676,25;2,2342405;0;755,26;601,66;7733,8624;4531,56;4531,56;2855,31;33985;0;0;0;;;;;;;;;
;;;3492;11:00:00;232;3,1537054;0;928,09;396,86;9503,6416;5568,54;5568,54;5336,54;39322;0;0;4658,45;;;;;;;;;
;;;3493;12:00:00;52;4,2630773;0;1023,93;259,21;10485,0432;6143,58;6143,58;6091,58;40000;0;0;6091,58;;;;;;;;;
;;;3494;13:00:00;2755;5,354881;0;1038,98;508,26;10639,1552;6233,88;6233,88;3478,88;40000;0;0;3478,88;;;;;;;;;
;;;3495;14:00:00;2642;6,067301;0;965,58;723,69;9887,5392;5793,48;5793,48;3151,48;40000;0;0;3151,48;;;;;;;;;
;;;3496;15:00:00;492;5,6889133;0;865,31;881,9;8860,7744;5191,86;5191,86;4699,86;40000;0;0;4699,86;;;;;;;;;
;;;3497;16:00:00;52;4,9809175;0;672,72;959,94;6888,6528;4036,32;4036,32;3984,32;40000;0;0;3984,32;;;;;;;;;
;;;3498;17:00:00;52;4,510964;0;448,49;953,83;4592,5376;2690,94;2690,94;2638,94;40000;0;0;2638,94;;;;;;;;;
;;;3499;18:00:00;598;3,7706628;0;187,62;689,89;1921,2288;1125,72;1125,72;527,72;40000;0;0;527,72;;;;;;;;;
;;;3500;19:00:00;622;3,2806053;0;16,24;17,32;166,2976;97,44;97,44;0;39475;524,56;0;0;;;;;;;;;
;;;3501;20:00:00;2365,25;2,7514675;0;0;0;0;0;0;0;37110;2365,25;0;0;;;;;;;;;
;;;3502;21:00:00;4621,25;2,1314063;0;0;0;0;0;0;0;32489;4621,25;0;0;;;;;;;;;
;;;3503;22:00:00;591,25;2,1185706;0;0;0;0;0;0;0;31898;591,25;0;0;;;;;;;;;
;;;3504;23:00:00;781,25;1,8198061;0;0;0;0;0;0;0;31116;781,25;0;0;;;;;;;;;
;;Domingo;3505;0:00:00;723;0,9761271;0;0;0;0;0;0;0;30393;723;0;0;;;;;;;;;
;;;3506;1:00:00;362;0,59964114;0;0;0;0;0;0;0;30031;362;0;0;;;;;;;;;
;;;3507;2:00:00;52;1,062924;0;0;0;0;0;0;0;29979;52;0;0;;;;;;;;;
;;;3508;3:00:00;52;1,3485131;0;0;0;0;0;0;0;29927;52;0;0;;;;;;;;;
;;;3509;4:00:00;52;1,3391576;0;0;0;0;0;0;0;29875;52;0;0;;;;;;;;;
;;;3510;5:00:00;52;1,139133;0;0;0;0;0;0;0;29823;52;0;0;;;;;;;;;
;;;3511;6:00:00;382,5;0,5552541;0;56,42;430,57;577,7408;338,52;338,52;0;29779;43,98;0;0;;;;;;;;;
;;;3512;7:00:00;1491,25;0,97750396;0;131,41;650,8;1345,6384;788,46;788,46;0;29077;702,79;0;0;;;;;;;;;
;;;3513;8:00:00;1286,25;1,4389384;0;326,9;757,92;3347,456;1961,4;1961,4;675,15;29752;0;0;0;;;;;;;;;
;;;3514;9:00:00;1301,55;1,775382;0;541,49;722,32;5544,8576;3248,94;3248,94;1947,39;31699;0;0;0;;;;;;;;;
;;;3515;10:00:00;1676,25;2,1171467;0;748,04;598,38;7659,9296;4488,24;4488,24;2811,99;34511;0;0;0;;;;;;;;;
;;;3516;11:00:00;232;3,1234798;0;905,82;405,24;9275,5968;5434,92;5434,92;5202,92;39714;0;0;4917,04;;;;;;;;;
;;;3517;12:00:00;52;4,051124;0;997,25;273,21;10211,84;5983,5;5983,5;5931,5;40000;0;0;5931,5;;;;;;;;;
;;;3518;13:00:00;2755;4,5518465;0;1016,6;510,05;10409,984;6099,6;6099,6;3344,6;40000;0;0;3344,6;;;;;;;;;
;;;3519;14:00:00;2642;4,909933;0;972,12;713,43;9954,5088;5832,72;5832,72;3190,72;40000;0;0;3190,72;;;;;;;;;
;;;3520;15:00:00;492;4,7308774;0;856,14;873,35;8766,8736;5136,84;5136,84;4644,84;40000;0;0;4644,84;;;;;;;;;
;;;3521;16:00:00;52;4,426222;0;665,73;949,25;6817,0752;3994,38;3994,38;3942,38;40000;0;0;3942,38;;;;;;;;;
;;;3522;17:00:00;52;3,653574;0;442,84;938,65;4534,6816;2657,04;2657,04;2605,04;40000;0;0;2605,04;;;;;;;;;
;;;3523;18:00:00;598;3,0741587;0;208,05;842,63;2130,432;1248,3;1248,3;650,3;40000;0;0;650,3;;;;;;;;;
;;;3524;19:00:00;622;3,049676;0;17,1;18,24;175,104;102,6;102,6;0;39481;519,4;0;0;;;;;;;;;
;;;3525;20:00:00;2365,25;3,0628471;0;0;0;0;0;0;0;37115;2365,25;0;0;;;;;;;;;
;;;3526;21:00:00;4621,25;2,7127812;0;0;0;0;0;0;0;32494;4621,25;0;0;;;;;;;;;
;;;3527;22:00:00;591,25;2,5409608;0;0;0;0;0;0;0;31903;591,25;0;0;;;;;;;;;
;;;3528;23:00:00;781,25;2,061273;0;0;0;0;0;0;0;31122;781,25;0;0;;;;;;;;;
;22;Lunes;3529;0:00:00;637,5;1,5449842;0;0;0;0;0;0;0;30484;637,5;0;0;;;;;;;;;
;;;3530;1:00:00;52;1,6897342;0;0;0;0;0;0;0;30432;52;0;0;;;;;;;;;
;;;3531;2:00:00;52;2,307898;0;0;0;0;0;0;0;30380;52;0;0;;;;;;;;;
;;;3532;3:00:00;52;2,3496974;0;0;0;0;0;0;0;30328;52;0;0;;;;;;;;;
;;;3533;4:00:00;52;2,2900238;0;0;0;0;0;0;0;30276;52;0;0;;;;;;;;;
;;;3534;5:00:00;52;2,9404814;0;0;0;0;0;0;0;30224;52;0;0;;;;;;;;;
;;;3535;6:00:00;1027,05;2,4974113;0;71,81;231,9;735,3344;430,86;430,86;0;29628;596,19;0;0;;;;;;;;;
;;;3536;7:00:00;1716,25;2,7901196;0;143,39;578,5;1468,3136;860,34;860,34;0;28772;855,91;0;0;;;;;;;;;
;;;3537;8:00:00;1586,25;2,845672;0;325,28;745,03;3330,8672;1951,68;1951,68;365,43;29137;0;0;0;;;;;;;;;
;;;3538;9:00:00;103,3;2,6970785;0;541,94;721,74;5549,4656;3251,64;3251,64;3148,34;32286;0;0;0;;;;;;;;;
;;;3539;10:00:00;52;2,4041166;0;736,85;597,89;7545,344;4421,1;4421,1;4369,1;36655;0;0;1023,97;;;;;;;;;
;;;3540;11:00:00;52;2,8526137;0;900,47;405,05;9220,8128;5402,82;5402,82;5350,82;40000;0;0;5350,82;;;;;;;;;
;;;3541;12:00:00;52;4,0379925;0;1007,09;258,75;10312,6016;6042,54;6042,54;5990,54;40000;0;0;5990,54;;;;;;;;;
;;;3542;13:00:00;2788;4,9081492;0;1005,03;512,79;10291,5072;6030,18;6030,18;3242,18;40000;0;0;3242,18;;;;;;;;;
;;;3543;14:00:00;362;5,7930226;0;960,99;710,65;9840,5376;5765,94;5765,94;5403,94;40000;0;0;5403,94;;;;;;;;;
;;;3544;15:00:00;492;5,5471764;0;766,31;819,71;7847,0144;4597,86;4597,86;4105,86;40000;0;0;4105,86;;;;;;;;;
;;;3545;16:00:00;52;4,685432;0;609,62;868,4;6242,5088;3657,72;3657,72;3605,72;40000;0;0;3605,72;;;;;;;;;
;;;3546;17:00:00;52;3,9368155;0;405,14;827,16;4148,6336;2430,84;2430,84;2378,84;40000;0;0;2378,84;;;;;;;;;
;;;3547;18:00:00;468;3,1207542;0;171,65;569,79;1757,696;1029,9;1029,9;561,9;40000;0;0;561,9;;;;;;;;;
;;;3548;19:00:00;2181,25;2,188897;0;17,95;19,16;183,808;107,7;107,7;0;37926;2073,55;0;0;;;;;;;;;
;;;3549;20:00:00;2545,25;1,6817677;0;0;0;0;0;0;0;35381;2545,25;0;0;;;;;;;;;
;;;3550;21:00:00;3512,95;1,9153832;0;0;0;0;0;0;0;31868;3512,95;0;0;;;;;;;;;
;;;3551;22:00:00;591,25;1,9771366;0;0;0;0;0;0;0;31277;591,25;0;0;;;;;;;;;
;;;3552;23:00:00;781,25;2,1723425;0;0;0;0;0;0;0;30496;781,25;0;0;;;;;;;;;
;;Martes;3553;0:00:00;637,5;2,338361;0;0;0;0;0;0;0;29858;637,5;0;0;;;;;;;;;
;;;3554;1:00:00;52;2,4744513;0;0;0;0;0;0;0;29806;52;0;0;;;;;;;;;
;;;3555;2:00:00;52;2,4559941;0;0;0;0;0;0;0;29754;52;0;0;;;;;;;;;
;;;3556;3:00:00;52;2,3899364;0;0;0;0;0;0;0;29702;52;0;0;;;;;;;;;
;;;3557;4:00:00;52;2,2483993;0;0;0;0;0;0;0;29650;52;0;0;;;;;;;;;
;;;3558;5:00:00;52;2,2191808;0;2,56;3,17;26,2144;15,36;15,36;0;29614;36,64;0;0;;;;;;;;;
;;;3559;6:00:00;1027,05;2,2927787;0;64,97;347,28;665,2928;389,82;389,82;0;28976;637,23;0;0;;;;;;;;;
;;;3560;7:00:00;1716,25;2,5719676;0;145,8;547,91;1492,992;874,8;874,8;0;28135;841,45;0;0;;;;;;;;;
;;;3561;8:00:00;1586,25;2,8434124;0;315,75;619,2;3233,28;1894,5;1894,5;308,25;28443;0;0;0;;;;;;;;;
;;;3562;9:00:00;103,3;3,0753574;0;496,11;664,01;5080,1664;2976,66;2976,66;2873,36;31317;0;0;0;;;;;;;;;
;;;3563;10:00:00;52;3,6229515;0;651,45;613,01;6670,848;3908,7;3908,7;3856,7;35173;0;0;0;;;;;;;;;
;;;3564;11:00:00;52;3,2645354;0;792,79;497,11;8118,1696;4756,74;4756,74;4704,74;39878;0;0;4582,72;;;;;;;;;
;;;3565;12:00:00;52;2,5676954;0;716,04;503,96;7332,2496;4296,24;4296,24;4244,24;40000;0;0;4244,24;;;;;;;;;
;;;3566;13:00:00;2788;1,9758335;0;914,47;557,34;9364,1728;5486,82;5486,82;2698,82;40000;0;0;2698,82;;;;;;;;;
;;;3567;14:00:00;362;1,783055;0;889,91;708,54;9112,6784;5339,46;5339,46;4977,46;40000;0;0;4977,46;;;;;;;;;
;;;3568;15:00:00;492;1,8660371;0;470,17;533,96;4814,5408;2821,02;2821,02;2329,02;40000;0;0;2329,02;;;;;;;;;
;;;3569;16:00:00;52;3,2357821;0;270,63;325,68;2771,2512;1623,78;1623,78;1571,78;40000;0;0;1571,78;;;;;;;;;
;;;3570;17:00:00;52;4,3620887;0;301,23;522,78;3084,5952;1807,38;1807,38;1755,38;40000;0;0;1755,38;;;;;;;;;
;;;3571;18:00:00;468;4,238145;0;49,39;56,94;505,7536;296,34;296,34;0;39828;171,66;0;0;;;;;;;;;
;;;3572;19:00:00;2181,25;3,2915697;0;5,13;5,48;52,5312;30,78;30,78;0;37678;2150,47;0;0;;;;;;;;;
;;;3573;20:00:00;2545,25;2,415508;0;0;0;0;0;0;0;35133;2545,25;0;0;;;;;;;;;
;;;3574;21:00:00;3512,95;1,7788714;0;0;0;0;0;0;0;31620;3512,95;0;0;;;;;;;;;
;;;3575;22:00:00;591,25;0,967768;0;0;0;0;0;0;0;31028;591,25;0;0;;;;;;;;;
;;;3576;23:00:00;781,25;0,60625285;0;0;0;0;0;0;0;30247;781,25;0;0;;;;;;;;;
;;Miércoles;3577;0:00:00;637,5;0,8308139;0;0;0;0;0;0;0;29610;637,5;0;0;;;;;;;;;
;;;3578;1:00:00;52;0,988452;0;0;0;0;0;0;0;29558;52;0;0;;;;;;;;;
;;;3579;2:00:00;52;0,7924715;0;0;0;0;0;0;0;29506;52;0;0;;;;;;;;;
;;;3580;3:00:00;52;0,8922011;0;0;0;0;0;0;0;29454;52;0;0;;;;;;;;;
;;;3581;4:00:00;52;0,980813;0;0;0;0;0;0;0;29402;52;0;0;;;;;;;;;
;;;3582;5:00:00;52;1,1296698;0;0,85;1,06;8,704;5,1;5,1;0;29355;46,9;0;0;;;;;;;;;
;;;3583;6:00:00;1027,05;1,1694227;0;47,02;58;481,4848;282,12;282,12;0;28610;744,93;0;0;;;;;;;;;
;;;3584;7:00:00;1716,25;0,9944079;0;79,58;91,74;814,8992;477,48;477,48;0;27371;1238,77;0;0;;;;;;;;;
;;;3585;8:00:00;1586,25;1,3318673;0;212,54;258,29;2176,4096;1275,24;1275,24;0;27060;311,01;0;0;;;;;;;;;
;;;3586;9:00:00;103,3;2,1333094;0;263,52;306,32;2698,4448;1581,12;1581,12;1477,82;28538;0;0;0;;;;;;;;;
;;;3587;10:00:00;52;2,9055116;0;135,38;156,07;1386,2912;812,28;812,28;760,28;29298;0;0;0;;;;;;;;;
;;;3588;11:00:00;52;3,6346166;0;152,76;176,1;1564,2624;916,56;916,56;864,56;30163;0;0;0;;;;;;;;;
;;;3589;12:00:00;52;4,158115;0;485,29;487,2;4969,3696;2911,74;2911,74;2859,74;33022;0;0;0;;;;;;;;;
;;;3590;13:00:00;2788;4,6853848;0;214,04;246,76;2191,7696;1284,24;1284,24;0;31519;1503,76;0;0;;;;;;;;;
;;;3591;14:00:00;362;5,0990376;0;437,45;475,97;4479,488;2624,7;2624,7;2262,7;33781;0;0;0;;;;;;;;;
;;;3592;15:00:00;492;5,418262;0;420,51;479,22;4306,0224;2523,06;2523,06;2031,06;35812;0;0;0;;;;;;;;;
;;;3593;16:00:00;52;5,1046023;0;456,62;618,41;4675,7888;2739,72;2739,72;2687,72;38500;0;0;1187,9;;;;;;;;;
;;;3594;17:00:00;52;4,2926993;0;381,98;759,85;3911,4752;2291,88;2291,88;2239,88;40000;0;0;2239,88;;;;;;;;;
;;;3595;18:00:00;468;3,301354;0;99,15;164,92;1015,296;594,9;594,9;126,9;40000;0;0;126,9;;;;;;;;;
;;;3596;19:00:00;2181,25;2,4492872;0;12,82;13,68;131,2768;76,92;76,92;0;37896;2104,33;0;0;;;;;;;;;
;;;3597;20:00:00;2545,25;2,066346;0;0;0;0;0;0;0;35350;2545,25;0;0;;;;;;;;;
;;;3598;21:00:00;3512,95;1,9748839;0;0;0;0;0;0;0;31837;3512,95;0;0;;;;;;;;;
;;;3599;22:00:00;591,25;2,0407174;0;0;0;0;0;0;0;31246;591,25;0;0;;;;;;;;;
;;;3600;23:00:00;781,25;1,2455945;0;0;0;0;0;0;0;30465;781,25;0;0;;;;;;;;;
;;Jueves;3601;0:00:00;637,5;0,6276014;0;0;0;0;0;0;0;29827;637,5;0;0;;;;;;;;;
;;;3602;1:00:00;52;0,56780636;0;0;0;0;0;0;0;29775;52;0;0;;;;;;;;;
;;;3603;2:00:00;52;0,80056375;0;0;0;0;0;0;0;29723;52;0;0;;;;;;;;;
;;;3604;3:00:00;52;0,81601524;0;0;0;0;0;0;0;29671;52;0;0;;;;;;;;;
;;;3605;4:00:00;52;0,92063326;0;0;0;0;0;0;0;29619;52;0;0;;;;;;;;;
;;;3606;5:00:00;52;0,76153004;0;0,85;1,06;8,704;5,1;5,1;0;29573;46,9;0;0;;;;;;;;;
;;;3607;6:00:00;1027,05;1,1151667;0;23,08;28,47;236,3392;138,48;138,48;0;28684;888,57;0;0;;;;;;;;;
;;;3608;7:00:00;1716,25;0,77471066;0;73,18;84,36;749,3632;439,08;439,08;0;27407;1277,17;0;0;;;;;;;;;
;;;3609;8:00:00;1586,25;0,39518923;0;152,76;176,1;1564,2624;916,56;916,56;0;26737;669,69;0;0;;;;;;;;;
;;;3610;9:00:00;103,3;1,0866249;0;284,08;332,19;2908,9792;1704,48;1704,48;1601,18;28338;0;0;0;;;;;;;;;
;;;3611;10:00:00;52;1,6284152;0;330,51;376,09;3384,4224;1983,06;1983,06;1931,06;30269;0;0;0;;;;;;;;;
;;;3612;11:00:00;52;2,9038148;0;439,5;467,36;4500,48;2637;2637;2585;32854;0;0;0;;;;;;;;;
;;;3613;12:00:00;52;4,0246;0;268,92;310,03;2753,7408;1613,52;1613,52;1561,52;34416;0;0;0;;;;;;;;;
;;;3614;13:00:00;2788;4,738968;0;908,77;549,41;9305,8048;5452,62;5452,62;2664,62;37081;0;0;0;;;;;;;;;
;;;3615;14:00:00;362;5,011313;0;877,74;699,82;8988,0576;5266,44;5266,44;4904,44;40000;0;0;4904,44;;;;;;;;;
;;;3616;15:00:00;492;4,8628407;0;635,71;704,49;6509,6704;3814,26;3814,26;3322,26;40000;0;0;3322,26;;;;;;;;;
;;;3617;16:00:00;52;4,370353;0;608,21;864,1;6228,0704;3649,26;3649,26;3597,26;40000;0;0;3597,26;;;;;;;;;
;;;3618;17:00:00;52;3,2421546;0;236,83;354,44;2425,1392;1420,98;1420,98;1368,98;40000;0;0;1368,98;;;;;;;;;
;;;3619;18:00:00;468;2,23947;0;176,09;596,81;1803,1616;1056,54;1056,54;588,54;40000;0;0;588,54;;;;;;;;;
;;;3620;19:00:00;2181,25;2,3678648;0;19,66;20,98;201,3184;117,96;117,96;0;37937;2063,29;0;0;;;;;;;;;
;;;3621;20:00:00;2545,25;1,9040259;0;0;0;0;0;0;0;35391;2545,25;0;0;;;;;;;;;
;;;3622;21:00:00;3512,95;1,6918998;0;0;0;0;0;0;0;31879;3512,95;0;0;;;;;;;;;
;;;3623;22:00:00;591,25;1,0855603;0;0;0;0;0;0;0;31287;591,25;0;0;;;;;;;;;
;;;3624;23:00:00;781,25;1,5165129;0;0;0;0;0;0;0;30506;781,25;0;0;;;;;;;;;
Junio;;Viernes;3625;0:00:00;1518,65;2,0229633;0;0;0;0;0;0;0;28987;1518,65;0;0;;;;;;;;;
;;;3626;1:00:00;110,25;3,362991;0;0;0;0;0;0;0;28877;110,25;0;0;;;;;;;;;
;;;3627;2:00:00;110,25;3,8575177;0;0;0;0;0;0;0;28767;110,25;0;0;;;;;;;;;
;;;3628;3:00:00;110,25;3,1255624;0;0;0;0;0;0;0;28657;110,25;0;0;;;;;;;;;
;;;3629;4:00:00;52;2,6377459;0;0;0;0;0;0;0;28605;52;0;0;;;;;;;;;
;;;3630;5:00:00;52;2,6765833;0;2,56;3,17;26,2144;15,36;15,36;0;28568;36,64;0;0;;;;;;;;;
;;;3631;6:00:00;941,44;2,925071;0;68,39;139,13;700,3136;410,34;410,34;0;28037;531,1;0;0;;;;;;;;;
;;;3632;7:00:00;1623,8;3,3989732;0;141,23;559,62;1446,1952;847,38;847,38;0;27260;776,42;0;0;;;;;;;;;
;;;3633;8:00:00;1493,8;3,9600675;0;316,21;676,48;3237,9904;1897,26;1897,26;403,46;27664;0;0;0;;;;;;;;;
;;;3634;9:00:00;79,36;4,052082;0;519,92;698,29;5323,9808;3119,52;3119,52;3040,16;30704;0;0;0;;;;;;;;;
;;;3635;10:00:00;52;4,2464547;0;704,01;594,87;7209,0624;4224,06;4224,06;4172,06;34876;0;0;0;;;;;;;;;
;;;3636;11:00:00;52;3,906851;0;857,97;418,85;8785,6128;5147,82;5147,82;5095,82;39972;0;0;5067,77;;;;;;;;;
;;;3637;12:00:00;52;3,7557487;0;923,57;327,18;9457,3568;5541,42;5541,42;5489,42;40000;0;0;5489,42;;;;;;;;;
;;;3638;13:00:00;3628;3,6075847;0;978,02;502,33;10014,9248;5868,12;5868,12;2240,12;40000;0;0;2240,12;;;;;;;;;
;;;3639;14:00:00;1202;3,4531596;0;929,21;693,85;9515,1104;5575,26;5575,26;4373,26;40000;0;0;4373,26;;;;;;;;;
;;;3640;15:00:00;1332;3,8063123;0;817,46;838,64;8370,7904;4904,76;4904,76;3572,76;40000;0;0;3572,76;;;;;;;;;
;;;3641;16:00:00;52;3,9021466;0;633,31;899,18;6485,0944;3799,86;3799,86;3747,86;40000;0;0;3747,86;;;;;;;;;
;;;3642;17:00:00;52;4,328765;0;425,87;889,55;4360,9088;2555,22;2555,22;2503,22;40000;0;0;2503,22;;;;;;;;;
;;;3643;18:00:00;310,68;4,2193074;0;190,21;698,62;1947,7504;1141,26;1141,26;830,58;40000;0;0;830,58;;;;;;;;;
;;;3644;19:00:00;2088,8;3,8725858;0;20,52;21,88;210,1248;123,12;123,12;0;38034;1965,68;0;0;;;;;;;;;
;;;3645;20:00:00;2891,05;3,4439726;0;0;0;0;0;0;0;35143;2891,05;0;0;;;;;;;;;
;;;3646;21:00:00;5427,05;2,9715006;0;0;0;0;0;0;0;29716;5427,05;0;0;;;;;;;;;
;;;3647;22:00:00;1397,05;1,8677083;0;0;0;0;0;0;0;28319;1397,05;0;0;;;;;;;;;
;;;3648;23:00:00;1587,05;1,8612268;0;0;0;0;0;0;0;26732;1587,05;0;0;;;;;;;;;
;;Sábado;3649;0:00:00;1587,05;2,2462826;0;0;0;0;0;0;0;25145;1587,05;0;0;;;;;;;;;
;;;3650;1:00:00;420,25;2,3482425;0;0;0;0;0;0;0;24725;420,25;0;0;;;;;;;;;
;;;3651;2:00:00;110,25;2,1445193;0;0;0;0;0;0;0;24615;110,25;0;0;;;;;;;;;
;;;3652;3:00:00;52;2,1363888;0;0;0;0;0;0;0;24563;52;0;0;;;;;;;;;
;;;3653;4:00:00;52;2,1250966;0;0;0;0;0;0;0;24511;52;0;0;;;;;;;;;
;;;3654;5:00:00;52;2,0834367;0;4,27;16,01;43,7248;25,62;25,62;0;24484;26,38;0;0;;;;;;;;;
;;;3655;6:00:00;297;2,3179598;0;58,99;416,38;604,0576;353,94;353,94;56,94;24541;0;0;0;;;;;;;;;
;;;3656;7:00:00;1330,4;2,2491221;0;129,34;636,8;1324,4416;776,04;776,04;0;23987;554,36;0;0;;;;;;;;;
;;;3657;8:00:00;1193,8;2,2739792;0;319,14;735,04;3267,9936;1914,84;1914,84;721,04;24708;0;0;0;;;;;;;;;
;;;3658;9:00:00;1205,68;2,4707592;0;525,04;706,27;5376,4096;3150,24;3150,24;1944,56;26652;0;0;0;;;;;;;;;
;;;3659;10:00:00;1618;2,939661;0;711,24;600,68;7283,0976;4267,44;4267,44;2649,44;29302;0;0;0;;;;;;;;;
;;;3660;11:00:00;232;3,5604968;0;854,36;438,33;8748,6464;5126,16;5126,16;4894,16;34196;0;0;0;;;;;;;;;
;;;3661;12:00:00;52;3,9388716;0;948,24;304,59;9709,9776;5689,44;5689,44;5637,44;39833;0;0;5470,85;;;;;;;;;
;;;3662;13:00:00;2440,25;3,7848175;0;988,26;503,92;10119,7824;5929,56;5929,56;3489,31;40000;0;0;3489,31;;;;;;;;;
;;;3663;14:00:00;3540,25;3,75336;0;934,18;700,51;9566,0032;5605,08;5605,08;2064,83;40000;0;0;2064,83;;;;;;;;;
;;;3664;15:00:00;1390,25;4,1240883;0;812,62;840,47;8321,2288;4875,72;4875,72;3485,47;40000;0;0;3485,47;;;;;;;;;
;;;3665;16:00:00;110,25;4,294642;0;633,52;899,43;6487,2448;3801,12;3801,12;3690,87;40000;0;0;3690,87;;;;;;;;;
;;;3666;17:00:00;52;4,4554734;0;424,89;881,87;4350,8736;2549,34;2549,34;2497,34;40000;0;0;2497,34;;;;;;;;;
;;;3667;18:00:00;117;4,0978775;0;188,95;674,5;1934,848;1133,7;1133,7;1016,7;40000;0;0;1016,7;;;;;;;;;
;;;3668;19:00:00;209,4;3,2374315;0;21,37;22,8;218,8288;128,22;128,22;0;39919;81,18;0;0;;;;;;;;;
;;;3669;20:00:00;1642,04;2,6015546;0;0;0;0;0;0;0;38277;1642,04;0;0;;;;;;;;;
;;;3670;21:00:00;4528,8;1,9769648;0;0;0;0;0;0;0;33748;4528,8;0;0;;;;;;;;;
;;;3671;22:00:00;1932,05;1,2677343;0;0;0;0;0;0;0;31816;1932,05;0;0;;;;;;;;;
;;;3672;23:00:00;2122,05;1,460949;0;0;0;0;0;0;0;29694;2122,05;0;0;;;;;;;;;
;;Domingo;3673;0:00:00;1587,05;1,3405745;0;0;0;0;0;0;0;28107;1587,05;0;0;;;;;;;;;
;;;3674;1:00:00;420,25;1,0189768;0;0;0;0;0;0;0;27687;420,25;0;0;;;;;;;;;
;;;3675;2:00:00;110,25;0,14626342;0;0;0;0;0;0;0;27576;110,25;0;0;;;;;;;;;
;;;3676;3:00:00;52;0,47008365;0;0;0;0;0;0;0;27524;52;0;0;;;;;;;;;
;;;3677;4:00:00;52;0,6746371;0;0;0;0;0;0;0;27472;52;0;0;;;;;;;;;
;;;3678;5:00:00;52;0,9893938;0;5,13;17,02;52,5312;30,78;30,78;0;27451;21,22;0;0;;;;;;;;;
;;;3679;6:00:00;297;1,0794712;0;64,12;380,5;656,5888;384,72;384,72;87,72;27539;0;0;0;;;;;;;;;
;;;3680;7:00:00;1330,4;0,62626827;0;128,9;633,36;1319,936;773,4;773,4;0;26982;557;0;0;;;;;;;;;
;;;3681;8:00:00;1193,8;0,12724875;0;318,49;725,61;3261,3376;1910,94;1910,94;717,14;27699;0;0;0;;;;;;;;;
;;;3682;9:00:00;1205,68;1,1745846;0;522,72;703,92;5352,6528;3136,32;3136,32;1930,64;29630;0;0;0;;;;;;;;;
;;;3683;10:00:00;1618;2,1959913;0;715,19;596,15;7323,5456;4291,14;4291,14;2673,14;32303;0;0;0;;;;;;;;;
;;;3684;11:00:00;232;2,8761437;0;864,74;422,06;8854,9376;5188,44;5188,44;4956,44;37259;0;0;2215,63;;;;;;;;;
;;;3685;12:00:00;52;3,6750576;0;950,77;296,4;9735,8848;5704,62;5704,62;5652,62;40000;0;0;5652,62;;;;;;;;;
;;;3686;13:00:00;2440,25;4,795752;0;985,76;503,25;10094,1824;5914,56;5914,56;3474,31;40000;0;0;3474,31;;;;;;;;;
;;;3687;14:00:00;3540,25;5,4165134;0;915,12;701,8;9370,8288;5490,72;5490,72;1950,47;40000;0;0;1950,47;;;;;;;;;
;;;3688;15:00:00;1390,25;5,4035497;0;810,08;836,94;8295,2192;4860,48;4860,48;3470,23;40000;0;0;3470,23;;;;;;;;;
;;;3689;16:00:00;110,25;4,663277;0;591,36;836,67;6055,5264;3548,16;3548,16;3437,91;40000;0;0;3437,91;;;;;;;;;
;;;3690;17:00:00;52;4,6228004;0;415,63;853,67;4256,0512;2493,78;2493,78;2441,78;40000;0;0;2441,78;;;;;;;;;
;;;3691;18:00:00;117;4,7054133;0;190,37;683,18;1949,3888;1142,22;1142,22;1025,22;40000;0;0;1025,22;;;;;;;;;
;;;3692;19:00:00;209,4;3,8366117;0;21,37;22,8;218,8288;128,22;128,22;0;39919;81,18;0;0;;;;;;;;;
;;;3693;20:00:00;1642,04;2,5489466;0;0;0;0;0;0;0;38277;1642,04;0;0;;;;;;;;;
;;;3694;21:00:00;4528,8;1,492009;0;0;0;0;0;0;0;33748;4528,8;0;0;;;;;;;;;
;;;3695;22:00:00;1932,05;0,56399006;0;0;0;0;0;0;0;31816;1932,05;0;0;;;;;;;;;
;;;3696;23:00:00;2122,05;0,56757754;0;0;0;0;0;0;0;29694;2122,05;0;0;;;;;;;;;
;23;Lunes;3697;0:00:00;1518,65;0,8467097;0;0;0;0;0;0;0;28175;1518,65;0;0;;;;;;;;;
;;;3698;1:00:00;110,25;0,7793426;0;0;0;0;0;0;0;28065;110,25;0;0;;;;;;;;;
;;;3699;2:00:00;110,25;0,5472139;0;0;0;0;0;0;0;27955;110,25;0;0;;;;;;;;;
;;;3700;3:00:00;110,25;0,2488237;0;0;0;0;0;0;0;27844;110,25;0;0;;;;;;;;;
;;;3701;4:00:00;52;0,33136776;0;0;0;0;0;0;0;27792;52;0;0;;;;;;;;;
;;;3702;5:00:00;52;0,3522832;0;5,13;16,91;52,5312;30,78;30,78;0;27771;21,22;0;0;;;;;;;;;
;;;3703;6:00:00;941,44;0,30856863;0;72,66;203,19;744,0384;435,96;435,96;0;27266;505,48;0;0;;;;;;;;;
;;;3704;7:00:00;1623,8;0,52909684;0;162,55;356,13;1664,512;975,3;975,3;0;26617;648,5;0;0;;;;;;;;;
;;;3705;8:00:00;1493,8;1,1223745;0;312,36;638,33;3198,5664;1874,16;1874,16;380,36;26998;0;0;0;;;;;;;;;
;;;3706;9:00:00;79,36;1,8684278;0;506,9;685,03;5190,656;3041,4;3041,4;2962,04;29960;0;0;0;;;;;;;;;
;;;3707;10:00:00;52;2,387633;0;656,46;607,38;6722,1504;3938,76;3938,76;3886,76;33846;0;0;0;;;;;;;;;
;;;3708;11:00:00;52;3,3685935;0;819,29;458,86;8389,5296;4915,74;4915,74;4863,74;38710;0;0;3573,92;;;;;;;;;
;;;3709;12:00:00;52;4,192261;0;938,48;296,74;9610,0352;5630,88;5630,88;5578,88;40000;0;0;5578,88;;;;;;;;;
;;;3710;13:00:00;3628;4,8210497;0;944,49;521,17;9671,5776;5666,94;5666,94;2038,94;40000;0;0;2038,94;;;;;;;;;
;;;3711;14:00:00;1202;5,451143;0;868,68;695,43;8895,2832;5212,08;5212,08;4010,08;40000;0;0;4010,08;;;;;;;;;
;;;3712;15:00:00;1332;5,397025;0;737,31;788,21;7550,0544;4423,86;4423,86;3091,86;40000;0;0;3091,86;;;;;;;;;
;;;3713;16:00:00;52;5,250871;0;565,06;795,2;5786,2144;3390,36;3390,36;3338,36;40000;0;0;3338,36;;;;;;;;;
;;;3714;17:00:00;52;5,238698;0;344,21;641,65;3524,7104;2065,26;2065,26;2013,26;40000;0;0;2013,26;;;;;;;;;
;;;3715;18:00:00;310,68;4,5680676;0;125,29;266,93;1282,9696;751,74;751,74;441,06;40000;0;0;441,06;;;;;;;;;
;;;3716;19:00:00;2088,8;3,0772562;0;18,81;20,06;192,6144;112,86;112,86;0;38024;1975,94;0;0;;;;;;;;;
;;;3717;20:00:00;2891,05;2,3355203;0;0;0;0;0;0;0;35133;2891,05;0;0;;;;;;;;;
;;;3718;21:00:00;5427,05;1,5774802;0;0;0;0;0;0;0;29706;5427,05;0;0;;;;;;;;;
;;;3719;22:00:00;1397,05;0,980608;0;0;0;0;0;0;0;28309;1397,05;0;0;;;;;;;;;
;;;3720;23:00:00;1587,05;0,5917481;0;0;0;0;0;0;0;26722;1587,05;0;0;;;;;;;;;
;;Martes;3721;0:00:00;1518,65;0,4903787;0;0;0;0;0;0;0;25203;1518,65;0;0;;;;;;;;;
;;;3722;1:00:00;110,25;0,8569623;0;0;0;0;0;0;0;25093;110,25;0;0;;;;;;;;;
;;;3723;2:00:00;110,25;1,3533593;0;0;0;0;0;0;0;24983;110,25;0;0;;;;;;;;;
;;;3724;3:00:00;110,25;0,99188334;0;0;0;0;0;0;0;24872;110,25;0;0;;;;;;;;;
;;;3725;4:00:00;52;1,2005512;0;0;0;0;0;0;0;24820;52;0;0;;;;;;;;;
;;;3726;5:00:00;52;1,4197091;0;4,27;5,27;43,7248;25,62;25,62;0;24794;26,38;0;0;;;;;;;;;
;;;3727;6:00:00;941,44;1,3271611;0;71,81;159,7;735,3344;430,86;430,86;0;24284;510,58;0;0;;;;;;;;;
;;;3728;7:00:00;1623,8;1,1114603;0;160,17;281,21;1640,1408;961,02;961,02;0;23621;662,78;0;0;;;;;;;;;
;;;3729;8:00:00;1493,8;1,3784425;0;306,3;566,31;3136,512;1837,8;1837,8;344;23965;0;0;0;;;;;;;;;
;;;3730;9:00:00;79,36;2,095129;0;506,11;684,8;5182,5664;3036,66;3036,66;2957,3;26922;0;0;0;;;;;;;;;
;;;3731;10:00:00;52;2,3571143;0;671,17;604,86;6872,7808;4027,02;4027,02;3975,02;30897;0;0;0;;;;;;;;;
;;;3732;11:00:00;52;3,3631074;0;838,77;435,81;8589,0048;5032,62;5032,62;4980,62;35878;0;0;858,28;;;;;;;;;
;;;3733;12:00:00;52;4,3881917;0;916,67;325,6;9386,7008;5500,02;5500,02;5448,02;40000;0;0;5448,02;;;;;;;;;
;;;3734;13:00:00;3628;5,266924;0;954,25;510,84;9771,52;5725,5;5725,5;2097,5;40000;0;0;2097,5;;;;;;;;;
;;;3735;14:00:00;1202;5,8370547;0;917,76;689,55;9397,8624;5506,56;5506,56;4304,56;40000;0;0;4304,56;;;;;;;;;
;;;3736;15:00:00;1332;5,259582;0;808,04;829,19;8274,3296;4848,24;4848,24;3516,24;40000;0;0;3516,24;;;;;;;;;
;;;3737;16:00:00;52;4,7110214;0;631,42;893,08;6465,7408;3788,52;3788,52;3736,52;40000;0;0;3736,52;;;;;;;;;
;;;3738;17:00:00;52;4,011216;0;417,64;859,44;4276,6336;2505,84;2505,84;2453,84;40000;0;0;2453,84;;;;;;;;;
;;;3739;18:00:00;310,68;3,3414655;0;193,31;703,4;1979,4944;1159,86;1159,86;849,18;40000;0;0;849,18;;;;;;;;;
;;;3740;19:00:00;2088,8;2,5350454;0;23,08;24,62;236,3392;138,48;138,48;0;38050;1950,32;0;0;;;;;;;;;
;;;3741;20:00:00;2891,05;1,6071625;0;0;0;0;0;0;0;35159;2891,05;0;0;;;;;;;;;
;;;3742;21:00:00;5427,05;1,4183892;0;0;0;0;0;0;0;29732;5427,05;0;0;;;;;;;;;
;;;3743;22:00:00;1397,05;1,5664103;0;0;0;0;0;0;0;28335;1397,05;0;0;;;;;;;;;
;;;3744;23:00:00;1587,05;1,4308558;0;0;0;0;0;0;0;26747;1587,05;0;0;;;;;;;;;
;;Miércoles;3745;0:00:00;1518,65;0,77877253;0;0;0;0;0;0;0;25229;1518,65;0;0;;;;;;;;;
;;;3746;1:00:00;110,25;0,44917855;0;0;0;0;0;0;0;25119;110,25;0;0;;;;;;;;;
;;;3747;2:00:00;110,25;0,4994858;0;0;0;0;0;0;0;25008;110,25;0;0;;;;;;;;;
;;;3748;3:00:00;110,25;0,44547716;0;0;0;0;0;0;0;24898;110,25;0;0;;;;;;;;;
;;;3749;4:00:00;52;0,5819939;0;0;0;0;0;0;0;24846;52;0;0;;;;;;;;;
;;;3750;5:00:00;52;0,6691897;0;4,27;5,27;43,7248;25,62;25,62;0;24820;26,38;0;0;;;;;;;;;
;;;3751;6:00:00;941,44;0,91798395;0;60,7;411,27;621,568;364,2;364,2;0;24242;577,24;0;0;;;;;;;;;
;;;3752;7:00:00;1623,8;0,66096455;0;124,48;646,21;1274,6752;746,88;746,88;0;23366;876,92;0;0;;;;;;;;;
;;;3753;8:00:00;1493,8;0,7327529;0;314,94;728,1;3224,9856;1889,64;1889,64;395,84;23761;0;0;0;;;;;;;;;
;;;3754;9:00:00;79,36;1,3482177;0;525,3;707,79;5379,072;3151,8;3151,8;3072,44;26834;0;0;0;;;;;;;;;
;;;3755;10:00:00;52;2,1736567;0;718,26;590,42;7354,9824;4309,56;4309,56;4257,56;31091;0;0;0;;;;;;;;;
;;;3756;11:00:00;52;3,3935375;0;861,65;416,46;8823,296;5169,9;5169,9;5117,9;36209;0;0;1327,18;;;;;;;;;
;;;3757;12:00:00;52;4,4283047;0;953,67;279,37;9765,5808;5722,02;5722,02;5670,02;40000;0;0;5670,02;;;;;;;;;
;;;3758;13:00:00;3628;5,2393;0;989,22;493,34;10129,6128;5935,32;5935,32;2307,32;40000;0;0;2307,32;;;;;;;;;
;;;3759;14:00:00;1202;5,7776265;0;946,97;692,07;9696,9728;5681,82;5681,82;4479,82;40000;0;0;4479,82;;;;;;;;;
;;;3760;15:00:00;1332;5,572725;0;825,57;841,35;8453,8368;4953,42;4953,42;3621,42;40000;0;0;3621,42;;;;;;;;;
;;;3761;16:00:00;52;4,959674;0;649,84;917,77;6654,3616;3899,04;3899,04;3847,04;40000;0;0;3847,04;;;;;;;;;
;;;3762;17:00:00;52;4,0925527;0;431,49;896;4418,4576;2588,94;2588,94;2536,94;40000;0;0;2536,94;;;;;;;;;
;;;3763;18:00:00;310,68;3,2379885;0;192,44;684,61;1970,5856;1154,64;1154,64;843,96;40000;0;0;843,96;;;;;;;;;
;;;3764;19:00:00;2088,8;2,4023433;0;21,37;22,8;218,8288;128,22;128,22;0;38039;1960,58;0;0;;;;;;;;;
;;;3765;20:00:00;2891,05;1,7654912;0;0;0;0;0;0;0;35148;2891,05;0;0;;;;;;;;;
;;;3766;21:00:00;5427,05;1,5193243;0;0;0;0;0;0;0;29721;5427,05;0;0;;;;;;;;;
;;;3767;22:00:00;1397,05;1,948415;0;0;0;0;0;0;0;28324;1397,05;0;0;;;;;;;;;
;;;3768;23:00:00;1587,05;1,5618197;0;0;0;0;0;0;0;26737;1587,05;0;0;;;;;;;;;
;;Jueves;3769;0:00:00;1518,65;1,1706026;0;0;0;0;0;0;0;25219;1518,65;0;0;;;;;;;;;
;;;3770;1:00:00;110,25;0,80676746;0;0;0;0;0;0;0;25108;110,25;0;0;;;;;;;;;
;;;3771;2:00:00;110,25;0,7402786;0;0;0;0;0;0;0;24998;110,25;0;0;;;;;;;;;
;;;3772;3:00:00;110,25;0,90772665;0;0;0;0;0;0;0;24888;110,25;0;0;;;;;;;;;
;;;3773;4:00:00;52;0,9592931;0;0;0;0;0;0;0;24836;52;0;0;;;;;;;;;
;;;3774;5:00:00;52;0,82451355;0;6,84;18,91;70,0416;41,04;41,04;0;24825;10,96;0;0;;;;;;;;;
;;;3775;6:00:00;941,44;0,6967965;0;60,7;422,54;621,568;364,2;364,2;0;24248;577,24;0;0;;;;;;;;;
;;;3776;7:00:00;1623,8;0,4628741;0;136,48;598,25;1397,5552;818,88;818,88;0;23443;804,92;0;0;;;;;;;;;
;;;3777;8:00:00;1493,8;0,6336017;0;317,25;728,07;3248,64;1903,5;1903,5;409,7;23852;0;0;0;;;;;;;;;
;;;3778;9:00:00;79,36;1,3380731;0;528,2;712,62;5408,768;3169,2;3169,2;3089,84;26942;0;0;0;;;;;;;;;
;;;3779;10:00:00;52;1,8937889;0;722,93;594,03;7402,8032;4337,58;4337,58;4285,58;31228;0;0;0;;;;;;;;;
;;;3780;11:00:00;52;3,1962142;0;876,32;410,93;8973,5168;5257,92;5257,92;5205,92;36434;0;0;1639,66;;;;;;;;;
;;;3781;12:00:00;52;3,832721;0;976,86;264,28;10003,0464;5861,16;5861,16;5809,16;40000;0;0;5809,16;;;;;;;;;
;;;3782;13:00:00;3628;4,5984316;0;1002,73;493,05;10267,9552;6016,38;6016,38;2388,38;40000;0;0;2388,38;;;;;;;;;
;;;3783;14:00:00;1202;4,7835045;0;950,09;696,26;9728,9216;5700,54;5700,54;4498,54;40000;0;0;4498,54;;;;;;;;;
;;;3784;15:00:00;1332;4,3318834;0;837,12;849,18;8572,1088;5022,72;5022,72;3690,72;40000;0;0;3690,72;;;;;;;;;
;;;3785;16:00:00;52;3,7710056;0;656,92;926,96;6726,8608;3941,52;3941,52;3889,52;40000;0;0;3889,52;;;;;;;;;
;;;3786;17:00:00;52;3,3258135;0;437,45;908,83;4479,488;2624,7;2624,7;2572,7;40000;0;0;2572,7;;;;;;;;;
;;;3787;18:00:00;310,68;2,9071972;0;208,73;795,58;2137,3952;1252,38;1252,38;941,7;40000;0;0;941,7;;;;;;;;;
;;;3788;19:00:00;2088,8;2,0672479;0;24,79;26,44;253,8496;148,74;148,74;0;38060;1940,06;0;0;;;;;;;;;
;;;3789;20:00:00;2891,05;1,5000554;0;0;0;0;0;0;0;35169;2891,05;0;0;;;;;;;;;
;;;3790;21:00:00;5427,05;1,5568116;0;0;0;0;0;0;0;29742;5427,05;0;0;;;;;;;;;
;;;3791;22:00:00;1397,05;1,5014236;0;0;0;0;0;0;0;28345;1397,05;0;0;;;;;;;;;
;;;3792;23:00:00;1587,05;1,0693752;0;0;0;0;0;0;0;26758;1587,05;0;0;;;;;;;;;
;;Viernes;3793;0:00:00;1518,65;1,2170497;0;0;0;0;0;0;0;25239;1518,65;0;0;;;;;;;;;
;;;3794;1:00:00;110,25;1,8257911;0;0;0;0;0;0;0;25129;110,25;0;0;;;;;;;;;
;;;3795;2:00:00;110,25;1,6077893;0;0;0;0;0;0;0;25019;110,25;0;0;;;;;;;;;
;;;3796;3:00:00;110,25;1,5975909;0;0;0;0;0;0;0;24908;110,25;0;0;;;;;;;;;
;;;3797;4:00:00;52;1,262078;0;0;0;0;0;0;0;24856;52;0;0;;;;;;;;;
;;;3798;5:00:00;52;0,9055181;0;6,84;29,24;70,0416;41,04;41,04;0;24845;10,96;0;0;;;;;;;;;
;;;3799;6:00:00;941,44;1,2666334;0;58,99;450,26;604,0576;353,94;353,94;0;24258;587,5;0;0;;;;;;;;;
;;;3800;7:00:00;1623,8;2,5831335;0;120,79;699,93;1236,8896;724,74;724,74;0;23359;899,06;0;0;;;;;;;;;
;;;3801;8:00:00;1493,8;2,9645436;0;322,38;756,98;3301,1712;1934,28;1934,28;440,48;23799;0;0;0;;;;;;;;;
;;;3802;9:00:00;79,36;3,780009;0;538,64;728;5515,6736;3231,84;3231,84;3152,48;26952;0;0;0;;;;;;;;;
;;;3803;10:00:00;52;4,32189;0;740,83;603,14;7586,0992;4444,98;4444,98;4392,98;31345;0;0;0;;;;;;;;;
;;;3804;11:00:00;52;4,629697;0;886,17;423,5;9074,3808;5317,02;5317,02;5265,02;36610;0;0;1874,8;;;;;;;;;
;;;3805;12:00:00;52;4,840711;0;986,98;271,88;10106,6752;5921,88;5921,88;5869,88;40000;0;0;5869,88;;;;;;;;;
;;;3806;13:00:00;3628;5,250228;0;1018,43;499,85;10428,7232;6110,58;6110,58;2482,58;40000;0;0;2482,58;;;;;;;;;
;;;3807;14:00:00;1202;5,327238;0;955,24;709,33;9781,6576;5731,44;5731,44;4529,44;40000;0;0;4529,44;;;;;;;;;
;;;3808;15:00:00;1332;5,286507;0;843,47;859,95;8637,1328;5060,82;5060,82;3728,82;40000;0;0;3728,82;;;;;;;;;
;;;3809;16:00:00;52;5,220619;0;662,21;935,06;6781,0304;3973,26;3973,26;3921,26;40000;0;0;3921,26;;;;;;;;;
;;;3810;17:00:00;52;4,6948314;0;445,45;924,66;4561,408;2672,7;2672,7;2620,7;40000;0;0;2620,7;;;;;;;;;
;;;3811;18:00:00;310,68;3,78875;0;210,09;792,13;2151,3216;1260,54;1260,54;949,86;40000;0;0;949,86;;;;;;;;;
;;;3812;19:00:00;2088,8;2,5201118;0;25,65;27,36;262,656;153,9;153,9;0;38065;1934,9;0;0;;;;;;;;;
;;;3813;20:00:00;2891,05;1,631003;0;0;0;0;0;0;0;35174;2891,05;0;0;;;;;;;;;
;;;3814;21:00:00;5427,05;1,7565563;0;0;0;0;0;0;0;29747;5427,05;0;0;;;;;;;;;
;;;3815;22:00:00;1397,05;1,5494533;0;0;0;0;0;0;0;28350;1397,05;0;0;;;;;;;;;
;;;3816;23:00:00;1587,05;1,8035218;0;0;0;0;0;0;0;26763;1587,05;0;0;;;;;;;;;
;;Sábado;3817;0:00:00;1587,05;1,6818051;0;0;0;0;0;0;0;25176;1587,05;0;0;;;;;;;;;
;;;3818;1:00:00;420,25;1,7043481;0;0;0;0;0;0;0;24756;420,25;0;0;;;;;;;;;
;;;3819;2:00:00;110,25;1,8142372;0;0;0;0;0;0;0;24645;110,25;0;0;;;;;;;;;
;;;3820;3:00:00;52;1,6177539;0;0;0;0;0;0;0;24593;52;0;0;;;;;;;;;
;;;3821;4:00:00;52;1,6081104;0;0;0;0;0;0;0;24541;52;0;0;;;;;;;;;
;;;3822;5:00:00;52;1,2327331;0;7,69;19,91;78,7456;46,14;46,14;0;24535;5,86;0;0;;;;;;;;;
;;;3823;6:00:00;297;1,2490705;0;58,99;437,62;604,0576;353,94;353,94;56,94;24592;0;0;0;;;;;;;;;
;;;3824;7:00:00;1330,4;1,3820145;0;126,53;646,15;1295,6672;759,18;759,18;0;24021;571,22;0;0;;;;;;;;;
;;;3825;8:00:00;1193,8;2,745189;0;318,24;726,23;3258,7776;1909,44;1909,44;715,64;24737;0;0;0;;;;;;;;;
;;;3826;9:00:00;1205,68;2,8596244;0;523,68;711,42;5362,4832;3142,08;3142,08;1936,4;26673;0;0;0;;;;;;;;;
;;;3827;10:00:00;1618;2,7027607;0;717,43;602,16;7346,4832;4304,58;4304,58;2686,58;29360;0;0;0;;;;;;;;;
;;;3828;11:00:00;232;2,7804956;0;880,67;413,01;9018,0608;5284,02;5284,02;5052,02;34412;0;0;0;;;;;;;;;
;;;3829;12:00:00;52;2,9954085;0;981,59;261,6;10051,4816;5889,54;5889,54;5837,54;40000;0;0;5837,54;;;;;;;;;
;;;3830;13:00:00;2440,25;3,3937807;0;1014,08;490,58;10384,1792;6084,48;6084,48;3644,23;40000;0;0;3644,23;;;;;;;;;
;;;3831;14:00:00;3540,25;3,679132;0;956,68;698,34;9796,4032;5740,08;5740,08;2199,83;40000;0;0;2199,83;;;;;;;;;
;;;3832;15:00:00;1390,25;4,103265;0;843,99;854,12;8642,4576;5063,94;5063,94;3673,69;40000;0;0;3673,69;;;;;;;;;
;;;3833;16:00:00;110,25;3,888986;0;663,01;933,6;6789,2224;3978,06;3978,06;3867,81;40000;0;0;3867,81;;;;;;;;;
;;;3834;17:00:00;52;2,6459048;0;445,07;925,3;4557,5168;2670,42;2670,42;2618,42;40000;0;0;2618,42;;;;;;;;;
;;;3835;18:00:00;117;1,1665239;0;206,41;763,93;2113,6384;1238,46;1238,46;1121,46;40000;0;0;1121,46;;;;;;;;;
;;;3836;19:00:00;209,4;1,8513535;0;25,65;27,36;262,656;153,9;153,9;0;39945;55,5;0;0;;;;;;;;;
;;;3837;20:00:00;1642,04;1,7567416;0;0;0;0;0;0;0;38302;1642,04;0;0;;;;;;;;;
;;;3838;21:00:00;4528,8;2,6777227;0;0;0;0;0;0;0;33774;4528,8;0;0;;;;;;;;;
;;;3839;22:00:00;1932,05;4,0870266;0;0;0;0;0;0;0;31842;1932,05;0;0;;;;;;;;;
;;;3840;23:00:00;2122,05;3,9540446;0;0;0;0;0;0;0;29720;2122,05;0;0;;;;;;;;;
;;Domingo;3841;0:00:00;1587,05;3,5760984;0;0;0;0;0;0;0;28133;1587,05;0;0;;;;;;;;;
;;;3842;1:00:00;420,25;4,817534;0;0;0;0;0;0;0;27712;420,25;0;0;;;;;;;;;
;;;3843;2:00:00;110,25;5,7770624;0;0;0;0;0;0;0;27602;110,25;0;0;;;;;;;;;
;;;3844;3:00:00;52;6,142923;0;0;0;0;0;0;0;27550;52;0;0;;;;;;;;;
;;;3845;4:00:00;52;6,209415;0;0;0;0;0;0;0;27498;52;0;0;;;;;;;;;
;;;3846;5:00:00;52;6,2717814;0;5,98;7,38;61,2352;35,88;35,88;0;27482;16,12;0;0;;;;;;;;;
;;;3847;6:00:00;297;5,976344;0;57,28;82,62;586,5472;343,68;343,68;46,68;27529;0;0;0;;;;;;;;;
;;;3848;7:00:00;1330,4;6,6669564;0;164,77;329,6;1687,2448;988,62;988,62;0;27187;341,78;0;0;;;;;;;;;
;;;3849;8:00:00;1193,8;6,5343404;0;225,07;279,81;2304,7168;1350,42;1350,42;156,62;27343;0;0;0;;;;;;;;;
;;;3850;9:00:00;1205,68;5,908116;0;175,62;202,46;1798,3488;1053,72;1053,72;0;27191;151,96;0;0;;;;;;;;;
;;;3851;10:00:00;1618;5,162434;0;218,61;252,03;2238,5664;1311,66;1311,66;0;26885;306,34;0;0;;;;;;;;;
;;;3852;11:00:00;232;4,303541;0;145,44;167,66;1489,3056;872,64;872,64;640,64;27526;0;0;0;;;;;;;;;
;;;3853;12:00:00;52;3,6402304;0;153,67;177,16;1573,5808;922,02;922,02;870,02;28396;0;0;0;;;;;;;;;
;;;3854;13:00:00;2440,25;3,0224617;0;711,8;587,3;7288,832;4270,8;4270,8;1830,55;30226;0;0;0;;;;;;;;;
;;;3855;14:00:00;3540,25;2,5207226;0;842,84;697,08;8630,6816;5057,04;5057,04;1516,79;31743;0;0;0;;;;;;;;;
;;;3856;15:00:00;1390,25;1,0084705;0;792,86;823,15;8118,8864;4757,16;4757,16;3366,91;35110;0;0;0;;;;;;;;;
;;;3857;16:00:00;110,25;1,669059;0;591,74;831,73;6059,4176;3550,44;3550,44;3440,19;38550;0;0;1990,4;;;;;;;;;
;;;3858;17:00:00;52;2,5392747;0;322,45;566,05;3301,888;1934,7;1934,7;1882,7;40000;0;0;1882,7;;;;;;;;;
;;;3859;18:00:00;117;2,8568175;0;85,47;111,63;875,2128;512,82;512,82;395,82;40000;0;0;395,82;;;;;;;;;
;;;3860;19:00:00;209,4;2,1843677;0;23,08;24,62;236,3392;138,48;138,48;0;39929;70,92;0;0;;;;;;;;;
;;;3861;20:00:00;1642,04;1,5063348;0;0;0;0;0;0;0;38287;1642,04;0;0;;;;;;;;;
;;;3862;21:00:00;4528,8;1,2069298;0;0;0;0;0;0;0;33758;4528,8;0;0;;;;;;;;;
;;;3863;22:00:00;1932,05;1,2250466;0;0;0;0;0;0;0;31826;1932,05;0;0;;;;;;;;;
;;;3864;23:00:00;2122,05;2,3875837;0;0;0;0;0;0;0;29704;2122,05;0;0;;;;;;;;;
;24;Lunes;3865;0:00:00;1518,65;2,6980865;0;0;0;0;0;0;0;28185;1518,65;0;0;;;;;;;;;
;;;3866;1:00:00;110,25;2,2923977;0;0;0;0;0;0;0;28075;110,25;0;0;;;;;;;;;
;;;3867;2:00:00;110,25;1,4735614;0;0;0;0;0;0;0;27965;110,25;0;0;;;;;;;;;
;;;3868;3:00:00;110,25;1,0423064;0;0;0;0;0;0;0;27855;110,25;0;0;;;;;;;;;
;;;3869;4:00:00;52;0,7844128;0;0;0;0;0;0;0;27803;52;0;0;;;;;;;;;
;;;3870;5:00:00;52;1,0421299;0;7,69;40,52;78,7456;46,14;46,14;0;27797;5,86;0;0;;;;;;;;;
;;;3871;6:00:00;941,44;1,6049988;0;60,7;416,41;621,568;364,2;364,2;0;27220;577,24;0;0;;;;;;;;;
;;;3872;7:00:00;1623,8;2,2506044;0;131,06;603,82;1342,0544;786,36;786,36;0;26382;837,44;0;0;;;;;;;;;
;;;3873;8:00:00;1493,8;2,7760222;0;299,64;513,92;3068,3136;1797,84;1797,84;304,04;26686;0;0;0;;;;;;;;;
;;;3874;9:00:00;79,36;3,1593874;0;516,72;702,47;5291,2128;3100,32;3100,32;3020,96;29707;0;0;0;;;;;;;;;
;;;3875;10:00:00;52;3,4804602;0;636,25;610,41;6515,2;3817,5;3817,5;3765,5;33473;0;0;0;;;;;;;;;
;;;3876;11:00:00;52;3,4550455;0;847,93;429,85;8682,8032;5087,58;5087,58;5035,58;38508;0;0;3543,86;;;;;;;;;
;;;3877;12:00:00;52;3,5295017;0;904,26;342,02;9259,6224;5425,56;5425,56;5373,56;40000;0;0;5373,56;;;;;;;;;
;;;3878;13:00:00;3628;4,1219945;0;974,62;495,16;9980,1088;5847,72;5847,72;2219,72;40000;0;0;2219,72;;;;;;;;;
;;;3879;14:00:00;1202;4,4268055;0;928,24;686,83;9505,1776;5569,44;5569,44;4367,44;40000;0;0;4367,44;;;;;;;;;
;;;3880;15:00:00;1332;4,9995847;0;804,61;826,43;8239,2064;4827,66;4827,66;3495,66;40000;0;0;3495,66;;;;;;;;;
;;;3881;16:00:00;52;4,788446;0;614,98;865,24;6297,3952;3689,88;3689,88;3637,88;40000;0;0;3637,88;;;;;;;;;
;;;3882;17:00:00;52;3,3411782;0;313,08;539,67;3205,9392;1878,48;1878,48;1826,48;40000;0;0;1826,48;;;;;;;;;
;;;3883;18:00:00;310,68;2,1334972;0;198,17;697,3;2029,2608;1189,02;1189,02;878,34;40000;0;0;878,34;;;;;;;;;
;;;3884;19:00:00;2088,8;1,0994806;0;26,5;28,28;271,36;159;159;0;38070;1929,8;0;0;;;;;;;;;
;;;3885;20:00:00;2891,05;0,7178698;0;0;0;0;0;0;0;35179;2891,05;0;0;;;;;;;;;
;;;3886;21:00:00;5427,05;0,90193594;0;0;0;0;0;0;0;29752;5427,05;0;0;;;;;;;;;
;;;3887;22:00:00;1397,05;1,1716259;0;0;0;0;0;0;0;28355;1397,05;0;0;;;;;;;;;
;;;3888;23:00:00;1587,05;2,1107998;0;0;0;0;0;0;0;26768;1587,05;0;0;;;;;;;;;
;;Martes;3889;0:00:00;1518,65;2,4513915;0;0;0;0;0;0;0;25249;1518,65;0;0;;;;;;;;;
;;;3890;1:00:00;110,25;2,2411246;0;0;0;0;0;0;0;25139;110,25;0;0;;;;;;;;;
;;;3891;2:00:00;110,25;1,6236066;0;0;0;0;0;0;0;25029;110,25;0;0;;;;;;;;;
;;;3892;3:00:00;110,25;1,0923464;0;0;0;0;0;0;0;24919;110,25;0;0;;;;;;;;;
;;;3893;4:00:00;52;0,31917703;0;0;0;0;0;0;0;24867;52;0;0;;;;;;;;;
;;;3894;5:00:00;52;0,6853838;0;5,98;7,38;61,2352;35,88;35,88;0;24850;16,12;0;0;;;;;;;;;
;;;3895;6:00:00;941,44;1,9355567;0;73,52;169,55;752,8448;441,12;441,12;0;24350;500,32;0;0;;;;;;;;;
;;;3896;7:00:00;1623,8;2,8988874;0;126,07;630,34;1290,9568;756,42;756,42;0;23483;867,38;0;0;;;;;;;;;
;;;3897;8:00:00;1493,8;3,0411456;0;145,44;167,66;1489,3056;872,64;872,64;0;22862;621,16;0;0;;;;;;;;;
;;;3898;9:00:00;79,36;2,9813795;0;496,66;677,85;5085,7984;2979,96;2979,96;2900,6;25762;0;0;0;;;;;;;;;
;;;3899;10:00:00;52;2,946443;0;331,1;377,18;3390,464;1986,6;1986,6;1934,6;27697;0;0;0;;;;;;;;;
;;;3900;11:00:00;52;2,8922648;0;743,98;522,59;7618,3552;4463,88;4463,88;4411,88;32109;0;0;0;;;;;;;;;
;;;3901;12:00:00;52;3,3705785;0;371,55;412,96;3804,672;2229,3;2229,3;2177,3;34286;0;0;0;;;;;;;;;
;;;3902;13:00:00;3628;3,9458392;0;148,18;170,83;1517,3632;889,08;889,08;0;31547;2738,92;0;0;;;;;;;;;
;;;3903;14:00:00;1202;3,7876165;0;925,06;688,8;9472,6144;5550,36;5550,36;4348,36;35895;0;0;243,8;;;;;;;;;
;;;3904;15:00:00;1332;3,1499422;0;826,4;837,22;8462,336;4958,4;4958,4;3626,4;39522;0;0;3148,24;;;;;;;;;
;;;3905;16:00:00;52;3,1843553;0;636,15;893,73;6514,176;3816,9;3816,9;3764,9;40000;0;0;3764,9;;;;;;;;;
;;;3906;17:00:00;52;3,0977166;0;421,91;856,83;4320,3584;2531,46;2531,46;2479,46;40000;0;0;2479,46;;;;;;;;;
;;;3907;18:00:00;310,68;2,5714498;0;211,22;790,94;2162,8928;1267,32;1267,32;956,64;40000;0;0;956,64;;;;;;;;;
;;;3908;19:00:00;2088,8;1,72435;0;27,36;29,18;280,1664;164,16;164,16;0;38075;1924,64;0;0;;;;;;;;;
;;;3909;20:00:00;2891,05;0,93303984;0;0;0;0;0;0;0;35184;2891,05;0;0;;;;;;;;;
;;;3910;21:00:00;5427,05;0,67636657;0;0;0;0;0;0;0;29757;5427,05;0;0;;;;;;;;;
;;;3911;22:00:00;1397,05;0,37225193;0;0;0;0;0;0;0;28360;1397,05;0;0;;;;;;;;;
;;;3912;23:00:00;1587,05;0,4028768;0;0;0;0;0;0;0;26773;1587,05;0;0;;;;;;;;;
;;Miércoles;3913;0:00:00;1518,65;0,64596164;0;0;0;0;0;0;0;25255;1518,65;0;0;;;;;;;;;
;;;3914;1:00:00;110,25;1,3137825;0;0;0;0;0;0;0;25144;110,25;0;0;;;;;;;;;
;;;3915;2:00:00;110,25;1,5855832;0;0;0;0;0;0;0;25034;110,25;0;0;;;;;;;;;
;;;3916;3:00:00;110,25;1,5970759;0;0;0;0;0;0;0;24924;110,25;0;0;;;;;;;;;
;;;3917;4:00:00;52;1,3904365;0;0;0;0;0;0;0;24872;52;0;0;;;;;;;;;
;;;3918;5:00:00;52;1,4572281;0;6,84;18,67;70,0416;41,04;41,04;0;24861;10,96;0;0;;;;;;;;;
;;;3919;6:00:00;941,44;1,5297866;0;64,97;380,5;665,2928;389,82;389,82;0;24309;551,62;0;0;;;;;;;;;
;;;3920;7:00:00;1623,8;2,2469277;0;144,99;527,24;1484,6976;869,94;869,94;0;23555;753,86;0;0;;;;;;;;;
;;;3921;8:00:00;1493,8;2,5414188;0;310,37;652,15;3178,1888;1862,22;1862,22;368,42;23924;0;0;0;;;;;;;;;
;;;3922;9:00:00;79,36;2,9941475;0;510,93;697,93;5231,9232;3065,58;3065,58;2986,22;26910;0;0;0;;;;;;;;;
;;;3923;10:00:00;52;3,2523139;0;693,96;596,82;7106,1504;4163,76;4163,76;4111,76;31022;0;0;0;;;;;;;;;
;;;3924;11:00:00;52;3,4626942;0;836,47;440,93;8565,4528;5018,82;5018,82;4966,82;35989;0;0;955,36;;;;;;;;;
;;;3925;12:00:00;52;3,1482203;0;931,05;298,47;9533,952;5586,3;5586,3;5534,3;40000;0;0;5534,3;;;;;;;;;
;;;3926;13:00:00;3628;3,1084447;0;949,81;510,95;9726,0544;5698,86;5698,86;2070,86;40000;0;0;2070,86;;;;;;;;;
;;;3927;14:00:00;1202;3,0108933;0;915,3;687,25;9372,672;5491,8;5491,8;4289,8;40000;0;0;4289,8;;;;;;;;;
;;;3928;15:00:00;1332;2,7279565;0;798,2;821,36;8173,568;4789,2;4789,2;3457,2;40000;0;0;3457,2;;;;;;;;;
;;;3929;16:00:00;52;2,7540917;0;86,9;100,18;889,856;521,4;521,4;469,4;40000;0;0;469,4;;;;;;;;;
;;;3930;17:00:00;52;2,1488507;0;395,59;778,36;4050,8416;2373,54;2373,54;2321,54;40000;0;0;2321,54;;;;;;;;;
;;;3931;18:00:00;310,68;2,012735;0;192,24;645,67;1968,5376;1153,44;1153,44;842,76;40000;0;0;842,76;;;;;;;;;
;;;3932;19:00:00;2088,8;1,7550488;0;27,36;250,27;280,1664;164,16;164,16;0;38075;1924,64;0;0;;;;;;;;;
;;;3933;20:00:00;2891,05;1,6457095;0;0;0;0;0;0;0;35184;2891,05;0;0;;;;;;;;;
;;;3934;21:00:00;5427,05;1,9555365;0;0;0;0;0;0;0;29757;5427,05;0;0;;;;;;;;;
;;;3935;22:00:00;1397,05;1,059587;0;0;0;0;0;0;0;28360;1397,05;0;0;;;;;;;;;
;;;3936;23:00:00;1587,05;1,2605118;0;0;0;0;0;0;0;26773;1587,05;0;0;;;;;;;;;
;;Jueves;3937;0:00:00;1518,65;1,0161119;0;0;0;0;0;0;0;25255;1518,65;0;0;;;;;;;;;
;;;3938;1:00:00;110,25;0,7939266;0;0;0;0;0;0;0;25144;110,25;0;0;;;;;;;;;
;;;3939;2:00:00;110,25;0,6737773;0;0;0;0;0;0;0;25034;110,25;0;0;;;;;;;;;
;;;3940;3:00:00;110,25;0,9612895;0;0;0;0;0;0;0;24924;110,25;0;0;;;;;;;;;
;;;3941;4:00:00;52;0,9743431;0;0;0;0;0;0;0;24872;52;0;0;;;;;;;;;
;;;3942;5:00:00;52;1,1752398;0;6,84;28,9;70,0416;41,04;41,04;0;24861;10,96;0;0;;;;;;;;;
;;;3943;6:00:00;941,44;1,1336253;0;59,84;438,33;612,7616;359,04;359,04;0;24278;582,4;0;0;;;;;;;;;
;;;3944;7:00:00;1623,8;0,9723397;0;117,9;682,52;1207,296;707,4;707,4;0;23362;916,4;0;0;;;;;;;;;
;;;3945;8:00:00;1493,8;1,341095;0;316,33;761,74;3239,2192;1897,98;1897,98;404,18;23766;0;0;0;;;;;;;;;
;;;3946;9:00:00;79,36;1,634261;0;531,66;723,96;5444,1984;3189,96;3189,96;3110,6;26877;0;0;0;;;;;;;;;
;;;3947;10:00:00;52;2,1889935;0;724,71;598,61;7421,0304;4348,26;4348,26;4296,26;31173;0;0;0;;;;;;;;;
;;;3948;11:00:00;52;2,3822868;0;885,03;411,08;9062,7072;5310,18;5310,18;5258,18;36431;0;0;1689,4;;;;;;;;;
;;;3949;12:00:00;52;2,433191;0;772,3;477,06;7908,352;4633,8;4633,8;4581,8;40000;0;0;4581,8;;;;;;;;;
;;;3950;13:00:00;3628;2,3867526;0;983,94;501,26;10075,5456;5903,64;5903,64;2275,64;40000;0;0;2275,64;;;;;;;;;
;;;3951;14:00:00;1202;3,5078692;0;836,24;701,45;8563,0976;5017,44;5017,44;3815,44;40000;0;0;3815,44;;;;;;;;;
;;;3952;15:00:00;1332;4,5979023;0;814,72;836,12;8342,7328;4888,32;4888,32;3556,32;40000;0;0;3556,32;;;;;;;;;
;;;3953;16:00:00;52;5,055233;0;586,06;819,34;6001,2544;3516,36;3516,36;3464,36;40000;0;0;3464,36;;;;;;;;;
;;;3954;17:00:00;52;4,7604437;0;448,49;924,55;4592,5376;2690,94;2690,94;2638,94;40000;0;0;2638,94;;;;;;;;;
;;;3955;18:00:00;310,68;4,0796275;0;211,58;776,53;2166,5792;1269,48;1269,48;958,8;40000;0;0;958,8;;;;;;;;;
;;;3956;19:00:00;2088,8;2,632753;0;29,07;407,92;297,6768;174,42;174,42;0;38086;1914,38;0;0;;;;;;;;;
;;;3957;20:00:00;2891,05;1,4798613;0;0;0;0;0;0;0;35195;2891,05;0;0;;;;;;;;;
;;;3958;21:00:00;5427,05;0,8873592;0;0;0;0;0;0;0;29768;5427,05;0;0;;;;;;;;;
;;;3959;22:00:00;1397,05;0,5446309;0;0;0;0;0;0;0;28370;1397,05;0;0;;;;;;;;;
;;;3960;23:00:00;1587,05;0,6011622;0;0;0;0;0;0;0;26783;1587,05;0;0;;;;;;;;;
;;Viernes;3961;0:00:00;1518,65;0,5280174;0;0;0;0;0;0;0;25265;1518,65;0;0;;;;;;;;;
;;;3962;1:00:00;110,25;0,7276524;0;0;0;0;0;0;0;25155;110,25;0;0;;;;;;;;;
;;;3963;2:00:00;110,25;1,1489216;0;0;0;0;0;0;0;25044;110,25;0;0;;;;;;;;;
;;;3964;3:00:00;110,25;1,7564417;0;0;0;0;0;0;0;24934;110,25;0;0;;;;;;;;;
;;;3965;4:00:00;52;2,0502498;0;0;0;0;0;0;0;24882;52;0;0;;;;;;;;;
;;;3966;5:00:00;52;2,3555014;0;7,69;19,79;78,7456;46,14;46,14;0;24876;5,86;0;0;;;;;;;;;
;;;3967;6:00:00;941,44;2,2100139;0;64,12;391,1;656,5888;384,72;384,72;0;24319;556,72;0;0;;;;;;;;;
;;;3968;7:00:00;1623,8;1,7125198;0;120,8;651,34;1236,992;724,8;724,8;0;23420;899;0;0;;;;;;;;;
;;;3969;8:00:00;1493,8;1,2581713;0;310,95;732,37;3184,128;1865,7;1865,7;371,9;23792;0;0;0;;;;;;;;;
;;;3970;9:00:00;79,36;1,1927277;0;516,91;707,64;5293,1584;3101,46;3101,46;3022,1;26814;0;0;0;;;;;;;;;
;;;3971;10:00:00;52;1,3128132;0;713,34;594,7;7304,6016;4280,04;4280,04;4228,04;31042;0;0;0;;;;;;;;;
;;;3972;11:00:00;52;2,3329356;0;866,94;415,45;8877,4656;5201,64;5201,64;5149,64;36192;0;0;1341,76;;;;;;;;;
;;;3973;12:00:00;52;3,7115042;0;972,6;253,2;9959,424;5835,6;5835,6;5783,6;40000;0;0;5783,6;;;;;;;;;
;;;3974;13:00:00;3628;4,492803;0;951,67;516,85;9745,1008;5710,02;5710,02;2082,02;40000;0;0;2082,02;;;;;;;;;
;;;3975;14:00:00;1202;4,8393583;0;878,48;695,65;8995,6352;5270,88;5270,88;4068,88;40000;0;0;4068,88;;;;;;;;;
;;;3976;15:00:00;1332;4,8230367;0;383,51;437,4;3927,1424;2301,06;2301,06;969,06;40000;0;0;969,06;;;;;;;;;
;;;3977;16:00:00;52;5,3273516;0;203,97;236,53;2088,6528;1223,82;1223,82;1171,82;40000;0;0;1171,82;;;;;;;;;
;;;3978;17:00:00;52;5,311045;0;426,26;862,85;4364,9024;2557,56;2557,56;2505,56;40000;0;0;2505,56;;;;;;;;;
;;;3979;18:00:00;310,68;4,7576375;0;32,93;37,97;337,2032;197,58;197,58;0;39887;113,1;0;0;;;;;;;;;
;;;3980;19:00:00;2088,8;3,3671458;0;28,21;394,75;288,8704;169,26;169,26;0;37967;1919,54;0;0;;;;;;;;;
;;;3981;20:00:00;2891,05;1,8671774;0;0;0;0;0;0;0;35076;2891,05;0;0;;;;;;;;;
;;;3982;21:00:00;5427,05;1,114916;0;0;0;0;0;0;0;29649;5427,05;0;0;;;;;;;;;
;;;3983;22:00:00;1397,05;0,9755619;0;0;0;0;0;0;0;28252;1397,05;0;0;;;;;;;;;
;;;3984;23:00:00;1587,05;0,6014768;0;0;0;0;0;0;0;26665;1587,05;0;0;;;;;;;;;
;;Sábado;3985;0:00:00;1587,05;0,9470021;0;0;0;0;0;0;0;25078;1587,05;0;0;;;;;;;;;
;;;3986;1:00:00;420,25;1,5408055;0;0;0;0;0;0;0;24658;420,25;0;0;;;;;;;;;
;;;3987;2:00:00;110,25;2,1504302;0;0;0;0;0;0;0;24548;110,25;0;0;;;;;;;;;
;;;3988;3:00:00;52;2,5347552;0;0;0;0;0;0;0;24496;52;0;0;;;;;;;;;
;;;3989;4:00:00;52;2,8971074;0;0;0;0;0;0;0;24444;52;0;0;;;;;;;;;
;;;3990;5:00:00;52;3,1937594;0;6,84;18,69;70,0416;41,04;41,04;0;24433;10,96;0;0;;;;;;;;;
;;;3991;6:00:00;297;3,142079;0;64,97;376,85;665,2928;389,82;389,82;92,82;24525;0;0;0;;;;;;;;;
;;;3992;7:00:00;1330,4;2,0734978;0;129,6;599;1327,104;777,6;777,6;0;23973;552,8;0;0;;;;;;;;;
;;;3993;8:00:00;1193,8;1,3500556;0;308,07;674;3154,6368;1848,42;1848,42;654,62;24627;0;0;0;;;;;;;;;
;;;3994;9:00:00;1205,68;2,1344974;0;489,51;670,91;5012,5824;2937,06;2937,06;1731,38;26359;0;0;0;;;;;;;;;
;;;3995;10:00:00;1618;3,610859;0;664,7;608,02;6806,528;3988,2;3988,2;2370,2;28729;0;0;0;;;;;;;;;
;;;3996;11:00:00;232;4,382316;0;812,06;464,92;8315,4944;4872,36;4872,36;4640,36;33369;0;0;0;;;;;;;;;
;;;3997;12:00:00;52;4,7393203;0;897,22;337,47;9187,5328;5383,32;5383,32;5331,32;38701;0;0;4031,87;;;;;;;;;
;;;3998;13:00:00;2440,25;4,7748747;0;930,85;520,24;9531,904;5585,1;5585,1;3144,85;40000;0;0;3144,85;;;;;;;;;
;;;3999;14:00:00;3540,25;5,1884227;0;870,15;690,24;8910,336;5220,9;5220,9;1680,65;40000;0;0;1680,65;;;;;;;;;
;;;4000;15:00:00;1390,25;5,0136023;0;777,9;808,3;7965,696;4667,4;4667,4;3277,15;40000;0;0;3277,15;;;;;;;;;
;;;4001;16:00:00;110,25;4,8137207;0;626,19;876,05;6412,1856;3757,14;3757,14;3646,89;40000;0;0;3646,89;;;;;;;;;
;;;4002;17:00:00;52;4,4551277;0;413,52;825,95;4234,4448;2481,12;2481,12;2429,12;40000;0;0;2429,12;;;;;;;;;
;;;4003;18:00:00;117;3,7259965;0;177,72;526,96;1819,8528;1066,32;1066,32;949,32;40000;0;0;949,32;;;;;;;;;
;;;4004;19:00:00;209,4;3,4195025;0;26,5;131,88;271,36;159;159;0;39950;50,4;0;0;;;;;;;;;
;;;4005;20:00:00;1642,04;3,2892833;0;0;0;0;0;0;0;38308;1642,04;0;0;;;;;;;;;
;;;4006;21:00:00;4528,8;3,1480975;0;0;0;0;0;0;0;33779;4528,8;0;0;;;;;;;;;
;;;4007;22:00:00;1932,05;3,1229067;0;0;0;0;0;0;0;31847;1932,05;0;0;;;;;;;;;
;;;4008;23:00:00;2122,05;2,9732304;0;0;0;0;0;0;0;29725;2122,05;0;0;;;;;;;;;
;;Domingo;4009;0:00:00;1587,05;2,4710627;0;0;0;0;0;0;0;28138;1587,05;0;0;;;;;;;;;
;;;4010;1:00:00;420,25;2,1716337;0;0;0;0;0;0;0;27717;420,25;0;0;;;;;;;;;
;;;4011;2:00:00;110,25;2,3318272;0;0;0;0;0;0;0;27607;110,25;0;0;;;;;;;;;
;;;4012;3:00:00;52;2,347343;0;0;0;0;0;0;0;27555;52;0;0;;;;;;;;;
;;;4013;4:00:00;52;2,1841712;0;0;0;0;0;0;0;27503;52;0;0;;;;;;;;;
;;;4014;5:00:00;52;1,9965234;0;6,84;18,71;70,0416;41,04;41,04;0;27492;10,96;0;0;;;;;;;;;
;;;4015;6:00:00;297;1,8346982;0;67,54;341,36;691,6096;405,24;405,24;108,24;27600;0;0;0;;;;;;;;;
;;;4016;7:00:00;1330,4;1,8927127;0;119,96;633,05;1228,3904;719,76;719,76;0;26990;610,64;0;0;;;;;;;;;
;;;4017;8:00:00;1193,8;2,3240533;0;305,7;718,41;3130,368;1834,2;1834,2;640,4;27630;0;0;0;;;;;;;;;
;;;4018;9:00:00;1205,68;2,2620246;0;516,96;707,62;5293,6704;3101,76;3101,76;1896,08;29526;0;0;0;;;;;;;;;
;;;4019;10:00:00;1618;1,6016369;0;704,46;588,13;7213,6704;4226,76;4226,76;2608,76;32135;0;0;0;;;;;;;;;
;;;4020;11:00:00;232;1,9226428;0;861,6;408,89;8822,784;5169,6;5169,6;4937,6;37073;0;0;2010,19;;;;;;;;;
;;;4021;12:00:00;52;2,4669745;0;956,78;251,43;9797,4272;5740,68;5740,68;5688,68;40000;0;0;5688,68;;;;;;;;;
;;;4022;13:00:00;2440,25;2,769432;0;995,41;472,61;10192,9984;5972,46;5972,46;3532,21;40000;0;0;3532,21;;;;;;;;;
;;;4023;14:00:00;3540,25;2,6469724;0;945,49;677,53;9681,8176;5672,94;5672,94;2132,69;40000;0;0;2132,69;;;;;;;;;
;;;4024;15:00:00;1390,25;3,564292;0;831,72;833,12;8516,8128;4990,32;4990,32;3600,07;40000;0;0;3600,07;;;;;;;;;
;;;4025;16:00:00;110,25;4,9411335;0;661,64;921,33;6775,1936;3969,84;3969,84;3859,59;40000;0;0;3859,59;;;;;;;;;
;;;4026;17:00:00;52;5,0004168;0;451,23;929,09;4620,5952;2707,38;2707,38;2655,38;40000;0;0;2655,38;;;;;;;;;
;;;4027;18:00:00;117;4,2047963;0;212,1;772,52;2171,904;1272,6;1272,6;1155,6;40000;0;0;1155,6;;;;;;;;;
;;;4028;19:00:00;209,4;2,9004285;0;29,07;455,23;297,6768;174,42;174,42;0;39965;34,98;0;0;;;;;;;;;
;;;4029;20:00:00;1642,04;2,0044246;0;0;0;0;0;0;0;38323;1642,04;0;0;;;;;;;;;
;;;4030;21:00:00;4528,8;1,8935238;0;0;0;0;0;0;0;33794;4528,8;0;0;;;;;;;;;
;;;4031;22:00:00;1932,05;2,0369668;0;0;0;0;0;0;0;31862;1932,05;0;0;;;;;;;;;
;;;4032;23:00:00;2122,05;1,7695701;0;0;0;0;0;0;0;29740;2122,05;0;0;;;;;;;;;
;25;Lunes;4033;0:00:00;1518,65;1,4693147;0;0;0;0;0;0;0;28221;1518,65;0;0;;;;;;;;;
;;;4034;1:00:00;110,25;1,2426803;0;0;0;0;0;0;0;28111;110,25;0;0;;;;;;;;;
;;;4035;2:00:00;110,25;1,0003709;0;0;0;0;0;0;0;28001;110,25;0;0;;;;;;;;;
;;;4036;3:00:00;110,25;0,817123;0;0;0;0;0;0;0;27891;110,25;0;0;;;;;;;;;
;;;4037;4:00:00;52;0,5270082;0;0;0;0;0;0;0;27839;52;0;0;;;;;;;;;
;;;4038;5:00:00;52;0,07856173;0;7,69;19,87;78,7456;46,14;46,14;0;27833;5,86;0;0;;;;;;;;;
;;;4039;6:00:00;941,44;0,3435653;0;57,28;458,1;586,5472;343,68;343,68;0;27235;597,76;0;0;;;;;;;;;
;;;4040;7:00:00;1623,8;0,55528504;0;112,6;696,37;1153,024;675,6;675,6;0;26287;948,2;0;0;;;;;;;;;
;;;4041;8:00:00;1493,8;0,5104246;0;311,71;754,98;3191,9104;1870,26;1870,26;376,46;26663;0;0;0;;;;;;;;;
;;;4042;9:00:00;79,36;0,69913584;0;524,67;719,44;5372,6208;3148,02;3148,02;3068,66;29732;0;0;0;;;;;;;;;
;;;4043;10:00:00;52;1,6101314;0;725,63;595,25;7430,4512;4353,78;4353,78;4301,78;34034;0;0;0;;;;;;;;;
;;;4044;11:00:00;52;2,8299253;0;876,47;412,77;8975,0528;5258,82;5258,82;5206,82;39241;0;0;4447,4;;;;;;;;;
;;;4045;12:00:00;52;3,9007807;0;988,96;236,18;10126,9504;5933,76;5933,76;5881,76;40000;0;0;5881,76;;;;;;;;;
;;;4046;13:00:00;3628;4,436974;0;1018,71;473,24;10431,5904;6112,26;6112,26;2484,26;40000;0;0;2484,26;;;;;;;;;
;;;4047;14:00:00;1202;4,5193586;0;953,73;687,07;9766,1952;5722,38;5722,38;4520,38;40000;0;0;4520,38;;;;;;;;;
;;;4048;15:00:00;1332;4,25714;0;857,38;851,16;8779,5712;5144,28;5144,28;3812,28;40000;0;0;3812,28;;;;;;;;;
;;;4049;16:00:00;52;3,785543;0;677,39;942,25;6936,4736;4064,34;4064,34;4012,34;40000;0;0;4012,34;;;;;;;;;
;;;4050;17:00:00;52;3,4177117;0;463,5;956,54;4746,24;2781;2781;2729;40000;0;0;2729;;;;;;;;;
;;;4051;18:00:00;310,68;3,0475204;0;224,99;848;2303,8976;1349,94;1349,94;1039,26;40000;0;0;1039,26;;;;;;;;;
;;;4052;19:00:00;2088,8;2,6024919;0;29,07;543,38;297,6768;174,42;174,42;0;38086;1914,38;0;0;;;;;;;;;
;;;4053;20:00:00;2891,05;2,324148;0;0;0;0;0;0;0;35195;2891,05;0;0;;;;;;;;;
;;;4054;21:00:00;5427,05;2,197846;0;0;0;0;0;0;0;29768;5427,05;0;0;;;;;;;;;
;;;4055;22:00:00;1397,05;1,9894723;0;0;0;0;0;0;0;28370;1397,05;0;0;;;;;;;;;
;;;4056;23:00:00;1587,05;1,7050209;0;0;0;0;0;0;0;26783;1587,05;0;0;;;;;;;;;
;;Martes;4057;0:00:00;1518,65;1,7908305;0;0;0;0;0;0;0;25265;1518,65;0;0;;;;;;;;;
;;;4058;1:00:00;110,25;1,8618498;0;0;0;0;0;0;0;25155;110,25;0;0;;;;;;;;;
;;;4059;2:00:00;110,25;1,7256091;0;0;0;0;0;0;0;25044;110,25;0;0;;;;;;;;;
;;;4060;3:00:00;110,25;1,5915339;0;0;0;0;0;0;0;24934;110,25;0;0;;;;;;;;;
;;;4061;4:00:00;52;1,3912277;0;0;0;0;0;0;0;24882;52;0;0;;;;;;;;;
;;;4062;5:00:00;52;1,2184088;0;6,84;18,79;70,0416;41,04;41,04;0;24871;10,96;0;0;;;;;;;;;
;;;4063;6:00:00;941,44;0,8476689;0;64,12;384,62;656,5888;384,72;384,72;0;24314;556,72;0;0;;;;;;;;;
;;;4064;7:00:00;1623,8;1,1866024;0;149,45;493,1;1530,368;896,7;896,7;0;23587;727,1;0;0;;;;;;;;;
;;;4065;8:00:00;1493,8;1,5343089;0;307,74;731,49;3151,2576;1846,44;1846,44;352,64;23940;0;0;0;;;;;;;;;
;;;4066;9:00:00;79,36;1,4494694;0;515,79;710,42;5281,6896;3094,74;3094,74;3015,38;26955;0;0;0;;;;;;;;;
;;;4067;10:00:00;52;1,2076256;0;714,02;596,51;7311,5648;4284,12;4284,12;4232,12;31187;0;0;0;;;;;;;;;
;;;4068;11:00:00;52;1,9229429;0;873,34;412,7;8943,0016;5240,04;5240,04;5188,04;36375;0;0;1563,46;;;;;;;;;
;;;4069;12:00:00;52;2,362092;0;971,66;249,96;9949,7984;5829,96;5829,96;5777,96;40000;0;0;5777,96;;;;;;;;;
;;;4070;13:00:00;3628;2,5293593;0;999,98;478,97;10239,7952;5999,88;5999,88;2371,88;40000;0;0;2371,88;;;;;;;;;
;;;4071;14:00:00;1202;2,6408834;0;945,76;684,34;9684,5824;5674,56;5674,56;4472,56;40000;0;0;4472,56;;;;;;;;;
;;;4072;15:00:00;1332;3,7006512;0;846,84;844,67;8671,6416;5081,04;5081,04;3749,04;40000;0;0;3749,04;;;;;;;;;
;;;4073;16:00:00;52;4,2109103;0;660,64;919,26;6764,9536;3963,84;3963,84;3911,84;40000;0;0;3911,84;;;;;;;;;
;;;4074;17:00:00;52;4,2277594;0;455,17;933,43;4660,9408;2731,02;2731,02;2679,02;40000;0;0;2679,02;;;;;;;;;
;;;4075;18:00:00;310,68;3,906559;0;214,03;771,5;2191,6672;1284,18;1284,18;973,5;40000;0;0;973,5;;;;;;;;;
;;;4076;19:00:00;2088,8;2,771183;0;29,92;609,78;306,3808;179,52;179,52;0;38091;1909,28;0;0;;;;;;;;;
;;;4077;20:00:00;2891,05;1,4856578;0;0;0;0;0;0;0;35200;2891,05;0;0;;;;;;;;;
;;;4078;21:00:00;5427,05;1,6115713;0;0;0;0;0;0;0;29773;5427,05;0;0;;;;;;;;;
;;;4079;22:00:00;1397,05;1,934671;0;0;0;0;0;0;0;28376;1397,05;0;0;;;;;;;;;
;;;4080;23:00:00;1587,05;1,7449826;0;0;0;0;0;0;0;26789;1587,05;0;0;;;;;;;;;
;;Miércoles;4081;0:00:00;1518,65;1,8033104;0;0;0;0;0;0;0;25270;1518,65;0;0;;;;;;;;;
;;;4082;1:00:00;110,25;1,5812033;0;0;0;0;0;0;0;25160;110,25;0;0;;;;;;;;;
;;;4083;2:00:00;110,25;2,1477742;0;0;0;0;0;0;0;25049;110,25;0;0;;;;;;;;;
;;;4084;3:00:00;110,25;2,786711;0;0;0;0;0;0;0;24939;110,25;0;0;;;;;;;;;
;;;4085;4:00:00;52;3,6086423;0;0;0;0;0;0;0;24887;52;0;0;;;;;;;;;
;;;4086;5:00:00;52;3,6964383;0;6,84;18,84;70,0416;41,04;41,04;0;24876;10,96;0;0;;;;;;;;;
;;;4087;6:00:00;941,44;3,5457516;0;58,99;439,33;604,0576;353,94;353,94;0;24289;587,5;0;0;;;;;;;;;
;;;4088;7:00:00;1623,8;3,0876691;0;115,98;658,86;1187,6352;695,88;695,88;0;23361;927,92;0;0;;;;;;;;;
;;;4089;8:00:00;1493,8;2,226095;0;306,99;736,41;3143,5776;1841,94;1841,94;348,14;23709;0;0;0;;;;;;;;;
;;;4090;9:00:00;79,36;0,6812161;0;512,89;707,67;5251,9936;3077,34;3077,34;2997,98;26707;0;0;0;;;;;;;;;
;;;4091;10:00:00;52;1,2880938;0;710,51;595,5;7275,6224;4263,06;4263,06;4211,06;30918;0;0;0;;;;;;;;;
;;;4092;11:00:00;52;1,1102811;0;864,24;414,49;8849,8176;5185,44;5185,44;5133,44;36051;0;0;1184,8;;;;;;;;;
;;;4093;12:00:00;52;0,90682286;0;961,75;253,58;9848,32;5770,5;5770,5;5718,5;40000;0;0;5718,5;;;;;;;;;
;;;4094;13:00:00;3628;1,7126268;0;990,44;480,04;10142,1056;5942,64;5942,64;2314,64;40000;0;0;2314,64;;;;;;;;;
;;;4095;14:00:00;1202;2,8299239;0;931,19;682,29;9535,3856;5587,14;5587,14;4385,14;40000;0;0;4385,14;;;;;;;;;
;;;4096;15:00:00;1332;4,88597;0;828,37;831,46;8482,5088;4970,22;4970,22;3638,22;40000;0;0;3638,22;;;;;;;;;
;;;4097;16:00:00;52;5,3003583;0;649,73;903,68;6653,2352;3898,38;3898,38;3846,38;40000;0;0;3846,38;;;;;;;;;
;;;4098;17:00:00;52;4,6382446;0;428,49;859,64;4387,7376;2570,94;2570,94;2518,94;40000;0;0;2518,94;;;;;;;;;
;;;4099;18:00:00;310,68;3,548312;0;0;0;0;0;0;0;39689;310,68;0;0;;;;;;;;;
;;;4100;19:00:00;2088,8;3,219861;0;29,92;506,96;306,3808;179,52;179,52;0;37780;1909,28;0;0;;;;;;;;;
;;;4101;20:00:00;2891,05;2,5757396;0;0;0;0;0;0;0;34889;2891,05;0;0;;;;;;;;;
;;;4102;21:00:00;5427,05;1,9953476;0;0;0;0;0;0;0;29462;5427,05;0;0;;;;;;;;;
;;;4103;22:00:00;1397,05;2,643681;0;0;0;0;0;0;0;28065;1397,05;0;0;;;;;;;;;
;;;4104;23:00:00;1587,05;1,7345327;0;0;0;0;0;0;0;26478;1587,05;0;0;;;;;;;;;
;;Jueves;4105;0:00:00;1518,65;1,5659052;0;0;0;0;0;0;0;24959;1518,65;0;0;;;;;;;;;
;;;4106;1:00:00;110,25;1,3440322;0;0;0;0;0;0;0;24849;110,25;0;0;;;;;;;;;
;;;4107;2:00:00;110,25;0,46442226;0;0;0;0;0;0;0;24739;110,25;0;0;;;;;;;;;
;;;4108;3:00:00;110,25;1,3245002;0;0;0;0;0;0;0;24628;110,25;0;0;;;;;;;;;
;;;4109;4:00:00;52;1,4718459;0;0;0;0;0;0;0;24576;52;0;0;;;;;;;;;
;;;4110;5:00:00;52;1,6622771;0;5,98;17,77;61,2352;35,88;35,88;0;24560;16,12;0;0;;;;;;;;;
;;;4111;6:00:00;941,44;2,2959566;0;61,55;401,2;630,272;369,3;369,3;0;23988;572,14;0;0;;;;;;;;;
;;;4112;7:00:00;1623,8;2,8187373;0;117,47;636,49;1202,8928;704,82;704,82;0;23069;918,98;0;0;;;;;;;;;
;;;4113;8:00:00;1493,8;3,099173;0;305,62;741,15;3129,5488;1833,72;1833,72;339,92;23409;0;0;0;;;;;;;;;
;;;4114;9:00:00;79,36;2,921172;0;506,78;700,66;5189,4272;3040,68;3040,68;2961,32;26370;0;0;0;;;;;;;;;
;;;4115;10:00:00;52;2,4555657;0;687,12;599,74;7036,1088;4122,72;4122,72;4070,72;30441;0;0;0;;;;;;;;;
;;;4116;11:00:00;52;3,5641832;0;845,23;423,61;8655,1552;5071,38;5071,38;5019,38;35461;0;0;479,92;;;;;;;;;
;;;4117;12:00:00;52;3,66321;0;930,27;284,66;9525,9648;5581,62;5581,62;5529,62;40000;0;0;5529,62;;;;;;;;;
;;;4118;13:00:00;3628;3,338902;0;945,45;503,87;9681,408;5672,7;5672,7;2044,7;40000;0;0;2044,7;;;;;;;;;
;;;4119;14:00:00;1202;3,1015832;0;924,48;677,39;9466,6752;5546,88;5546,88;4344,88;40000;0;0;4344,88;;;;;;;;;
;;;4120;15:00:00;1332;3,7118444;0;822,6;825,51;8423,424;4935,6;4935,6;3603,6;40000;0;0;3603,6;;;;;;;;;
;;;4121;16:00:00;52;3,6504061;0;463,5;618,09;4746,24;2781;2781;2729;40000;0;0;2729;;;;;;;;;
;;;4122;17:00:00;52;3,1078832;0;75,01;86,47;768,1024;450,06;450,06;398,06;40000;0;0;398,06;;;;;;;;;
;;;4123;18:00:00;310,68;1,818959;0;181,74;535,9;1861,0176;1090,44;1090,44;779,76;40000;0;0;779,76;;;;;;;;;
;;;4124;19:00:00;2088,8;1,5441566;0;20,52;46,99;210,1248;123,12;123,12;0;38034;1965,68;0;0;;;;;;;;;
;;;4125;20:00:00;2891,05;1,8218666;0;0;0;0;0;0;0;35143;2891,05;0;0;;;;;;;;;
;;;4126;21:00:00;5427,05;1,768505;0;0;0;0;0;0;0;29716;5427,05;0;0;;;;;;;;;
;;;4127;22:00:00;1397,05;2,0370402;0;0;0;0;0;0;0;28319;1397,05;0;0;;;;;;;;;
;;;4128;23:00:00;1587,05;2,346877;0;0;0;0;0;0;0;26732;1587,05;0;0;;;;;;;;;
;;Viernes;4129;0:00:00;1518,65;2,1402576;0;0;0;0;0;0;0;25213;1518,65;0;0;;;;;;;;;
;;;4130;1:00:00;110,25;1,6089134;0;0;0;0;0;0;0;25103;110,25;0;0;;;;;;;;;
;;;4131;2:00:00;110,25;1,3440831;0;0;0;0;0;0;0;24993;110,25;0;0;;;;;;;;;
;;;4132;3:00:00;110,25;1,611094;0;0;0;0;0;0;0;24883;110,25;0;0;;;;;;;;;
;;;4133;4:00:00;52;1,8532333;0;0;0;0;0;0;0;24831;52;0;0;;;;;;;;;
;;;4134;5:00:00;52;2,0703669;0;5,98;17,84;61,2352;35,88;35,88;0;24815;16,12;0;0;;;;;;;;;
;;;4135;6:00:00;941,44;2,2516067;0;64,12;362,35;656,5888;384,72;384,72;0;24258;556,72;0;0;;;;;;;;;
;;;4136;7:00:00;1623,8;1,9847406;0;116,83;630,46;1196,3392;700,98;700,98;0;23335;922,82;0;0;;;;;;;;;
;;;4137;8:00:00;1493,8;1,689292;0;301,4;715,97;3086,336;1808,4;1808,4;314,6;23650;0;0;0;;;;;;;;;
;;;4138;9:00:00;79,36;0,95362246;0;502,28;695,91;5143,3472;3013,68;3013,68;2934,32;26584;0;0;0;;;;;;;;;
;;;4139;10:00:00;52;0,3576216;0;697,51;590,65;7142,5024;4185,06;4185,06;4133,06;30717;0;0;0;;;;;;;;;
;;;4140;11:00:00;52;0,8468438;0;849,67;416,89;8700,6208;5098,02;5098,02;5046,02;35763;0;0;809,08;;;;;;;;;
;;;4141;12:00:00;52;1,6066533;0;949,58;252,1;9723,6992;5697,48;5697,48;5645,48;40000;0;0;5645,48;;;;;;;;;
;;;4142;13:00:00;3628;3,5532982;0;946,43;497,55;9691,4432;5678,58;5678,58;2050,58;40000;0;0;2050,58;;;;;;;;;
;;;4143;14:00:00;1202;5,2661676;0;914,41;675,14;9363,5584;5486,46;5486,46;4284,46;40000;0;0;4284,46;;;;;;;;;
;;;4144;15:00:00;1332;5,711539;0;522,86;585,84;5354,0864;3137,16;3137,16;1805,16;40000;0;0;1805,16;;;;;;;;;
;;;4145;16:00:00;52;5,514129;0;564,26;779,34;5778,0224;3385,56;3385,56;3333,56;40000;0;0;3333,56;;;;;;;;;
;;;4146;17:00:00;52;4,7772803;0;113,42;130,75;1161,4208;680,52;680,52;628,52;40000;0;0;628,52;;;;;;;;;
;;;4147;18:00:00;310,68;3,8622267;0;63,11;72,76;646,2464;378,66;378,66;67,98;40000;0;0;67,98;;;;;;;;;
;;;4148;19:00:00;2088,8;2,6804063;0;14,53;17,92;148,7872;87,18;87,18;0;37998;2001,62;0;0;;;;;;;;;
;;;4149;20:00:00;2891,05;1,3666757;0;0;0;0;0;0;0;35107;2891,05;0;0;;;;;;;;;
;;;4150;21:00:00;5427,05;1,087123;0;0;0;0;0;0;0;29680;5427,05;0;0;;;;;;;;;
;;;4151;22:00:00;1397,05;1,085398;0;0;0;0;0;0;0;28283;1397,05;0;0;;;;;;;;;
;;;4152;23:00:00;1587,05;1,2429949;0;0;0;0;0;0;0;26696;1587,05;0;0;;;;;;;;;
;;Sábado;4153;0:00:00;1587,05;1,3217448;0;0;0;0;0;0;0;25109;1587,05;0;0;;;;;;;;;
;;;4154;1:00:00;420,25;1,3027054;0;0;0;0;0;0;0;24689;420,25;0;0;;;;;;;;;
;;;4155;2:00:00;110,25;1,3851466;0;0;0;0;0;0;0;24579;110,25;0;0;;;;;;;;;
;;;4156;3:00:00;52;1,4889908;0;0;0;0;0;0;0;24527;52;0;0;;;;;;;;;
;;;4157;4:00:00;52;1,6618335;0;0;0;0;0;0;0;24475;52;0;0;;;;;;;;;
;;;4158;5:00:00;52;1,805687;0;0,85;1,06;8,704;5,1;5,1;0;24428;46,9;0;0;;;;;;;;;
;;;4159;6:00:00;297;2,0316727;0;70,95;276,17;726,528;425,7;425,7;128,7;24556;0;0;0;;;;;;;;;
;;;4160;7:00:00;1330,4;1,4815717;0;125,8;595,05;1288,192;754,8;754,8;0;23981;575,6;0;0;;;;;;;;;
;;;4161;8:00:00;1193,8;0,98343587;0;302,81;712,54;3100,7744;1816,86;1816,86;623,06;24604;0;0;0;;;;;;;;;
;;;4162;9:00:00;1205,68;0,8557362;0;492,74;684,6;5045,6576;2956,44;2956,44;1750,76;26355;0;0;0;;;;;;;;;
;;;4163;10:00:00;1618;1,4837807;0;660,02;609,77;6758,6048;3960,12;3960,12;2342,12;28697;0;0;0;;;;;;;;;
;;;4164;11:00:00;232;2,906717;0;715,59;531,12;7327,6416;4293,54;4293,54;4061,54;32758;0;0;0;;;;;;;;;
;;;4165;12:00:00;52;3,6747267;0;776,96;452,54;7956,0704;4661,76;4661,76;4609,76;37368;0;0;1977,83;;;;;;;;;
;;;4166;13:00:00;2440,25;4,347104;0;838,48;564,65;8586,0352;5030,88;5030,88;2590,63;39959;0;0;2549,33;;;;;;;;;
;;;4167;14:00:00;3540,25;4,9069147;0;935,48;675,4;9579,3152;5612,88;5612,88;2072,63;40000;0;0;2072,63;;;;;;;;;
;;;4168;15:00:00;1390,25;5,6265736;0;823,69;825,14;8434,5856;4942,14;4942,14;3551,89;40000;0;0;3551,89;;;;;;;;;
;;;4169;16:00:00;110,25;5,776709;0;439,22;577,44;4497,6128;2635,32;2635,32;2525,07;40000;0;0;2525,07;;;;;;;;;
;;;4170;17:00:00;52;5,112577;0;75,01;86,47;768,1024;450,06;450,06;398,06;40000;0;0;398,06;;;;;;;;;
;;;4171;18:00:00;117;3,7713351;0;21,95;25,3;224,768;131,7;131,7;14,7;40000;0;0;14,7;;;;;;;;;
;;;4172;19:00:00;209,4;3,6547;0;8,55;10,54;87,552;51,3;51,3;0;39842;158,1;0;0;;;;;;;;;
;;;4173;20:00:00;1642,04;4,240128;0;0;0;0;0;0;0;38200;1642,04;0;0;;;;;;;;;
;;;4174;21:00:00;4528,8;3,7737377;0;0;0;0;0;0;0;33671;4528,8;0;0;;;;;;;;;
;;;4175;22:00:00;1932,05;2,3588257;0;0;0;0;0;0;0;31739;1932,05;0;0;;;;;;;;;
;;;4176;23:00:00;2122,05;2,3766606;0;0;0;0;0;0;0;29617;2122,05;0;0;;;;;;;;;
;;Domingo;4177;0:00:00;1587,05;1,7413062;0;0;0;0;0;0;0;28030;1587,05;0;0;;;;;;;;;
;;;4178;1:00:00;420,25;1,4696944;0;0;0;0;0;0;0;27610;420,25;0;0;;;;;;;;;
;;;4179;2:00:00;110,25;1,6653516;0;0;0;0;0;0;0;27499;110,25;0;0;;;;;;;;;
;;;4180;3:00:00;52;1,0414953;0;0;0;0;0;0;0;27447;52;0;0;;;;;;;;;
;;;4181;4:00:00;52;0,44038838;0;0;0;0;0;0;0;27395;52;0;0;;;;;;;;;
;;;4182;5:00:00;52;1,317597;0;4,27;5,27;43,7248;25,62;25,62;0;27369;26,38;0;0;;;;;;;;;
;;;4183;6:00:00;297;2,034093;0;69,25;303,22;709,12;415,5;415,5;118,5;27488;0;0;0;;;;;;;;;
;;;4184;7:00:00;1330,4;2,1808088;0;128,3;162,37;1313,792;769,8;769,8;0;26927;560,6;0;0;;;;;;;;;
;;;4185;8:00:00;1193,8;2,0645292;0;230,55;292,99;2360,832;1383,3;1383,3;189,5;27116;0;0;0;;;;;;;;;
;;;4186;9:00:00;1205,68;2,010049;0;477,65;659,27;4891,136;2865,9;2865,9;1660,22;28777;0;0;0;;;;;;;;;
;;;4187;10:00:00;1618;2,5227115;0;685,7;601,46;7021,568;4114,2;4114,2;2496,2;31273;0;0;0;;;;;;;;;
;;;4188;11:00:00;232;2,3424258;0;738,7;522,2;7564,288;4432,2;4432,2;4200,2;35473;0;0;0;;;;;;;;;
;;;4189;12:00:00;52;4,4686065;0;816,55;421,24;8361,472;4899,3;4899,3;4847,3;40000;0;0;4847,3;;;;;;;;;
;;;4190;13:00:00;2440,25;6,066933;0;778,1;577,18;7967,744;4668,6;4668,6;2228,35;40000;0;0;2228,35;;;;;;;;;
;;;4191;14:00:00;3540,25;5,852609;0;881,78;683,95;9029,4272;5290,68;5290,68;1750,43;40000;0;0;1750,43;;;;;;;;;
;;;4192;15:00:00;1390,25;5,090232;0;824,93;825,41;8447,2832;4949,58;4949,58;3559,33;40000;0;0;3559,33;;;;;;;;;
;;;4193;16:00:00;110,25;4,7809258;0;663,16;916,51;6790,7584;3978,96;3978,96;3868,71;40000;0;0;3868,71;;;;;;;;;
;;;4194;17:00:00;52;4,5705175;0;452,04;917,67;4628,8896;2712,24;2712,24;2660,24;40000;0;0;2660,24;;;;;;;;;
;;;4195;18:00:00;117;4,0855894;0;214,76;755,68;2199,1424;1288,56;1288,56;1171,56;40000;0;0;1171,56;;;;;;;;;
;;;4196;19:00:00;209,4;3,7255962;0;30,78;399,79;315,1872;184,68;184,68;0;39975;24,72;0;0;;;;;;;;;
;;;4197;20:00:00;1642,04;3,1522326;0;0;0;0;0;0;0;38333;1642,04;0;0;;;;;;;;;
;;;4198;21:00:00;4528,8;2,1520782;0;0;0;0;0;0;0;33804;4528,8;0;0;;;;;;;;;
;;;4199;22:00:00;1932,05;1,2157122;0;0;0;0;0;0;0;31872;1932,05;0;0;;;;;;;;;
;;;4200;23:00:00;2122,05;0,9941959;0;0;0;0;0;0;0;29750;2122,05;0;0;;;;;;;;;
;26;Lunes;4201;0:00:00;1518,65;0,9971844;0;0;0;0;0;0;0;28232;1518,65;0;0;;;;;;;;;
;;;4202;1:00:00;110,25;0,84244764;0;0;0;0;0;0;0;28121;110,25;0;0;;;;;;;;;
;;;4203;2:00:00;110,25;0,91717166;0;0;0;0;0;0;0;28011;110,25;0;0;;;;;;;;;
;;;4204;3:00:00;110,25;1,0142047;0;0;0;0;0;0;0;27901;110,25;0;0;;;;;;;;;
;;;4205;4:00:00;52;0,97673285;0;0;0;0;0;0;0;27849;52;0;0;;;;;;;;;
;;;4206;5:00:00;52;1,0615501;0;5,13;17;52,5312;30,78;30,78;0;27828;21,22;0;0;;;;;;;;;
;;;4207;6:00:00;941,44;0,9840932;0;59,84;397,92;612,7616;359,04;359,04;0;27245;582,4;0;0;;;;;;;;;
;;;4208;7:00:00;1623,8;1,091288;0;114,9;639,21;1176,576;689,4;689,4;0;26311;934,4;0;0;;;;;;;;;
;;;4209;8:00:00;1023,8;1,5256388;0;301,83;725,03;3090,7392;1810,98;1810,98;787,18;27098;0;0;0;;;;;;;;;
;;;4210;9:00:00;468,04;2,3546984;0;507,89;706,79;5200,7936;3047,34;3047,34;2579,3;29677;0;0;0;;;;;;;;;
;;;4211;10:00:00;897;3,3968067;0;702,58;596,79;7194,4192;4215,48;4215,48;3318,48;32996;0;0;0;;;;;;;;;
;;;4212;11:00:00;362;3,8720045;0;856,6;420,8;8771,584;5139,6;5139,6;4777,6;37773;0;0;2551,08;;;;;;;;;
;;;4213;12:00:00;52;4,0627337;0;959,28;249,42;9823,0272;5755,68;5755,68;5703,68;40000;0;0;5703,68;;;;;;;;;
;;;4214;13:00:00;3628;4,054997;0;984;477,62;10076,16;5904;5904;2276;40000;0;0;2276;;;;;;;;;
;;;4215;14:00:00;1202;4,127449;0;946,63;677,58;9693,4912;5679,78;5679,78;4477,78;40000;0;0;4477,78;;;;;;;;;
;;;4216;15:00:00;1390,25;4,6201973;0;834,27;831,16;8542,9248;5005,62;5005,62;3615,37;40000;0;0;3615,37;;;;;;;;;
;;;4217;16:00:00;110,25;5,586717;0;667,97;922,21;6840,0128;4007,82;4007,82;3897,57;40000;0;0;3897,57;;;;;;;;;
;;;4218;17:00:00;485,25;5,8196793;0;448,61;906,28;4593,7664;2691,66;2691,66;2206,41;40000;0;0;2206,41;;;;;;;;;
;;;4219;18:00:00;678,93;5,1754875;0;217,1;767,17;2223,104;1302,6;1302,6;623,67;40000;0;0;623,67;;;;;;;;;
;;;4220;19:00:00;2147,05;3,9714124;0;31,63;423,12;323,8912;189,78;189,78;0;38043;1957,27;0;0;;;;;;;;;
;;;4221;20:00:00;2051,05;2,5040052;0;0;0;0;0;0;0;35992;2051,05;0;0;;;;;;;;;
;;;4222;21:00:00;4587,05;1,430869;0;0;0;0;0;0;0;31405;4587,05;0;0;;;;;;;;;
;;;4223;22:00:00;1397,05;1,1299101;0;0;0;0;0;0;0;30008;1397,05;0;0;;;;;;;;;
;;;4224;23:00:00;1587,05;0,8713325;0;0;0;0;0;0;0;28421;1587,05;0;0;;;;;;;;;
;;Martes;4225;0:00:00;1518,65;0,7890272;0;0;0;0;0;0;0;26902;1518,65;0;0;;;;;;;;;
;;;4226;1:00:00;110,25;0,45020995;0;0;0;0;0;0;0;26792;110,25;0;0;;;;;;;;;
;;;4227;2:00:00;110,25;0,26014543;0;0;0;0;0;0;0;26681;110,25;0;0;;;;;;;;;
;;;4228;3:00:00;110,25;0,35050964;0;0;0;0;0;0;0;26571;110,25;0;0;;;;;;;;;
;;;4229;4:00:00;52;0,52111334;0;0;0;0;0;0;0;26519;52;0;0;;;;;;;;;
;;;4230;5:00:00;52;0,54020894;0;5,13;27,9;52,5312;30,78;30,78;0;26498;21,22;0;0;;;;;;;;;
;;;4231;6:00:00;941,44;0,57144856;0;71,81;190,62;735,3344;430,86;430,86;0;25987;510,58;0;0;;;;;;;;;
;;;4232;7:00:00;1623,8;1,019741;0;156,74;359,68;1605,0176;940,44;940,44;0;25304;683,36;0;0;;;;;;;;;
;;;4233;8:00:00;1023,8;1,3609421;0;286,86;479,1;2937,4464;1721,16;1721,16;697,36;26001;0;0;0;;;;;;;;;
;;;4234;9:00:00;468,04;2,1198282;0;473,57;654,16;4849,3568;2841,42;2841,42;2373,38;28375;0;0;0;;;;;;;;;
;;;4235;10:00:00;897;2,2028513;0;673,25;603,94;6894,08;4039,5;4039,5;3142,5;31517;0;0;0;;;;;;;;;
;;;4236;11:00:00;362;3,4199665;0;837,23;432,62;8573,2352;5023,38;5023,38;4661,38;36179;0;0;839,97;;;;;;;;;
;;;4237;12:00:00;52;4,421352;0;926,14;279,8;9483,6736;5556,84;5556,84;5504,84;40000;0;0;5504,84;;;;;;;;;
;;;4238;13:00:00;3628;5,170566;0;948,74;495,43;9715,0976;5692,44;5692,44;2064,44;40000;0;0;2064,44;;;;;;;;;
;;;4239;14:00:00;1202;6,2001343;0;852,15;683,53;8726,016;5112,9;5112,9;3910,9;40000;0;0;3910,9;;;;;;;;;
;;;4240;15:00:00;1390,25;6,719506;0;788,22;805,93;8071,3728;4729,32;4729,32;3339,07;40000;0;0;3339,07;;;;;;;;;
;;;4241;16:00:00;110,25;6,3454914;0;629,34;870,3;6444,4416;3776,04;3776,04;3665,79;40000;0;0;3665,79;;;;;;;;;
;;;4242;17:00:00;485,25;5,781028;0;421,88;832,38;4320,0512;2531,28;2531,28;2046,03;40000;0;0;2046,03;;;;;;;;;
;;;4243;18:00:00;678,93;4,85048;0;197,46;625,46;2021,9904;1184,76;1184,76;505,83;40000;0;0;505,83;;;;;;;;;
;;;4244;19:00:00;2147,05;3,5663426;0;31,63;308,92;323,8912;189,78;189,78;0;38043;1957,27;0;0;;;;;;;;;
;;;4245;20:00:00;2051,05;2,2931702;0;0;0;0;0;0;0;35992;2051,05;0;0;;;;;;;;;
;;;4246;21:00:00;4587,05;2,1743205;0;0;0;0;0;0;0;31405;4587,05;0;0;;;;;;;;;
;;;4247;22:00:00;1397,05;2,2660694;0;0;0;0;0;0;0;30008;1397,05;0;0;;;;;;;;;
;;;4248;23:00:00;1587,05;1,879834;0;0;0;0;0;0;0;28421;1587,05;0;0;;;;;;;;;
;;Miércoles;4249;0:00:00;1518,65;0,9708465;0;0;0;0;0;0;0;26902;1518,65;0;0;;;;;;;;;
;;;4250;1:00:00;110,25;0,9655084;0;0;0;0;0;0;0;26792;110,25;0;0;;;;;;;;;
;;;4251;2:00:00;110,25;1,0790015;0;0;0;0;0;0;0;26681;110,25;0;0;;;;;;;;;
;;;4252;3:00:00;110,25;1,0373665;0;0;0;0;0;0;0;26571;110,25;0;0;;;;;;;;;
;;;4253;4:00:00;52;0,6957076;0;0;0;0;0;0;0;26519;52;0;0;;;;;;;;;
;;;4254;5:00:00;52;0,7021944;0;0,85;1,06;8,704;5,1;5,1;0;26472;46,9;0;0;;;;;;;;;
;;;4255;6:00:00;941,44;1,1604122;0;47,02;62;481,4848;282,12;282,12;0;25813;659,32;0;0;;;;;;;;;
;;;4256;7:00:00;1623,8;1,5644251;0;147,64;442,35;1511,8336;885,84;885,84;0;25075;737,96;0;0;;;;;;;;;
;;;4257;8:00:00;1023,8;1,7218152;0;243,4;324,18;2492,416;1460,4;1460,4;436,6;25512;0;0;0;;;;;;;;;
;;;4258;9:00:00;468,04;1,6545985;0;297,92;352,41;3050,7008;1787,52;1787,52;1319,48;26831;0;0;0;;;;;;;;;
;;;4259;10:00:00;897;1,780633;0;520,95;555,34;5334,528;3125,7;3125,7;2228,7;29060;0;0;0;;;;;;;;;
;;;4260;11:00:00;362;3,1372185;0;354,71;397,8;3632,2304;2128,26;2128,26;1766,26;30826;0;0;0;;;;;;;;;
;;;4261;12:00:00;52;3,5520744;0;386,04;422,83;3953,0496;2316,24;2316,24;2264,24;33090;0;0;0;;;;;;;;;
;;;4262;13:00:00;3628;3,5859017;0;96,96;111,78;992,8704;581,76;581,76;0;30044;3046,24;0;0;;;;;;;;;
;;;4263;14:00:00;1202;3,6665664;0;246,97;284,71;2528,9728;1481,82;1481,82;279,82;30324;0;0;0;;;;;;;;;
;;;4264;15:00:00;1390,25;4,7477217;0;65,86;75,92;674,4064;395,16;395,16;0;29329;995,09;0;0;;;;;;;;;
;;;4265;16:00:00;110,25;4,0651073;0;147,27;169,78;1508,0448;883,62;883,62;773,37;30102;0;0;0;;;;;;;;;
;;;4266;17:00:00;485,25;3,3361917;0;125,58;146,16;1285,9392;753,48;753,48;268,23;30370;0;0;0;;;;;;;;;
;;;4267;18:00:00;678,93;3,2127013;0;213,74;739,97;2188,6976;1282,44;1282,44;603,51;30974;0;0;0;;;;;;;;;
;;;4268;19:00:00;2147,05;2,7839334;0;27,36;99,06;280,1664;164,16;164,16;0;28991;1982,89;0;0;;;;;;;;;
;;;4269;20:00:00;2051,05;2,0772517;0;0;0;0;0;0;0;26940;2051,05;0;0;;;;;;;;;
;;;4270;21:00:00;4587,05;1,7052181;0;0;0;0;0;0;0;22353;4587,05;0;0;;;;;;;;;
;;;4271;22:00:00;1397,05;1,356526;0;0;0;0;0;0;0;20956;1397,05;0;0;;;;;;;;;
;;;4272;23:00:00;1587,05;1,0947231;0;0;0;0;0;0;0;19369;1587,05;0;0;;;;;;;;;
;;Jueves;4273;0:00:00;1518,65;1,1024262;0;0;0;0;0;0;0;17850;1518,65;0;0;;;;;;;;;
;;;4274;1:00:00;110,25;1,6733863;0;0;0;0;0;0;0;17740;110,25;0;0;;;;;;;;;
;;;4275;2:00:00;110,25;1,5664144;0;0;0;0;0;0;0;17630;110,25;0;0;;;;;;;;;
;;;4276;3:00:00;110,25;1,350331;0;0;0;0;0;0;0;17519;110,25;0;0;;;;;;;;;
;;;4277;4:00:00;52;1,4531189;0;0;0;0;0;0;0;17467;52;0;0;;;;;;;;;
;;;4278;5:00:00;52;1,502936;0;4,27;5,27;43,7248;25,62;25,62;0;17441;26,38;0;0;;;;;;;;;
;;;4279;6:00:00;941,44;1,8435371;0;67,54;282,79;691,6096;405,24;405,24;0;16905;536,2;0;0;;;;;;;;;
;;;4280;7:00:00;1623,8;2,4029074;0;135,28;520,24;1385,2672;811,68;811,68;0;16093;812,12;0;0;;;;;;;;;
;;;4281;8:00:00;1023,8;3,8253338;0;216,94;270,17;2221,4656;1301,64;1301,64;277,84;16370;0;0;0;;;;;;;;;
;;;4282;9:00:00;468,04;4,8843236;0;279,65;328,35;2863,616;1677,9;1677,9;1209,86;17580;0;0;0;;;;;;;;;
;;;4283;10:00:00;897;5,4808164;0;386,8;435,26;3960,832;2320,8;2320,8;1423,8;19004;0;0;0;;;;;;;;;
;;;4284;11:00:00;362;6,030792;0;732,26;521,38;7498,3424;4393,56;4393,56;4031,56;23036;0;0;0;;;;;;;;;
;;;4285;12:00:00;52;6,2012677;0;851,63;373,64;8720,6912;5109,78;5109,78;5057,78;28093;0;0;0;;;;;;;;;
;;;4286;13:00:00;3628;6,002184;0;117,08;134,98;1198,8992;702,48;702,48;0;25168;2925,52;0;0;;;;;;;;;
;;;4287;14:00:00;1202;5,4051514;0;881,92;677,16;9030,8608;5291,52;5291,52;4089,52;29257;0;0;0;;;;;;;;;
;;;4288;15:00:00;1390,25;4,7920737;0;666,4;720,41;6823,936;3998,4;3998,4;2608,15;31866;0;0;0;;;;;;;;;
;;;4289;16:00:00;110,25;4,393744;0;627,68;866,05;6427,4432;3766,08;3766,08;3655,83;35521;0;0;0;;;;;;;;;
;;;4290;17:00:00;485,25;4,5184197;0;151,14;180,05;1547,6736;906,84;906,84;421,59;35943;0;0;0;;;;;;;;;
;;;4291;18:00:00;678,93;4,580604;0;108,48;166,51;1110,8352;650,88;650,88;0;35915;28,05;0;0;;;;;;;;;
;;;4292;19:00:00;2147,05;3,9332054;0;4,27;5,27;43,7248;25,62;25,62;0;33794;2121,43;0;0;;;;;;;;;
;;;4293;20:00:00;2051,05;2,8597484;0;0;0;0;0;0;0;31743;2051,05;0;0;;;;;;;;;
;;;4294;21:00:00;4587,05;2,3523674;0;0;0;0;0;0;0;27155;4587,05;0;0;;;;;;;;;
;;;4295;22:00:00;1397,05;2,1331084;0;0;0;0;0;0;0;25758;1397,05;0;0;;;;;;;;;
;;;4296;23:00:00;1587,05;1,1586748;0;0;0;0;0;0;0;24171;1587,05;0;0;;;;;;;;;
;;Viernes;4297;0:00:00;1518,65;0,8623343;0;0;0;0;0;0;0;22653;1518,65;0;0;;;;;;;;;
;;;4298;1:00:00;110,25;1,4630162;0;0;0;0;0;0;0;22542;110,25;0;0;;;;;;;;;
;;;4299;2:00:00;110,25;1,4507657;0;0;0;0;0;0;0;22432;110,25;0;0;;;;;;;;;
;;;4300;3:00:00;110,25;1,4830493;0;0;0;0;0;0;0;22322;110,25;0;0;;;;;;;;;
;;;4301;4:00:00;52;1,7117703;0;0;0;0;0;0;0;22270;52;0;0;;;;;;;;;
;;;4302;5:00:00;52;2,0161269;0;4,27;5,27;43,7248;25,62;25,62;0;22244;26,38;0;0;;;;;;;;;
;;;4303;6:00:00;941,44;2,1736956;0;57,28;427,6;586,5472;343,68;343,68;0;21646;597,76;0;0;;;;;;;;;
;;;4304;7:00:00;1623,8;2,9433212;0;107,87;676,5;1104,5888;647,22;647,22;0;20669;976,58;0;0;;;;;;;;;
;;;4305;8:00:00;1023,8;3,6759095;0;302,54;749,19;3098,0096;1815,24;1815,24;791,44;21461;0;0;0;;;;;;;;;
;;;4306;9:00:00;468,04;3,8790708;0;516,42;722,43;5288,1408;3098,52;3098,52;2630,48;24091;0;0;0;;;;;;;;;
;;;4307;10:00:00;897;3,545101;0;709,24;602,41;7262,6176;4255,44;4255,44;3358,44;27450;0;0;0;;;;;;;;;
;;;4308;11:00:00;362;3,4396477;0;866,6;422,03;8873,984;5199,6;5199,6;4837,6;32287;0;0;0;;;;;;;;;
;;;4309;12:00:00;52;3,7658033;0;976,31;236,2;9997,4144;5857,86;5857,86;5805,86;38093;0;0;3898,93;;;;;;;;;
;;;4310;13:00:00;3628;4,1963696;0;1013,89;466,97;10382,2336;6083,34;6083,34;2455,34;40000;0;0;2455,34;;;;;;;;;
;;;4311;14:00:00;1202;4,3324757;0;967,63;679,85;9908,5312;5805,78;5805,78;4603,78;40000;0;0;4603,78;;;;;;;;;
;;;4312;15:00:00;1390,25;3,81031;0;855,16;843,14;8756,8384;5130,96;5130,96;3740,71;40000;0;0;3740,71;;;;;;;;;
;;;4313;16:00:00;110,25;3,3095198;0;684,92;940,14;7013,5808;4109,52;4109,52;3999,27;40000;0;0;3999,27;;;;;;;;;
;;;4314;17:00:00;485,25;3,8886085;0;472,68;959,25;4840,2432;2836,08;2836,08;2350,83;40000;0;0;2350,83;;;;;;;;;
;;;4315;18:00:00;678,93;3,4275556;0;236,21;870,84;2418,7904;1417,26;1417,26;738,33;40000;0;0;738,33;;;;;;;;;
;;;4316;19:00:00;2147,05;2,9675066;0;30,78;571,9;315,1872;184,68;184,68;0;38038;1962,37;0;0;;;;;;;;;
;;;4317;20:00:00;2051,05;2,2293663;0;0;0;0;0;0;0;35987;2051,05;0;0;;;;;;;;;
;;;4318;21:00:00;4587,05;1,1086711;0;0;0;0;0;0;0;31400;4587,05;0;0;;;;;;;;;
;;;4319;22:00:00;1397,05;1,5590457;0;0;0;0;0;0;0;30002;1397,05;0;0;;;;;;;;;
;;;4320;23:00:00;1587,05;1,6667972;0;0;0;0;0;0;0;28415;1587,05;0;0;;;;;;;;;
;;Sábado;4321;0:00:00;1587,05;2,4737248;0;0;0;0;0;0;0;26828;1587,05;0;0;;;;;;;;;
;;;4322;1:00:00;420,25;3,0799596;0;0;0;0;0;0;0;26408;420,25;0;0;;;;;;;;;
;;;4323;2:00:00;110,25;3,7539163;0;0;0;0;0;0;0;26298;110,25;0;0;;;;;;;;;
;;;4324;3:00:00;52;4,781581;0;0;0;0;0;0;0;26246;52;0;0;;;;;;;;;
;;;4325;4:00:00;52;5,5138507;0;0;0;0;0;0;0;26194;52;0;0;;;;;;;;;
;;;4326;5:00:00;52;5,496179;0;3,42;4,21;35,0208;20,52;20,52;0;26162;31,48;0;0;;;;;;;;;
;;;4327;6:00:00;297;5,7056165;0;57,28;417,04;586,5472;343,68;343,68;46,68;26209;0;0;0;;;;;;;;;
;;;4328;7:00:00;1330,4;7,042264;0;107,76;666,05;1103,4624;646,56;646,56;0;25525;683,84;0;0;;;;;;;;;
;;;4329;8:00:00;1193,8;6,7313676;0;298,96;732,93;3061,3504;1793,76;1793,76;599,96;26125;0;0;0;;;;;;;;;
;;;4330;9:00:00;1205,68;6,683614;0;504,77;708,51;5168,8448;3028,62;3028,62;1822,94;27948;0;0;0;;;;;;;;;
;;;4331;10:00:00;1618;6,185438;0;703,02;599,26;7198,9248;4218,12;4218,12;2600,12;30548;0;0;0;;;;;;;;;
;;;4332;11:00:00;232;6,4853787;0;859,74;422,12;8803,7376;5158,44;5158,44;4926,44;35475;0;0;401,14;;;;;;;;;
;;;4333;12:00:00;52;6,4115186;0;958,52;245,44;9815,2448;5751,12;5751,12;5699,12;40000;0;0;5699,12;;;;;;;;;
;;;4334;13:00:00;2440,25;6,2856607;0;1006,08;464,38;10302,2592;6036,48;6036,48;3596,23;40000;0;0;3596,23;;;;;;;;;
;;;4335;14:00:00;3540,25;5,9610376;0;949,6;675,41;9723,904;5697,6;5697,6;2157,35;40000;0;0;2157,35;;;;;;;;;
;;;4336;15:00:00;1390,25;5,679856;0;838,65;830,85;8587,776;5031,9;5031,9;3641,65;40000;0;0;3641,65;;;;;;;;;
;;;4337;16:00:00;110,25;5,447922;0;671,5;921,6;6876,16;4029;4029;3918,75;40000;0;0;3918,75;;;;;;;;;
;;;4338;17:00:00;52;5,025132;0;447,19;893,68;4579,2256;2683,14;2683,14;2631,14;40000;0;0;2631,14;;;;;;;;;
;;;4339;18:00:00;117;4,606379;0;226,63;810,21;2320,6912;1359,78;1359,78;1242,78;40000;0;0;1242,78;;;;;;;;;
;;;4340;19:00:00;209,4;4,1775355;0;32,49;423,8;332,6976;194,94;194,94;0;39986;14,46;0;0;;;;;;;;;
;;;4341;20:00:00;1642,04;4,1252956;0;0;0;0;0;0;0;38344;1642,04;0;0;;;;;;;;;
;;;4342;21:00:00;4528,8;4,165782;0;0;0;0;0;0;0;33815;4528,8;0;0;;;;;;;;;
;;;4343;22:00:00;1932,05;3,328264;0;0;0;0;0;0;0;31883;1932,05;0;0;;;;;;;;;
;;;4344;23:00:00;2122,05;3,2419112;0;0;0;0;0;0;0;29761;2122,05;0;0;;;;;;;;;
Julio;;Domingo;4345;0:00:00;1587,05;3,2374644;0;0;0;0;0;0;0;28174;1587,05;0;0;;;;;;;;;
;;;4346;1:00:00;420,25;3,0082934;0;0;0;0;0;0;0;27753;420,25;0;0;;;;;;;;;
;;;4347;2:00:00;110,25;2,6893547;0;0;0;0;0;0;0;27643;110,25;0;0;;;;;;;;;
;;;4348;3:00:00;52;2,2455342;0;0;0;0;0;0;0;27591;52;0;0;;;;;;;;;
;;;4349;4:00:00;52;1,8670774;0;0;0;0;0;0;0;27539;52;0;0;;;;;;;;;
;;;4350;5:00:00;52;1,9342543;0;2,56;3,17;26,2144;15,36;15,36;0;27502;36,64;0;0;;;;;;;;;
;;;4351;6:00:00;297;2,1914363;0;67,54;143,74;691,6096;405,24;405,24;108,24;27611;0;0;0;;;;;;;;;
;;;4352;7:00:00;1330,4;1,80689;0;111,82;629,68;1145,0368;670,92;670,92;0;26951;659,48;0;0;;;;;;;;;
;;;4353;8:00:00;1193,8;2,0668054;0;297,36;690,69;3044,9664;1784,16;1784,16;590,36;27542;0;0;0;;;;;;;;;
;;;4354;9:00:00;1205,68;2,2301118;0;501,74;705,03;5137,8176;3010,44;3010,44;1804,76;29346;0;0;0;;;;;;;;;
;;;4355;10:00:00;1618;2,397392;0;692,8;596,68;7094,272;4156,8;4156,8;2538,8;31885;0;0;0;;;;;;;;;
;;;4356;11:00:00;232;2,3451922;0;854,35;418,23;8748,544;5126,1;5126,1;4894,1;36779;0;0;1673,29;;;;;;;;;
;;;4357;12:00:00;52;2,919764;0;952,95;241,84;9758,208;5717,7;5717,7;5665,7;40000;0;0;5665,7;;;;;;;;;
;;;4358;13:00:00;2440,25;3,8010747;0;983,91;466,55;10075,2384;5903,46;5903,46;3463,21;40000;0;0;3463,21;;;;;;;;;
;;;4359;14:00:00;3540,25;4,6956925;0;949,2;669,05;9719,808;5695,2;5695,2;2154,95;40000;0;0;2154,95;;;;;;;;;
;;;4360;15:00:00;1390,25;5,122494;0;839,55;827,34;8596,992;5037,3;5037,3;3647,05;40000;0;0;3647,05;;;;;;;;;
;;;4361;16:00:00;110,25;4,8197107;0;666,45;913,48;6824,448;3998,7;3998,7;3888,45;40000;0;0;3888,45;;;;;;;;;
;;;4362;17:00:00;52;3,9050472;0;451,89;906,16;4627,3536;2711,34;2711,34;2659,34;40000;0;0;2659,34;;;;;;;;;
;;;4363;18:00:00;117;3,1423767;0;222,09;780,75;2274,2016;1332,54;1332,54;1215,54;40000;0;0;1215,54;;;;;;;;;
;;;4364;19:00:00;209,4;2,5285468;0;31,63;511,97;323,8912;189,78;189,78;0;39980;19,62;0;0;;;;;;;;;
;;;4365;20:00:00;1642,04;2,5150054;0;0;0;0;0;0;0;38338;1642,04;0;0;;;;;;;;;
;;;4366;21:00:00;4528,8;2,6423812;0;0;0;0;0;0;0;33810;4528,8;0;0;;;;;;;;;
;;;4367;22:00:00;1932,05;1,1547644;0;0;0;0;0;0;0;31877;1932,05;0;0;;;;;;;;;
;;;4368;23:00:00;2122,05;1,183054;0;0;0;0;0;0;0;29755;2122,05;0;0;;;;;;;;;
;27;Lunes;4369;0:00:00;1518,65;1,2342821;0;0;0;0;0;0;0;28237;1518,65;0;0;;;;;;;;;
;;;4370;1:00:00;110,25;1,0434885;0;0;0;0;0;0;0;28127;110,25;0;0;;;;;;;;;
;;;4371;2:00:00;110,25;1,4670205;0;0;0;0;0;0;0;28016;110,25;0;0;;;;;;;;;
;;;4372;3:00:00;110,25;2,8279254;0;0;0;0;0;0;0;27906;110,25;0;0;;;;;;;;;
;;;4373;4:00:00;52;1,9589928;0;0;0;0;0;0;0;27854;52;0;0;;;;;;;;;
;;;4374;5:00:00;52;1,7476065;0;0;0;0;0;0;0;27802;52;0;0;;;;;;;;;
;;;4375;6:00:00;941,44;2,191967;0;68,39;175,77;700,3136;410,34;410,34;0;27271;531,1;0;0;;;;;;;;;
;;;4376;7:00:00;1623,8;1,4082141;0;125,21;556,63;1282,1504;751,26;751,26;0;26398;872,54;0;0;;;;;;;;;
;;;4377;8:00:00;1023,8;1,297088;0;295,49;650,92;3025,8176;1772,94;1772,94;749,14;27148;0;0;0;;;;;;;;;
;;;4378;9:00:00;468,04;2,2700207;0;500,93;704,19;5129,5232;3005,58;3005,58;2537,54;29685;0;0;0;;;;;;;;;
;;;4379;10:00:00;897;4,6656313;0;690,73;592,9;7073,0752;4144,38;4144,38;3247,38;32932;0;0;0;;;;;;;;;
;;;4380;11:00:00;362;2,2125616;0;852,66;415,52;8731,2384;5115,96;5115,96;4753,96;37686;0;0;2440,38;;;;;;;;;
;;;4381;12:00:00;52;1,8040763;0;956,02;231,95;9789,6448;5736,12;5736,12;5684,12;40000;0;0;5684,12;;;;;;;;;
;;;4382;13:00:00;3628;2,463388;0;993,7;457,46;10175,488;5962,2;5962,2;2334,2;40000;0;0;2334,2;;;;;;;;;
;;;4383;14:00:00;1202;2,4085486;0;947,75;664,44;9704,96;5686,5;5686,5;4484,5;40000;0;0;4484,5;;;;;;;;;
;;;4384;15:00:00;1390,25;2,3831818;0;833,5;821,34;8535,04;5001;5001;3610,75;40000;0;0;3610,75;;;;;;;;;
;;;4385;16:00:00;110,25;2,5997694;0;668,67;914,48;6847,1808;4012,02;4012,02;3901,77;40000;0;0;3901,77;;;;;;;;;
;;;4386;17:00:00;485,25;3,1739528;0;449,12;898,16;4598,9888;2694,72;2694,72;2209,47;40000;0;0;2209,47;;;;;;;;;
;;;4387;18:00:00;678,93;3,405701;0;226,99;811,12;2324,3776;1361,94;1361,94;683,01;40000;0;0;683,01;;;;;;;;;
;;;4388;19:00:00;2147,05;3,2967114;0;30,78;488,4;315,1872;184,68;184,68;0;38038;1962,37;0;0;;;;;;;;;
;;;4389;20:00:00;2051,05;2,4648578;0;0;0;0;0;0;0;35987;2051,05;0;0;;;;;;;;;
;;;4390;21:00:00;4587,05;1,2991017;0;0;0;0;0;0;0;31400;4587,05;0;0;;;;;;;;;
;;;4391;22:00:00;1397,05;0,5063593;0;0;0;0;0;0;0;30002;1397,05;0;0;;;;;;;;;
;;;4392;23:00:00;1587,05;0,994843;0;0;0;0;0;0;0;28415;1587,05;0;0;;;;;;;;;
;;Martes;4393;0:00:00;1518,65;1,1760973;0;0;0;0;0;0;0;26897;1518,65;0;0;;;;;;;;;
;;;4394;1:00:00;110,25;1,3108846;0;0;0;0;0;0;0;26787;110,25;0;0;;;;;;;;;
;;;4395;2:00:00;110,25;1,5755445;0;0;0;0;0;0;0;26676;110,25;0;0;;;;;;;;;
;;;4396;3:00:00;110,25;1,9120629;0;0;0;0;0;0;0;26566;110,25;0;0;;;;;;;;;
;;;4397;4:00:00;52;2,1625867;0;0;0;0;0;0;0;26514;52;0;0;;;;;;;;;
;;;4398;5:00:00;52;2,3594725;0;0;0;0;0;0;0;26462;52;0;0;;;;;;;;;
;;;4399;6:00:00;941,44;2,6612341;0;55,57;411,21;569,0368;333,42;333,42;0;25854;608,02;0;0;;;;;;;;;
;;;4400;7:00:00;1623,8;2,3615537;0;103,76;669,69;1062,5024;622,56;622,56;0;24853;1001,24;0;0;;;;;;;;;
;;;4401;8:00:00;1023,8;1,5648966;0;297,57;750,49;3047,1168;1785,42;1785,42;761,62;25614;0;0;0;;;;;;;;;
;;;4402;9:00:00;468,04;1,1239296;0;511,15;718,63;5234,176;3066,9;3066,9;2598,86;28213;0;0;0;;;;;;;;;
;;;4403;10:00:00;897;1,3916609;0;707,89;598,25;7248,7936;4247,34;4247,34;3350,34;31564;0;0;0;;;;;;;;;
;;;4404;11:00:00;362;1,9466195;0;875,49;409,85;8965,0176;5252,94;5252,94;4890,94;36455;0;0;1345,47;;;;;;;;;
;;;4405;12:00:00;52;2,5402043;0;968,35;230,18;9915,904;5810,1;5810,1;5758,1;40000;0;0;5758,1;;;;;;;;;
;;;4406;13:00:00;3628;3,5694954;0;1006,86;459,54;10310,2464;6041,16;6041,16;2413,16;40000;0;0;2413,16;;;;;;;;;
;;;4407;14:00:00;1202;4,7087827;0;961,59;671,36;9846,6816;5769,54;5769,54;4567,54;40000;0;0;4567,54;;;;;;;;;
;;;4408;15:00:00;1390,25;5,431617;0;845,65;830,91;8659,456;5073,9;5073,9;3683,65;40000;0;0;3683,65;;;;;;;;;
;;;4409;16:00:00;110,25;5,18674;0;671,57;918,51;6876,8768;4029,42;4029,42;3919,17;40000;0;0;3919,17;;;;;;;;;
;;;4410;17:00:00;485,25;4,424707;0;462,92;929,86;4740,3008;2777,52;2777,52;2292,27;40000;0;0;2292,27;;;;;;;;;
;;;4411;18:00:00;678,93;3,7614992;0;231,91;834,67;2374,7584;1391,46;1391,46;712,53;40000;0;0;712,53;;;;;;;;;
;;;4412;19:00:00;2147,05;2,8144789;0;30,78;537,13;315,1872;184,68;184,68;0;38038;1962,37;0;0;;;;;;;;;
;;;4413;20:00:00;2051,05;1,2569458;0;0;0;0;0;0;0;35987;2051,05;0;0;;;;;;;;;
;;;4414;21:00:00;4587,05;0,5591164;0;0;0;0;0;0;0;31400;4587,05;0;0;;;;;;;;;
;;;4415;22:00:00;1397,05;0,97316366;0;0;0;0;0;0;0;30002;1397,05;0;0;;;;;;;;;
;;;4416;23:00:00;1587,05;1,4936748;0;0;0;0;0;0;0;28415;1587,05;0;0;;;;;;;;;
;;Miércoles;4417;0:00:00;1518,65;1,7593436;0;0;0;0;0;0;0;26897;1518,65;0;0;;;;;;;;;
;;;4418;1:00:00;110,25;1,72446;0;0;0;0;0;0;0;26787;110,25;0;0;;;;;;;;;
;;;4419;2:00:00;110,25;1,8903427;0;0;0;0;0;0;0;26676;110,25;0;0;;;;;;;;;
;;;4420;3:00:00;110,25;2,1001868;0;0;0;0;0;0;0;26566;110,25;0;0;;;;;;;;;
;;;4421;4:00:00;52;2,2072706;0;0;0;0;0;0;0;26514;52;0;0;;;;;;;;;
;;;4422;5:00:00;52;2,2238514;0;0;0;0;0;0;0;26462;52;0;0;;;;;;;;;
;;;4423;6:00:00;941,44;2,366949;0;62,41;333,02;639,0784;374,46;374,46;0;25895;566,98;0;0;;;;;;;;;
;;;4424;7:00:00;1623,8;1,9822505;0;109,66;621,76;1122,9184;657,96;657,96;0;24929;965,84;0;0;;;;;;;;;
;;;4425;8:00:00;1023,8;0,9489996;0;235,25;308,34;2408,96;1411,5;1411,5;387,7;25317;0;0;0;;;;;;;;;
;;;4426;9:00:00;468,04;0,26485345;0;207,41;239,43;2123,8784;1244,46;1244,46;776,42;26093;0;0;0;;;;;;;;;
;;;4427;10:00:00;897;1,3651168;0;75,92;87,53;777,4208;455,52;455,52;0;25652;441,48;0;0;;;;;;;;;
;;;4428;11:00:00;362;1,3703717;0;243,31;280,5;2491,4944;1459,86;1459,86;1097,86;26750;0;0;0;;;;;;;;;
;;;4429;12:00:00;52;1,5758215;0;453,63;468,49;4645,1712;2721,78;2721,78;2669,78;29419;0;0;0;;;;;;;;;
;;;4430;13:00:00;3628;2,8578165;0;732,42;575,69;7499,9808;4394,52;4394,52;766,52;30186;0;0;0;;;;;;;;;
;;;4431;14:00:00;1202;3,9978724;0;920,21;669,79;9422,9504;5521,26;5521,26;4319,26;34505;0;0;0;;;;;;;;;
;;;4432;15:00:00;1390,25;4,636822;0;838,59;824,46;8587,1616;5031,54;5031,54;3641,29;38147;0;0;1787,85;;;;;;;;;
;;;4433;16:00:00;110,25;4,955035;0;656,99;898,52;6727,5776;3941,94;3941,94;3831,69;40000;0;0;3831,69;;;;;;;;;
;;;4434;17:00:00;485,25;4,5510197;0;369,96;673,84;3788,3904;2219,76;2219,76;1734,51;40000;0;0;1734,51;;;;;;;;;
;;;4435;18:00:00;678,93;3,6775875;0;18,29;21,09;187,2896;109,74;109,74;0;39431;569,19;0;0;;;;;;;;;
;;;4436;19:00:00;2147,05;2,5603893;0;24,79;52,56;253,8496;148,74;148,74;0;37433;1998,31;0;0;;;;;;;;;
;;;4437;20:00:00;2051,05;1,7084943;0;0;0;0;0;0;0;35381;2051,05;0;0;;;;;;;;;
;;;4438;21:00:00;4587,05;1,4894475;0;0;0;0;0;0;0;30794;4587,05;0;0;;;;;;;;;
;;;4439;22:00:00;1397,05;1,704673;0;0;0;0;0;0;0;29397;1397,05;0;0;;;;;;;;;
;;;4440;23:00:00;1587,05;1,2778009;0;0;0;0;0;0;0;27810;1587,05;0;0;;;;;;;;;
;;Jueves;4441;0:00:00;1518,65;1,1382297;0;0;0;0;0;0;0;26292;1518,65;0;0;;;;;;;;;
;;;4442;1:00:00;110,25;1,133209;0;0;0;0;0;0;0;26181;110,25;0;0;;;;;;;;;
;;;4443;2:00:00;110,25;1,1498286;0;0;0;0;0;0;0;26071;110,25;0;0;;;;;;;;;
;;;4444;3:00:00;110,25;1,1351134;0;0;0;0;0;0;0;25961;110,25;0;0;;;;;;;;;
;;;4445;4:00:00;52;1,1879209;0;0;0;0;0;0;0;25909;52;0;0;;;;;;;;;
;;;4446;5:00:00;52;1,2603135;0;0;0;0;0;0;0;25857;52;0;0;;;;;;;;;
;;;4447;6:00:00;941,44;1,6482304;0;45,31;60,06;463,9744;271,86;271,86;0;25187;669,58;0;0;;;;;;;;;
;;;4448;7:00:00;1623,8;1,3167729;0;118,08;143,57;1209,1392;708,48;708,48;0;24272;915,32;0;0;;;;;;;;;
;;;4449;8:00:00;1023,8;1,9837838;0;139,04;160,28;1423,7696;834,24;834,24;0;24082;189,56;0;0;;;;;;;;;
;;;4450;9:00:00;468,04;2,8366203;0;241,04;279,93;2468,2496;1446,24;1446,24;978,2;25061;0;0;0;;;;;;;;;
;;;4451;10:00:00;897;2,9718227;0;611,76;606,32;6264,4224;3670,56;3670,56;2773,56;27834;0;0;0;;;;;;;;;
;;;4452;11:00:00;362;3,5345473;0;577,01;534;5908,5824;3462,06;3462,06;3100,06;30934;0;0;0;;;;;;;;;
;;;4453;12:00:00;52;3,8785393;0;318,85;363,15;3265,024;1913,1;1913,1;1861,1;32795;0;0;0;;;;;;;;;
;;;4454;13:00:00;3628;4,1012387;0;949,05;482,74;9718,272;5694,3;5694,3;2066,3;34862;0;0;0;;;;;;;;;
;;;4455;14:00:00;1202;4,239194;0;915,53;666,92;9375,0272;5493,18;5493,18;4291,18;39153;0;0;3444,02;;;;;;;;;
;;;4456;15:00:00;1390,25;4,178391;0;808,84;808,02;8282,5216;4853,04;4853,04;3462,79;40000;0;0;3462,79;;;;;;;;;
;;;4457;16:00:00;110,25;3,987684;0;653,23;892,53;6689,0752;3919,38;3919,38;3809,13;40000;0;0;3809,13;;;;;;;;;
;;;4458;17:00:00;485,25;3,61764;0;440,55;871,29;4511,232;2643,3;2643,3;2158,05;40000;0;0;2158,05;;;;;;;;;
;;;4459;18:00:00;678,93;3,2587342;0;214,22;719,12;2193,6128;1285,32;1285,32;606,39;40000;0;0;606,39;;;;;;;;;
;;;4460;19:00:00;2147,05;2,8271163;0;31,63;365,54;323,8912;189,78;189,78;0;38043;1957,27;0;0;;;;;;;;;
;;;4461;20:00:00;2051,05;2,2724416;0;0;0;0;0;0;0;35992;2051,05;0;0;;;;;;;;;
;;;4462;21:00:00;4587,05;1,9841876;0;0;0;0;0;0;0;31405;4587,05;0;0;;;;;;;;;
;;;4463;22:00:00;1397,05;1,8170592;0;0;0;0;0;0;0;30008;1397,05;0;0;;;;;;;;;
;;;4464;23:00:00;1587,05;1,391812;0;0;0;0;0;0;0;28421;1587,05;0;0;;;;;;;;;
;;Viernes;4465;0:00:00;1518,65;0,83977854;0;0;0;0;0;0;0;26902;1518,65;0;0;;;;;;;;;
;;;4466;1:00:00;110,25;0,6867166;0;0;0;0;0;0;0;26792;110,25;0;0;;;;;;;;;
;;;4467;2:00:00;110,25;0,5675059;0;0;0;0;0;0;0;26681;110,25;0;0;;;;;;;;;
;;;4468;3:00:00;110,25;0,4162575;0;0;0;0;0;0;0;26571;110,25;0;0;;;;;;;;;
;;;4469;4:00:00;52;0,5410468;0;0;0;0;0;0;0;26519;52;0;0;;;;;;;;;
;;;4470;5:00:00;52;0,6377891;0;0;0;0;0;0;0;26467;52;0;0;;;;;;;;;
;;;4471;6:00:00;941,44;0,67010605;0;63,26;285,47;647,7824;379,56;379,56;0;25905;561,88;0;0;;;;;;;;;
;;;4472;7:00:00;1623,8;0,9567648;0;104,87;627,79;1073,8688;629,22;629,22;0;24911;994,58;0;0;;;;;;;;;
;;;4473;8:00:00;1023,8;1,2040116;0;289,81;718,42;2967,6544;1738,86;1738,86;715,06;25626;0;0;0;;;;;;;;;
;;;4474;9:00:00;468,04;1,6283933;0;498,23;704,31;5101,8752;2989,38;2989,38;2521,34;28147;0;0;0;;;;;;;;;
;;;4475;10:00:00;897;1,712265;0;683,2;593,55;6995,968;4099,2;4099,2;3202,2;31349;0;0;0;;;;;;;;;
;;;4476;11:00:00;362;2,6676264;0;835,9;425,27;8559,616;5015,4;5015,4;4653,4;36003;0;0;656,07;;;;;;;;;
;;;4477;12:00:00;52;3,3187687;0;933,91;249,39;9563,2384;5603,46;5603,46;5551,46;40000;0;0;5551,46;;;;;;;;;
;;;4478;13:00:00;3628;3,7901385;0;0;0;0;0;0;0;36372;3628;0;0;;;;;;;;;
;;;4479;14:00:00;1202;3,8461454;0;941,35;661,39;9639,424;5648,1;5648,1;4446,1;40000;0;0;4446,1;;;;;;;;;
;;;4480;15:00:00;1390,25;3,6718671;0;829,09;816,35;8489,8816;4974,54;4974,54;3584,29;40000;0;0;3584,29;;;;;;;;;
;;;4481;16:00:00;110,25;3,8242738;0;653,1;891,47;6687,744;3918,6;3918,6;3808,35;40000;0;0;3808,35;;;;;;;;;
;;;4482;17:00:00;485,25;3,7954435;0;108,85;125,48;1114,624;653,1;653,1;167,85;40000;0;0;167,85;;;;;;;;;
;;;4483;18:00:00;678,93;3,6311388;0;176,95;473,21;1811,968;1061,7;1061,7;382,77;40000;0;0;382,77;;;;;;;;;
;;;4484;19:00:00;2147,05;2,97366;0;31,63;464,41;323,8912;189,78;189,78;0;38043;1957,27;0;0;;;;;;;;;
;;;4485;20:00:00;2051,05;1,9690474;0;0;0;0;0;0;0;35992;2051,05;0;0;;;;;;;;;
;;;4486;21:00:00;4587,05;1,4384882;0;0;0;0;0;0;0;31405;4587,05;0;0;;;;;;;;;
;;;4487;22:00:00;1397,05;0,74468386;0;0;0;0;0;0;0;30008;1397,05;0;0;;;;;;;;;
;;;4488;23:00:00;1587,05;1,1311891;0;0;0;0;0;0;0;28421;1587,05;0;0;;;;;;;;;
;;Sábado;4489;0:00:00;1587,05;1,113967;0;0;0;0;0;0;0;26833;1587,05;0;0;;;;;;;;;
;;;4490;1:00:00;420,25;1,2910311;0;0;0;0;0;0;0;26413;420,25;0;0;;;;;;;;;
;;;4491;2:00:00;110,25;1,4490174;0;0;0;0;0;0;0;26303;110,25;0;0;;;;;;;;;
;;;4492;3:00:00;52;0,78437245;0;0;0;0;0;0;0;26251;52;0;0;;;;;;;;;
;;;4493;4:00:00;52;0,59041095;0;0;0;0;0;0;0;26199;52;0;0;;;;;;;;;
;;;4494;5:00:00;52;0,8969242;0;0;0;0;0;0;0;26147;52;0;0;;;;;;;;;
;;;4495;6:00:00;297;0,68272275;0;65,83;179,76;674,0992;394,98;394,98;97,98;26245;0;0;0;;;;;;;;;
;;;4496;7:00:00;1330,4;0,7871475;0;142,1;423,98;1455,104;852,6;852,6;0;25767;477,8;0;0;;;;;;;;;
;;;4497;8:00:00;1193,8;1,0694793;0;277,14;462,68;2837,9136;1662,84;1662,84;469,04;26236;0;0;0;;;;;;;;;
;;;4498;9:00:00;1205,68;1,7548081;0;468,02;657,12;4792,5248;2808,12;2808,12;1602,44;27839;0;0;0;;;;;;;;;
;;;4499;10:00:00;1618;2,682645;0;364,79;412,83;3735,4496;2188,74;2188,74;570,74;28409;0;0;0;;;;;;;;;
;;;4500;11:00:00;232;2,891786;0;748,5;509,58;7664,64;4491;4491;4259;32668;0;0;0;;;;;;;;;
;;;4501;12:00:00;52;3,9377146;0;805,09;412,32;8244,1216;4830,54;4830,54;4778,54;37447;0;0;2225,46;;;;;;;;;
;;;4502;13:00:00;2440,25;5,2610235;0;932,46;495,67;9548,3904;5594,76;5594,76;3154,51;40000;0;0;3154,51;;;;;;;;;
;;;4503;14:00:00;3540,25;5,6882887;0;871,36;673,16;8922,7264;5228,16;5228,16;1687,91;40000;0;0;1687,91;;;;;;;;;
;;;4504;15:00:00;1390,25;6,0075235;0;809,73;807,46;8291,6352;4858,38;4858,38;3468,13;40000;0;0;3468,13;;;;;;;;;
;;;4505;16:00:00;110,25;5,5793867;0;637,37;871,25;6526,6688;3824,22;3824,22;3713,97;40000;0;0;3713,97;;;;;;;;;
;;;4506;17:00:00;52;5,0018086;0;258,08;382,95;2642,7392;1548,48;1548,48;1496,48;40000;0;0;1496,48;;;;;;;;;
;;;4507;18:00:00;117;4,762041;0;62,2;71,71;636,928;373,2;373,2;256,2;40000;0;0;256,2;;;;;;;;;
;;;4508;19:00:00;209,4;3,7179399;0;29,92;582,31;306,3808;179,52;179,52;0;39970;29,88;0;0;;;;;;;;;
;;;4509;20:00:00;1642,04;3,1196847;0;0;0;0;0;0;0;38328;1642,04;0;0;;;;;;;;;
;;;4510;21:00:00;4528,8;2,874573;0;0;0;0;0;0;0;33799;4528,8;0;0;;;;;;;;;
;;;4511;22:00:00;1932,05;3,4865746;0;0;0;0;0;0;0;31867;1932,05;0;0;;;;;;;;;
;;;4512;23:00:00;2122,05;2,8759022;0;0;0;0;0;0;0;29745;2122,05;0;0;;;;;;;;;
;;Domingo;4513;0:00:00;1587,05;2,0032334;0;0;0;0;0;0;0;28158;1587,05;0;0;;;;;;;;;
;;;4514;1:00:00;420,25;2,1923833;0;0;0;0;0;0;0;27738;420,25;0;0;;;;;;;;;
;;;4515;2:00:00;110,25;2,90842;0;0;0;0;0;0;0;27628;110,25;0;0;;;;;;;;;
;;;4516;3:00:00;52;3,3929513;0;0;0;0;0;0;0;27576;52;0;0;;;;;;;;;
;;;4517;4:00:00;52;3,3487883;0;0;0;0;0;0;0;27524;52;0;0;;;;;;;;;
;;;4518;5:00:00;52;3,3869586;0;0;0;0;0;0;0;27472;52;0;0;;;;;;;;;
;;;4519;6:00:00;297;3,485692;0;56,42;91,61;577,7408;338,52;338,52;41,52;27513;0;0;0;;;;;;;;;
;;;4520;7:00:00;1330,4;3,5256221;0;134,49;186,3;1377,1776;806,94;806,94;0;26990;523,46;0;0;;;;;;;;;
;;;4521;8:00:00;1193,8;3,5883253;0;113,42;130,75;1161,4208;680,52;680,52;0;26476;513,28;0;0;;;;;;;;;
;;;4522;9:00:00;1205,68;3,2302701;0;98,79;113,89;1011,6096;592,74;592,74;0;25863;612,94;0;0;;;;;;;;;
;;;4523;10:00:00;1618;3,115094;0;346,13;393,37;3544,3712;2076,78;2076,78;458,78;26322;0;0;0;;;;;;;;;
;;;4524;11:00:00;232;3,1021001;0;286,4;328,71;2932,736;1718,4;1718,4;1486,4;27809;0;0;0;;;;;;;;;
;;;4525;12:00:00;52;3,098354;0;616,93;502,69;6317,3632;3701,58;3701,58;3649,58;31458;0;0;0;;;;;;;;;
;;;4526;13:00:00;2440,25;3,2567291;0;149,1;171,89;1526,784;894,6;894,6;0;29913;1545,65;0;0;;;;;;;;;
;;;4527;14:00:00;3540,25;3,4540029;0;131,72;151,84;1348,8128;790,32;790,32;0;27163;2749,93;0;0;;;;;;;;;
;;;4528;15:00:00;1390,25;3,637733;0;136,29;157,12;1395,6096;817,74;817,74;0;26590;572,51;0;0;;;;;;;;;
;;;4529;16:00:00;110,25;3,6497512;0;102,45;118,1;1049,088;614,7;614,7;504,45;27095;0;0;0;;;;;;;;;
;;;4530;17:00:00;52;3,8588982;0;86,9;100,18;889,856;521,4;521,4;469,4;27564;0;0;0;;;;;;;;;
;;;4531;18:00:00;117;3,7896283;0;151,77;339,32;1554,1248;910,62;910,62;793,62;28358;0;0;0;;;;;;;;;
;;;4532;19:00:00;209,4;3,1509302;0;29,92;592,13;306,3808;179,52;179,52;0;28328;29,88;0;0;;;;;;;;;
;;;4533;20:00:00;1642,04;2,5813756;0;0;0;0;0;0;0;26686;1642,04;0;0;;;;;;;;;
;;;4534;21:00:00;4528,8;1,9542588;0;0;0;0;0;0;0;22157;4528,8;0;0;;;;;;;;;
;;;4535;22:00:00;1932,05;0,97231734;0;0;0;0;0;0;0;20225;1932,05;0;0;;;;;;;;;
;;;4536;23:00:00;2122,05;0,93174624;0;0;0;0;0;0;0;18103;2122,05;0;0;;;;;;;;;
;28;Lunes;4537;0:00:00;1518,65;0,9688253;0;0;0;0;0;0;0;16584;1518,65;0;0;;;;;;;;;
;;;4538;1:00:00;110,25;1,2180443;0;0;0;0;0;0;0;16474;110,25;0;0;;;;;;;;;
;;;4539;2:00:00;110,25;1,4624162;0;0;0;0;0;0;0;16364;110,25;0;0;;;;;;;;;
;;;4540;3:00:00;110,25;1,1916319;0;0;0;0;0;0;0;16253;110,25;0;0;;;;;;;;;
;;;4541;4:00:00;52;0,53338474;0;0;0;0;0;0;0;16201;52;0;0;;;;;;;;;
;;;4542;5:00:00;52;0,3692188;0;0;0;0;0;0;0;16149;52;0;0;;;;;;;;;
;;;4543;6:00:00;941,44;0,10098641;0;47,87;67,72;490,1888;287,22;287,22;0;15495;654,22;0;0;;;;;;;;;
;;;4544;7:00:00;1623,8;0,11844541;0;129,03;172,09;1321,2672;774,18;774,18;0;14646;849,62;0;0;;;;;;;;;
;;;4545;8:00:00;1023,8;0,33955067;0;280,38;498,72;2871,0912;1682,28;1682,28;658,48;15304;0;0;0;;;;;;;;;
;;;4546;9:00:00;468,04;0,8728342;0;141,78;163,45;1451,8272;850,68;850,68;382,64;15687;0;0;0;;;;;;;;;
;;;4547;10:00:00;897;1,1624625;0;130,8;150,8;1339,392;784,8;784,8;0;15574;112,2;0;0;;;;;;;;;
;;;4548;11:00:00;362;2,9633257;0;167,39;192,98;1714,0736;1004,34;1004,34;642,34;16217;0;0;0;;;;;;;;;
;;;4549;12:00:00;52;4,0609283;0;292,97;335,53;3000,0128;1757,82;1757,82;1705,82;17923;0;0;0;;;;;;;;;
;;;4550;13:00:00;3628;4,521167;0;424,6;456,9;4347,904;2547,6;2547,6;0;16842;1080,4;0;0;;;;;;;;;
;;;4551;14:00:00;1202;4,214289;0;619,9;600,68;6347,776;3719,4;3719,4;2517,4;19360;0;0;0;;;;;;;;;
;;;4552;15:00:00;1390,25;4,1900654;0;615,9;670,3;6306,816;3695,4;3695,4;2305,15;21665;0;0;0;;;;;;;;;
;;;4553;16:00:00;110,25;4,300828;0;249,03;293,26;2550,0672;1494,18;1494,18;1383,93;23049;0;0;0;;;;;;;;;
;;;4554;17:00:00;485,25;4,2385955;0;249,12;362,97;2550,9888;1494,72;1494,72;1009,47;24058;0;0;0;;;;;;;;;
;;;4555;18:00:00;678,93;3,7905307;0;125,83;226,45;1288,4992;754,98;754,98;76,05;24134;0;0;0;;;;;;;;;
;;;4556;19:00:00;2147,05;3,2250807;0;22,23;50,77;227,6352;133,38;133,38;0;22121;2013,67;0;0;;;;;;;;;
;;;4557;20:00:00;2051,05;2,4379823;0;0;0;0;0;0;0;20070;2051,05;0;0;;;;;;;;;
;;;4558;21:00:00;4587,05;1,4563173;0;0;0;0;0;0;0;15482;4587,05;0;0;;;;;;;;;
;;;4559;22:00:00;1397,05;0,99944705;0;0;0;0;0;0;0;14085;1397,05;0;0;;;;;;;;;
;;;4560;23:00:00;1587,05;1,075655;0;0;0;0;0;0;0;12498;1587,05;0;0;;;;;;;;;
;;Martes;4561;0:00:00;1518,65;1,3775959;0;0;0;0;0;0;0;10980;1518,65;0;0;;;;;;;;;
;;;4562;1:00:00;110,25;1,2756317;0;0;0;0;0;0;0;10869;110,25;0;0;;;;;;;;;
;;;4563;2:00:00;110,25;0,8044447;0;0;0;0;0;0;0;10759;110,25;0;0;;;;;;;;;
;;;4564;3:00:00;110,25;0,30114338;0;0;0;0;0;0;0;10649;110,25;0;0;;;;;;;;;
;;;4565;4:00:00;52;0,560743;0;0;0;0;0;0;0;10597;52;0;0;;;;;;;;;
;;;4566;5:00:00;52;0,71446925;0;0;0;0;0;0;0;10545;52;0;0;;;;;;;;;
;;;4567;6:00:00;941,44;0,681856;0;50,44;75,42;516,5056;302,64;302,64;0;9906;638,8;0;0;;;;;;;;;
;;;4568;7:00:00;1623,8;0,4881405;0;64,94;74,87;664,9856;389,64;389,64;0;8672;1234,16;0;0;;;;;;;;;
;;;4569;8:00:00;1023,8;0,036141604;0;92,39;106,51;946,0736;554,34;554,34;0;8203;469,46;0;0;;;;;;;;;
;;;4570;9:00:00;468,04;0,54100823;0;96,96;111,78;992,8704;581,76;581,76;113,72;8316;0;0;0;;;;;;;;;
;;;4571;10:00:00;897;1,2424659;0;146,35;168,72;1498,624;878,1;878,1;0;8297;18,9;0;0;;;;;;;;;
;;;4572;11:00:00;362;2,6120727;0;295,6;338,58;3026,944;1773,6;1773,6;1411,6;9709;0;0;0;;;;;;;;;
;;;4573;12:00:00;52;3,3793375;0;193,92;223,55;1985,7408;1163,52;1163,52;1111,52;10820;0;0;0;;;;;;;;;
;;;4574;13:00:00;3628;3,8445156;0;240,57;277,34;2463,4368;1443,42;1443,42;0;8636;2184,58;0;0;;;;;;;;;
;;;4575;14:00:00;1202;4,356131;0;210,38;242,53;2154,2912;1262,28;1262,28;60,28;8696;0;0;0;;;;;;;;;
;;;4576;15:00:00;1390,25;4,4179797;0;739,9;771,75;7576,576;4439,4;4439,4;3049,15;11745;0;0;0;;;;;;;;;
;;;4577;16:00:00;110,25;4,667882;0;661,52;899,95;6773,9648;3969,12;3969,12;3858,87;15604;0;0;0;;;;;;;;;
;;;4578;17:00:00;485,25;4,6409955;0;461,44;918,03;4725,1456;2768,64;2768,64;2283,39;17888;0;0;0;;;;;;;;;
;;;4579;18:00:00;678,93;4,043186;0;231,41;815,14;2369,6384;1388,46;1388,46;709,53;18597;0;0;0;;;;;;;;;
;;;4580;19:00:00;2147,05;2,8529985;0;29,07;611,96;297,6768;174,42;174,42;0;16624;1972,63;0;0;;;;;;;;;
;;;4581;20:00:00;2051,05;1,6573455;0;0;0;0;0;0;0;14573;2051,05;0;0;;;;;;;;;
;;;4582;21:00:00;4587,05;1,3554996;0;0;0;0;0;0;0;9986;4587,05;0;0;;;;;;;;;
;;;4583;22:00:00;1397,05;1,8768783;0;0;0;0;0;0;0;8589;1397,05;0;0;;;;;;;;;
;;;4584;23:00:00;1587,05;1,6040014;0;0;0;0;0;0;0;7002;1587,05;0;0;;;;;;;;;
;;Miércoles;4585;0:00:00;1518,65;0,80910194;0;0;0;0;0;0;0;5484;1518,65;0;0;;;;;;;;;
;;;4586;1:00:00;110,25;0,5039822;0;0;0;0;0;0;0;5373;110,25;0;0;;;;;;;;;
;;;4587;2:00:00;110,25;0,7138049;0;0;0;0;0;0;0;5263;110,25;0;0;;;;;;;;;
;;;4588;3:00:00;110,25;1,0340918;0;0;0;0;0;0;0;5153;110,25;0;0;;;;;;;;;
;;;4589;4:00:00;52;1,1775426;0;0;0;0;0;0;0;5101;52;0;0;;;;;;;;;
;;;4590;5:00:00;52;1,271243;0;0;0;0;0;0;0;5049;52;0;0;;;;;;;;;
;;;4591;6:00:00;941,44;1,3694729;0;50,44;425,87;516,5056;302,64;302,64;0;4410;638,8;0;0;;;;;;;;;
;;;4592;7:00:00;1623,8;0,8585732;0;95,97;691,87;982,7328;575,82;575,82;0;3362;1047,98;0;0;;;;;;;;;
;;;4593;8:00:00;1023,8;0,17653485;0;295,38;754,67;3024,6912;1772,28;1772,28;748,48;4111;0;0;0;;;;;;;;;
;;;4594;9:00:00;468,04;0,78603226;0;508,29;724,41;5204,8896;3049,74;3049,74;2581,7;6692;0;0;0;;;;;;;;;
;;;4595;10:00:00;897;1,370991;0;702,39;610,13;7192,4736;4214,34;4214,34;3317,34;10010;0;0;0;;;;;;;;;
;;;4596;11:00:00;362;2,3085272;0;865,12;430,36;8858,8288;5190,72;5190,72;4828,72;14838;0;0;0;;;;;;;;;
;;;4597;12:00:00;52;3,2659736;0;973,08;233,36;9964,3392;5838,48;5838,48;5786,48;20625;0;0;0;;;;;;;;;
;;;4598;13:00:00;3628;3,96929;0;1019,5;461,84;10439,68;6117;6117;2489;23114;0;0;0;;;;;;;;;
;;;4599;14:00:00;1202;4,6957703;0;953,57;679,38;9764,5568;5721,42;5721,42;4519,42;27633;0;0;0;;;;;;;;;
;;;4600;15:00:00;1390,25;5,0656567;0;854,81;836,76;8753,2544;5128,86;5128,86;3738,61;31372;0;0;0;;;;;;;;;
;;;4601;16:00:00;110,25;4,5933423;0;680,72;925,62;6970,5728;4084,32;4084,32;3974,07;35346;0;0;0;;;;;;;;;
;;;4602;17:00:00;485,25;3,6052303;0;484,65;971,37;4962,816;2907,9;2907,9;2422,65;37769;0;0;191,23;;;;;;;;;
;;;4603;18:00:00;678,93;2,8990188;0;240,36;860,03;2461,2864;1442,16;1442,16;763,23;38532;0;0;0;;;;;;;;;
;;;4604;19:00:00;2147,05;2,4753969;0;28,21;723,93;288,8704;169,26;169,26;0;36554;1977,79;0;0;;;;;;;;;
;;;4605;20:00:00;2051,05;1,935978;0;0;0;0;0;0;0;34503;2051,05;0;0;;;;;;;;;
;;;4606;21:00:00;4587,05;1,8219922;0;0;0;0;0;0;0;29916;4587,05;0;0;;;;;;;;;
;;;4607;22:00:00;1397,05;1,8274258;0;0;0;0;0;0;0;28519;1397,05;0;0;;;;;;;;;
;;;4608;23:00:00;1587,05;1,0941252;0;0;0;0;0;0;0;26932;1587,05;0;0;;;;;;;;;
;;Jueves;4609;0:00:00;1518,65;0,52062744;0;0;0;0;0;0;0;25413;1518,65;0;0;;;;;;;;;
;;;4610;1:00:00;110,25;0,39411205;0;0;0;0;0;0;0;25303;110,25;0;0;;;;;;;;;
;;;4611;2:00:00;110,25;0,5796781;0;0;0;0;0;0;0;25193;110,25;0;0;;;;;;;;;
;;;4612;3:00:00;110,25;0,69755936;0;0;0;0;0;0;0;25082;110,25;0;0;;;;;;;;;
;;;4613;4:00:00;52;0,7941742;0;0;0;0;0;0;0;25030;52;0;0;;;;;;;;;
;;;4614;5:00:00;52;0,79882437;0;0;0;0;0;0;0;24978;52;0;0;;;;;;;;;
;;;4615;6:00:00;941,44;0,45439526;0;52,15;379,2;534,016;312,9;312,9;0;24350;628,54;0;0;;;;;;;;;
;;;4616;7:00:00;1623,8;0,7126418;0;96,57;676,6;988,8768;579,42;579,42;0;23306;1044,38;0;0;;;;;;;;;
;;;4617;8:00:00;1023,8;1,8008865;0;291,81;733,68;2988,1344;1750,86;1750,86;727,06;24033;0;0;0;;;;;;;;;
;;;4618;9:00:00;468,04;2,5264997;0;504,29;719,42;5163,9296;3025,74;3025,74;2557,7;26590;0;0;0;;;;;;;;;
;;;4619;10:00:00;897;2,87353;0;694,37;609,21;7110,3488;4166,22;4166,22;3269,22;29859;0;0;0;;;;;;;;;
;;;4620;11:00:00;362;3,5414784;0;858,87;429,54;8794,8288;5153,22;5153,22;4791,22;34651;0;0;0;;;;;;;;;
;;;4621;12:00:00;52;3,9779198;0;971,16;228,46;9944,6784;5826,96;5826,96;5774,96;40000;0;0;5774,96;;;;;;;;;
;;;4622;13:00:00;3628;4,1150517;0;1000,97;464,14;10249,9328;6005,82;6005,82;2377,82;40000;0;0;2377,82;;;;;;;;;
;;;4623;14:00:00;1202;4,3252144;0;957,52;672,15;9805,0048;5745,12;5745,12;4543,12;40000;0;0;4543,12;;;;;;;;;
;;;4624;15:00:00;1390,25;4,4899855;0;858,88;836,78;8794,9312;5153,28;5153,28;3763,03;40000;0;0;3763,03;;;;;;;;;
;;;4625;16:00:00;110,25;4,1849937;0;683,8;928,08;7002,112;4102,8;4102,8;3992,55;40000;0;0;3992,55;;;;;;;;;
;;;4626;17:00:00;485,25;3,3128335;0;439,75;855,7;4503,04;2638,5;2638,5;2153,25;40000;0;0;2153,25;;;;;;;;;
;;;4627;18:00:00;678,93;2,5509813;0;217,11;711,82;2223,2064;1302,66;1302,66;623,73;40000;0;0;623,73;;;;;;;;;
;;;4628;19:00:00;2147,05;2,202681;0;29,07;538,13;297,6768;174,42;174,42;0;38027;1972,63;0;0;;;;;;;;;
;;;4629;20:00:00;2051,05;1,8288486;0;0;0;0;0;0;0;35976;2051,05;0;0;;;;;;;;;
;;;4630;21:00:00;4587,05;1,325036;0;0;0;0;0;0;0;31389;4587,05;0;0;;;;;;;;;
;;;4631;22:00:00;1397,05;1,1537244;0;0;0;0;0;0;0;29992;1397,05;0;0;;;;;;;;;
;;;4632;23:00:00;1587,05;0,52490824;0;0;0;0;0;0;0;28405;1587,05;0;0;;;;;;;;;
;;Viernes;4633;0:00:00;1518,65;0,5105375;0;0;0;0;0;0;0;26887;1518,65;0;0;;;;;;;;;
;;;4634;1:00:00;110,25;0,54437685;0;0;0;0;0;0;0;26776;110,25;0;0;;;;;;;;;
;;;4635;2:00:00;110,25;0,63272464;0;0;0;0;0;0;0;26666;110,25;0;0;;;;;;;;;
;;;4636;3:00:00;110,25;0,5875708;0;0;0;0;0;0;0;26556;110,25;0;0;;;;;;;;;
;;;4637;4:00:00;52;1,3447293;0;0;0;0;0;0;0;26504;52;0;0;;;;;;;;;
;;;4638;5:00:00;52;1,7460241;0;0;0;0;0;0;0;26452;52;0;0;;;;;;;;;
;;;4639;6:00:00;941,44;1,9311409;0;58,99;295,09;604,0576;353,94;353,94;0;25864;587,5;0;0;;;;;;;;;
;;;4640;7:00:00;1623,8;2,1658452;0;106,71;607,61;1092,7104;640,26;640,26;0;24881;983,54;0;0;;;;;;;;;
;;;4641;8:00:00;1023,8;2,549373;0;289,73;602,4;2966,8352;1738,38;1738,38;714,58;25595;0;0;0;;;;;;;;;
;;;4642;9:00:00;468,04;2,9968317;0;482,06;687,41;4936,2944;2892,36;2892,36;2424,32;28020;0;0;0;;;;;;;;;
;;;4643;10:00:00;897;3,6276963;0;678,01;612,08;6942,8224;4068,06;4068,06;3171,06;31191;0;0;0;;;;;;;;;
;;;4644;11:00:00;362;3,998892;0;831,99;452,03;8519,5776;4991,94;4991,94;4629,94;35821;0;0;450,57;;;;;;;;;
;;;4645;12:00:00;52;4,328974;0;934,78;269,06;9572,1472;5608,68;5608,68;5556,68;40000;0;0;5556,68;;;;;;;;;
;;;4646;13:00:00;3628;5,0091424;0;972,7;479,04;9960,448;5836,2;5836,2;2208,2;40000;0;0;2208,2;;;;;;;;;
;;;4647;14:00:00;1202;5,149217;0;951,25;668,54;9740,8;5707,5;5707,5;4505,5;40000;0;0;4505,5;;;;;;;;;
;;;4648;15:00:00;1390,25;5,0290318;0;852,46;830,34;8729,1904;5114,76;5114,76;3724,51;40000;0;0;3724,51;;;;;;;;;
;;;4649;16:00:00;110,25;4,668002;0;678,34;919,88;6946,2016;4070,04;4070,04;3959,79;40000;0;0;3959,79;;;;;;;;;
;;;4650;17:00:00;485,25;3,8459878;0;463,29;918,81;4744,0896;2779,74;2779,74;2294,49;40000;0;0;2294,49;;;;;;;;;
;;;4651;18:00:00;678,93;2,7733903;0;228,23;786,75;2337,0752;1369,38;1369,38;690,45;40000;0;0;690,45;;;;;;;;;
;;;4652;19:00:00;2147,05;2,1227434;0;29,07;499,6;297,6768;174,42;174,42;0;38027;1972,63;0;0;;;;;;;;;
;;;4653;20:00:00;2051,05;2,3410523;0;0;0;0;0;0;0;35976;2051,05;0;0;;;;;;;;;
;;;4654;21:00:00;4587,05;2,373547;0;0;0;0;0;0;0;31389;4587,05;0;0;;;;;;;;;
;;;4655;22:00:00;1397,05;2,484912;0;0;0;0;0;0;0;29992;1397,05;0;0;;;;;;;;;
;;;4656;23:00:00;1587,05;2,0636632;0;0;0;0;0;0;0;28405;1587,05;0;0;;;;;;;;;
;;Sábado;4657;0:00:00;1587,05;2,4123886;0;0;0;0;0;0;0;26818;1587,05;0;0;;;;;;;;;
;;;4658;1:00:00;420,25;2,6878932;0;0;0;0;0;0;0;26398;420,25;0;0;;;;;;;;;
;;;4659;2:00:00;110,25;2,6691446;0;0;0;0;0;0;0;26288;110,25;0;0;;;;;;;;;
;;;4660;3:00:00;52;2,7406979;0;0;0;0;0;0;0;26236;52;0;0;;;;;;;;;
;;;4661;4:00:00;52;3,0805495;0;0;0;0;0;0;0;26184;52;0;0;;;;;;;;;
;;;4662;5:00:00;52;2,989356;0;0;0;0;0;0;0;26132;52;0;0;;;;;;;;;
;;;4663;6:00:00;297;2,9661443;0;53;364,13;542,72;318;318;21;26153;0;0;0;;;;;;;;;
;;;4664;7:00:00;1330,4;3,2896771;0;95,7;670,37;979,968;574,2;574,2;0;25396;756,2;0;0;;;;;;;;;
;;;4665;8:00:00;1193,8;4,0368304;0;290,55;742,81;2975,232;1743,3;1743,3;549,5;25946;0;0;0;;;;;;;;;
;;;4666;9:00:00;1205,68;4,6237106;0;507,56;724,72;5197,4144;3045,36;3045,36;1839,68;27786;0;0;0;;;;;;;;;
;;;4667;10:00:00;1618;4,9993343;0;703,37;604,93;7202,5088;4220,22;4220,22;2602,22;30388;0;0;0;;;;;;;;;
;;;4668;11:00:00;232;5,1173205;0;869,37;422,33;8902,3488;5216,22;5216,22;4984,22;35372;0;0;356,26;;;;;;;;;
;;;4669;12:00:00;52;4,847141;0;968,88;228,1;9921,3312;5813,28;5813,28;5761,28;40000;0;0;5761,28;;;;;;;;;
;;;4670;13:00:00;2440,25;4,84244;0;998,61;462,38;10225,7664;5991,66;5991,66;3551,41;40000;0;0;3551,41;;;;;;;;;
;;;4671;14:00:00;3540,25;4,4711466;0;966,35;670,32;9895,424;5798,1;5798,1;2257,85;40000;0;0;2257,85;;;;;;;;;
;;;4672;15:00:00;1390,25;4,5191226;0;842,01;826,4;8622,1824;5052,06;5052,06;3661,81;40000;0;0;3661,81;;;;;;;;;
;;;4673;16:00:00;110,25;4,516649;0;674,78;915,64;6909,7472;4048,68;4048,68;3938,43;40000;0;0;3938,43;;;;;;;;;
;;;4674;17:00:00;52;4,5930347;0;456,78;900,16;4677,4272;2740,68;2740,68;2688,68;40000;0;0;2688,68;;;;;;;;;
;;;4675;18:00:00;117;4,4100313;0;217,11;709,36;2223,2064;1302,66;1302,66;1185,66;40000;0;0;1185,66;;;;;;;;;
;;;4676;19:00:00;209,4;3,5946999;0;29,07;31;297,6768;174,42;174,42;0;39965;34,98;0;0;;;;;;;;;
;;;4677;20:00:00;1642,04;2,9248595;0;0;0;0;0;0;0;38323;1642,04;0;0;;;;;;;;;
;;;4678;21:00:00;4528,8;2,4834828;0;0;0;0;0;0;0;33794;4528,8;0;0;;;;;;;;;
;;;4679;22:00:00;1932,05;1,9509673;0;0;0;0;0;0;0;31862;1932,05;0;0;;;;;;;;;
;;;4680;23:00:00;2122,05;1,5104396;0;0;0;0;0;0;0;29740;2122,05;0;0;;;;;;;;;
;;Domingo;4681;0:00:00;1587,05;1,0729462;0;0;0;0;0;0;0;28153;1587,05;0;0;;;;;;;;;
;;;4682;1:00:00;420,25;0,80090165;0;0;0;0;0;0;0;27733;420,25;0;0;;;;;;;;;
;;;4683;2:00:00;110,25;0,6767799;0;0;0;0;0;0;0;27623;110,25;0;0;;;;;;;;;
;;;4684;3:00:00;52;0,49360043;0;0;0;0;0;0;0;27571;52;0;0;;;;;;;;;
;;;4685;4:00:00;52;0,43452138;0;0;0;0;0;0;0;27519;52;0;0;;;;;;;;;
;;;4686;5:00:00;52;0,3583881;0;0;0;0;0;0;0;27467;52;0;0;;;;;;;;;
;;;4687;6:00:00;297;0,53804755;0;58,13;283,81;595,2512;348,78;348,78;51,78;27518;0;0;0;;;;;;;;;
;;;4688;7:00:00;1330,4;1,1870041;0;113,74;567,15;1164,6976;682,44;682,44;0;26870;647,96;0;0;;;;;;;;;
;;;4689;8:00:00;1193,8;1,5893881;0;289,77;671,46;2967,2448;1738,62;1738,62;544,82;27415;0;0;0;;;;;;;;;
;;;4690;9:00:00;1205,68;1,5721537;0;489,4;701,15;5011,456;2936,4;2936,4;1730,72;29146;0;0;0;;;;;;;;;
;;;4691;10:00:00;1618;1,8655115;0;638,05;620,03;6533,632;3828,3;3828,3;2210,3;31356;0;0;0;;;;;;;;;
;;;4692;11:00:00;232;2,7791293;0;826,76;463,7;8466,0224;4960,56;4960,56;4728,56;36085;0;0;813,31;;;;;;;;;
;;;4693;12:00:00;52;3,5061357;0;933,5;275,21;9559,04;5601;5601;5549;40000;0;0;5549;;;;;;;;;
;;;4694;13:00:00;2440,25;4,2547784;0;976,7;478,62;10001,408;5860,2;5860,2;3419,95;40000;0;0;3419,95;;;;;;;;;
;;;4695;14:00:00;3540,25;5,034081;0;933,44;675,72;9558,4256;5600,64;5600,64;2060,39;40000;0;0;2060,39;;;;;;;;;
;;;4696;15:00:00;1390,25;5,843102;0;821,19;818,19;8408,9856;4927,14;4927,14;3536,89;40000;0;0;3536,89;;;;;;;;;
;;;4697;16:00:00;110,25;5,9213543;0;89,64;103,34;917,9136;537,84;537,84;427,59;40000;0;0;427,59;;;;;;;;;
;;;4698;17:00:00;52;4,9244657;0;429,51;826,57;4398,1824;2577,06;2577,06;2525,06;40000;0;0;2525,06;;;;;;;;;
;;;4699;18:00:00;117;3,423021;0;209,65;662,47;2146,816;1257,9;1257,9;1140,9;40000;0;0;1140,9;;;;;;;;;
;;;4700;19:00:00;209,4;2,184255;0;28,21;30,1;288,8704;169,26;169,26;0;39960;40,14;0;0;;;;;;;;;
;;;4701;20:00:00;1642,04;2,15706;0;0;0;0;0;0;0;38318;1642,04;0;0;;;;;;;;;
;;;4702;21:00:00;4528,8;1,9735855;0;0;0;0;0;0;0;33789;4528,8;0;0;;;;;;;;;
;;;4703;22:00:00;1932,05;2,1743264;0;0;0;0;0;0;0;31857;1932,05;0;0;;;;;;;;;
;;;4704;23:00:00;2122,05;1,9843078;0;0;0;0;0;0;0;29735;2122,05;0;0;;;;;;;;;
;29;Lunes;4705;0:00:00;1518,65;1,6477541;0;0;0;0;0;0;0;28216;1518,65;0;0;;;;;;;;;
;;;4706;1:00:00;110,25;1,2737553;0;0;0;0;0;0;0;28106;110,25;0;0;;;;;;;;;
;;;4707;2:00:00;110,25;0,93084717;0;0;0;0;0;0;0;27996;110,25;0;0;;;;;;;;;
;;;4708;3:00:00;110,25;0,90513575;0;0;0;0;0;0;0;27886;110,25;0;0;;;;;;;;;
;;;4709;4:00:00;52;0,98904896;0;0;0;0;0;0;0;27834;52;0;0;;;;;;;;;
;;;4710;5:00:00;52;1,1001102;0;0;0;0;0;0;0;27782;52;0;0;;;;;;;;;
;;;4711;6:00:00;941,44;1,2163366;0;58,99;249,43;604,0576;353,94;353,94;0;27194;587,5;0;0;;;;;;;;;
;;;4712;7:00:00;1623,8;0,8382908;0;118,65;539,01;1214,976;711,9;711,9;0;26282;911,9;0;0;;;;;;;;;
;;;4713;8:00:00;1023,8;0,87593895;0;289,27;684,98;2962,1248;1735,62;1735,62;711,82;26994;0;0;0;;;;;;;;;
;;;4714;9:00:00;468,04;1,2048801;0;490,59;703,53;5023,6416;2943,54;2943,54;2475,5;29469;0;0;0;;;;;;;;;
;;;4715;10:00:00;897;1,2465966;0;669,52;615,96;6855,8848;4017,12;4017,12;3120,12;32590;0;0;0;;;;;;;;;
;;;4716;11:00:00;362;1,5906993;0;837,79;449,15;8578,9696;5026,74;5026,74;4664,74;37254;0;0;1919,04;;;;;;;;;
;;;4717;12:00:00;52;2,1784813;0;936,77;266,83;9592,5248;5620,62;5620,62;5568,62;40000;0;0;5568,62;;;;;;;;;
;;;4718;13:00:00;3628;3,0679882;0;975,06;477,69;9984,6144;5850,36;5850,36;2222,36;40000;0;0;2222,36;;;;;;;;;
;;;4719;14:00:00;1202;3,8140073;0;943,51;671,63;9661,5424;5661,06;5661,06;4459,06;40000;0;0;4459,06;;;;;;;;;
;;;4720;15:00:00;1390,25;4,2314744;0;820,47;817,5;8401,6128;4922,82;4922,82;3532,57;40000;0;0;3532,57;;;;;;;;;
;;;4721;16:00:00;110,25;4,1056514;0;664,3;901,67;6802,432;3985,8;3985,8;3875,55;40000;0;0;3875,55;;;;;;;;;
;;;4722;17:00:00;485,25;3,7953475;0;437,18;847,54;4476,7232;2623,08;2623,08;2137,83;40000;0;0;2137,83;;;;;;;;;
;;;4723;18:00:00;678,93;3,7010734;0;221,56;742,6;2268,7744;1329,36;1329,36;650,43;40000;0;0;650,43;;;;;;;;;
;;;4724;19:00:00;2147,05;2,8597302;0;28,21;30,1;288,8704;169,26;169,26;0;38022;1977,79;0;0;;;;;;;;;
;;;4725;20:00:00;2051,05;1,2653272;0;0;0;0;0;0;0;35971;2051,05;0;0;;;;;;;;;
;;;4726;21:00:00;4587,05;1,1823182;0;0;0;0;0;0;0;31384;4587,05;0;0;;;;;;;;;
;;;4727;22:00:00;1397,05;2,2966938;0;0;0;0;0;0;0;29987;1397,05;0;0;;;;;;;;;
;;;4728;23:00:00;1587,05;1,9823114;0;0;0;0;0;0;0;28400;1587,05;0;0;;;;;;;;;
;;Martes;4729;0:00:00;1518,65;1,3759683;0;0;0;0;0;0;0;26881;1518,65;0;0;;;;;;;;;
;;;4730;1:00:00;110,25;1,1257342;0;0;0;0;0;0;0;26771;110,25;0;0;;;;;;;;;
;;;4731;2:00:00;110,25;1,5057831;0;0;0;0;0;0;0;26661;110,25;0;0;;;;;;;;;
;;;4732;3:00:00;110,25;1,6714998;0;0;0;0;0;0;0;26551;110,25;0;0;;;;;;;;;
;;;4733;4:00:00;52;1,6816192;0;0;0;0;0;0;0;26499;52;0;0;;;;;;;;;
;;;4734;5:00:00;52;1,7963842;0;0;0;0;0;0;0;26447;52;0;0;;;;;;;;;
;;;4735;6:00:00;941,44;2,1503851;0;56,42;270,77;577,7408;338,52;338,52;0;25844;602,92;0;0;;;;;;;;;
;;;4736;7:00:00;1623,8;3,378262;0;121,51;510,42;1244,2624;729,06;729,06;0;24949;894,74;0;0;;;;;;;;;
;;;4737;8:00:00;1023,8;3,9325268;0;287,69;655,68;2945,9456;1726,14;1726,14;702,34;25651;0;0;0;;;;;;;;;
;;;4738;9:00:00;468,04;4,0656457;0;480,44;687,56;4919,7056;2882,64;2882,64;2414,6;28066;0;0;0;;;;;;;;;
;;;4739;10:00:00;897;4,0541387;0;652,06;616,74;6677,0944;3912,36;3912,36;3015,36;31081;0;0;0;;;;;;;;;
;;;4740;11:00:00;362;4,298463;0;819,21;467,01;8388,7104;4915,26;4915,26;4553,26;35635;0;0;187,77;;;;;;;;;
;;;4741;12:00:00;52;4,604297;0;909,2;303,61;9310,208;5455,2;5455,2;5403,2;40000;0;0;5403,2;;;;;;;;;
;;;4742;13:00:00;3628;4,506811;0;927,55;511,4;9498,112;5565,3;5565,3;1937,3;40000;0;0;1937,3;;;;;;;;;
;;;4743;14:00:00;1202;4,276948;0;780,17;668,89;7988,9408;4681,02;4681,02;3479,02;40000;0;0;3479,02;;;;;;;;;
;;;4744;15:00:00;1390,25;4,08499;0;243,96;280,86;2498,1504;1463,76;1463,76;73,51;40000;0;0;73,51;;;;;;;;;
;;;4745;16:00:00;110,25;4,3894334;0;458,45;599,18;4694,528;2750,7;2750,7;2640,45;40000;0;0;2640,45;;;;;;;;;
;;;4746;17:00:00;485,25;4,1141186;0;33,84;39,01;346,5216;203,04;203,04;0;39718;282,21;0;0;;;;;;;;;
;;;4747;18:00:00;678,93;3,5071714;0;39,33;45,35;402,7392;235,98;235,98;0;39275;442,95;0;0;;;;;;;;;
;;;4748;19:00:00;2147,05;2,8606656;0;26,5;28,28;271,36;159;159;0;37287;1988,05;0;0;;;;;;;;;
;;;4749;20:00:00;2051,05;2,7110527;0;0;0;0;0;0;0;35236;2051,05;0;0;;;;;;;;;
;;;4750;21:00:00;4587,05;2,7960222;0;0;0;0;0;0;0;30649;4587,05;0;0;;;;;;;;;
;;;4751;22:00:00;1397,05;2,574942;0;0;0;0;0;0;0;29252;1397,05;0;0;;;;;;;;;
;;;4752;23:00:00;1587,05;2,4836085;0;0;0;0;0;0;0;27665;1587,05;0;0;;;;;;;;;
;;Miércoles;4753;0:00:00;1518,65;2,2278612;0;0;0;0;0;0;0;26146;1518,65;0;0;;;;;;;;;
;;;4754;1:00:00;110,25;2,226749;0;0;0;0;0;0;0;26036;110,25;0;0;;;;;;;;;
;;;4755;2:00:00;110,25;2,626415;0;0;0;0;0;0;0;25925;110,25;0;0;;;;;;;;;
;;;4756;3:00:00;110,25;3,099706;0;0;0;0;0;0;0;25815;110,25;0;0;;;;;;;;;
;;;4757;4:00:00;52;3,2837944;0;0;0;0;0;0;0;25763;52;0;0;;;;;;;;;
;;;4758;5:00:00;52;3,5897744;0;0;0;0;0;0;0;25711;52;0;0;;;;;;;;;
;;;4759;6:00:00;941,44;3,6368034;0;56,42;268,14;577,7408;338,52;338,52;0;25108;602,92;0;0;;;;;;;;;
;;;4760;7:00:00;1623,8;4,0952835;0;105,22;601,01;1077,4528;631,32;631,32;0;24116;992,48;0;0;;;;;;;;;
;;;4761;8:00:00;1023,8;4,4173594;0;287,78;730,15;2946,8672;1726,68;1726,68;702,88;24819;0;0;0;;;;;;;;;
;;;4762;9:00:00;468,04;4,6864586;0;495,21;711,44;5070,9504;2971,26;2971,26;2503,22;27322;0;0;0;;;;;;;;;
;;;4763;10:00:00;897;4,8683643;0;705,26;608,22;7221,8624;4231,56;4231,56;3334,56;30656;0;0;0;;;;;;;;;
;;;4764;11:00:00;362;4,9746037;0;876,3;421,74;8973,312;5257,8;5257,8;4895,8;35552;0;0;448,05;;;;;;;;;
;;;4765;12:00:00;52;4,938785;0;977,88;220,68;10013,4912;5867,28;5867,28;5815,28;40000;0;0;5815,28;;;;;;;;;
;;;4766;13:00:00;3628;4,1679935;0;1004,26;462,43;10283,6224;6025,56;6025,56;2397,56;40000;0;0;2397,56;;;;;;;;;
;;;4767;14:00:00;1202;3,3882205;0;961,05;671,55;9841,152;5766,3;5766,3;4564,3;40000;0;0;4564,3;;;;;;;;;
;;;4768;15:00:00;1390,25;2,899579;0;861,66;836,02;8823,3984;5169,96;5169,96;3779,71;40000;0;0;3779,71;;;;;;;;;
;;;4769;16:00:00;110,25;2,3822854;0;686,38;928,22;7028,5312;4118,28;4118,28;4008,03;40000;0;0;4008,03;;;;;;;;;
;;;4770;17:00:00;485,25;2,3082395;0;474,94;942,73;4863,3856;2849,64;2849,64;2364,39;40000;0;0;2364,39;;;;;;;;;
;;;4771;18:00:00;678,93;2,6032786;0;238,67;845,02;2443,9808;1432,02;1432,02;753,09;40000;0;0;753,09;;;;;;;;;
;;;4772;19:00:00;2147,05;3,0000417;0;26,5;28,28;271,36;159;159;0;38012;1988,05;0;0;;;;;;;;;
;;;4773;20:00:00;2051,05;2,4028344;0;0;0;0;0;0;0;35961;2051,05;0;0;;;;;;;;;
;;;4774;21:00:00;4587,05;1,354691;0;0;0;0;0;0;0;31374;4587,05;0;0;;;;;;;;;
;;;4775;22:00:00;1397,05;1,0052196;0;0;0;0;0;0;0;29977;1397,05;0;0;;;;;;;;;
;;;4776;23:00:00;1587,05;0,8030938;0;0;0;0;0;0;0;28390;1587,05;0;0;;;;;;;;;
;;Jueves;4777;0:00:00;1518,65;0,6879501;0;0;0;0;0;0;0;26871;1518,65;0;0;;;;;;;;;
;;;4778;1:00:00;110,25;0,76161176;0;0;0;0;0;0;0;26761;110,25;0;0;;;;;;;;;
;;;4779;2:00:00;110,25;0,7415615;0;0;0;0;0;0;0;26651;110,25;0;0;;;;;;;;;
;;;4780;3:00:00;110,25;0,6304414;0;0;0;0;0;0;0;26540;110,25;0;0;;;;;;;;;
;;;4781;4:00:00;52;0,5915688;0;0;0;0;0;0;0;26488;52;0;0;;;;;;;;;
;;;4782;5:00:00;52;0,66812617;0;0;0;0;0;0;0;26436;52;0;0;;;;;;;;;
;;;4783;6:00:00;941,44;1,0832644;0;53;307,71;542,72;318;318;0;25813;623,44;0;0;;;;;;;;;
;;;4784;7:00:00;1623,8;0,96503216;0;104,31;607,47;1068,1344;625,86;625,86;0;24815;997,94;0;0;;;;;;;;;
;;;4785;8:00:00;1023,8;0,81449085;0;289,53;737,48;2964,7872;1737,18;1737,18;713,38;25528;0;0;0;;;;;;;;;
;;;4786;9:00:00;468,04;1,8553364;0;502,95;722,55;5150,208;3017,7;3017,7;2549,66;28078;0;0;0;;;;;;;;;
;;;4787;10:00:00;897;2,7618098;0;694,72;615,71;7113,9328;4168,32;4168,32;3271,32;31349;0;0;0;;;;;;;;;
;;;4788;11:00:00;362;3,6865625;0;861,84;438,15;8825,2416;5171,04;5171,04;4809,04;36158;0;0;967,41;;;;;;;;;
;;;4789;12:00:00;52;3,9973238;0;955,42;257,4;9783,5008;5732,52;5732,52;5680,52;40000;0;0;5680,52;;;;;;;;;
;;;4790;13:00:00;3628;3,8467295;0;984,38;486,18;10080,0512;5906,28;5906,28;2278,28;40000;0;0;2278,28;;;;;;;;;
;;;4791;14:00:00;1202;4,126575;0;958,08;678,52;9810,7392;5748,48;5748,48;4546,48;40000;0;0;4546,48;;;;;;;;;
;;;4792;15:00:00;1390,25;4,1507196;0;854,88;835,72;8753,9712;5129,28;5129,28;3739,03;40000;0;0;3739,03;;;;;;;;;
;;;4793;16:00:00;110,25;3,5239713;0;676,14;916,76;6923,6736;4056,84;4056,84;3946,59;40000;0;0;3946,59;;;;;;;;;
;;;4794;17:00:00;485,25;3,582121;0;409,7;769,14;4195,328;2458,2;2458,2;1972,95;40000;0;0;1972,95;;;;;;;;;
;;;4795;18:00:00;678,93;3,2342002;0;232,77;806,34;2383,5648;1396,62;1396,62;717,69;40000;0;0;717,69;;;;;;;;;
;;;4796;19:00:00;2147,05;2,3887014;0;26,5;28,28;271,36;159;159;0;38012;1988,05;0;0;;;;;;;;;
;;;4797;20:00:00;2051,05;1,7818664;0;0;0;0;0;0;0;35961;2051,05;0;0;;;;;;;;;
;;;4798;21:00:00;4587,05;1,7302411;0;0;0;0;0;0;0;31374;4587,05;0;0;;;;;;;;;
;;;4799;22:00:00;1397,05;1,1396972;0;0;0;0;0;0;0;29977;1397,05;0;0;;;;;;;;;
;;;4800;23:00:00;1587,05;0,6607593;0;0;0;0;0;0;0;28390;1587,05;0;0;;;;;;;;;
;;Viernes;4801;0:00:00;1518,65;0,4601707;0;0;0;0;0;0;0;26871;1518,65;0;0;;;;;;;;;
;;;4802;1:00:00;110,25;0,57558984;0;0;0;0;0;0;0;26761;110,25;0;0;;;;;;;;;
;;;4803;2:00:00;110,25;0,5068042;0;0;0;0;0;0;0;26651;110,25;0;0;;;;;;;;;
;;;4804;3:00:00;110,25;0,6319684;0;0;0;0;0;0;0;26540;110,25;0;0;;;;;;;;;
;;;4805;4:00:00;52;0,7696216;0;0;0;0;0;0;0;26488;52;0;0;;;;;;;;;
;;;4806;5:00:00;52;0,9798909;0;0;0;0;0;0;0;26436;52;0;0;;;;;;;;;
;;;4807;6:00:00;941,44;1,2641363;0;51,29;331,48;525,2096;307,74;307,74;0;25803;633,7;0;0;;;;;;;;;
;;;4808;7:00:00;1623,8;0,87768596;0;98,69;627,84;1010,5856;592,14;592,14;0;24771;1031,66;0;0;;;;;;;;;
;;;4809;8:00:00;1023,8;0,7889566;0;288,88;743,35;2958,1312;1733,28;1733,28;709,48;25480;0;0;0;;;;;;;;;
;;;4810;9:00:00;468,04;1,2364725;0;509,6;731,6;5218,304;3057,6;3057,6;2589,56;28070;0;0;0;;;;;;;;;
;;;4811;10:00:00;897;1,8174944;0;712,27;611,68;7293,6448;4273,62;4273,62;3376,62;31447;0;0;0;;;;;;;;;
;;;4812;11:00:00;362;2,7075946;0;882,24;424,2;9034,1376;5293,44;5293,44;4931,44;36378;0;0;1309,53;;;;;;;;;
;;;4813;12:00:00;52;3,5000477;0;989,29;214,52;10130,3296;5935,74;5935,74;5883,74;40000;0;0;5883,74;;;;;;;;;
;;;4814;13:00:00;3628;4,079673;0;1027,29;455,86;10519,4496;6163,74;6163,74;2535,74;40000;0;0;2535,74;;;;;;;;;
;;;4815;14:00:00;1202;4,6731696;0;984,52;674,99;10081,4848;5907,12;5907,12;4705,12;40000;0;0;4705,12;;;;;;;;;
;;;4816;15:00:00;1390,25;4,8750916;0;869,38;842,41;8902,4512;5216,28;5216,28;3826,03;40000;0;0;3826,03;;;;;;;;;
;;;4817;16:00:00;110,25;4,6645465;0;693,01;936,66;7096,4224;4158,06;4158,06;4047,81;40000;0;0;4047,81;;;;;;;;;
;;;4818;17:00:00;485,25;3,8481357;0;469,89;929,06;4811,6736;2819,34;2819,34;2334,09;40000;0;0;2334,09;;;;;;;;;
;;;4819;18:00:00;678,93;2,79884;0;232,12;802,66;2376,9088;1392,72;1392,72;713,79;40000;0;0;713,79;;;;;;;;;
;;;4820;19:00:00;2147,05;2,1995218;0;25,65;27,36;262,656;153,9;153,9;0;38007;1993,15;0;0;;;;;;;;;
;;;4821;20:00:00;2051,05;1,6149733;0;0;0;0;0;0;0;35956;2051,05;0;0;;;;;;;;;
;;;4822;21:00:00;4587,05;1,24584;0;0;0;0;0;0;0;31369;4587,05;0;0;;;;;;;;;
;;;4823;22:00:00;1397,05;0,5635874;0;0;0;0;0;0;0;29972;1397,05;0;0;;;;;;;;;
;;;4824;23:00:00;1587,05;0,46088016;0;0;0;0;0;0;0;28385;1587,05;0;0;;;;;;;;;
;;Sábado;4825;0:00:00;1587,05;0,5714127;0;0;0;0;0;0;0;26798;1587,05;0;0;;;;;;;;;
;;;4826;1:00:00;420,25;0,9149456;0;0;0;0;0;0;0;26377;420,25;0;0;;;;;;;;;
;;;4827;2:00:00;110,25;0,85394955;0;0;0;0;0;0;0;26267;110,25;0;0;;;;;;;;;
;;;4828;3:00:00;52;0,6963242;0;0;0;0;0;0;0;26215;52;0;0;;;;;;;;;
;;;4829;4:00:00;52;0,6899821;0;0;0;0;0;0;0;26163;52;0;0;;;;;;;;;
;;;4830;5:00:00;52;0,7608832;0;0;0;0;0;0;0;26111;52;0;0;;;;;;;;;
;;;4831;6:00:00;297;1,1405826;0;49,58;321,3;507,6992;297,48;297,48;0,48;26112;0;0;0;;;;;;;;;
;;;4832;7:00:00;1330,4;0,6722169;0;128,2;459;1312,768;769,2;769,2;0;25550;561,2;0;0;;;;;;;;;
;;;4833;8:00:00;1193,8;0,43382552;0;286,66;653,21;2935,3984;1719,96;1719,96;526,16;26077;0;0;0;;;;;;;;;
;;;4834;9:00:00;1205,68;0,83489805;0;502,37;722,06;5144,2688;3014,22;3014,22;1808,54;27885;0;0;0;;;;;;;;;
;;;4835;10:00:00;1618;1,112949;0;692,33;610,88;7089,4592;4153,98;4153,98;2535,98;30421;0;0;0;;;;;;;;;
;;;4836;11:00:00;232;2,2876315;0;859,91;432,81;8805,4784;5159,46;5159,46;4927,46;35349;0;0;275,98;;;;;;;;;
;;;4837;12:00:00;52;3,2651453;0;964,52;235,24;9876,6848;5787,12;5787,12;5735,12;40000;0;0;5735,12;;;;;;;;;
;;;4838;13:00:00;2440,25;3,5432472;0;999,3;463,57;10232,832;5995,8;5995,8;3555,55;40000;0;0;3555,55;;;;;;;;;
;;;4839;14:00:00;3540,25;3,7295485;0;962,65;671,57;9857,536;5775,9;5775,9;2235,65;40000;0;0;2235,65;;;;;;;;;
;;;4840;15:00:00;1390,25;3,6953843;0;853,57;831,74;8740,5568;5121,42;5121,42;3731,17;40000;0;0;3731,17;;;;;;;;;
;;;4841;16:00:00;110,25;3,5836003;0;679,99;919,95;6963,0976;4079,94;4079,94;3969,69;40000;0;0;3969,69;;;;;;;;;
;;;4842;17:00:00;52;3,3085208;0;457,11;896,93;4680,8064;2742,66;2742,66;2690,66;40000;0;0;2690,66;;;;;;;;;
;;;4843;18:00:00;117;3,02025;0;229,06;787,85;2345,5744;1374,36;1374,36;1257,36;40000;0;0;1257,36;;;;;;;;;
;;;4844;19:00:00;209,4;2,3079805;0;24,79;26,44;253,8496;148,74;148,74;0;39939;60,66;0;0;;;;;;;;;
;;;4845;20:00:00;1642,04;1,7687073;0;0;0;0;0;0;0;38297;1642,04;0;0;;;;;;;;;
;;;4846;21:00:00;4528,8;1,7028927;0;0;0;0;0;0;0;33769;4528,8;0;0;;;;;;;;;
;;;4847;22:00:00;1932,05;1,3769083;0;0;0;0;0;0;0;31836;1932,05;0;0;;;;;;;;;
;;;4848;23:00:00;2122,05;1,0101727;0;0;0;0;0;0;0;29714;2122,05;0;0;;;;;;;;;
;;Domingo;4849;0:00:00;1587,05;1,5445993;0;0;0;0;0;0;0;28127;1587,05;0;0;;;;;;;;;
;;;4850;1:00:00;420,25;2,3099718;0;0;0;0;0;0;0;27707;420,25;0;0;;;;;;;;;
;;;4851;2:00:00;110,25;3,3397665;0;0;0;0;0;0;0;27597;110,25;0;0;;;;;;;;;
;;;4852;3:00:00;52;3,9117815;0;0;0;0;0;0;0;27545;52;0;0;;;;;;;;;
;;;4853;4:00:00;52;3,6772609;0;0;0;0;0;0;0;27493;52;0;0;;;;;;;;;
;;;4854;5:00:00;52;2,739742;0;0;0;0;0;0;0;27441;52;0;0;;;;;;;;;
;;;4855;6:00:00;297;2,1293752;0;52,15;269,65;534,016;312,9;312,9;15,9;27457;0;0;0;;;;;;;;;
;;;4856;7:00:00;1330,4;1,8619041;0;98,79;604,66;1011,6096;592,74;592,74;0;26719;737,66;0;0;;;;;;;;;
;;;4857;8:00:00;1193,8;2,0628765;0;283,53;594,32;2903,3472;1701,18;1701,18;507,38;27226;0;0;0;;;;;;;;;
;;;4858;9:00:00;1205,68;1,8762909;0;448,36;624,56;4591,2064;2690,16;2690,16;1484,48;28711;0;0;0;;;;;;;;;
;;;4859;10:00:00;1618;2,2282073;0;722,3;605,25;7396,352;4333,8;4333,8;2715,8;31427;0;0;0;;;;;;;;;
;;;4860;11:00:00;232;3,2364619;0;843,14;445,62;8633,7536;5058,84;5058,84;4826,84;36254;0;0;1080,43;;;;;;;;;
;;;4861;12:00:00;52;4,631419;0;955,37;241,56;9782,9888;5732,22;5732,22;5680,22;40000;0;0;5680,22;;;;;;;;;
;;;4862;13:00:00;2440,25;5,7285657;0;995,95;463,01;10198,528;5975,7;5975,7;3535,45;40000;0;0;3535,45;;;;;;;;;
;;;4863;14:00:00;3540,25;6,748884;0;963,84;669,01;9869,7216;5783,04;5783,04;2242,79;40000;0;0;2242,79;;;;;;;;;
;;;4864;15:00:00;1390,25;6,4829564;0;839,65;824,43;8598,016;5037,9;5037,9;3647,65;40000;0;0;3647,65;;;;;;;;;
;;;4865;16:00:00;110,25;5,6220775;0;684,18;924;7006,0032;4105,08;4105,08;3994,83;40000;0;0;3994,83;;;;;;;;;
;;;4866;17:00:00;52;4,92537;0;462,97;913,14;4740,8128;2777,82;2777,82;2725,82;40000;0;0;2725,82;;;;;;;;;
;;;4867;18:00:00;117;4,165253;0;219,95;731,23;2252,288;1319,7;1319,7;1202,7;40000;0;0;1202,7;;;;;;;;;
;;;4868;19:00:00;209,4;2,8461092;0;23,94;25,54;245,1456;143,64;143,64;0;39934;65,76;0;0;;;;;;;;;
;;;4869;20:00:00;1642,04;1,4872043;0;0;0;0;0;0;0;38292;1642,04;0;0;;;;;;;;;
;;;4870;21:00:00;4528,8;0,81434023;0;0;0;0;0;0;0;33763;4528,8;0;0;;;;;;;;;
;;;4871;22:00:00;1932,05;1,4610497;0;0;0;0;0;0;0;31831;1932,05;0;0;;;;;;;;;
;;;4872;23:00:00;2122,05;1,6374853;0;0;0;0;0;0;0;29709;2122,05;0;0;;;;;;;;;
;30;Lunes;4873;0:00:00;1518,65;1,8444116;0;0;0;0;0;0;0;28191;1518,65;0;0;;;;;;;;;
;;;4874;1:00:00;110,25;1,7787043;0;0;0;0;0;0;0;28080;110,25;0;0;;;;;;;;;
;;;4875;2:00:00;110,25;1,4025526;0;0;0;0;0;0;0;27970;110,25;0;0;;;;;;;;;
;;;4876;3:00:00;110,25;1,1147268;0;0;0;0;0;0;0;27860;110,25;0;0;;;;;;;;;
;;;4877;4:00:00;52;0,87325895;0;0;0;0;0;0;0;27808;52;0;0;;;;;;;;;
;;;4878;5:00:00;52;0,96066415;0;0;0;0;0;0;0;27756;52;0;0;;;;;;;;;
;;;4879;6:00:00;941,44;0,92717016;0;54,71;169,72;560,2304;328,26;328,26;0;27143;613,18;0;0;;;;;;;;;
;;;4880;7:00:00;1623,8;0,9737973;0;123,17;462,69;1261,2608;739,02;739,02;0;26258;884,78;0;0;;;;;;;;;
;;;4881;8:00:00;1023,8;1,5617516;0;268,03;459,14;2744,6272;1608,18;1608,18;584,38;26842;0;0;0;;;;;;;;;
;;;4882;9:00:00;468,04;1,9836686;0;459,19;649,5;4702,1056;2755,14;2755,14;2287,1;29129;0;0;0;;;;;;;;;
;;;4883;10:00:00;897;2,882856;0;620,66;611,41;6355,5584;3723,96;3723,96;2826,96;31956;0;0;0;;;;;;;;;
;;;4884;11:00:00;362;3,1286843;0;566,39;528,78;5799,8336;3398,34;3398,34;3036,34;34993;0;0;0;;;;;;;;;
;;;4885;12:00:00;52;2,9561517;0;929,02;271,46;9513,1648;5574,12;5574,12;5522,12;40000;0;0;5522,12;;;;;;;;;
;;;4886;13:00:00;3628;3,8343155;0;956,82;489,39;9797,8368;5740,92;5740,92;2112,92;40000;0;0;2112,92;;;;;;;;;
;;;4887;14:00:00;1202;4,860992;0;919,15;674,37;9412,096;5514,9;5514,9;4312,9;40000;0;0;4312,9;;;;;;;;;
;;;4888;15:00:00;1390,25;5,2960353;0;829,5;817,91;8494,08;4977;4977;3586,75;40000;0;0;3586,75;;;;;;;;;
;;;4889;16:00:00;110,25;5,0483994;0;641,2;869,9;6565,888;3847,2;3847,2;3736,95;40000;0;0;3736,95;;;;;;;;;
;;;4890;17:00:00;485,25;4,5274158;0;425,68;815,76;4358,9632;2554,08;2554,08;2068,83;40000;0;0;2068,83;;;;;;;;;
;;;4891;18:00:00;678,93;3,8437479;0;133,36;272,94;1365,6064;800,16;800,16;121,23;40000;0;0;121,23;;;;;;;;;
;;;4892;19:00:00;2147,05;2,8424625;0;23,08;24,62;236,3392;138,48;138,48;0;37991;2008,57;0;0;;;;;;;;;
;;;4893;20:00:00;2051,05;1,6603097;0;0;0;0;0;0;0;35940;2051,05;0;0;;;;;;;;;
;;;4894;21:00:00;4587,05;0,8552621;0;0;0;0;0;0;0;31353;4587,05;0;0;;;;;;;;;
;;;4895;22:00:00;1397,05;0,88194627;0;0;0;0;0;0;0;29956;1397,05;0;0;;;;;;;;;
;;;4896;23:00:00;1587,05;1,0334654;0;0;0;0;0;0;0;28369;1587,05;0;0;;;;;;;;;
;;Martes;4897;0:00:00;1518,65;1,1355892;0;0;0;0;0;0;0;26851;1518,65;0;0;;;;;;;;;
;;;4898;1:00:00;110,25;1,3802075;0;0;0;0;0;0;0;26740;110,25;0;0;;;;;;;;;
;;;4899;2:00:00;110,25;1,5000682;0;0;0;0;0;0;0;26630;110,25;0;0;;;;;;;;;
;;;4900;3:00:00;110,25;1,4895558;0;0;0;0;0;0;0;26520;110,25;0;0;;;;;;;;;
;;;4901;4:00:00;52;1,395931;0;0;0;0;0;0;0;26468;52;0;0;;;;;;;;;
;;;4902;5:00:00;52;1,2990874;0;0;0;0;0;0;0;26416;52;0;0;;;;;;;;;
;;;4903;6:00:00;941,44;1,584738;0;51,29;257,86;525,2096;307,74;307,74;0;25782;633,7;0;0;;;;;;;;;
;;;4904;7:00:00;1623,8;1,0613174;0;103,27;583,08;1057,4848;619,62;619,62;0;24778;1004,18;0;0;;;;;;;;;
;;;4905;8:00:00;1023,8;1,1089718;0;284,75;720,66;2915,84;1708,5;1708,5;684,7;25463;0;0;0;;;;;;;;;
;;;4906;9:00:00;468,04;1,5403455;0;502,13;722,67;5141,8112;3012,78;3012,78;2544,74;28007;0;0;0;;;;;;;;;
;;;4907;10:00:00;897;2,368953;0;698,51;609,08;7152,7424;4191,06;4191,06;3294,06;31301;0;0;0;;;;;;;;;
;;;4908;11:00:00;362;3,2390983;0;856,97;437,19;8775,3728;5141,82;5141,82;4779,82;36081;0;0;861,09;;;;;;;;;
;;;4909;12:00:00;52;4,014927;0;940,18;272,49;9627,4432;5641,08;5641,08;5589,08;40000;0;0;5589,08;;;;;;;;;
;;;4910;13:00:00;3628;4,700257;0;1002,42;464,59;10264,7808;6014,52;6014,52;2386,52;40000;0;0;2386,52;;;;;;;;;
;;;4911;14:00:00;1202;5,1979504;0;952,88;674,29;9757,4912;5717,28;5717,28;4515,28;40000;0;0;4515,28;;;;;;;;;
;;;4912;15:00:00;1390,25;5,2545495;0;840,16;827,6;8603,2384;5040,96;5040,96;3650,71;40000;0;0;3650,71;;;;;;;;;
;;;4913;16:00:00;110,25;5,0065455;0;690,2;932,01;7067,648;4141,2;4141,2;4030,95;40000;0;0;4030,95;;;;;;;;;
;;;4914;17:00:00;485,25;4,603045;0;466,39;920,86;4775,8336;2798,34;2798,34;2313,09;40000;0;0;2313,09;;;;;;;;;
;;;4915;18:00:00;678,93;3,9149618;0;227,28;778,89;2327,3472;1363,68;1363,68;684,75;40000;0;0;684,75;;;;;;;;;
;;;4916;19:00:00;2147,05;2,4971151;0;22,23;23,72;227,6352;133,38;133,38;0;37986;2013,67;0;0;;;;;;;;;
;;;4917;20:00:00;2051,05;1,7730812;0;0;0;0;0;0;0;35935;2051,05;0;0;;;;;;;;;
;;;4918;21:00:00;4587,05;1,6840292;0;0;0;0;0;0;0;31348;4587,05;0;0;;;;;;;;;
;;;4919;22:00:00;1397,05;1,4605844;0;0;0;0;0;0;0;29951;1397,05;0;0;;;;;;;;;
;;;4920;23:00:00;1587,05;1,0911455;0;0;0;0;0;0;0;28364;1587,05;0;0;;;;;;;;;
;;Miércoles;4921;0:00:00;1518,65;1,0239228;0;0;0;0;0;0;0;26845;1518,65;0;0;;;;;;;;;
;;;4922;1:00:00;110,25;0,99482083;0;0;0;0;0;0;0;26735;110,25;0;0;;;;;;;;;
;;;4923;2:00:00;110,25;0,887951;0;0;0;0;0;0;0;26625;110,25;0;0;;;;;;;;;
;;;4924;3:00:00;110,25;0,36117572;0;0;0;0;0;0;0;26515;110,25;0;0;;;;;;;;;
;;;4925;4:00:00;52;0,17977458;0;0;0;0;0;0;0;26463;52;0;0;;;;;;;;;
;;;4926;5:00:00;52;0,42047614;0;0;0;0;0;0;0;26411;52;0;0;;;;;;;;;
;;;4927;6:00:00;941,44;0,88923126;0;52,15;189,19;534,016;312,9;312,9;0;25782;628,54;0;0;;;;;;;;;
;;;4928;7:00:00;1623,8;1,0749741;0;135,57;334,92;1388,2368;813,42;813,42;0;24972;810,38;0;0;;;;;;;;;
;;;4929;8:00:00;1023,8;1,4935504;0;283,13;694,67;2899,2512;1698,78;1698,78;674,98;25647;0;0;0;;;;;;;;;
;;;4930;9:00:00;468,04;1,9681486;0;491,87;708,48;5036,7488;2951,22;2951,22;2483,18;28130;0;0;0;;;;;;;;;
;;;4931;10:00:00;897;2,1827075;0;609,48;609,23;6241,0752;3656,88;3656,88;2759,88;30890;0;0;0;;;;;;;;;
;;;4932;11:00:00;362;3,0084329;0;839,21;451,07;8593,5104;5035,26;5035,26;4673,26;35563;0;0;236,37;;;;;;;;;
;;;4933;12:00:00;52;3,4566605;0;955,17;240,01;9780,9408;5731,02;5731,02;5679,02;40000;0;0;5679,02;;;;;;;;;
;;;4934;13:00:00;3628;3,7409184;0;1002,56;460,81;10266,2144;6015,36;6015,36;2387,36;40000;0;0;2387,36;;;;;;;;;
;;;4935;14:00:00;1202;4,4215784;0;959,25;668,85;9822,72;5755,5;5755,5;4553,5;40000;0;0;4553,5;;;;;;;;;
;;;4936;15:00:00;1390,25;5,109174;0;808,31;810,77;8277,0944;4849,86;4849,86;3459,61;40000;0;0;3459,61;;;;;;;;;
;;;4937;16:00:00;110,25;5,0740056;0;579,59;783,59;5935,0016;3477,54;3477,54;3367,29;40000;0;0;3367,29;;;;;;;;;
;;;4938;17:00:00;485,25;4,671217;0;453,15;887,55;4640,256;2718,9;2718,9;2233,65;40000;0;0;2233,65;;;;;;;;;
;;;4939;18:00:00;678,93;3,605749;0;200,24;620,46;2050,4576;1201,44;1201,44;522,51;40000;0;0;522,51;;;;;;;;;
;;;4940;19:00:00;2147,05;2,865134;0;22,23;23,72;227,6352;133,38;133,38;0;37986;2013,67;0;0;;;;;;;;;
;;;4941;20:00:00;2051,05;2,5144553;0;0;0;0;0;0;0;35935;2051,05;0;0;;;;;;;;;
;;;4942;21:00:00;4587,05;1,7557927;0;0;0;0;0;0;0;31348;4587,05;0;0;;;;;;;;;
;;;4943;22:00:00;1397,05;1,6792389;0;0;0;0;0;0;0;29951;1397,05;0;0;;;;;;;;;
;;;4944;23:00:00;1587,05;1,1336789;0;0;0;0;0;0;0;28364;1587,05;0;0;;;;;;;;;
;;Jueves;4945;0:00:00;1518,65;0,92890364;0;0;0;0;0;0;0;26845;1518,65;0;0;;;;;;;;;
;;;4946;1:00:00;110,25;0,45480314;0;0;0;0;0;0;0;26735;110,25;0;0;;;;;;;;;
;;;4947;2:00:00;110,25;0,38978717;0;0;0;0;0;0;0;26625;110,25;0;0;;;;;;;;;
;;;4948;3:00:00;110,25;0,6234174;0;0;0;0;0;0;0;26515;110,25;0;0;;;;;;;;;
;;;4949;4:00:00;52;1,3353102;0;0;0;0;0;0;0;26463;52;0;0;;;;;;;;;
;;;4950;5:00:00;52;1,4872713;0;0;0;0;0;0;0;26411;52;0;0;;;;;;;;;
;;;4951;6:00:00;941,44;1,4434646;0;51,29;152,65;525,2096;307,74;307,74;0;25777;633,7;0;0;;;;;;;;;
;;;4952;7:00:00;1623,8;1,8390893;0;134,73;329,07;1379,6352;808,38;808,38;0;24962;815,42;0;0;;;;;;;;;
;;;4953;8:00:00;1023,8;2,2818568;0;245,72;365,74;2516,1728;1474,32;1474,32;450,52;25412;0;0;0;;;;;;;;;
;;;4954;9:00:00;468,04;2,6225493;0;385,5;500,56;3947,52;2313;2313;1844,96;27257;0;0;0;;;;;;;;;
;;;4955;10:00:00;897;2,4293041;0;684,49;605,86;7009,1776;4106,94;4106,94;3209,94;30467;0;0;0;;;;;;;;;
;;;4956;11:00:00;362;3,0555913;0;859,86;425,78;8804,9664;5159,16;5159,16;4797,16;35264;0;0;61,35;;;;;;;;;
;;;4957;12:00:00;52;3,6068027;0;965,22;224,68;9883,8528;5791,32;5791,32;5739,32;40000;0;0;5739,32;;;;;;;;;
;;;4958;13:00:00;3628;4,0464096;0;996,17;458,71;10200,7808;5977,02;5977,02;2349,02;40000;0;0;2349,02;;;;;;;;;
;;;4959;14:00:00;1202;4,4531755;0;959,56;666,53;9825,8944;5757,36;5757,36;4555,36;40000;0;0;4555,36;;;;;;;;;
;;;4960;15:00:00;1390,25;4,439221;0;855,32;829,53;8758,4768;5131,92;5131,92;3741,67;40000;0;0;3741,67;;;;;;;;;
;;;4961;16:00:00;110,25;4,5735283;0;676,31;913,56;6925,4144;4057,86;4057,86;3947,61;40000;0;0;3947,61;;;;;;;;;
;;;4962;17:00:00;485,25;4,1349807;0;430,45;829,58;4407,808;2582,7;2582,7;2097,45;40000;0;0;2097,45;;;;;;;;;
;;;4963;18:00:00;678,93;3,4869404;0;196,8;606,78;2015,232;1180,8;1180,8;501,87;40000;0;0;501,87;;;;;;;;;
;;;4964;19:00:00;2147,05;2,717717;0;20,52;21,88;210,1248;123,12;123,12;0;37976;2023,93;0;0;;;;;;;;;
;;;4965;20:00:00;2051,05;2,1939085;0;0;0;0;0;0;0;35925;2051,05;0;0;;;;;;;;;
;;;4966;21:00:00;4587,05;2,1115143;0;0;0;0;0;0;0;31338;4587,05;0;0;;;;;;;;;
;;;4967;22:00:00;1397,05;2,113167;0;0;0;0;0;0;0;29941;1397,05;0;0;;;;;;;;;
;;;4968;23:00:00;1587,05;1,4302979;0;0;0;0;0;0;0;28354;1587,05;0;0;;;;;;;;;
;;Viernes;4969;0:00:00;1518,65;1,2770773;0;0;0;0;0;0;0;26835;1518,65;0;0;;;;;;;;;
;;;4970;1:00:00;110,25;1,036161;0;0;0;0;0;0;0;26725;110,25;0;0;;;;;;;;;
;;;4971;2:00:00;110,25;0,95257604;0;0;0;0;0;0;0;26615;110,25;0;0;;;;;;;;;
;;;4972;3:00:00;110,25;0,67070097;0;0;0;0;0;0;0;26504;110,25;0;0;;;;;;;;;
;;;4973;4:00:00;52;0,94902986;0;0;0;0;0;0;0;26452;52;0;0;;;;;;;;;
;;;4974;5:00:00;52;1,2934989;0;0;0;0;0;0;0;26400;52;0;0;;;;;;;;;
;;;4975;6:00:00;941,44;1,3310072;0;47,87;264,53;490,1888;287,22;287,22;0;25746;654,22;0;0;;;;;;;;;
;;;4976;7:00:00;1623,8;1,2606665;0;102,88;562,49;1053,4912;617,28;617,28;0;24740;1006,52;0;0;;;;;;;;;
;;;4977;8:00:00;1023,8;1,3149558;0;281,92;652,87;2886,8608;1691,52;1691,52;667,72;25407;0;0;0;;;;;;;;;
;;;4978;9:00:00;468,04;1,5359601;0;488,48;703,78;5002,0352;2930,88;2930,88;2462,84;27870;0;0;0;;;;;;;;;
;;;4979;10:00:00;897;2,3465788;0;679,58;612,35;6958,8992;4077,48;4077,48;3180,48;31051;0;0;0;;;;;;;;;
;;;4980;11:00:00;362;3,1148891;0;847,83;440,6;8681,7792;5086,98;5086,98;4724,98;35776;0;0;500,73;;;;;;;;;
;;;4981;12:00:00;52;3,8049257;0;961,44;233,87;9845,1456;5768,64;5768,64;5716,64;40000;0;0;5716,64;;;;;;;;;
;;;4982;13:00:00;3628;4,1219525;0;997,4;462,67;10213,376;5984,4;5984,4;2356,4;40000;0;0;2356,4;;;;;;;;;
;;;4983;14:00:00;1202;4,457355;0;965,57;669,39;9887,4368;5793,42;5793,42;4591,42;40000;0;0;4591,42;;;;;;;;;
;;;4984;15:00:00;1390,25;4,5176206;0;851,43;829,5;8718,6432;5108,58;5108,58;3718,33;40000;0;0;3718,33;;;;;;;;;
;;;4985;16:00:00;110,25;4,403932;0;680,38;918,85;6967,0912;4082,28;4082,28;3972,03;40000;0;0;3972,03;;;;;;;;;
;;;4986;17:00:00;485,25;3,880293;0;462,23;911,84;4733,2352;2773,38;2773,38;2288,13;40000;0;0;2288,13;;;;;;;;;
;;;4987;18:00:00;678,93;3,7530186;0;231,25;812,98;2368;1387,5;1387,5;708,57;40000;0;0;708,57;;;;;;;;;
;;;4988;19:00:00;2147,05;3,269033;0;21,37;22,8;218,8288;128,22;128,22;0;37981;2018,83;0;0;;;;;;;;;
;;;4989;20:00:00;2051,05;2,4091673;0;0;0;0;0;0;0;35930;2051,05;0;0;;;;;;;;;
;;;4990;21:00:00;4587,05;1,3017199;0;0;0;0;0;0;0;31343;4587,05;0;0;;;;;;;;;
;;;4991;22:00:00;1397,05;1,0963324;0;0;0;0;0;0;0;29946;1397,05;0;0;;;;;;;;;
;;;4992;23:00:00;1587,05;1,7422575;0;0;0;0;0;0;0;28359;1587,05;0;0;;;;;;;;;
;;Sábado;4993;0:00:00;1587,05;1,8485953;0;0;0;0;0;0;0;26772;1587,05;0;0;;;;;;;;;
;;;4994;1:00:00;420,25;1,5779157;0;0;0;0;0;0;0;26352;420,25;0;0;;;;;;;;;
;;;4995;2:00:00;110,25;0,8487946;0;0;0;0;0;0;0;26241;110,25;0;0;;;;;;;;;
;;;4996;3:00:00;52;0,066166446;0;0;0;0;0;0;0;26189;52;0;0;;;;;;;;;
;;;4997;4:00:00;52;0,34189415;0;0;0;0;0;0;0;26137;52;0;0;;;;;;;;;
;;;4998;5:00:00;52;0,4030428;0;0;0;0;0;0;0;26085;52;0;0;;;;;;;;;
;;;4999;6:00:00;297;0,2796842;0;47,87;117,83;490,1888;287,22;287,22;0;26076;9,78;0;0;;;;;;;;;
;;;5000;7:00:00;1330,4;0,30228046;0;114,84;487,54;1175,9616;689,04;689,04;0;25434;641,36;0;0;;;;;;;;;
;;;5001;8:00:00;1193,8;1,013873;0;280,81;698,34;2875,4944;1684,86;1684,86;491,06;25925;0;0;0;;;;;;;;;
;;;5002;9:00:00;1205,68;1,5526255;0;492,11;708,4;5039,2064;2952,66;2952,66;1746,98;27672;0;0;0;;;;;;;;;
;;;5003;10:00:00;1618;1,9625463;0;686,02;606,94;7024,8448;4116,12;4116,12;2498,12;30170;0;0;0;;;;;;;;;
;;;5004;11:00:00;232;3,0458477;0;857,45;428,38;8780,288;5144,7;5144,7;4912,7;35083;0;0;0;;;;;;;;;
;;;5005;12:00:00;52;3,8219004;0;832,54;386,72;8525,2096;4995,24;4995,24;4943,24;40000;0;0;4943,24;;;;;;;;;
;;;5006;13:00:00;2440,25;4,2175813;0;936,12;504,35;9585,8688;5616,72;5616,72;3176,47;40000;0;0;3176,47;;;;;;;;;
;;;5007;14:00:00;3540,25;4,226032;0;939,1;670,71;9616,384;5634,6;5634,6;2094,35;40000;0;0;2094,35;;;;;;;;;
;;;5008;15:00:00;1390,25;4,0333056;0;832,01;819,92;8519,7824;4992,06;4992,06;3601,81;40000;0;0;3601,81;;;;;;;;;
;;;5009;16:00:00;110,25;3,6637988;0;623,22;845,48;6381,7728;3739,32;3739,32;3629,07;40000;0;0;3629,07;;;;;;;;;
;;;5010;17:00:00;52;3,2650404;0;420,42;804,41;4305,1008;2522,52;2522,52;2470,52;40000;0;0;2470,52;;;;;;;;;
;;;5011;18:00:00;117;2,851448;0;236,92;845,9;2426,0608;1421,52;1421,52;1304,52;40000;0;0;1304,52;;;;;;;;;
;;;5012;19:00:00;209,4;2,414016;0;12,82;13,68;131,2768;76,92;76,92;0;39868;132,48;0;0;;;;;;;;;
;;;5013;20:00:00;1642,04;1,9416729;0;0;0;0;0;0;0;38225;1642,04;0;0;;;;;;;;;
;;;5014;21:00:00;4528,8;1,7914937;0;0;0;0;0;0;0;33697;4528,8;0;0;;;;;;;;;
;;;5015;22:00:00;1932,05;1,7805991;0;0;0;0;0;0;0;31765;1932,05;0;0;;;;;;;;;
;;;5016;23:00:00;2122,05;1,0503724;0;0;0;0;0;0;0;29643;2122,05;0;0;;;;;;;;;
;;Domingo;5017;0:00:00;1587,05;1,4836525;0;0;0;0;0;0;0;28056;1587,05;0;0;;;;;;;;;
;;;5018;1:00:00;420,25;1,6129013;0;0;0;0;0;0;0;27635;420,25;0;0;;;;;;;;;
;;;5019;2:00:00;110,25;1,127988;0;0;0;0;0;0;0;27525;110,25;0;0;;;;;;;;;
;;;5020;3:00:00;52;0,8005056;0;0;0;0;0;0;0;27473;52;0;0;;;;;;;;;
;;;5021;4:00:00;52;0,59370303;0;0;0;0;0;0;0;27421;52;0;0;;;;;;;;;
;;;5022;5:00:00;52;0,82622033;0;0;0;0;0;0;0;27369;52;0;0;;;;;;;;;
;;;5023;6:00:00;297;1,410305;0;45,31;93,49;463,9744;271,86;271,86;0;27344;25,14;0;0;;;;;;;;;
;;;5024;7:00:00;1330,4;2,4135654;0;90,49;620;926,6176;542,94;542,94;0;26556;787,46;0;0;;;;;;;;;
;;;5025;8:00:00;1193,8;3,7384062;0;282,1;730,18;2888,704;1692,6;1692,6;498,8;27055;0;0;0;;;;;;;;;
;;;5026;9:00:00;1205,68;4,468521;0;501,86;721,62;5139,0464;3011,16;3011,16;1805,48;28861;0;0;0;;;;;;;;;
;;;5027;10:00:00;1618;4,5220966;0;695,36;604,49;7120,4864;4172,16;4172,16;2554,16;31415;0;0;0;;;;;;;;;
;;;5028;11:00:00;232;4,9615846;0;871,22;421,27;8921,2928;5227,32;5227,32;4995,32;36410;0;0;1405,51;;;;;;;;;
;;;5029;12:00:00;52;5,3476057;0;974,09;219,62;9974,6816;5844,54;5844,54;5792,54;40000;0;0;5792,54;;;;;;;;;
;;;5030;13:00:00;2440,25;5,396668;0;1005,84;457,16;10299,8016;6035,04;6035,04;3594,79;40000;0;0;3594,79;;;;;;;;;
;;;5031;14:00:00;3540,25;5,031461;0;979,49;668,5;10029,9776;5876,94;5876,94;2336,69;40000;0;0;2336,69;;;;;;;;;
;;;5032;15:00:00;1390,25;4,7753267;0;863,79;835,12;8845,2096;5182,74;5182,74;3792,49;40000;0;0;3792,49;;;;;;;;;
;;;5033;16:00:00;110,25;4,687238;0;686,41;926,49;7028,8384;4118,46;4118,46;4008,21;40000;0;0;4008,21;;;;;;;;;
;;;5034;17:00:00;52;4,543667;0;474,22;941,92;4856,0128;2845,32;2845,32;2793,32;40000;0;0;2793,32;;;;;;;;;
;;;5035;18:00:00;117;4,1201816;0;242,61;876,89;2484,3264;1455,66;1455,66;1338,66;40000;0;0;1338,66;;;;;;;;;
;;;5036;19:00:00;209,4;3,1596627;0;18,81;20,06;192,6144;112,86;112,86;0;39903;96,54;0;0;;;;;;;;;
;;;5037;20:00:00;1642,04;1,9382342;0;0;0;0;0;0;0;38261;1642,04;0;0;;;;;;;;;
;;;5038;21:00:00;4528,8;1,6893923;0;0;0;0;0;0;0;33733;4528,8;0;0;;;;;;;;;
;;;5039;22:00:00;1932,05;1,1467686;0;0;0;0;0;0;0;31801;1932,05;0;0;;;;;;;;;
;;;5040;23:00:00;2122,05;1,6936548;0;0;0;0;0;0;0;29679;2122,05;0;0;;;;;;;;;
;31;Lunes;5041;0:00:00;1518,65;1,7000078;0;0;0;0;0;0;0;28160;1518,65;0;0;;;;;;;;;
;;;5042;1:00:00;110,25;1,42883;0;0;0;0;0;0;0;28050;110,25;0;0;;;;;;;;;
;;;5043;2:00:00;110,25;1,1510295;0;0;0;0;0;0;0;27939;110,25;0;0;;;;;;;;;
;;;5044;3:00:00;110,25;0,91214234;0;0;0;0;0;0;0;27829;110,25;0;0;;;;;;;;;
;;;5045;4:00:00;52;0,7984284;0;0;0;0;0;0;0;27777;52;0;0;;;;;;;;;
;;;5046;5:00:00;52;0,78072613;0;0;0;0;0;0;0;27725;52;0;0;;;;;;;;;
;;;5047;6:00:00;941,44;1,2314682;0;42,74;317,27;437,6576;256,44;256,44;0;27040;685;0;0;;;;;;;;;
;;;5048;7:00:00;1623,8;1,3693546;0;105,61;539,36;1081,4464;633,66;633,66;0;26050;990,14;0;0;;;;;;;;;
;;;5049;8:00:00;1023,8;1,7779793;0;282,91;729,47;2896,9984;1697,46;1697,46;673,66;26724;0;0;0;;;;;;;;;
;;;5050;9:00:00;468,04;1,8665426;0;487,47;702,06;4991,6928;2924,82;2924,82;2456,78;29180;0;0;0;;;;;;;;;
;;;5051;10:00:00;897;1,7781591;0;683,58;614,6;6999,8592;4101,48;4101,48;3204,48;32385;0;0;0;;;;;;;;;
;;;5052;11:00:00;362;2,4091718;0;867,41;430,59;8882,2784;5204,46;5204,46;4842,46;37227;0;0;2069,82;;;;;;;;;
;;;5053;12:00:00;52;3,0611448;0;984,81;219,17;10084,4544;5908,86;5908,86;5856,86;40000;0;0;5856,86;;;;;;;;;
;;;5054;13:00:00;3628;4,1186743;0;1017,29;459,99;10417,0496;6103,74;6103,74;2475,74;40000;0;0;2475,74;;;;;;;;;
;;;5055;14:00:00;1202;4,398608;0;990,43;674,35;10142,0032;5942,58;5942,58;4740,58;40000;0;0;4740,58;;;;;;;;;
;;;5056;15:00:00;1390,25;3,7898717;0;868,9;841,26;8897,536;5213,4;5213,4;3823,15;40000;0;0;3823,15;;;;;;;;;
;;;5057;16:00:00;110,25;3,1680279;0;694,46;937,6;7111,2704;4166,76;4166,76;4056,51;40000;0;0;4056,51;;;;;;;;;
;;;5058;17:00:00;485,25;2,355084;0;472,51;937,31;4838,5024;2835,06;2835,06;2349,81;40000;0;0;2349,81;;;;;;;;;
;;;5059;18:00:00;678,93;2,7405882;0;194,64;603,03;1993,1136;1167,84;1167,84;488,91;40000;0;0;488,91;;;;;;;;;
;;;5060;19:00:00;2147,05;2,2790036;0;17,95;19,16;183,808;107,7;107,7;0;37961;2039,35;0;0;;;;;;;;;
;;;5061;20:00:00;2051,05;1,3727435;0;0;0;0;0;0;0;35910;2051,05;0;0;;;;;;;;;
;;;5062;21:00:00;4587,05;0,92743105;0;0;0;0;0;0;0;31323;4587,05;0;0;;;;;;;;;
;;;5063;22:00:00;1397,05;1,202109;0;0;0;0;0;0;0;29926;1397,05;0;0;;;;;;;;;
;;;5064;23:00:00;1587,05;1,2477624;0;0;0;0;0;0;0;28338;1587,05;0;0;;;;;;;;;
;;Martes;5065;0:00:00;1518,65;1,2333711;0;0;0;0;0;0;0;26820;1518,65;0;0;;;;;;;;;
;;;5066;1:00:00;110,25;1,2236946;0;0;0;0;0;0;0;26710;110,25;0;0;;;;;;;;;
;;;5067;2:00:00;110,25;1,096308;0;0;0;0;0;0;0;26599;110,25;0;0;;;;;;;;;
;;;5068;3:00:00;110,25;0,949545;0;0;0;0;0;0;0;26489;110,25;0;0;;;;;;;;;
;;;5069;4:00:00;52;1,0261009;0;0;0;0;0;0;0;26437;52;0;0;;;;;;;;;
;;;5070;5:00:00;52;1,1080922;0;0;0;0;0;0;0;26385;52;0;0;;;;;;;;;
;;;5071;6:00:00;941,44;1,1222475;0;46,16;134,56;472,6784;276,96;276,96;0;25721;664,48;0;0;;;;;;;;;
;;;5072;7:00:00;1623,8;0,41546762;0;119,79;419,61;1226,6496;718,74;718,74;0;24816;905,06;0;0;;;;;;;;;
;;;5073;8:00:00;1023,8;0,19498578;0;260,32;456,38;2665,6768;1561,92;1561,92;538,12;25354;0;0;0;;;;;;;;;
;;;5074;9:00:00;468,04;1,000814;0;343,19;428,71;3514,2656;2059,14;2059,14;1591,1;26945;0;0;0;;;;;;;;;
;;;5075;10:00:00;897;1,4330522;0;429,44;474,11;4397,4656;2576,64;2576,64;1679,64;28624;0;0;0;;;;;;;;;
;;;5076;11:00:00;362;2,6373475;0;258,96;297,76;2651,7504;1553,76;1553,76;1191,76;29816;0;0;0;;;;;;;;;
;;;5077;12:00:00;52;3,816651;0;106,11;122,33;1086,5664;636,66;636,66;584,66;30401;0;0;0;;;;;;;;;
;;;5078;13:00:00;3628;4,4185805;0;673,38;554,84;6895,4112;4040,28;4040,28;412,28;30813;0;0;0;;;;;;;;;
;;;5079;14:00:00;1202;4,2201176;0;756,71;652,11;7748,7104;4540,26;4540,26;3338,26;34151;0;0;0;;;;;;;;;
;;;5080;15:00:00;1390,25;3,6426466;0;761,28;777,94;7795,5072;4567,68;4567,68;3177,43;37329;0;0;506,19;;;;;;;;;
;;;5081;16:00:00;110,25;2,9843235;0;632,39;857,6;6475,6736;3794,34;3794,34;3684,09;40000;0;0;3684,09;;;;;;;;;
;;;5082;17:00:00;485,25;3,0387936;0;418,02;803,03;4280,5248;2508,12;2508,12;2022,87;40000;0;0;2022,87;;;;;;;;;
;;;5083;18:00:00;678,93;2,8486886;0;158,46;420,63;1622,6304;950,76;950,76;271,83;40000;0;0;271,83;;;;;;;;;
;;;5084;19:00:00;2147,05;1,8135642;0;15,39;16,42;157,5936;92,34;92,34;0;37945;2054,71;0;0;;;;;;;;;
;;;5085;20:00:00;2051,05;1,5985762;0;0;0;0;0;0;0;35894;2051,05;0;0;;;;;;;;;
;;;5086;21:00:00;4587,05;1,2719934;0;0;0;0;0;0;0;31307;4587,05;0;0;;;;;;;;;
;;;5087;22:00:00;1397,05;0,9354482;0;0;0;0;0;0;0;29910;1397,05;0;0;;;;;;;;;
;;;5088;23:00:00;1587,05;0,9445081;0;0;0;0;0;0;0;28323;1587,05;0;0;;;;;;;;;
Agosto;;Miércoles;5089;0:00:00;1518,65;1,0085872;0;0;0;0;0;0;0;26804;1518,65;0;0;;;;;;;;;
;;;5090;1:00:00;110,25;1,2388788;0;0;0;0;0;0;0;26694;110,25;0;0;;;;;;;;;
;;;5091;2:00:00;110,25;1,225526;0;0;0;0;0;0;0;26584;110,25;0;0;;;;;;;;;
;;;5092;3:00:00;110,25;0,9642045;0;0;0;0;0;0;0;26474;110,25;0;0;;;;;;;;;
;;;5093;4:00:00;52;0,6992182;0;0;0;0;0;0;0;26422;52;0;0;;;;;;;;;
;;;5094;5:00:00;52;0,8746041;0;0;0;0;0;0;0;26370;52;0;0;;;;;;;;;
;;;5095;6:00:00;941,44;1,4888204;0;38,47;63,89;393,9328;230,82;230,82;0;25659;710,62;0;0;;;;;;;;;
;;;5096;7:00:00;1623,8;1,0595592;0;122,38;393,34;1253,1712;734,28;734,28;0;24770;889,52;0;0;;;;;;;;;
;;;5097;8:00:00;1023,8;0,23934345;0;272,6;563,58;2791,424;1635,6;1635,6;611,8;25381;0;0;0;;;;;;;;;
;;;5098;9:00:00;468,04;0,64676976;0;260,79;306,74;2670,4896;1564,74;1564,74;1096,7;26478;0;0;0;;;;;;;;;
;;;5099;10:00:00;897;1,7218137;0;133,55;153,96;1367,552;801,3;801,3;0;26382;95,7;0;0;;;;;;;;;
;;;5100;11:00:00;362;2,3784523;0;307,99;350,42;3153,8176;1847,94;1847,94;1485,94;27868;0;0;0;;;;;;;;;
;;;5101;12:00:00;52;3,2277875;0;700,53;464,22;7173,4272;4203,18;4203,18;4151,18;32019;0;0;0;;;;;;;;;
;;;5102;13:00:00;3628;3,853057;0;918,31;508,75;9403,4944;5509,86;5509,86;1881,86;33901;0;0;0;;;;;;;;;
;;;5103;14:00:00;1202;4,1120963;0;100,62;115,99;1030,3488;603,72;603,72;0;33303;598,28;0;0;;;;;;;;;
;;;5104;15:00:00;1390,25;4,5794168;0;269,41;308,96;2758,7584;1616,46;1616,46;226,21;33529;0;0;0;;;;;;;;;
;;;5105;16:00:00;110,25;4,400079;0;488,14;646,81;4998,5536;2928,84;2928,84;2818,59;36348;0;0;0;;;;;;;;;
;;;5106;17:00:00;485,25;3,5660977;0;184,04;239,16;1884,5696;1104,24;1104,24;618,99;36967;0;0;0;;;;;;;;;
;;;5107;18:00:00;678,93;2,531983;0;99,88;167,76;1022,7712;599,28;599,28;0;36887;79,65;0;0;;;;;;;;;
;;;5108;19:00:00;2147,05;2,1899333;0;0;0;0;0;0;0;34740;2147,05;0;0;;;;;;;;;
;;;5109;20:00:00;2051,05;2,3181531;0;0;0;0;0;0;0;32689;2051,05;0;0;;;;;;;;;
;;;5110;21:00:00;4587,05;2,2905693;0;0;0;0;0;0;0;28102;4587,05;0;0;;;;;;;;;
;;;5111;22:00:00;1397,05;2,1428885;0;0;0;0;0;0;0;26705;1397,05;0;0;;;;;;;;;
;;;5112;23:00:00;1587,05;1,5627872;0;0;0;0;0;0;0;25118;1587,05;0;0;;;;;;;;;
;;Jueves;5113;0:00:00;1518,65;0,69990826;0;0;0;0;0;0;0;23599;1518,65;0;0;;;;;;;;;
;;;5114;1:00:00;110,25;0,8946963;0;0;0;0;0;0;0;23489;110,25;0;0;;;;;;;;;
;;;5115;2:00:00;110,25;1,0027725;0;0;0;0;0;0;0;23379;110,25;0;0;;;;;;;;;
;;;5116;3:00:00;110,25;0,87931806;0;0;0;0;0;0;0;23269;110,25;0;0;;;;;;;;;
;;;5117;4:00:00;52;0,7278721;0;0;0;0;0;0;0;23217;52;0;0;;;;;;;;;
;;;5118;5:00:00;52;0,7506929;0;0;0;0;0;0;0;23165;52;0;0;;;;;;;;;
;;;5119;6:00:00;941,44;1,2273225;0;34,2;47,65;350,208;205,2;205,2;0;22428;736,24;0;0;;;;;;;;;
;;;5120;7:00:00;1623,8;1,7982697;0;39,33;45,35;402,7392;235,98;235,98;0;21040;1387,82;0;0;;;;;;;;;
;;;5121;8:00:00;1023,8;2,276518;0;162,45;191,15;1663,488;974,7;974,7;0;20991;49,1;0;0;;;;;;;;;
;;;5122;9:00:00;468,04;2,3376894;0;88,73;102,28;908,5952;532,38;532,38;64,34;21056;0;0;0;;;;;;;;;
;;;5123;10:00:00;897;1,8861372;0;138,12;159,23;1414,3488;828,72;828,72;0;20987;68,28;0;0;;;;;;;;;
;;;5124;11:00:00;362;2,4131744;0;140,86;162,39;1442,4064;845,16;845,16;483,16;21471;0;0;0;;;;;;;;;
;;;5125;12:00:00;52;3,3644502;0;507,19;478,38;5193,6256;3043,14;3043,14;2991,14;24462;0;0;0;;;;;;;;;
;;;5126;13:00:00;3628;3,8333294;0;995,43;460,08;10193,2032;5972,58;5972,58;2344,58;26806;0;0;0;;;;;;;;;
;;;5127;14:00:00;1202;3,9530659;0;939,83;669,81;9623,8592;5638,98;5638,98;4436,98;31243;0;0;0;;;;;;;;;
;;;5128;15:00:00;1390,25;4,19298;0;854,84;828,67;8753,5616;5129,04;5129,04;3738,79;34982;0;0;0;;;;;;;;;
;;;5129;16:00:00;110,25;4,2721496;0;679,11;917,88;6954,0864;4074,66;4074,66;3964,41;38947;0;0;2910,91;;;;;;;;;
;;;5130;17:00:00;485,25;3,6037836;0;460;911,29;4710,4;2760;2760;2274,75;40000;0;0;2274,75;;;;;;;;;
;;;5131;18:00:00;678,93;2,6986954;0;213,41;728,29;2185,3184;1280,46;1280,46;601,53;40000;0;0;601,53;;;;;;;;;
;;;5132;19:00:00;2147,05;2,0536053;0;0;0;0;0;0;0;37853;2147,05;0;0;;;;;;;;;
;;;5133;20:00:00;2051,05;2,1174114;0;0;0;0;0;0;0;35802;2051,05;0;0;;;;;;;;;
;;;5134;21:00:00;4587,05;2,2190473;0;0;0;0;0;0;0;31215;4587,05;0;0;;;;;;;;;
;;;5135;22:00:00;1397,05;1,6531528;0;0;0;0;0;0;0;29818;1397,05;0;0;;;;;;;;;
;;;5136;23:00:00;1587,05;0,30587602;0;0;0;0;0;0;0;28231;1587,05;0;0;;;;;;;;;
;;Viernes;5137;0:00:00;1518,65;0,5082303;0;0;0;0;0;0;0;26712;1518,65;0;0;;;;;;;;;
;;;5138;1:00:00;110,25;0,6228715;0;0;0;0;0;0;0;26602;110,25;0;0;;;;;;;;;
;;;5139;2:00:00;110,25;0,6469288;0;0;0;0;0;0;0;26492;110,25;0;0;;;;;;;;;
;;;5140;3:00:00;110,25;0,82285553;0;0;0;0;0;0;0;26381;110,25;0;0;;;;;;;;;
;;;5141;4:00:00;52;1,1249369;0;0;0;0;0;0;0;26329;52;0;0;;;;;;;;;
;;;5142;5:00:00;52;1,2971604;0;0;0;0;0;0;0;26277;52;0;0;;;;;;;;;
;;;5143;6:00:00;941,44;1,3573744;0;41,03;267,07;420,1472;246,18;246,18;0;25582;695,26;0;0;;;;;;;;;
;;;5144;7:00:00;1623,8;1,773522;0;92,36;605,45;945,7664;554,16;554,16;0;24512;1069,64;0;0;;;;;;;;;
;;;5145;8:00:00;1023,8;2,5990267;0;282,62;629,55;2894,0288;1695,72;1695,72;671,92;25184;0;0;0;;;;;;;;;
;;;5146;9:00:00;468,04;3,0777566;0;511,27;734,17;5235,4048;3067,62;3067,62;2599,58;27784;0;0;0;;;;;;;;;
;;;5147;10:00:00;897;3,5178447;0;728,59;613,5;7460,7616;4371,54;4371,54;3474,54;31258;0;0;0;;;;;;;;;
;;;5148;11:00:00;362;3,8399868;0;892,46;423,87;9138,7904;5354,76;5354,76;4992,76;36251;0;0;1244,01;;;;;;;;;
;;;5149;12:00:00;52;3,504891;0;1008,85;207,88;10330,624;6053,1;6053,1;6001,1;40000;0;0;6001,1;;;;;;;;;
;;;5150;13:00:00;3628;3,6492581;0;1048,94;455,85;10741,1456;6293,64;6293,64;2665,64;40000;0;0;2665,64;;;;;;;;;
;;;5151;14:00:00;1202;4,010039;0;1011,08;682,29;10353,4592;6066,48;6066,48;4864,48;40000;0;0;4864,48;;;;;;;;;
;;;5152;15:00:00;1390,25;4,4991875;0;903,57;863,76;9252,5568;5421,42;5421,42;4031,17;40000;0;0;4031,17;;;;;;;;;
;;;5153;16:00:00;110,25;4,992683;0;720,24;971,25;7375,2576;4321,44;4321,44;4211,19;40000;0;0;4211,19;;;;;;;;;
;;;5154;17:00:00;485,25;4,727774;0;507,33;1022,23;5195,0592;3043,98;3043,98;2558,73;40000;0;0;2558,73;;;;;;;;;
;;;5155;18:00:00;678,93;3,5895123;0;245,1;904,51;2509,824;1470,6;1470,6;791,67;40000;0;0;791,67;;;;;;;;;
;;;5156;19:00:00;2147,05;2,4964871;0;0;0;0;0;0;0;37853;2147,05;0;0;;;;;;;;;
;;;5157;20:00:00;2051,05;1,497079;0;0;0;0;0;0;0;35802;2051,05;0;0;;;;;;;;;
;;;5158;21:00:00;4587,05;1,158689;0;0;0;0;0;0;0;31215;4587,05;0;0;;;;;;;;;
;;;5159;22:00:00;1397,05;1,4639565;0;0;0;0;0;0;0;29818;1397,05;0;0;;;;;;;;;
;;;5160;23:00:00;1587,05;1,0226183;0;0;0;0;0;0;0;28231;1587,05;0;0;;;;;;;;;
;;Sábado;5161;0:00:00;1587,05;1,2176324;0;0;0;0;0;0;0;26644;1587,05;0;0;;;;;;;;;
;;;5162;1:00:00;420,25;1,5070853;0;0;0;0;0;0;0;26223;420,25;0;0;;;;;;;;;
;;;5163;2:00:00;110,25;1,5455077;0;0;0;0;0;0;0;26113;110,25;0;0;;;;;;;;;
;;;5164;3:00:00;52;1,41475;0;0;0;0;0;0;0;26061;52;0;0;;;;;;;;;
;;;5165;4:00:00;52;1,0989118;0;0;0;0;0;0;0;26009;52;0;0;;;;;;;;;
;;;5166;5:00:00;52;0,93110436;0;0;0;0;0;0;0;25957;52;0;0;;;;;;;;;
;;;5167;6:00:00;297;0,9477507;0;37,61;303,49;385,1264;225,66;225,66;0;25886;71,34;0;0;;;;;;;;;
;;;5168;7:00:00;1330,4;0,32875758;0;85,46;645,54;875,1104;512,76;512,76;0;25068;817,64;0;0;;;;;;;;;
;;;5169;8:00:00;1193,8;0,9528844;0;285,86;755,35;2927,2064;1715,16;1715,16;521,36;25590;0;0;0;;;;;;;;;
;;;5170;9:00:00;1205,68;1,7917467;0;513,91;736,59;5262,4384;3083,46;3083,46;1877,78;27467;0;0;0;;;;;;;;;
;;;5171;10:00:00;1618;2,7172706;0;727,44;612,7;7448,9856;4364,64;4364,64;2746,64;30214;0;0;0;;;;;;;;;
;;;5172;11:00:00;232;3,1847043;0;886,53;425,73;9078,0672;5319,18;5319,18;5087,18;35301;0;0;388,36;;;;;;;;;
;;;5173;12:00:00;52;3,645896;0;1002,37;213,6;10264,2688;6014,22;6014,22;5962,22;40000;0;0;5962,22;;;;;;;;;
;;;5174;13:00:00;2440,25;4,2969403;0;1046,48;455,3;10715,9552;6278,88;6278,88;3838,63;40000;0;0;3838,63;;;;;;;;;
;;;5175;14:00:00;3540,25;5,4255424;0;1020,56;681,51;10450,5344;6123,36;6123,36;2583,11;40000;0;0;2583,11;;;;;;;;;
;;;5176;15:00:00;1390,25;5,930792;0;900,88;861,73;9225,0112;5405,28;5405,28;4015,03;40000;0;0;4015,03;;;;;;;;;
;;;5177;16:00:00;110,25;5,6591473;0;731,1;984,18;7486,464;4386,6;4386,6;4276,35;40000;0;0;4276,35;;;;;;;;;
;;;5178;17:00:00;52;4,8489356;0;505,44;1018,91;5175,7056;3032,64;3032,64;2980,64;40000;0;0;2980,64;;;;;;;;;
;;;5179;18:00:00;117;3,841566;0;252,34;945,43;2583,9616;1514,04;1514,04;1397,04;40000;0;0;1397,04;;;;;;;;;
;;;5180;19:00:00;209,4;2,898337;0;0;0;0;0;0;0;39791;209,4;0;0;;;;;;;;;
;;;5181;20:00:00;1642,04;2,4023402;0;0;0;0;0;0;0;38149;1642,04;0;0;;;;;;;;;
;;;5182;21:00:00;4528,8;1,9294035;0;0;0;0;0;0;0;33620;4528,8;0;0;;;;;;;;;
;;;5183;22:00:00;1932,05;1,2698014;0;0;0;0;0;0;0;31688;1932,05;0;0;;;;;;;;;
;;;5184;23:00:00;2122,05;0,73104686;0;0;0;0;0;0;0;29566;2122,05;0;0;;;;;;;;;
;;Domingo;5185;0:00:00;1587,05;0,30657494;0;0;0;0;0;0;0;27979;1587,05;0;0;;;;;;;;;
;;;5186;1:00:00;420,25;0,8634275;0;0;0;0;0;0;0;27558;420,25;0;0;;;;;;;;;
;;;5187;2:00:00;110,25;0,94753015;0;0;0;0;0;0;0;27448;110,25;0;0;;;;;;;;;
;;;5188;3:00:00;52;0,8907448;0;0;0;0;0;0;0;27396;52;0;0;;;;;;;;;
;;;5189;4:00:00;52;0,6500303;0;0;0;0;0;0;0;27344;52;0;0;;;;;;;;;
;;;5190;5:00:00;52;0,5120904;0;0;0;0;0;0;0;27292;52;0;0;;;;;;;;;
;;;5191;6:00:00;297;0,5188552;0;37,61;290,17;385,1264;225,66;225,66;0;27221;71,34;0;0;;;;;;;;;
;;;5192;7:00:00;1330,4;0,27662477;0;87,91;623,28;900,1984;527,46;527,46;0;26418;802,94;0;0;;;;;;;;;
;;;5193;8:00:00;1193,8;0,963366;0;284,69;746,29;2915,2256;1708,14;1708,14;514,34;26932;0;0;0;;;;;;;;;
;;;5194;9:00:00;1205,68;1,8257319;0;506,38;726,64;5185,3312;3038,28;3038,28;1832,6;28765;0;0;0;;;;;;;;;
;;;5195;10:00:00;1618;2,207679;0;718,75;613,38;7360;4312,5;4312,5;2694,5;31459;0;0;0;;;;;;;;;
;;;5196;11:00:00;232;3,137802;0;888,16;425,76;9094,7584;5328,96;5328,96;5096,96;36556;0;0;1653,19;;;;;;;;;
;;;5197;12:00:00;52;3,6805503;0;987,47;230,17;10111,6928;5924,82;5924,82;5872,82;40000;0;0;5872,82;;;;;;;;;
;;;5198;13:00:00;2440,25;3,7773197;0;1041,74;458,37;10667,4176;6250,44;6250,44;3810,19;40000;0;0;3810,19;;;;;;;;;
;;;5199;14:00:00;3540,25;4,252551;0;1004,59;682,12;10287,0016;6027,54;6027,54;2487,29;40000;0;0;2487,29;;;;;;;;;
;;;5200;15:00:00;1390,25;4,85158;0;891,47;857,77;9128,6528;5348,82;5348,82;3958,57;40000;0;0;3958,57;;;;;;;;;
;;;5201;16:00:00;110,25;4,630387;0;709,82;959,54;7268,5568;4258,92;4258,92;4148,67;40000;0;0;4148,67;;;;;;;;;
;;;5202;17:00:00;52;3,9754517;0;493,03;991,17;5048,6272;2958,18;2958,18;2906,18;40000;0;0;2906,18;;;;;;;;;
;;;5203;18:00:00;117;3,8941844;0;241,77;892,99;2475,7248;1450,62;1450,62;1333,62;40000;0;0;1333,62;;;;;;;;;
;;;5204;19:00:00;209,4;3,0954962;0;0;0;0;0;0;0;39791;209,4;0;0;;;;;;;;;
;;;5205;20:00:00;1642,04;2,2985008;0;0;0;0;0;0;0;38149;1642,04;0;0;;;;;;;;;
;;;5206;21:00:00;4528,8;1,8064588;0;0;0;0;0;0;0;33620;4528,8;0;0;;;;;;;;;
;;;5207;22:00:00;1932,05;1,591236;0;0;0;0;0;0;0;31688;1932,05;0;0;;;;;;;;;
;;;5208;23:00:00;2122,05;0,92478424;0;0;0;0;0;0;0;29566;2122,05;0;0;;;;;;;;;
;32;Lunes;5209;0:00:00;1518,65;0,043924518;0;0;0;0;0;0;0;28047;1518,65;0;0;;;;;;;;;
;;;5210;1:00:00;110,25;0,85355383;0;0;0;0;0;0;0;27937;110,25;0;0;;;;;;;;;
;;;5211;2:00:00;110,25;0,9427288;0;0;0;0;0;0;0;27827;110,25;0;0;;;;;;;;;
;;;5212;3:00:00;110,25;0,5220684;0;0;0;0;0;0;0;27716;110,25;0;0;;;;;;;;;
;;;5213;4:00:00;52;0,33575904;0;0;0;0;0;0;0;27664;52;0;0;;;;;;;;;
;;;5214;5:00:00;52;0,3307838;0;0;0;0;0;0;0;27612;52;0;0;;;;;;;;;
;;;5215;6:00:00;941,44;0,30933747;0;37,61;270,54;385,1264;225,66;225,66;0;26896;715,78;0;0;;;;;;;;;
;;;5216;7:00:00;1623,8;0,23302281;0;87,86;610,17;899,6864;527,16;527,16;0;25800;1096,64;0;0;;;;;;;;;
;;;5217;8:00:00;1023,8;0,49487573;0;282,61;737,21;2893,9264;1695,66;1695,66;671,86;26472;0;0;0;;;;;;;;;
;;;5218;9:00:00;468,04;1,1833264;0;502,45;720,22;5145,088;3014,7;3014,7;2546,66;29018;0;0;0;;;;;;;;;
;;;5219;10:00:00;897;1,8554577;0;712,26;607,88;7293,5424;4273,56;4273,56;3376,56;32395;0;0;0;;;;;;;;;
;;;5220;11:00:00;362;2,9472425;0;881,06;423,57;9022,0544;5286,36;5286,36;4924,36;37319;0;0;2243,64;;;;;;;;;
;;;5221;12:00:00;52;3,5698714;0;990,32;219,44;10140,8768;5941,92;5941,92;5889,92;40000;0;0;5889,92;;;;;;;;;
;;;5222;13:00:00;3628;4,189175;0;1033,69;456,88;10584,9856;6202,14;6202,14;2574,14;40000;0;0;2574,14;;;;;;;;;
;;;5223;14:00:00;1202;4,643032;0;996,1;678,14;10200,064;5976,6;5976,6;4774,6;40000;0;0;4774,6;;;;;;;;;
;;;5224;15:00:00;1390,25;5,1310945;0;883,74;851,68;9049,4976;5302,44;5302,44;3912,19;40000;0;0;3912,19;;;;;;;;;
;;;5225;16:00:00;110,25;4,5341954;0;702,81;950,82;7196,7744;4216,86;4216,86;4106,61;40000;0;0;4106,61;;;;;;;;;
;;;5226;17:00:00;485,25;3,5354776;0;477,56;956,41;4890,2144;2865,36;2865,36;2380,11;40000;0;0;2380,11;;;;;;;;;
;;;5227;18:00:00;678,93;3,58346;0;236,27;869,53;2419,4048;1417,62;1417,62;738,69;40000;0;0;738,69;;;;;;;;;
;;;5228;19:00:00;2147,05;2,7103097;0;0;0;0;0;0;0;37853;2147,05;0;0;;;;;;;;;
;;;5229;20:00:00;2051,05;2,0670803;0;0;0;0;0;0;0;35802;2051,05;0;0;;;;;;;;;
;;;5230;21:00:00;4587,05;1,3023565;0;0;0;0;0;0;0;31215;4587,05;0;0;;;;;;;;;
;;;5231;22:00:00;1397,05;1,0241603;0;0;0;0;0;0;0;29818;1397,05;0;0;;;;;;;;;
;;;5232;23:00:00;1587,05;0,7718118;0;0;0;0;0;0;0;28231;1587,05;0;0;;;;;;;;;
;;Martes;5233;0:00:00;1518,65;0,2371387;0;0;0;0;0;0;0;26712;1518,65;0;0;;;;;;;;;
;;;5234;1:00:00;110,25;0,8743652;0;0;0;0;0;0;0;26602;110,25;0;0;;;;;;;;;
;;;5235;2:00:00;110,25;0,61873335;0;0;0;0;0;0;0;26492;110,25;0;0;;;;;;;;;
;;;5236;3:00:00;110,25;0,4723467;0;0;0;0;0;0;0;26381;110,25;0;0;;;;;;;;;
;;;5237;4:00:00;52;0,3827076;0;0;0;0;0;0;0;26329;52;0;0;;;;;;;;;
;;;5238;5:00:00;52;0,6860799;0;0;0;0;0;0;0;26277;52;0;0;;;;;;;;;
;;;5239;6:00:00;941,44;1,1867892;0;36,76;266,48;376,4224;220,56;220,56;0;25556;720,88;0;0;;;;;;;;;
;;;5240;7:00:00;1623,8;1,428018;0;101,51;531,88;1039,4624;609,06;609,06;0;24542;1014,74;0;0;;;;;;;;;
;;;5241;8:00:00;1023,8;1,3326787;0;282,51;715,42;2892,9024;1695,06;1695,06;671,26;25213;0;0;0;;;;;;;;;
;;;5242;9:00:00;468,04;1,6722366;0;497,42;713,58;5093,5808;2984,52;2984,52;2516,48;27729;0;0;0;;;;;;;;;
;;;5243;10:00:00;897;1,6835747;0;698,63;613,65;7153,9712;4191,78;4191,78;3294,78;31024;0;0;0;;;;;;;;;
;;;5244;11:00:00;362;2,6217892;0;870,65;434,79;8915,456;5223,9;5223,9;4861,9;35886;0;0;748,05;;;;;;;;;
;;;5245;12:00:00;52;3,3543684;0;977,33;238,09;10007,8592;5863,98;5863,98;5811,98;40000;0;0;5811,98;;;;;;;;;
;;;5246;13:00:00;3628;3,841943;0;1020,64;466,93;10451,3536;6123,84;6123,84;2495,84;40000;0;0;2495,84;;;;;;;;;
;;;5247;14:00:00;1202;4,4896336;0;976,65;682,77;10000,896;5859,9;5859,9;4657,9;40000;0;0;4657,9;;;;;;;;;
;;;5248;15:00:00;1390,25;5,1228185;0;859,69;842,6;8803,2256;5158,14;5158,14;3767,89;40000;0;0;3767,89;;;;;;;;;
;;;5249;16:00:00;110,25;4,8642406;0;686,87;932,75;7033,5488;4121,22;4121,22;4010,97;40000;0;0;4010,97;;;;;;;;;
;;;5250;17:00:00;485,25;4,1237946;0;457,7;907,42;4686,848;2746,2;2746,2;2260,95;40000;0;0;2260,95;;;;;;;;;
;;;5251;18:00:00;678,93;3,5275447;0;215,25;751,49;2204,16;1291,5;1291,5;612,57;40000;0;0;612,57;;;;;;;;;
;;;5252;19:00:00;2147,05;3,0122838;0;0;0;0;0;0;0;37853;2147,05;0;0;;;;;;;;;
;;;5253;20:00:00;2051,05;2,4464717;0;0;0;0;0;0;0;35802;2051,05;0;0;;;;;;;;;
;;;5254;21:00:00;4587,05;2,3213656;0;0;0;0;0;0;0;31215;4587,05;0;0;;;;;;;;;
;;;5255;22:00:00;1397,05;2,2057133;0;0;0;0;0;0;0;29818;1397,05;0;0;;;;;;;;;
;;;5256;23:00:00;1587,05;1,9641191;0;0;0;0;0;0;0;28231;1587,05;0;0;;;;;;;;;
;;Miércoles;5257;0:00:00;1518,65;1,7126939;0;0;0;0;0;0;0;26712;1518,65;0;0;;;;;;;;;
;;;5258;1:00:00;110,25;1,2550238;0;0;0;0;0;0;0;26602;110,25;0;0;;;;;;;;;
;;;5259;2:00:00;110,25;0,8008626;0;0;0;0;0;0;0;26492;110,25;0;0;;;;;;;;;
;;;5260;3:00:00;110,25;0,88299537;0;0;0;0;0;0;0;26381;110,25;0;0;;;;;;;;;
;;;5261;4:00:00;52;0,93257314;0;0;0;0;0;0;0;26329;52;0;0;;;;;;;;;
;;;5262;5:00:00;52;1,0792762;0;0;0;0;0;0;0;26277;52;0;0;;;;;;;;;
;;;5263;6:00:00;941,44;1,2413656;0;39,32;134,46;402,6368;235,92;235,92;0;25572;705,52;0;0;;;;;;;;;
;;;5264;7:00:00;1623,8;1,5324101;0;111,33;440,17;1140,0192;667,98;667,98;0;24616;955,82;0;0;;;;;;;;;
;;;5265;8:00:00;1023,8;1,9241303;0;274,03;611,13;2806,0672;1644,18;1644,18;620,38;25236;0;0;0;;;;;;;;;
;;;5266;9:00:00;468,04;2,4457076;0;423,48;577,79;4336,4352;2540,88;2540,88;2072,84;27309;0;0;0;;;;;;;;;
;;;5267;10:00:00;897;3,195759;0;660,86;609,24;6767,2064;3965,16;3965,16;3068,16;30377;0;0;0;;;;;;;;;
;;;5268;11:00:00;362;4,1211247;0;726,72;517,17;7441,6128;4360,32;4360,32;3998,32;34376;0;0;0;;;;;;;;;
;;;5269;12:00:00;52;4,4627514;0;504,65;474,42;5167,616;3027,9;3027,9;2975,9;37352;0;0;327,51;;;;;;;;;
;;;5270;13:00:00;3628;4,360355;0;935,78;508,84;9582,3872;5614,68;5614,68;1986,68;39338;0;0;1324,97;;;;;;;;;
;;;5271;14:00:00;1202;4,399041;0;877,72;678,65;8987,8528;5266,32;5266,32;4064,32;40000;0;0;4064,32;;;;;;;;;
;;;5272;15:00:00;1390,25;4,4857154;0;531,86;584,49;5446,2464;3191,16;3191,16;1800,91;40000;0;0;1800,91;;;;;;;;;
;;;5273;16:00:00;110,25;4,0859194;0;552,72;747,03;5659,8528;3316,32;3316,32;3206,07;40000;0;0;3206,07;;;;;;;;;
;;;5274;17:00:00;485,25;3,5824184;0;336,13;596,95;3441,9712;2016,78;2016,78;1531,53;40000;0;0;1531,53;;;;;;;;;
;;;5275;18:00:00;678,93;3,2908592;0;42,99;49,56;440,2176;257,94;257,94;0;39579;420,99;0;0;;;;;;;;;
;;;5276;19:00:00;2147,05;2,7261093;0;0;0;0;0;0;0;37432;2147,05;0;0;;;;;;;;;
;;;5277;20:00:00;2051,05;1,9040574;0;0;0;0;0;0;0;35381;2051,05;0;0;;;;;;;;;
;;;5278;21:00:00;4587,05;1,788921;0;0;0;0;0;0;0;30794;4587,05;0;0;;;;;;;;;
;;;5279;22:00:00;1397,05;1,2807498;0;0;0;0;0;0;0;29397;1397,05;0;0;;;;;;;;;
;;;5280;23:00:00;1587,05;1,0053751;0;0;0;0;0;0;0;27810;1587,05;0;0;;;;;;;;;
;;Jueves;5281;0:00:00;1518,65;1,3656423;0;0;0;0;0;0;0;26291;1518,65;0;0;;;;;;;;;
;;;5282;1:00:00;110,25;1,6786696;0;0;0;0;0;0;0;26181;110,25;0;0;;;;;;;;;
;;;5283;2:00:00;110,25;1,511945;0;0;0;0;0;0;0;26071;110,25;0;0;;;;;;;;;
;;;5284;3:00:00;110,25;1,1425563;0;0;0;0;0;0;0;25960;110,25;0;0;;;;;;;;;
;;;5285;4:00:00;52;0,99788326;0;0;0;0;0;0;0;25908;52;0;0;;;;;;;;;
;;;5286;5:00:00;52;1,0939373;0;0;0;0;0;0;0;25856;52;0;0;;;;;;;;;
;;;5287;6:00:00;941,44;1,567536;0;31,63;51,13;323,8912;189,78;189,78;0;25105;751,66;0;0;;;;;;;;;
;;;5288;7:00:00;1623,8;1,4772825;0;115,43;381,37;1182,0032;692,58;692,58;0;24173;931,22;0;0;;;;;;;;;
;;;5289;8:00:00;1023,8;1,6308291;0;66,77;76,98;683,7248;400,62;400,62;0;23550;623,18;0;0;;;;;;;;;
;;;5290;9:00:00;468,04;2,1568258;0;324,39;399,79;3321,7536;1946,34;1946,34;1478,3;25029;0;0;0;;;;;;;;;
;;;5291;10:00:00;897;2,8115385;0;358,72;403,53;3673,2928;2152,32;2152,32;1255,32;26284;0;0;0;;;;;;;;;
;;;5292;11:00:00;362;3,669874;0;541,49;506,73;5544,8576;3248,94;3248,94;2886,94;29171;0;0;0;;;;;;;;;
;;;5293;12:00:00;52;3,8289766;0;881,87;329,95;9030,3488;5291,22;5291,22;5239,22;34410;0;0;0;;;;;;;;;
;;;5294;13:00:00;3628;3,8425958;0;724,8;555,36;7421,952;4348,8;4348,8;720,8;35131;0;0;0;;;;;;;;;
;;;5295;14:00:00;1202;3,8635385;0;758,74;651,39;7769,4976;4552,44;4552,44;3350,44;38481;0;0;1831,76;;;;;;;;;
;;;5296;15:00:00;1390,25;3,6963549;0;515,3;567,6;5276,672;3091,8;3091,8;1701,55;40000;0;0;1701,55;;;;;;;;;
;;;5297;16:00:00;110,25;3,4008155;0;68,6;79,09;702,464;411,6;411,6;301,35;40000;0;0;301,35;;;;;;;;;
;;;5298;17:00:00;485,25;3,1087902;0;64,03;73,81;655,6672;384,18;384,18;0;39899;101,07;0;0;;;;;;;;;
;;;5299;18:00:00;678,93;2,6658168;0;39,33;45,35;402,7392;235,98;235,98;0;39456;442,95;0;0;;;;;;;;;
;;;5300;19:00:00;2147,05;1,7789431;0;0;0;0;0;0;0;37309;2147,05;0;0;;;;;;;;;
;;;5301;20:00:00;2051,05;1,2438976;0;0;0;0;0;0;0;35258;2051,05;0;0;;;;;;;;;
;;;5302;21:00:00;4587,05;0,86783016;0;0;0;0;0;0;0;30671;4587,05;0;0;;;;;;;;;
;;;5303;22:00:00;1397,05;0,87330514;0;0;0;0;0;0;0;29274;1397,05;0;0;;;;;;;;;
;;;5304;23:00:00;1587,05;0,98056597;0;0;0;0;0;0;0;27687;1587,05;0;0;;;;;;;;;
;;Viernes;5305;0:00:00;1518,65;1,2597625;0;0;0;0;0;0;0;26168;1518,65;0;0;;;;;;;;;
;;;5306;1:00:00;110,25;1,386789;0;0;0;0;0;0;0;26058;110,25;0;0;;;;;;;;;
;;;5307;2:00:00;110,25;1,1831625;0;0;0;0;0;0;0;25948;110,25;0;0;;;;;;;;;
;;;5308;3:00:00;110,25;1,020917;0;0;0;0;0;0;0;25837;110,25;0;0;;;;;;;;;
;;;5309;4:00:00;52;0,8259693;0;0;0;0;0;0;0;25785;52;0;0;;;;;;;;;
;;;5310;5:00:00;52;0,5973656;0;0;0;0;0;0;0;25733;52;0;0;;;;;;;;;
;;;5311;6:00:00;941,44;0,64321953;0;29,92;49,15;306,3808;179,52;179,52;0;24971;761,92;0;0;;;;;;;;;
;;;5312;7:00:00;1623,8;0,39424598;0;120,62;280,11;1235,1488;723,72;723,72;0;24071;900,08;0;0;;;;;;;;;
;;;5313;8:00:00;1023,8;0,27910718;0;258,06;470,98;2642,5344;1548,36;1548,36;524,56;24596;0;0;0;;;;;;;;;
;;;5314;9:00:00;468,04;1,0193166;0;431,48;594,4;4418,3552;2588,88;2588,88;2120,84;26717;0;0;0;;;;;;;;;
;;;5315;10:00:00;897;2,0918596;0;674,63;603,44;6908,2112;4047,78;4047,78;3150,78;29868;0;0;0;;;;;;;;;
;;;5316;11:00:00;362;2,9953773;0;812,39;465,63;8318,8736;4874,34;4874,34;4512,34;34380;0;0;0;;;;;;;;;
;;;5317;12:00:00;52;3,5258157;0;925,55;283,64;9477,632;5553,3;5553,3;5501,3;39881;0;0;5382,45;;;;;;;;;
;;;5318;13:00:00;3628;3,8528664;0;913,5;517,61;9354,24;5481;5481;1853;40000;0;0;1853;;;;;;;;;
;;;5319;14:00:00;1202;3,9194028;0;967,39;670,31;9906,0736;5804,34;5804,34;4602,34;40000;0;0;4602,34;;;;;;;;;
;;;5320;15:00:00;1390,25;3,8964236;0;855,71;832,88;8762,4704;5134,26;5134,26;3744,01;40000;0;0;3744,01;;;;;;;;;
;;;5321;16:00:00;110,25;3,5508351;0;685,56;930,51;7020,1344;4113,36;4113,36;4003,11;40000;0;0;4003,11;;;;;;;;;
;;;5322;17:00:00;485,25;3,1433403;0;470,95;948,44;4822,528;2825,7;2825,7;2340,45;40000;0;0;2340,45;;;;;;;;;
;;;5323;18:00:00;678,93;2,6762779;0;219,09;798,78;2243,4816;1314,54;1314,54;635,61;40000;0;0;635,61;;;;;;;;;
;;;5324;19:00:00;2147,05;1,9263101;0;0;0;0;0;0;0;37853;2147,05;0;0;;;;;;;;;
;;;5325;20:00:00;2051,05;1,4698436;0;0;0;0;0;0;0;35802;2051,05;0;0;;;;;;;;;
;;;5326;21:00:00;4587,05;0,77971214;0;0;0;0;0;0;0;31215;4587,05;0;0;;;;;;;;;
;;;5327;22:00:00;1397,05;0,36273643;0;0;0;0;0;0;0;29818;1397,05;0;0;;;;;;;;;
;;;5328;23:00:00;1587,05;0,5953698;0;0;0;0;0;0;0;28231;1587,05;0;0;;;;;;;;;
;;Sábado;5329;0:00:00;1587,05;1,0551225;0;0;0;0;0;0;0;26644;1587,05;0;0;;;;;;;;;
;;;5330;1:00:00;420,25;0,96235245;0;0;0;0;0;0;0;26223;420,25;0;0;;;;;;;;;
;;;5331;2:00:00;110,25;0,94493127;0;0;0;0;0;0;0;26113;110,25;0;0;;;;;;;;;
;;;5332;3:00:00;52;0,85647595;0;0;0;0;0;0;0;26061;52;0;0;;;;;;;;;
;;;5333;4:00:00;52;0,76698416;0;0;0;0;0;0;0;26009;52;0;0;;;;;;;;;
;;;5334;5:00:00;52;0,83696914;0;0;0;0;0;0;0;25957;52;0;0;;;;;;;;;
;;;5335;6:00:00;297;1,1708109;0;33,34;249,49;341,4016;200,04;200,04;0;25860;96,96;0;0;;;;;;;;;
;;;5336;7:00:00;1330,4;1,036432;0;85,81;599,87;878,6944;514,86;514,86;0;25045;815,54;0;0;;;;;;;;;
;;;5337;8:00:00;1193,8;0,70345455;0;278,99;717,09;2856,8576;1673,94;1673,94;480,14;25525;0;0;0;;;;;;;;;
;;;5338;9:00:00;1205,68;1,2981536;0;501,93;714,77;5139,7632;3011,58;3011,58;1805,9;27331;0;0;0;;;;;;;;;
;;;5339;10:00:00;1618;1,9942646;0;704,24;601,32;7211,4176;4225,44;4225,44;2607,44;29938;0;0;0;;;;;;;;;
;;;5340;11:00:00;232;3,1714954;0;875,24;418,87;8962,4576;5251,44;5251,44;5019,44;34958;0;0;0;;;;;;;;;
;;;5341;12:00:00;52;3,8757546;0;972,38;232,46;9957,1712;5834,28;5834,28;5782,28;40000;0;0;5782,28;;;;;;;;;
;;;5342;13:00:00;2440,25;4,1538777;0;990,11;478,94;10138,7264;5940,66;5940,66;3500,41;40000;0;0;3500,41;;;;;;;;;
;;;5343;14:00:00;3540,25;4,067847;0;788,11;664,26;8070,2464;4728,66;4728,66;1188,41;40000;0;0;1188,41;;;;;;;;;
;;;5344;15:00:00;1390,25;3,933144;0;812,22;815,25;8317,1328;4873,32;4873,32;3483,07;40000;0;0;3483,07;;;;;;;;;
;;;5345;16:00:00;110,25;3,7742186;0;461,98;610,35;4730,6752;2771,88;2771,88;2661,63;40000;0;0;2661,63;;;;;;;;;
;;;5346;17:00:00;52;3,3389983;0;452,19;902,86;4630,4256;2713,14;2713,14;2661,14;40000;0;0;2661,14;;;;;;;;;
;;;5347;18:00:00;117;2,574139;0;222,43;821,57;2277,6832;1334,58;1334,58;1217,58;40000;0;0;1217,58;;;;;;;;;
;;;5348;19:00:00;209,4;1,4618024;0;0;0;0;0;0;0;39791;209,4;0;0;;;;;;;;;
;;;5349;20:00:00;1642,04;1,0361092;0;0;0;0;0;0;0;38149;1642,04;0;0;;;;;;;;;
;;;5350;21:00:00;4528,8;1,1136762;0;0;0;0;0;0;0;33620;4528,8;0;0;;;;;;;;;
;;;5351;22:00:00;1932,05;1,1254517;0;0;0;0;0;0;0;31688;1932,05;0;0;;;;;;;;;
;;;5352;23:00:00;2122,05;0,8858976;0;0;0;0;0;0;0;29566;2122,05;0;0;;;;;;;;;
;;Domingo;5353;0:00:00;1587,05;0,75855875;0;0;0;0;0;0;0;27979;1587,05;0;0;;;;;;;;;
;;;5354;1:00:00;420,25;1,216468;0;0;0;0;0;0;0;27558;420,25;0;0;;;;;;;;;
;;;5355;2:00:00;110,25;1,5210422;0;0;0;0;0;0;0;27448;110,25;0;0;;;;;;;;;
;;;5356;3:00:00;52;1,5940075;0;0;0;0;0;0;0;27396;52;0;0;;;;;;;;;
;;;5357;4:00:00;52;1,3783945;0;0;0;0;0;0;0;27344;52;0;0;;;;;;;;;
;;;5358;5:00:00;52;1,1254436;0;0;0;0;0;0;0;27292;52;0;0;;;;;;;;;
;;;5359;6:00:00;297;1,1740644;0;34,2;203,46;350,208;205,2;205,2;0;27200;91,8;0;0;;;;;;;;;
;;;5360;7:00:00;1330,4;0,7945275;0;100,57;499,35;1029,8368;603,42;603,42;0;26473;726,98;0;0;;;;;;;;;
;;;5361;8:00:00;1193,8;1,4784256;0;268,27;547,42;2747,0848;1609,62;1609,62;415,82;26889;0;0;0;;;;;;;;;
;;;5362;9:00:00;1205,68;2,2904475;0;498,93;710,04;5109,0432;2993,58;2993,58;1787,9;28677;0;0;0;;;;;;;;;
;;;5363;10:00:00;1618;2,4958923;0;705,86;601,69;7228,0064;4235,16;4235,16;2617,16;31294;0;0;0;;;;;;;;;
;;;5364;11:00:00;232;3,1183412;0;867,4;424,24;8882,176;5204,4;5204,4;4972,4;36267;0;0;1239,01;;;;;;;;;
;;;5365;12:00:00;52;3,4432256;0;985,49;221,49;10091,4176;5912,94;5912,94;5860,94;40000;0;0;5860,94;;;;;;;;;
;;;5366;13:00:00;2440,25;3,7304363;0;1028,96;459,4;10536,5504;6173,76;6173,76;3733,51;40000;0;0;3733,51;;;;;;;;;
;;;5367;14:00:00;3540,25;3,9957273;0;959,44;679,94;9824,6656;5756,64;5756,64;2216,39;40000;0;0;2216,39;;;;;;;;;
;;;5368;15:00:00;1390,25;4,0617294;0;801,69;810,62;8209,3056;4810,14;4810,14;3419,89;40000;0;0;3419,89;;;;;;;;;
;;;5369;16:00:00;110,25;3,8583972;0;501,21;671,27;5132,3904;3007,26;3007,26;2897,01;40000;0;0;2897,01;;;;;;;;;
;;;5370;17:00:00;52;3,5561576;0;351,33;643,04;3597,6192;2107,98;2107,98;2055,98;40000;0;0;2055,98;;;;;;;;;
;;;5371;18:00:00;117;3,3242385;0;220,92;815,15;2262,2208;1325,52;1325,52;1208,52;40000;0;0;1208,52;;;;;;;;;
;;;5372;19:00:00;209,4;2,7656868;0;0;0;0;0;0;0;39791;209,4;0;0;;;;;;;;;
;;;5373;20:00:00;1642,04;2,0879533;0;0;0;0;0;0;0;38149;1642,04;0;0;;;;;;;;;
;;;5374;21:00:00;4528,8;1,7950982;0;0;0;0;0;0;0;33620;4528,8;0;0;;;;;;;;;
;;;5375;22:00:00;1932,05;1,4264627;0;0;0;0;0;0;0;31688;1932,05;0;0;;;;;;;;;
;;;5376;23:00:00;2122,05;0,64053655;0;0;0;0;0;0;0;29566;2122,05;0;0;;;;;;;;;
;33;Lunes;5377;0:00:00;1518,65;0,7897026;0;0;0;0;0;0;0;28047;1518,65;0;0;;;;;;;;;
;;;5378;1:00:00;110,25;1,0249674;0;0;0;0;0;0;0;27937;110,25;0;0;;;;;;;;;
;;;5379;2:00:00;110,25;0,8571301;0;0;0;0;0;0;0;27827;110,25;0;0;;;;;;;;;
;;;5380;3:00:00;110,25;0,87272364;0;0;0;0;0;0;0;27716;110,25;0;0;;;;;;;;;
;;;5381;4:00:00;52;0,81265557;0;0;0;0;0;0;0;27664;52;0;0;;;;;;;;;
;;;5382;5:00:00;52;0,69947654;0;0;0;0;0;0;0;27612;52;0;0;;;;;;;;;
;;;5383;6:00:00;941,44;0,9385429;0;33,34;198,24;341,4016;200,04;200,04;0;26871;741,4;0;0;;;;;;;;;
;;;5384;7:00:00;1623,8;0,9203786;0;88,65;576,36;907,776;531,9;531,9;0;25779;1091,9;0;0;;;;;;;;;
;;;5385;8:00:00;1023,8;0,8251187;0;281,31;723,36;2880,6144;1687,86;1687,86;664,06;26443;0;0;0;;;;;;;;;
;;;5386;9:00:00;468,04;1,1892089;0;503,12;715,15;5151,9488;3018,72;3018,72;2550,68;28994;0;0;0;;;;;;;;;
;;;5387;10:00:00;897;1,2717457;0;711,02;603,65;7280,8448;4266,12;4266,12;3369,12;32363;0;0;0;;;;;;;;;
;;;5388;11:00:00;362;2,4082928;0;884,2;419,34;9054,208;5305,2;5305,2;4943,2;37306;0;0;2249,22;;;;;;;;;
;;;5389;12:00:00;52;3,7556643;0;988,76;227,26;10124,9024;5932,56;5932,56;5880,56;40000;0;0;5880,56;;;;;;;;;
;;;5390;13:00:00;3628;4,7109184;0;1025,26;466,03;10498,6624;6151,56;6151,56;2523,56;40000;0;0;2523,56;;;;;;;;;
;;;5391;14:00:00;1202;5,1200523;0;985,84;681,83;10095,0016;5915,04;5915,04;4713,04;40000;0;0;4713,04;;;;;;;;;
;;;5392;15:00:00;1390,25;5,540677;0;878,12;853,1;8991,9488;5268,72;5268,72;3878,47;40000;0;0;3878,47;;;;;;;;;
;;;5393;16:00:00;110,25;5,2400393;0;699,17;952,08;7159,5008;4195,02;4195,02;4084,77;40000;0;0;4084,77;;;;;;;;;
;;;5394;17:00:00;485,25;4,6272597;0;467,48;944,08;4786,9952;2804,88;2804,88;2319,63;40000;0;0;2319,63;;;;;;;;;
;;;5395;18:00:00;678,93;4,0562763;0;222,94;832,15;2282,9056;1337,64;1337,64;658,71;40000;0;0;658,71;;;;;;;;;
;;;5396;19:00:00;2147,05;3,1009376;0;0;0;0;0;0;0;37853;2147,05;0;0;;;;;;;;;
;;;5397;20:00:00;2051,05;2,505662;0;0;0;0;0;0;0;35802;2051,05;0;0;;;;;;;;;
;;;5398;21:00:00;4587,05;2,2303321;0;0;0;0;0;0;0;31215;4587,05;0;0;;;;;;;;;
;;;5399;22:00:00;1397,05;2,1154146;0;0;0;0;0;0;0;29818;1397,05;0;0;;;;;;;;;
;;;5400;23:00:00;1587,05;1,789487;0;0;0;0;0;0;0;28231;1587,05;0;0;;;;;;;;;
;;Martes;5401;0:00:00;1518,65;1,1465304;0;0;0;0;0;0;0;26712;1518,65;0;0;;;;;;;;;
;;;5402;1:00:00;110,25;0,94970727;0;0;0;0;0;0;0;26602;110,25;0;0;;;;;;;;;
;;;5403;2:00:00;110,25;0,87956685;0;0;0;0;0;0;0;26492;110,25;0;0;;;;;;;;;
;;;5404;3:00:00;110,25;1,0546615;0;0;0;0;0;0;0;26381;110,25;0;0;;;;;;;;;
;;;5405;4:00:00;52;1,0639851;0;0;0;0;0;0;0;26329;52;0;0;;;;;;;;;
;;;5406;5:00:00;52;1,2496998;0;0;0;0;0;0;0;26277;52;0;0;;;;;;;;;
;;;5407;6:00:00;941,44;1,2202107;0;29,92;240,65;306,3808;179,52;179,52;0;25515;761,92;0;0;;;;;;;;;
;;;5408;7:00:00;1623,8;0,98732;0;92,15;558,66;943,616;552,9;552,9;0;24445;1070,9;0;0;;;;;;;;;
;;;5409;8:00:00;1023,8;0,8630129;0;282,98;715,72;2897,7152;1697,88;1697,88;674,08;25119;0;0;0;;;;;;;;;
;;;5410;9:00:00;468,04;1,294996;0;505,81;718,44;5179,4944;3034,86;3034,86;2566,82;27685;0;0;0;;;;;;;;;
;;;5411;10:00:00;897;1,4364715;0;718,23;608,11;7354,6752;4309,38;4309,38;3412,38;31098;0;0;0;;;;;;;;;
;;;5412;11:00:00;362;1,8662046;0;883,49;426,93;9046,9376;5300,94;5300,94;4938,94;36037;0;0;975,69;;;;;;;;;
;;;5413;12:00:00;52;3,156417;0;1008,66;217,71;10328,6784;6051,96;6051,96;5999,96;40000;0;0;5999,96;;;;;;;;;
;;;5414;13:00:00;3628;4,163901;0;1046,78;464,75;10719,0272;6280,68;6280,68;2652,68;40000;0;0;2652,68;;;;;;;;;
;;;5415;14:00:00;1202;4,3954897;0;994,69;687,15;10185,6256;5968,14;5968,14;4766,14;40000;0;0;4766,14;;;;;;;;;
;;;5416;15:00:00;1390,25;4,401396;0;886,18;860,95;9074,4832;5317,08;5317,08;3926,83;40000;0;0;3926,83;;;;;;;;;
;;;5417;16:00:00;110,25;4,632404;0;706,32;962,98;7232,7168;4237,92;4237,92;4127,67;40000;0;0;4127,67;;;;;;;;;
;;;5418;17:00:00;485,25;4,019164;0;482,49;981,39;4940,6976;2894,94;2894,94;2409,69;40000;0;0;2409,69;;;;;;;;;
;;;5419;18:00:00;678,93;2,6886723;0;236,28;909,27;2419,5072;1417,68;1417,68;738,75;40000;0;0;738,75;;;;;;;;;
;;;5420;19:00:00;2147,05;1,8099393;0;0;0;0;0;0;0;37853;2147,05;0;0;;;;;;;;;
;;;5421;20:00:00;2051,05;1,7013363;0;0;0;0;0;0;0;35802;2051,05;0;0;;;;;;;;;
;;;5422;21:00:00;4587,05;1,3183856;0;0;0;0;0;0;0;31215;4587,05;0;0;;;;;;;;;
;;;5423;22:00:00;1397,05;1,4778646;0;0;0;0;0;0;0;29818;1397,05;0;0;;;;;;;;;
;;;5424;23:00:00;1587,05;2,1954806;0;0;0;0;0;0;0;28231;1587,05;0;0;;;;;;;;;
;;Miércoles;5425;0:00:00;1518,65;2,9610286;0;0;0;0;0;0;0;26712;1518,65;0;0;;;;;;;;;
;;;5426;1:00:00;110,25;2,5867105;0;0;0;0;0;0;0;26602;110,25;0;0;;;;;;;;;
;;;5427;2:00:00;110,25;2,5363014;0;0;0;0;0;0;0;26492;110,25;0;0;;;;;;;;;
;;;5428;3:00:00;110,25;2,7352686;0;0;0;0;0;0;0;26381;110,25;0;0;;;;;;;;;
;;;5429;4:00:00;52;1,2965196;0;0;0;0;0;0;0;26329;52;0;0;;;;;;;;;
;;;5430;5:00:00;52;0,77418065;0;0;0;0;0;0;0;26277;52;0;0;;;;;;;;;
;;;5431;6:00:00;941,44;2,9263415;0;32,49;148,43;332,6976;194,94;194,94;0;25531;746,5;0;0;;;;;;;;;
;;;5432;7:00:00;1623,8;4,824725;0;106,87;441,93;1094,3488;641,22;641,22;0;24548;982,58;0;0;;;;;;;;;
;;;5433;8:00:00;1023,8;3,6858678;0;281,69;709,58;2884,5056;1690,14;1690,14;666,34;25215;0;0;0;;;;;;;;;
;;;5434;9:00:00;468,04;2,6435773;0;499,5;708,75;5114,88;2997;2997;2528,96;27744;0;0;0;;;;;;;;;
;;;5435;10:00:00;897;1,6573732;0;697,45;609,28;7141,888;4184,7;4184,7;3287,7;31031;0;0;0;;;;;;;;;
;;;5436;11:00:00;362;2,1181772;0;879,48;424,67;9005,8752;5276,88;5276,88;4914,88;35946;0;0;861,03;;;;;;;;;
;;;5437;12:00:00;52;2,4042768;0;987,81;233,48;10115,1744;5926,86;5926,86;5874,86;40000;0;0;5874,86;;;;;;;;;
;;;5438;13:00:00;3628;2,2234676;0;1030,32;468,12;10550,4768;6181,92;6181,92;2553,92;40000;0;0;2553,92;;;;;;;;;
;;;5439;14:00:00;1202;1,5401074;0;990;685,11;10137,6;5940;5940;4738;40000;0;0;4738;;;;;;;;;
;;;5440;15:00:00;1390,25;1,3928254;0;863,67;848,1;8843,9808;5182,02;5182,02;3791,77;40000;0;0;3791,77;;;;;;;;;
;;;5441;16:00:00;110,25;1,0168492;0;677,4;927,47;6936,576;4064,4;4064,4;3954,15;40000;0;0;3954,15;;;;;;;;;
;;;5442;17:00:00;485,25;0,74288416;0;467,64;948,7;4788,6336;2805,84;2805,84;2320,59;40000;0;0;2320,59;;;;;;;;;
;;;5443;18:00:00;678,93;1,266309;0;218,15;818,18;2233,856;1308,9;1308,9;629,97;40000;0;0;629,97;;;;;;;;;
;;;5444;19:00:00;2147,05;1,3851817;0;0;0;0;0;0;0;37853;2147,05;0;0;;;;;;;;;
;;;5445;20:00:00;2051,05;1,2205365;0;0;0;0;0;0;0;35802;2051,05;0;0;;;;;;;;;
;;;5446;21:00:00;4587,05;0,5132685;0;0;0;0;0;0;0;31215;4587,05;0;0;;;;;;;;;
;;;5447;22:00:00;1397,05;0,67598456;0;0;0;0;0;0;0;29818;1397,05;0;0;;;;;;;;;
;;;5448;23:00:00;1587,05;1,2134452;0;0;0;0;0;0;0;28231;1587,05;0;0;;;;;;;;;
;;Jueves;5449;0:00:00;1518,65;1,6285375;0;0;0;0;0;0;0;26712;1518,65;0;0;;;;;;;;;
;;;5450;1:00:00;110,25;1,641168;0;0;0;0;0;0;0;26602;110,25;0;0;;;;;;;;;
;;;5451;2:00:00;110,25;1,416948;0;0;0;0;0;0;0;26492;110,25;0;0;;;;;;;;;
;;;5452;3:00:00;110,25;1,6534833;0;0;0;0;0;0;0;26381;110,25;0;0;;;;;;;;;
;;;5453;4:00:00;52;2,14229;0;0;0;0;0;0;0;26329;52;0;0;;;;;;;;;
;;;5454;5:00:00;52;2,728698;0;0;0;0;0;0;0;26277;52;0;0;;;;;;;;;
;;;5455;6:00:00;941,44;2,6808834;0;28,21;61,9;288,8704;169,26;169,26;0;25505;772,18;0;0;;;;;;;;;
;;;5456;7:00:00;1623,8;2,185805;0;71,35;82,25;730,624;428,1;428,1;0;24309;1195,7;0;0;;;;;;;;;
;;;5457;8:00:00;1023,8;1,6235858;0;71,35;82,25;730,624;428,1;428,1;0;23714;595,7;0;0;;;;;;;;;
;;;5458;9:00:00;468,04;1,2787814;0;414,64;559,1;4245,9136;2487,84;2487,84;2019,8;25734;0;0;0;;;;;;;;;
;;;5459;10:00:00;897;1,6714457;0;630,08;598,68;6452,0192;3780,48;3780,48;2883,48;28617;0;0;0;;;;;;;;;
;;;5460;11:00:00;362;2,2520068;0;802,55;471,39;8218,112;4815,3;4815,3;4453,3;33070;0;0;0;;;;;;;;;
;;;5461;12:00:00;52;2,4939885;0;890,63;331,33;9120,0512;5343,78;5343,78;5291,78;38362;0;0;3653,91;;;;;;;;;
;;;5462;13:00:00;3628;3,468875;0;86,9;100,18;889,856;521,4;521,4;0;35256;3106,6;0;0;;;;;;;;;
;;;5463;14:00:00;1202;4,512949;0;397,39;431,21;4069,2736;2384,34;2384,34;1182,34;36438;0;0;0;;;;;;;;;
;;;5464;15:00:00;1390,25;4,8428006;0;681,94;721,82;6983,0656;4091,64;4091,64;2701,39;39139;0;0;1840,65;;;;;;;;;
;;;5465;16:00:00;110,25;4,3653126;0;570,61;779,14;5843,0464;3423,66;3423,66;3313,41;40000;0;0;3313,41;;;;;;;;;
;;;5466;17:00:00;485,25;3,4399257;0;299,72;522,64;3069,1328;1798,32;1798,32;1313,07;40000;0;0;1313,07;;;;;;;;;
;;;5467;18:00:00;678,93;2,2956178;0;208,56;773,39;2135,6544;1251,36;1251,36;572,43;40000;0;0;572,43;;;;;;;;;
;;;5468;19:00:00;2147,05;1,1242998;0;0;0;0;0;0;0;37853;2147,05;0;0;;;;;;;;;
;;;5469;20:00:00;2051,05;1,0580698;0;0;0;0;0;0;0;35802;2051,05;0;0;;;;;;;;;
;;;5470;21:00:00;4587,05;1,4126188;0;0;0;0;0;0;0;31215;4587,05;0;0;;;;;;;;;
;;;5471;22:00:00;1397,05;1,4069089;0;0;0;0;0;0;0;29818;1397,05;0;0;;;;;;;;;
;;;5472;23:00:00;1587,05;1,6253757;0;0;0;0;0;0;0;28231;1587,05;0;0;;;;;;;;;
;;Viernes;5473;0:00:00;1518,65;1,8875678;0;0;0;0;0;0;0;26712;1518,65;0;0;;;;;;;;;
;;;5474;1:00:00;110,25;2,2342374;0;0;0;0;0;0;0;26602;110,25;0;0;;;;;;;;;
;;;5475;2:00:00;110,25;2,152296;0;0;0;0;0;0;0;26492;110,25;0;0;;;;;;;;;
;;;5476;3:00:00;110,25;1,9202803;0;0;0;0;0;0;0;26381;110,25;0;0;;;;;;;;;
;;;5477;4:00:00;52;2,01115;0;0;0;0;0;0;0;26329;52;0;0;;;;;;;;;
;;;5478;5:00:00;52;2,0785942;0;0;0;0;0;0;0;26277;52;0;0;;;;;;;;;
;;;5479;6:00:00;941,44;2,1930287;0;28,21;69,34;288,8704;169,26;169,26;0;25505;772,18;0;0;;;;;;;;;
;;;5480;7:00:00;1623,8;1,7217964;0;114,04;231,69;1167,7696;684,24;684,24;0;24566;939,56;0;0;;;;;;;;;
;;;5481;8:00:00;1023,8;0,7660038;0;73,18;84,36;749,3632;439,08;439,08;0;23981;584,72;0;0;;;;;;;;;
;;;5482;9:00:00;468,04;0,39881468;0;181,92;210,06;1862,8608;1091,52;1091,52;623,48;24604;0;0;0;;;;;;;;;
;;;5483;10:00:00;897;1,7430413;0;606,73;589,64;6212,9152;3640,38;3640,38;2743,38;27348;0;0;0;;;;;;;;;
;;;5484;11:00:00;362;1,9796847;0;99,7;114,94;1020,928;598,2;598,2;236,2;27584;0;0;0;;;;;;;;;
;;;5485;12:00:00;52;2,0102143;0;853,14;364,22;8736,1536;5118,84;5118,84;5066,84;32651;0;0;0;;;;;;;;;
;;;5486;13:00:00;3628;2,5319657;0;877,7;534,73;8987,648;5266,2;5266,2;1638,2;34289;0;0;0;;;;;;;;;
;;;5487;14:00:00;1202;3,5353746;0;443,54;469,14;4541,8496;2661,24;2661,24;1459,24;35748;0;0;0;;;;;;;;;
;;;5488;15:00:00;1390,25;3,8622308;0;378,71;426,68;3877,9904;2272,26;2272,26;882,01;36630;0;0;0;;;;;;;;;
;;;5489;16:00:00;110,25;4,0618324;0;297,13;365,84;3042,6112;1782,78;1782,78;1672,53;38303;0;0;0;;;;;;;;;
;;;5490;17:00:00;485,25;4,072151;0;293,89;510,51;3009,4336;1763,34;1763,34;1278,09;39581;0;0;858,95;;;;;;;;;
;;;5491;18:00:00;678,93;3,5918941;0;140,3;419,97;1436,672;841,8;841,8;162,87;39744;0;0;0;;;;;;;;;
;;;5492;19:00:00;2147,05;2,7955005;0;0;0;0;0;0;0;37597;2147,05;0;0;;;;;;;;;
;;;5493;20:00:00;2051,05;1,944989;0;0;0;0;0;0;0;35546;2051,05;0;0;;;;;;;;;
;;;5494;21:00:00;4587,05;1,215731;0;0;0;0;0;0;0;30959;4587,05;0;0;;;;;;;;;
;;;5495;22:00:00;1397,05;0,85513717;0;0;0;0;0;0;0;29562;1397,05;0;0;;;;;;;;;
;;;5496;23:00:00;1587,05;0,93035704;0;0;0;0;0;0;0;27974;1587,05;0;0;;;;;;;;;
;;Sábado;5497;0:00:00;1587,05;1,2182587;0;0;0;0;0;0;0;26387;1587,05;0;0;;;;;;;;;
;;;5498;1:00:00;420,25;0,9918739;0;0;0;0;0;0;0;25967;420,25;0;0;;;;;;;;;
;;;5499;2:00:00;110,25;0,8381386;0;0;0;0;0;0;0;25857;110,25;0;0;;;;;;;;;
;;;5500;3:00:00;52;1,0672579;0;0;0;0;0;0;0;25805;52;0;0;;;;;;;;;
;;;5501;4:00:00;52;1,454768;0;0;0;0;0;0;0;25753;52;0;0;;;;;;;;;
;;;5502;5:00:00;52;1,6749605;0;0;0;0;0;0;0;25701;52;0;0;;;;;;;;;
;;;5503;6:00:00;297;2,0656366;0;28,21;140,48;288,8704;169,26;169,26;0;25573;127,74;0;0;;;;;;;;;
;;;5504;7:00:00;1330,4;1,7235855;0;113,34;244,96;1160,6016;680,04;680,04;0;24923;650,36;0;0;;;;;;;;;
;;;5505;8:00:00;1193,8;1,5046492;0;266,45;556,22;2728,448;1598,7;1598,7;404,9;25328;0;0;0;;;;;;;;;
;;;5506;9:00:00;1205,68;1,3498834;0;399,13;529,53;4087,0912;2394,78;2394,78;1189,1;26517;0;0;0;;;;;;;;;
;;;5507;10:00:00;1618;1,3115927;0;687,63;598,66;7041,3312;4125,78;4125,78;2507,78;29025;0;0;0;;;;;;;;;
;;;5508;11:00:00;232;2,5176964;0;857,15;426,98;8777,216;5142,9;5142,9;4910,9;33936;0;0;0;;;;;;;;;
;;;5509;12:00:00;52;3,567647;0;962,17;250,78;9852,6208;5773,02;5773,02;5721,02;39657;0;0;5377,55;;;;;;;;;
;;;5510;13:00:00;2440,25;4,3634953;0;996,42;478,44;10203,3408;5978,52;5978,52;3538,27;40000;0;0;3538,27;;;;;;;;;
;;;5511;14:00:00;3540,25;4,6923256;0;923,76;682,82;9459,3024;5542,56;5542,56;2002,31;40000;0;0;2002,31;;;;;;;;;
;;;5512;15:00:00;1390,25;5,66727;0;56,71;65,38;580,7104;340,26;340,26;0;38950;1049,99;0;0;;;;;;;;;
;;;5513;16:00:00;110,25;6,01431;0;208,1;243,99;2130,944;1248,6;1248,6;1138,35;40000;0;0;1138,35;;;;;;;;;
;;;5514;17:00:00;52;5,1632833;0;96,04;110,72;983,4496;576,24;576,24;524,24;40000;0;0;524,24;;;;;;;;;
;;;5515;18:00:00;117;3,8534873;0;160,93;533,62;1647,9232;965,58;965,58;848,58;40000;0;0;848,58;;;;;;;;;
;;;5516;19:00:00;209,4;2,1638138;0;0;0;0;0;0;0;39791;209,4;0;0;;;;;;;;;
;;;5517;20:00:00;1642,04;1,2134602;0;0;0;0;0;0;0;38149;1642,04;0;0;;;;;;;;;
;;;5518;21:00:00;4528,8;0,8192425;0;0;0;0;0;0;0;33620;4528,8;0;0;;;;;;;;;
;;;5519;22:00:00;1932,05;0,9742912;0;0;0;0;0;0;0;31688;1932,05;0;0;;;;;;;;;
;;;5520;23:00:00;2122,05;0,43074006;0;0;0;0;0;0;0;29566;2122,05;0;0;;;;;;;;;
;;Domingo;5521;0:00:00;1587,05;0,91302127;0;0;0;0;0;0;0;27979;1587,05;0;0;;;;;;;;;
;;;5522;1:00:00;420,25;1,578593;0;0;0;0;0;0;0;27558;420,25;0;0;;;;;;;;;
;;;5523;2:00:00;110,25;1,3931677;0;0;0;0;0;0;0;27448;110,25;0;0;;;;;;;;;
;;;5524;3:00:00;52;1,5397042;0;0;0;0;0;0;0;27396;52;0;0;;;;;;;;;
;;;5525;4:00:00;52;2,0092108;0;0;0;0;0;0;0;27344;52;0;0;;;;;;;;;
;;;5526;5:00:00;52;2,1564674;0;0;0;0;0;0;0;27292;52;0;0;;;;;;;;;
;;;5527;6:00:00;297;2,4346113;0;17,95;22,15;183,808;107,7;107,7;0;27103;189,3;0;0;;;;;;;;;
;;;5528;7:00:00;1330,4;2,1317263;0;112,06;287,84;1147,4944;672,36;672,36;0;26445;658,04;0;0;;;;;;;;;
;;;5529;8:00:00;1193,8;2,5402765;0;143,82;168,48;1472,7168;862,92;862,92;0;26114;330,88;0;0;;;;;;;;;
;;;5530;9:00:00;1205,68;3,1059897;0;256,22;302,5;2623,6928;1537,32;1537,32;331,64;26446;0;0;0;;;;;;;;;
;;;5531;10:00:00;1618;3,186404;0;353,3;395,8;3617,792;2119,8;2119,8;501,8;26947;0;0;0;;;;;;;;;
;;;5532;11:00:00;232;3,6699495;0;295,66;335,69;3027,5584;1773,96;1773,96;1541,96;28489;0;0;0;;;;;;;;;
;;;5533;12:00:00;52;3,6282356;0;406,68;423,28;4164,4032;2440,08;2440,08;2388,08;30877;0;0;0;;;;;;;;;
;;;5534;13:00:00;2440,25;3,6181378;0;518,22;496,47;5306,5728;3109,32;3109,32;669,07;31546;0;0;0;;;;;;;;;
;;;5535;14:00:00;3540,25;3,8358755;0;509,98;516,14;5222,1952;3059,88;3059,88;0;31066;480,37;0;0;;;;;;;;;
;;;5536;15:00:00;1390,25;4,584644;0;81,41;93,85;833,6384;488,46;488,46;0;30164;901,79;0;0;;;;;;;;;
;;;5537;16:00:00;110,25;4,502415;0;50,31;58;515,1744;301,86;301,86;191,61;30356;0;0;0;;;;;;;;;
;;;5538;17:00:00;52;3,7388003;0;26,53;30,58;271,6672;159,18;159,18;107,18;30463;0;0;0;;;;;;;;;
;;;5539;18:00:00;117;2,626619;0;72,21;133,26;739,4304;433,26;433,26;316,26;30779;0;0;0;;;;;;;;;
;;;5540;19:00:00;209,4;1,1509147;0;0;0;0;0;0;0;30570;209,4;0;0;;;;;;;;;
;;;5541;20:00:00;1642,04;0,44067034;0;0;0;0;0;0;0;28928;1642,04;0;0;;;;;;;;;
;;;5542;21:00:00;4528,8;1,4290955;0;0;0;0;0;0;0;24399;4528,8;0;0;;;;;;;;;
;;;5543;22:00:00;1932,05;1,8272241;0;0;0;0;0;0;0;22467;1932,05;0;0;;;;;;;;;
;;;5544;23:00:00;2122,05;2,1019735;0;0;0;0;0;0;0;20345;2122,05;0;0;;;;;;;;;
;34;Lunes;5545;0:00:00;1518,65;2,0266492;0;0;0;0;0;0;0;18826;1518,65;0;0;;;;;;;;;
;;;5546;1:00:00;110,25;1,9802476;0;0;0;0;0;0;0;18716;110,25;0;0;;;;;;;;;
;;;5547;2:00:00;110,25;1,844385;0;0;0;0;0;0;0;18606;110,25;0;0;;;;;;;;;
;;;5548;3:00:00;110,25;1,6447233;0;0;0;0;0;0;0;18496;110,25;0;0;;;;;;;;;
;;;5549;4:00:00;52;1,1688577;0;0;0;0;0;0;0;18444;52;0;0;;;;;;;;;
;;;5550;5:00:00;52;0,82008356;0;0;0;0;0;0;0;18392;52;0;0;;;;;;;;;
;;;5551;6:00:00;941,44;0,73471075;0;25,65;75,13;262,656;153,9;153,9;0;17604;787,54;0;0;;;;;;;;;
;;;5552;7:00:00;1623,8;1,2102582;0;107,4;385,44;1099,776;644,4;644,4;0;16625;979,4;0;0;;;;;;;;;
;;;5553;8:00:00;1023,8;1,7568076;0;274,34;632,1;2809,2416;1646,04;1646,04;622,24;17247;0;0;0;;;;;;;;;
;;;5554;9:00:00;468,04;2,2341082;0;213,58;248,04;2187,0592;1281,48;1281,48;813,44;18060;0;0;0;;;;;;;;;
;;;5555;10:00:00;897;2,7689602;0;472,82;503,98;4841,6768;2836,92;2836,92;1939,92;20000;0;0;0;;;;;;;;;
;;;5556;11:00:00;362;2,78251;0;468,63;468,18;4798,7712;2811,78;2811,78;2449,78;22450;0;0;0;;;;;;;;;
;;;5557;12:00:00;52;3,317269;0;908,57;319,53;9303,7568;5451,42;5451,42;5399,42;27849;0;0;0;;;;;;;;;
;;;5558;13:00:00;3628;4,6604266;0;988,29;489,18;10120,0896;5929,74;5929,74;2301,74;30151;0;0;0;;;;;;;;;
;;;5559;14:00:00;1202;5,3699746;0;953,19;685,11;9760,6656;5719,14;5719,14;4517,14;34668;0;0;0;;;;;;;;;
;;;5560;15:00:00;1390,25;5,072309;0;838,62;834,77;8587,4688;5031,72;5031,72;3641,47;38310;0;0;1951,27;;;;;;;;;
;;;5561;16:00:00;110,25;4,6575184;0;553,06;756,79;5663,3344;3318,36;3318,36;3208,11;40000;0;0;3208,11;;;;;;;;;
;;;5562;17:00:00;485,25;4,3936944;0;434,32;878,78;4447,4368;2605,92;2605,92;2120,67;40000;0;0;2120,67;;;;;;;;;
;;;5563;18:00:00;678,93;3,7125783;0;198,03;743,77;2027,8272;1188,18;1188,18;509,25;40000;0;0;509,25;;;;;;;;;
;;;5564;19:00:00;2147,05;2,6591995;0;0;0;0;0;0;0;37853;2147,05;0;0;;;;;;;;;
;;;5565;20:00:00;2051,05;2,0341933;0;0;0;0;0;0;0;35802;2051,05;0;0;;;;;;;;;
;;;5566;21:00:00;4587,05;1,4985712;0;0;0;0;0;0;0;31215;4587,05;0;0;;;;;;;;;
;;;5567;22:00:00;1397,05;1,1247814;0;0;0;0;0;0;0;29818;1397,05;0;0;;;;;;;;;
;;;5568;23:00:00;1587,05;1,3631129;0;0;0;0;0;0;0;28231;1587,05;0;0;;;;;;;;;
;;Martes;5569;0:00:00;1518,65;1,4881092;0;0;0;0;0;0;0;26712;1518,65;0;0;;;;;;;;;
;;;5570;1:00:00;110,25;1,4116191;0;0;0;0;0;0;0;26602;110,25;0;0;;;;;;;;;
;;;5571;2:00:00;110,25;1,0131776;0;0;0;0;0;0;0;26492;110,25;0;0;;;;;;;;;
;;;5572;3:00:00;110,25;0,6485307;0;0;0;0;0;0;0;26381;110,25;0;0;;;;;;;;;
;;;5573;4:00:00;52;0,4352474;0;0;0;0;0;0;0;26329;52;0;0;;;;;;;;;
;;;5574;5:00:00;52;0,47318187;0;0;0;0;0;0;0;26277;52;0;0;;;;;;;;;
;;;5575;6:00:00;941,44;0,55636454;0;23,94;227,69;245,1456;143,64;143,64;0;25480;797,8;0;0;;;;;;;;;
;;;5576;7:00:00;1623,8;0,58083296;0;83,55;624,32;855,552;501,3;501,3;0;24357;1122,5;0;0;;;;;;;;;
;;;5577;8:00:00;1023,8;0,11668204;0;293,52;764,23;3005,6448;1761,12;1761,12;737,32;25094;0;0;0;;;;;;;;;
;;;5578;9:00:00;468,04;0,9641305;0;526,86;737,2;5395,0464;3161,16;3161,16;2693,12;27787;0;0;0;;;;;;;;;
;;;5579;10:00:00;897;1,5978153;0;744,56;612,98;7624,2944;4467,36;4467,36;3570,36;31358;0;0;0;;;;;;;;;
;;;5580;11:00:00;362;2,5732806;0;926,21;413,58;9484,3904;5557,26;5557,26;5195,26;36553;0;0;1748,37;;;;;;;;;
;;;5581;12:00:00;52;3,3581092;0;1033,87;221,42;10586,8288;6203,22;6203,22;6151,22;40000;0;0;6151,22;;;;;;;;;
;;;5582;13:00:00;3628;3,3739154;0;1077,86;473,61;11037,2864;6467,16;6467,16;2839,16;40000;0;0;2839,16;;;;;;;;;
;;;5583;14:00:00;1202;3,5904467;0;1029,08;705,95;10537,7792;6174,48;6174,48;4972,48;40000;0;0;4972,48;;;;;;;;;
;;;5584;15:00:00;1390,25;4,6810055;0;904,54;884,18;9262,4896;5427,24;5427,24;4036,99;40000;0;0;4036,99;;;;;;;;;
;;;5585;16:00:00;110,25;5,092626;0;723,44;995,65;7408,0256;4340,64;4340,64;4230,39;40000;0;0;4230,39;;;;;;;;;
;;;5586;17:00:00;485,25;4,5876584;0;495,64;1029,33;5075,3536;2973,84;2973,84;2488,59;40000;0;0;2488,59;;;;;;;;;
;;;5587;18:00:00;678,93;4,335065;0;247,96;1015,57;2539,1104;1487,76;1487,76;808,83;40000;0;0;808,83;;;;;;;;;
;;;5588;19:00:00;2147,05;3,2252297;0;0;0;0;0;0;0;37853;2147,05;0;0;;;;;;;;;
;;;5589;20:00:00;2051,05;2,423424;0;0;0;0;0;0;0;35802;2051,05;0;0;;;;;;;;;
;;;5590;21:00:00;4587,05;1,8822039;0;0;0;0;0;0;0;31215;4587,05;0;0;;;;;;;;;
;;;5591;22:00:00;1397,05;1,4006381;0;0;0;0;0;0;0;29818;1397,05;0;0;;;;;;;;;
;;;5592;23:00:00;1587,05;0,9176087;0;0;0;0;0;0;0;28231;1587,05;0;0;;;;;;;;;
;;Miércoles;5593;0:00:00;1518,65;1,0212078;0;0;0;0;0;0;0;26712;1518,65;0;0;;;;;;;;;
;;;5594;1:00:00;110,25;1,1145543;0;0;0;0;0;0;0;26602;110,25;0;0;;;;;;;;;
;;;5595;2:00:00;110,25;1,220789;0;0;0;0;0;0;0;26492;110,25;0;0;;;;;;;;;
;;;5596;3:00:00;110,25;1,3806031;0;0;0;0;0;0;0;26381;110,25;0;0;;;;;;;;;
;;;5597;4:00:00;52;1,3388375;0;0;0;0;0;0;0;26329;52;0;0;;;;;;;;;
;;;5598;5:00:00;52;1,043963;0;0;0;0;0;0;0;26277;52;0;0;;;;;;;;;
;;;5599;6:00:00;941,44;1,0797614;0;23,08;207,61;236,3392;138,48;138,48;0;25474;802,96;0;0;;;;;;;;;
;;;5600;7:00:00;1623,8;1,4814633;0;85,73;588,55;877,8752;514,38;514,38;0;24365;1109,42;0;0;;;;;;;;;
;;;5601;8:00:00;1023,8;2,2822735;0;288,61;738,84;2955,3664;1731,66;1731,66;707,86;25073;0;0;0;;;;;;;;;
;;;5602;9:00:00;468,04;2,674094;0;523,18;730,39;5357,3632;3139,08;3139,08;2671,04;27744;0;0;0;;;;;;;;;
;;;5603;10:00:00;897;2,7850487;0;742,83;608,17;7606,5792;4456,98;4456,98;3559,98;31304;0;0;0;;;;;;;;;
;;;5604;11:00:00;362;3,3612058;0;914,28;412,88;9362,2272;5485,68;5485,68;5123,68;36428;0;0;1551,21;;;;;;;;;
;;;5605;12:00:00;52;3,8987644;0;1031,23;218,01;10559,7952;6187,38;6187,38;6135,38;40000;0;0;6135,38;;;;;;;;;
;;;5606;13:00:00;3628;4,3053994;0;1057,61;477,29;10829,9264;6345,66;6345,66;2717,66;40000;0;0;2717,66;;;;;;;;;
;;;5607;14:00:00;1202;4,4989223;0;1020,89;702,71;10453,9136;6125,34;6125,34;4923,34;40000;0;0;4923,34;;;;;;;;;
;;;5608;15:00:00;1390,25;4,5538964;0;906,28;883,51;9280,3072;5437,68;5437,68;4047,43;40000;0;0;4047,43;;;;;;;;;
;;;5609;16:00:00;110,25;4,9936;0;723,7;996,7;7410,688;4342,2;4342,2;4231,95;40000;0;0;4231,95;;;;;;;;;
;;;5610;17:00:00;485,25;5,069179;0;478,21;990,95;4896,8704;2869,26;2869,26;2384,01;40000;0;0;2384,01;;;;;;;;;
;;;5611;18:00:00;678,93;4,3767705;0;242,33;993,77;2481,4592;1453,98;1453,98;775,05;40000;0;0;775,05;;;;;;;;;
;;;5612;19:00:00;2147,05;2,960972;0;0;0;0;0;0;0;37853;2147,05;0;0;;;;;;;;;
;;;5613;20:00:00;2051,05;2,0533307;0;0;0;0;0;0;0;35802;2051,05;0;0;;;;;;;;;
;;;5614;21:00:00;4587,05;1,9836918;0;0;0;0;0;0;0;31215;4587,05;0;0;;;;;;;;;
;;;5615;22:00:00;1397,05;1,9629587;0;0;0;0;0;0;0;29818;1397,05;0;0;;;;;;;;;
;;;5616;23:00:00;1587,05;0,70196897;0;0;0;0;0;0;0;28231;1587,05;0;0;;;;;;;;;
;;Jueves;5617;0:00:00;1518,65;0,72983396;0;0;0;0;0;0;0;26712;1518,65;0;0;;;;;;;;;
;;;5618;1:00:00;110,25;0,39132422;0;0;0;0;0;0;0;26602;110,25;0;0;;;;;;;;;
;;;5619;2:00:00;110,25;1,2388973;0;0;0;0;0;0;0;26492;110,25;0;0;;;;;;;;;
;;;5620;3:00:00;110,25;1,6232916;0;0;0;0;0;0;0;26381;110,25;0;0;;;;;;;;;
;;;5621;4:00:00;52;1,7755953;0;0;0;0;0;0;0;26329;52;0;0;;;;;;;;;
;;;5622;5:00:00;52;1,4021311;0;0;0;0;0;0;0;26277;52;0;0;;;;;;;;;
;;;5623;6:00:00;941,44;0,7991365;0;23,08;196,25;236,3392;138,48;138,48;0;25474;802,96;0;0;;;;;;;;;
;;;5624;7:00:00;1623,8;0,66263247;0;86,11;586,57;881,7664;516,66;516,66;0;24367;1107,14;0;0;;;;;;;;;
;;;5625;8:00:00;1023,8;1,307271;0;289,22;738,43;2961,6128;1735,32;1735,32;711,52;25079;0;0;0;;;;;;;;;
;;;5626;9:00:00;468,04;1,5881808;0;519,36;724,2;5318,2464;3116,16;3116,16;2648,12;27727;0;0;0;;;;;;;;;
;;;5627;10:00:00;897;2,1115656;0;739,62;606,51;7573,7088;4437,72;4437,72;3540,72;31268;0;0;0;;;;;;;;;
;;;5628;11:00:00;362;0,8614347;0;905,38;416,07;9271,0912;5432,28;5432,28;5070,28;36338;0;0;1408,17;;;;;;;;;
;;;5629;12:00:00;52;3,4165163;0;1015,63;232,26;10400,0512;6093,78;6093,78;6041,78;40000;0;0;6041,78;;;;;;;;;
;;;5630;13:00:00;3628;3,6277535;0;1051,99;480;10772,3776;6311,94;6311,94;2683,94;40000;0;0;2683,94;;;;;;;;;
;;;5631;14:00:00;1202;2,1846025;0;1021,7;704,28;10462,208;6130,2;6130,2;4928,2;40000;0;0;4928,2;;;;;;;;;
;;;5632;15:00:00;1390,25;1,1274662;0;895,23;878,13;9167,1552;5371,38;5371,38;3981,13;40000;0;0;3981,13;;;;;;;;;
;;;5633;16:00:00;110,25;1,5682214;0;714,77;987,02;7319,2448;4288,62;4288,62;4178,37;40000;0;0;4178,37;;;;;;;;;
;;;5634;17:00:00;485,25;3,3110201;0;487,4;1016,13;4990,976;2924,4;2924,4;2439,15;40000;0;0;2439,15;;;;;;;;;
;;;5635;18:00:00;678,93;3,7855864;0;239,85;989,42;2456,064;1439,1;1439,1;760,17;40000;0;0;760,17;;;;;;;;;
;;;5636;19:00:00;2147,05;2,7865126;0;0;0;0;0;0;0;37853;2147,05;0;0;;;;;;;;;
;;;5637;20:00:00;2051,05;1,9624977;0;0;0;0;0;0;0;35802;2051,05;0;0;;;;;;;;;
;;;5638;21:00:00;4587,05;1,4871335;0;0;0;0;0;0;0;31215;4587,05;0;0;;;;;;;;;
;;;5639;22:00:00;1397,05;1,0343118;0;0;0;0;0;0;0;29818;1397,05;0;0;;;;;;;;;
;;;5640;23:00:00;1587,05;2,270427;0;0;0;0;0;0;0;28231;1587,05;0;0;;;;;;;;;
;;Viernes;5641;0:00:00;1518,65;1,1755977;0;0;0;0;0;0;0;26712;1518,65;0;0;;;;;;;;;
;;;5642;1:00:00;110,25;1,0335593;0;0;0;0;0;0;0;26602;110,25;0;0;;;;;;;;;
;;;5643;2:00:00;110,25;1,5918783;0;0;0;0;0;0;0;26492;110,25;0;0;;;;;;;;;
;;;5644;3:00:00;110,25;1,1846492;0;0;0;0;0;0;0;26381;110,25;0;0;;;;;;;;;
;;;5645;4:00:00;52;0,58816856;0;0;0;0;0;0;0;26329;52;0;0;;;;;;;;;
;;;5646;5:00:00;52;0,3914527;0;0;0;0;0;0;0;26277;52;0;0;;;;;;;;;
;;;5647;6:00:00;941,44;0,37915173;0;23,08;161;236,3392;138,48;138,48;0;25474;802,96;0;0;;;;;;;;;
;;;5648;7:00:00;1623,8;0,21280883;0;85,71;554,81;877,6704;514,26;514,26;0;24365;1109,54;0;0;;;;;;;;;
;;;5649;8:00:00;1023,8;0,43399093;0;279,14;671,31;2858,3936;1674,84;1674,84;651,04;25016;0;0;0;;;;;;;;;
;;;5650;9:00:00;468,04;1,6433048;0;505,08;702,92;5172,0192;3030,48;3030,48;2562,44;27578;0;0;0;;;;;;;;;
;;;5651;10:00:00;897;2,416697;0;726,75;597,24;7441,92;4360,5;4360,5;3463,5;31042;0;0;0;;;;;;;;;
;;;5652;11:00:00;362;4,0885167;0;888,89;411,1;9102,2336;5333,34;5333,34;4971,34;36013;0;0;984,51;;;;;;;;;
;;;5653;12:00:00;52;4,2653484;0;996,74;233,83;10206,6176;5980,44;5980,44;5928,44;40000;0;0;5928,44;;;;;;;;;
;;;5654;13:00:00;3628;4,0805216;0;1038,35;473,65;10632,704;6230,1;6230,1;2602,1;40000;0;0;2602,1;;;;;;;;;
;;;5655;14:00:00;1202;4,103692;0;994,84;693,38;10187,1616;5969,04;5969,04;4767,04;40000;0;0;4767,04;;;;;;;;;
;;;5656;15:00:00;1390,25;3,7517977;0;821,65;831,22;8413,696;4929,9;4929,9;3539,65;40000;0;0;3539,65;;;;;;;;;
;;;5657;16:00:00;110,25;3,73684;0;681,91;944,22;6982,7584;4091,46;4091,46;3981,21;40000;0;0;3981,21;;;;;;;;;
;;;5658;17:00:00;485,25;3,372418;0;456,83;947,05;4677,9392;2740,98;2740,98;2255,73;40000;0;0;2255,73;;;;;;;;;
;;;5659;18:00:00;678,93;2,9565885;0;207,1;824,65;2120,704;1242,6;1242,6;563,67;40000;0;0;563,67;;;;;;;;;
;;;5660;19:00:00;2147,05;2,5464902;0;0;0;0;0;0;0;37853;2147,05;0;0;;;;;;;;;
;;;5661;20:00:00;2051,05;2,1041899;0;0;0;0;0;0;0;35802;2051,05;0;0;;;;;;;;;
;;;5662;21:00:00;4587,05;1,9347215;0;0;0;0;0;0;0;31215;4587,05;0;0;;;;;;;;;
;;;5663;22:00:00;1397,05;1,6139836;0;0;0;0;0;0;0;29818;1397,05;0;0;;;;;;;;;
;;;5664;23:00:00;1587,05;0,9688689;0;0;0;0;0;0;0;28231;1587,05;0;0;;;;;;;;;
;;Sábado;5665;0:00:00;1587,05;0,91733116;0;0;0;0;0;0;0;26644;1587,05;0;0;;;;;;;;;
;;;5666;1:00:00;420,25;1,2429998;0;0;0;0;0;0;0;26223;420,25;0;0;;;;;;;;;
;;;5667;2:00:00;110,25;1,3299819;0;0;0;0;0;0;0;26113;110,25;0;0;;;;;;;;;
;;;5668;3:00:00;52;1,0318445;0;0;0;0;0;0;0;26061;52;0;0;;;;;;;;;
;;;5669;4:00:00;52;0,64742154;0;0;0;0;0;0;0;26009;52;0;0;;;;;;;;;
;;;5670;5:00:00;52;0,5986979;0;0;0;0;0;0;0;25957;52;0;0;;;;;;;;;
;;;5671;6:00:00;297;0,76432544;0;22,23;114,73;227,6352;133,38;133,38;0;25794;163,62;0;0;;;;;;;;;
;;;5672;7:00:00;1330,4;0,7319479;0;96,03;460,55;983,3472;576,18;576,18;0;25039;754,22;0;0;;;;;;;;;
;;;5673;8:00:00;1193,8;0,4759493;0;278,84;679,19;2855,3216;1673,04;1673,04;479,24;25519;0;0;0;;;;;;;;;
;;;5674;9:00:00;1205,68;0,9696326;0;498,28;692,45;5102,3872;2989,68;2989,68;1784;27303;0;0;0;;;;;;;;;
;;;5675;10:00:00;1618;1,8595717;0;707,68;593,41;7246,6432;4246,08;4246,08;2628,08;29931;0;0;0;;;;;;;;;
;;;5676;11:00:00;232;2,365796;0;878,6;412,48;8996,864;5271,6;5271,6;5039,6;34970;0;0;9,88;;;;;;;;;
;;;5677;12:00:00;52;3,0875437;0;973,07;255,93;9964,2368;5838,42;5838,42;5786,42;40000;0;0;5786,42;;;;;;;;;
;;;5678;13:00:00;2440,25;3,4150703;0;1025,17;474,64;10497,7408;6151,02;6151,02;3710,77;40000;0;0;3710,77;;;;;;;;;
;;;5679;14:00:00;3540,25;3,5833466;0;987,79;690,22;10114,9696;5926,74;5926,74;2386,49;40000;0;0;2386,49;;;;;;;;;
;;;5680;15:00:00;1390,25;3,7003303;0;856,36;849,13;8769,1264;5138,16;5138,16;3747,91;40000;0;0;3747,91;;;;;;;;;
;;;5681;16:00:00;110,25;3,7813098;0;664,9;923,03;6808,576;3989,4;3989,4;3879,15;40000;0;0;3879,15;;;;;;;;;
;;;5682;17:00:00;52;3,7375445;0;435,6;896,85;4460,544;2613,6;2613,6;2561,6;40000;0;0;2561,6;;;;;;;;;
;;;5683;18:00:00;117;3,3638823;0;166,53;700,16;1705,2672;999,18;999,18;882,18;40000;0;0;882,18;;;;;;;;;
;;;5684;19:00:00;209,4;2,4385743;0;0;0;0;0;0;0;39791;209,4;0;0;;;;;;;;;
;;;5685;20:00:00;1642,04;1,4076531;0;0;0;0;0;0;0;38149;1642,04;0;0;;;;;;;;;
;;;5686;21:00:00;4528,8;1,1315295;0;0;0;0;0;0;0;33620;4528,8;0;0;;;;;;;;;
;;;5687;22:00:00;1932,05;1,0077838;0;0;0;0;0;0;0;31688;1932,05;0;0;;;;;;;;;
;;;5688;23:00:00;2122,05;0,8390296;0;0;0;0;0;0;0;29566;2122,05;0;0;;;;;;;;;
;;Domingo;5689;0:00:00;1587,05;1,6734341;0;0;0;0;0;0;0;27979;1587,05;0;0;;;;;;;;;
;;;5690;1:00:00;420,25;1,5983076;0;0;0;0;0;0;0;27558;420,25;0;0;;;;;;;;;
;;;5691;2:00:00;110,25;2,0379853;0;0;0;0;0;0;0;27448;110,25;0;0;;;;;;;;;
;;;5692;3:00:00;52;2,9787536;0;0;0;0;0;0;0;27396;52;0;0;;;;;;;;;
;;;5693;4:00:00;52;3,842823;0;0;0;0;0;0;0;27344;52;0;0;;;;;;;;;
;;;5694;5:00:00;52;3,7759595;0;0;0;0;0;0;0;27292;52;0;0;;;;;;;;;
;;;5695;6:00:00;297;3,8263257;0;21,37;139,53;218,8288;128,22;128,22;0;27123;168,78;0;0;;;;;;;;;
;;;5696;7:00:00;1330,4;4,114537;0;93,29;486,59;955,2896;559,74;559,74;0;26353;770,66;0;0;;;;;;;;;
;;;5697;8:00:00;1193,8;4,878178;0;277,48;655,86;2841,3952;1664,88;1664,88;471,08;26824;0;0;0;;;;;;;;;
;;;5698;9:00:00;1205,68;5,4762063;0;377,35;487,74;3864,064;2264,1;2264,1;1058,42;27882;0;0;0;;;;;;;;;
;;;5699;10:00:00;1618;4,899624;0;538,76;546,9;5516,9024;3232,56;3232,56;1614,56;29497;0;0;0;;;;;;;;;
;;;5700;11:00:00;232;5,5077577;0;874,46;421,8;8954,4704;5246,76;5246,76;5014,76;34511;0;0;0;;;;;;;;;
;;;5701;12:00:00;52;5,9037986;0;979,34;256,29;10028,4416;5876,04;5876,04;5824,04;40000;0;0;5824,04;;;;;;;;;
;;;5702;13:00:00;2440,25;6,2125974;0;1018,48;484,34;10429,2352;6110,88;6110,88;3670,63;40000;0;0;3670,63;;;;;;;;;
;;;5703;14:00:00;3540,25;6,34944;0;968,41;694,98;9916,5184;5810,46;5810,46;2270,21;40000;0;0;2270,21;;;;;;;;;
;;;5704;15:00:00;1390,25;5,832573;0;862,63;856,4;8833,3312;5175,78;5175,78;3785,53;40000;0;0;3785,53;;;;;;;;;
;;;5705;16:00:00;110,25;5,192272;0;678,82;943,25;6951,1168;4072,92;4072,92;3962,67;40000;0;0;3962,67;;;;;;;;;
;;;5706;17:00:00;52;5,133607;0;450,37;937,15;4611,7888;2702,22;2702,22;2650,22;40000;0;0;2650,22;;;;;;;;;
;;;5707;18:00:00;117;4,4807653;0;93,46;281,16;957,0304;560,76;560,76;443,76;40000;0;0;443,76;;;;;;;;;
;;;5708;19:00:00;209,4;3,9578748;0;0;0;0;0;0;0;39791;209,4;0;0;;;;;;;;;
;;;5709;20:00:00;1642,04;3,203391;0;0;0;0;0;0;0;38149;1642,04;0;0;;;;;;;;;
;;;5710;21:00:00;4528,8;2,7122285;0;0;0;0;0;0;0;33620;4528,8;0;0;;;;;;;;;
;;;5711;22:00:00;1932,05;1,8281082;0;0;0;0;0;0;0;31688;1932,05;0;0;;;;;;;;;
;;;5712;23:00:00;2122,05;1,6686345;0;0;0;0;0;0;0;29566;2122,05;0;0;;;;;;;;;
;35;Lunes;5713;0:00:00;1518,65;1,3279967;0;0;0;0;0;0;0;28047;1518,65;0;0;;;;;;;;;
;;;5714;1:00:00;110,25;1,6172935;0;0;0;0;0;0;0;27937;110,25;0;0;;;;;;;;;
;;;5715;2:00:00;110,25;1,7982808;0;0;0;0;0;0;0;27827;110,25;0;0;;;;;;;;;
;;;5716;3:00:00;110,25;1,560493;0;0;0;0;0;0;0;27716;110,25;0;0;;;;;;;;;
;;;5717;4:00:00;52;1,4819589;0;0;0;0;0;0;0;27664;52;0;0;;;;;;;;;
;;;5718;5:00:00;52;1,6228232;0;0;0;0;0;0;0;27612;52;0;0;;;;;;;;;
;;;5719;6:00:00;941,44;1,9049559;0;20,52;115,89;210,1248;123,12;123,12;0;26794;818,32;0;0;;;;;;;;;
;;;5720;7:00:00;1623,8;2,2894707;0;89,6;497,06;917,504;537,6;537,6;0;25708;1086,2;0;0;;;;;;;;;
;;;5721;8:00:00;1023,8;2,6940193;0;281,84;706,31;2886,0416;1691,04;1691,04;667,24;26375;0;0;0;;;;;;;;;
;;;5722;9:00:00;468,04;2,7724757;0;470,46;649,07;4817,5104;2822,76;2822,76;2354,72;28730;0;0;0;;;;;;;;;
;;;5723;10:00:00;897;2,9324906;0;588,85;569,7;6029,824;3533,1;3533,1;2636,1;31366;0;0;0;;;;;;;;;
;;;5724;11:00:00;362;3,0020573;0;778,25;470,93;7969,28;4669,5;4669,5;4307,5;35673;0;0;0;;;;;;;;;
;;;5725;12:00:00;52;3,1993089;0;780,33;411,38;7990,5792;4681,98;4681,98;4629,98;40000;0;0;4629,98;;;;;;;;;
;;;5726;13:00:00;3628;3,3200421;0;874,41;533,82;8953,9584;5246,46;5246,46;1618,46;40000;0;0;1618,46;;;;;;;;;
;;;5727;14:00:00;1202;3,2336433;0;892,09;682,76;9135,0016;5352,54;5352,54;4150,54;40000;0;0;4150,54;;;;;;;;;
;;;5728;15:00:00;1390,25;3,184845;0;798,29;813,92;8174,4896;4789,74;4789,74;3399,49;40000;0;0;3399,49;;;;;;;;;
;;;5729;16:00:00;110,25;3,20077;0;591,5;822,58;6056,96;3549;3549;3438,75;40000;0;0;3438,75;;;;;;;;;
;;;5730;17:00:00;485,25;3,3636858;0;394,48;799,78;4039,4752;2366,88;2366,88;1881,63;40000;0;0;1881,63;;;;;;;;;
;;;5731;18:00:00;678,93;3,1313772;0;150,48;617,69;1540,9152;902,88;902,88;223,95;40000;0;0;223,95;;;;;;;;;
;;;5732;19:00:00;2147,05;2,760774;0;0;0;0;0;0;0;37853;2147,05;0;0;;;;;;;;;
;;;5733;20:00:00;2051,05;2,372786;0;0;0;0;0;0;0;35802;2051,05;0;0;;;;;;;;;
;;;5734;21:00:00;4587,05;1,8023492;0;0;0;0;0;0;0;31215;4587,05;0;0;;;;;;;;;
;;;5735;22:00:00;1397,05;1,0417649;0;0;0;0;0;0;0;29818;1397,05;0;0;;;;;;;;;
;;;5736;23:00:00;1587,05;0,24549073;0;0;0;0;0;0;0;28231;1587,05;0;0;;;;;;;;;
;;Martes;5737;0:00:00;1518,65;0,36381918;0;0;0;0;0;0;0;26712;1518,65;0;0;;;;;;;;;
;;;5738;1:00:00;110,25;0,7747875;0;0;0;0;0;0;0;26602;110,25;0;0;;;;;;;;;
;;;5739;2:00:00;110,25;1,0009961;0;0;0;0;0;0;0;26492;110,25;0;0;;;;;;;;;
;;;5740;3:00:00;110,25;1,018832;0;0;0;0;0;0;0;26381;110,25;0;0;;;;;;;;;
;;;5741;4:00:00;52;0,80357015;0;0;0;0;0;0;0;26329;52;0;0;;;;;;;;;
;;;5742;5:00:00;52;0,48963967;0;0;0;0;0;0;0;26277;52;0;0;;;;;;;;;
;;;5743;6:00:00;941,44;0,7217477;0;18,81;73,31;192,6144;112,86;112,86;0;25449;828,58;0;0;;;;;;;;;
;;;5744;7:00:00;1623,8;1,011072;0;101,39;345,68;1038,2336;608,34;608,34;0;24433;1015,46;0;0;;;;;;;;;
;;;5745;8:00:00;1023,8;1,5732244;0;245,65;451;2515,456;1473,9;1473,9;450,1;24883;0;0;0;;;;;;;;;
;;;5746;9:00:00;468,04;1,9788598;0;482,09;664,63;4936,6016;2892,54;2892,54;2424,5;27308;0;0;0;;;;;;;;;
;;;5747;10:00:00;897;2,2437823;0;686,95;581,08;7034,368;4121,7;4121,7;3224,7;30533;0;0;0;;;;;;;;;
;;;5748;11:00:00;362;2,7947977;0;836,21;424,81;8562,7904;5017,26;5017,26;4655,26;35188;0;0;0;;;;;;;;;
;;;5749;12:00:00;52;3,2841494;0;941,48;271,04;9640,7552;5648,88;5648,88;5596,88;40000;0;0;5596,88;;;;;;;;;
;;;5750;13:00:00;3628;3,6500196;0;977,95;485,38;10014,208;5867,7;5867,7;2239,7;40000;0;0;2239,7;;;;;;;;;
;;;5751;14:00:00;1202;5,1058908;0;952,93;679,48;9758,0032;5717,58;5717,58;4515,58;40000;0;0;4515,58;;;;;;;;;
;;;5752;15:00:00;1390,25;5,604674;0;828,59;829,79;8484,7616;4971,54;4971,54;3581,29;40000;0;0;3581,29;;;;;;;;;
;;;5753;16:00:00;110,25;5,5519986;0;637,07;888,62;6523,5968;3822,42;3822,42;3712,17;40000;0;0;3712,17;;;;;;;;;
;;;5754;17:00:00;485,25;5,074249;0;395,16;806,68;4046,4384;2370,96;2370,96;1885,71;40000;0;0;1885,71;;;;;;;;;
;;;5755;18:00:00;678,93;4,2654853;0;139,94;562,66;1432,9856;839,64;839,64;160,71;40000;0;0;160,71;;;;;;;;;
;;;5756;19:00:00;2147,05;2,9738903;0;0;0;0;0;0;0;37853;2147,05;0;0;;;;;;;;;
;;;5757;20:00:00;2051,05;2,475023;0;0;0;0;0;0;0;35802;2051,05;0;0;;;;;;;;;
;;;5758;21:00:00;4587,05;2,2438223;0;0;0;0;0;0;0;31215;4587,05;0;0;;;;;;;;;
;;;5759;22:00:00;1397,05;1,9717994;0;0;0;0;0;0;0;29818;1397,05;0;0;;;;;;;;;
;;;5760;23:00:00;1587,05;1,9718667;0;0;0;0;0;0;0;28231;1587,05;0;0;;;;;;;;;
;;Miércoles;5761;0:00:00;1518,65;0,8652048;0;0;0;0;0;0;0;26712;1518,65;0;0;;;;;;;;;
;;;5762;1:00:00;110,25;0,78765696;0;0;0;0;0;0;0;26602;110,25;0;0;;;;;;;;;
;;;5763;2:00:00;110,25;1,1524597;0;0;0;0;0;0;0;26492;110,25;0;0;;;;;;;;;
;;;5764;3:00:00;110,25;1,3904438;0;0;0;0;0;0;0;26381;110,25;0;0;;;;;;;;;
;;;5765;4:00:00;52;1,341622;0;0;0;0;0;0;0;26329;52;0;0;;;;;;;;;
;;;5766;5:00:00;52;0,772902;0;0;0;0;0;0;0;26277;52;0;0;;;;;;;;;
;;;5767;6:00:00;941,44;0,90724486;0;12,82;24,08;131,2768;76,92;76,92;0;25413;864,52;0;0;;;;;;;;;
;;;5768;7:00:00;1623,8;0,75015235;0;62,2;71,71;636,928;373,2;373,2;0;24162;1250,6;0;0;;;;;;;;;
;;;5769;8:00:00;1023,8;1,3505447;0;177,25;227,61;1815,04;1063,5;1063,5;39,7;24202;0;0;0;;;;;;;;;
;;;5770;9:00:00;468,04;2,163835;0;132,63;152,9;1358,1312;795,78;795,78;327,74;24530;0;0;0;;;;;;;;;
;;;5771;10:00:00;897;2,606785;0;177,45;204,57;1817,088;1064,7;1064,7;167,7;24697;0;0;0;;;;;;;;;
;;;5772;11:00:00;362;3,3158808;0;290,52;329,34;2974,9248;1743,12;1743,12;1381,12;26078;0;0;0;;;;;;;;;
;;;5773;12:00:00;52;4,1107354;0;457,85;439,16;4688,384;2747,1;2747,1;2695,1;28774;0;0;0;;;;;;;;;
;;;5774;13:00:00;3628;4,7444725;0;716,15;539,53;7333,376;4296,9;4296,9;668,9;29442;0;0;0;;;;;;;;;
;;;5775;14:00:00;1202;4,987186;0;875,82;677,32;8968,3968;5254,92;5254,92;4052,92;33495;0;0;0;;;;;;;;;
;;;5776;15:00:00;1390,25;4,43045;0;805,6;817,44;8249,344;4833,6;4833,6;3443,35;36939;0;0;382,11;;;;;;;;;
;;;5777;16:00:00;110,25;4,1262274;0;627,32;876,77;6423,7568;3763,92;3763,92;3653,67;40000;0;0;3653,67;;;;;;;;;
;;;5778;17:00:00;485,25;3,8234067;0;410,62;849,33;4204,7488;2463,72;2463,72;1978,47;40000;0;0;1978,47;;;;;;;;;
;;;5779;18:00:00;678,93;3,5151844;0;136,78;551,74;1400,6272;820,68;820,68;141,75;40000;0;0;141,75;;;;;;;;;
;;;5780;19:00:00;2147,05;3,0747733;0;0;0;0;0;0;0;37853;2147,05;0;0;;;;;;;;;
;;;5781;20:00:00;2051,05;1,9600416;0;0;0;0;0;0;0;35802;2051,05;0;0;;;;;;;;;
;;;5782;21:00:00;4587,05;1,7044847;0;0;0;0;0;0;0;31215;4587,05;0;0;;;;;;;;;
;;;5783;22:00:00;1397,05;1,4577343;0;0;0;0;0;0;0;29818;1397,05;0;0;;;;;;;;;
;;;5784;23:00:00;1587,05;1,3248744;0;0;0;0;0;0;0;28231;1587,05;0;0;;;;;;;;;
;;Jueves;5785;0:00:00;1518,65;1,7430217;0;0;0;0;0;0;0;26712;1518,65;0;0;;;;;;;;;
;;;5786;1:00:00;110,25;1,6631367;0;0;0;0;0;0;0;26602;110,25;0;0;;;;;;;;;
;;;5787;2:00:00;110,25;1,0953609;0;0;0;0;0;0;0;26492;110,25;0;0;;;;;;;;;
;;;5788;3:00:00;110,25;1,2109008;0;0;0;0;0;0;0;26381;110,25;0;0;;;;;;;;;
;;;5789;4:00:00;52;0,6096308;0;0;0;0;0;0;0;26329;52;0;0;;;;;;;;;
;;;5790;5:00:00;52;0,72514;0;0;0;0;0;0;0;26277;52;0;0;;;;;;;;;
;;;5791;6:00:00;941,44;0,2820632;0;17,1;90,55;175,104;102,6;102,6;0;25439;838,84;0;0;;;;;;;;;
;;;5792;7:00:00;1623,8;0,8095298;0;98,7;375,85;1010,688;592,2;592,2;0;24407;1031,6;0;0;;;;;;;;;
;;;5793;8:00:00;1023,8;1,4639473;0;261,99;537,54;2682,7776;1571,94;1571,94;548,14;24955;0;0;0;;;;;;;;;
;;;5794;9:00:00;468,04;1,7549489;0;464,3;634,56;4754,432;2785,8;2785,8;2317,76;27273;0;0;0;;;;;;;;;
;;;5795;10:00:00;897;2,396513;0;578,69;562,1;5925,7856;3472,14;3472,14;2575,14;29848;0;0;0;;;;;;;;;
;;;5796;11:00:00;362;3,730808;0;629,67;498;6447,8208;3778,02;3778,02;3416,02;33264;0;0;0;;;;;;;;;
;;;5797;12:00:00;52;4,1326303;0;414,23;421,63;4241,7152;2485,38;2485,38;2433,38;35697;0;0;0;;;;;;;;;
;;;5798;13:00:00;3628;4,2845235;0;567,25;509,95;5808,64;3403,5;3403,5;0;35473;224,5;0;0;;;;;;;;;
;;;5799;14:00:00;1202;4,499464;0;943,37;691,77;9660,1088;5660,22;5660,22;4458,22;39931;0;0;4389,29;;;;;;;;;
;;;5800;15:00:00;1390,25;4,5902286;0;830,74;838,29;8506,7776;4984,44;4984,44;3594,19;40000;0;0;3594,19;;;;;;;;;
;;;5801;16:00:00;110,25;4,139778;0;648,49;908,45;6640,5376;3890,94;3890,94;3780,69;40000;0;0;3780,69;;;;;;;;;
;;;5802;17:00:00;485,25;2,4857512;0;415,17;863,14;4251,3408;2491,02;2491,02;2005,77;40000;0;0;2005,77;;;;;;;;;
;;;5803;18:00:00;678,93;1,4683161;0;159,23;686,06;1630,5152;955,38;955,38;276,45;40000;0;0;276,45;;;;;;;;;
;;;5804;19:00:00;2147,05;1,7871354;0;0;0;0;0;0;0;37853;2147,05;0;0;;;;;;;;;
;;;5805;20:00:00;2051,05;1,6796496;0;0;0;0;0;0;0;35802;2051,05;0;0;;;;;;;;;
;;;5806;21:00:00;4587,05;1,1013402;0;0;0;0;0;0;0;31215;4587,05;0;0;;;;;;;;;
;;;5807;22:00:00;1397,05;1,4176403;0;0;0;0;0;0;0;29818;1397,05;0;0;;;;;;;;;
;;;5808;23:00:00;1587,05;1,9345431;0;0;0;0;0;0;0;28231;1587,05;0;0;;;;;;;;;
;;Viernes;5809;0:00:00;1518,65;1,8878365;0;0;0;0;0;0;0;26712;1518,65;0;0;;;;;;;;;
;;;5810;1:00:00;110,25;1,3420459;0;0;0;0;0;0;0;26602;110,25;0;0;;;;;;;;;
;;;5811;2:00:00;110,25;1,4079959;0;0;0;0;0;0;0;26492;110,25;0;0;;;;;;;;;
;;;5812;3:00:00;110,25;1,3943888;0;0;0;0;0;0;0;26381;110,25;0;0;;;;;;;;;
;;;5813;4:00:00;52;1,0174931;0;0;0;0;0;0;0;26329;52;0;0;;;;;;;;;
;;;5814;5:00:00;52;1,4277333;0;0;0;0;0;0;0;26277;52;0;0;;;;;;;;;
;;;5815;6:00:00;941,44;1,9469196;0;14,53;35,45;148,7872;87,18;87,18;0;25423;854,26;0;0;;;;;;;;;
;;;5816;7:00:00;1623,8;2,4513338;0;93,4;446,38;956,416;560,4;560,4;0;24360;1063,4;0;0;;;;;;;;;
;;;5817;8:00:00;1023,8;2,618319;0;245,91;449,77;2518,1184;1475,46;1475,46;451,66;24811;0;0;0;;;;;;;;;
;;;5818;9:00:00;468,04;3,0075014;0;482,04;659,9;4936,0896;2892,24;2892,24;2424,2;27236;0;0;0;;;;;;;;;
;;;5819;10:00:00;897;1,8707383;0;672,11;585,62;6882,4064;4032,66;4032,66;3135,66;30371;0;0;0;;;;;;;;;
;;;5820;11:00:00;362;3,091379;0;361,38;390,82;3700,5312;2168,28;2168,28;1806,28;32177;0;0;0;;;;;;;;;
;;;5821;12:00:00;52;3,1283464;0;746,29;425,52;7642,0096;4477,74;4477,74;4425,74;36603;0;0;1028,97;;;;;;;;;
;;;5822;13:00:00;3628;2,8065755;0;967,92;505,71;9911,5008;5807,52;5807,52;2179,52;38783;0;0;962,27;;;;;;;;;
;;;5823;14:00:00;1202;3,8958633;0;906,41;687,82;9281,6384;5438,46;5438,46;4236,46;40000;0;0;4236,46;;;;;;;;;
;;;5824;15:00:00;1390,25;4,7154837;0;802,8;820,48;8220,672;4816,8;4816,8;3426,55;40000;0;0;3426,55;;;;;;;;;
;;;5825;16:00:00;110,25;4,483269;0;618,58;867,99;6334,2592;3711,48;3711,48;3601,23;40000;0;0;3601,23;;;;;;;;;
;;;5826;17:00:00;485,25;2,848276;0;379,85;775,63;3889,664;2279,1;2279,1;1793,85;40000;0;0;1793,85;;;;;;;;;
;;;5827;18:00:00;678,93;0,5081766;0;133,87;549,59;1370,8288;803,22;803,22;124,29;40000;0;0;124,29;;;;;;;;;
;;;5828;19:00:00;2147,05;1,225409;0;0;0;0;0;0;0;37853;2147,05;0;0;;;;;;;;;
;;;5829;20:00:00;2051,05;1,6556522;0;0;0;0;0;0;0;35802;2051,05;0;0;;;;;;;;;
;;;5830;21:00:00;4587,05;2,047622;0;0;0;0;0;0;0;31215;4587,05;0;0;;;;;;;;;
;;;5831;22:00:00;1397,05;3,108954;0;0;0;0;0;0;0;29818;1397,05;0;0;;;;;;;;;
;;;5832;23:00:00;1587,05;2,0816426;0;0;0;0;0;0;0;28231;1587,05;0;0;;;;;;;;;
Septiembre;;Sábado;5833;0:00:00;1587,05;1,8360802;0;0;0;0;0;0;0;26644;1587,05;0;0;;;;;;;;;
;;;5834;1:00:00;420,25;1,992995;0;0;0;0;0;0;0;26223;420,25;0;0;;;;;;;;;
;;;5835;2:00:00;110,25;1,2672693;0;0;0;0;0;0;0;26113;110,25;0;0;;;;;;;;;
;;;5836;3:00:00;52;1,8602284;0;0;0;0;0;0;0;26061;52;0;0;;;;;;;;;
;;;5837;4:00:00;52;2,1179879;0;0;0;0;0;0;0;26009;52;0;0;;;;;;;;;
;;;5838;5:00:00;52;1,6840665;0;0;0;0;0;0;0;25957;52;0;0;;;;;;;;;
;;;5839;6:00:00;297;1,7424567;0;14,53;35,91;148,7872;87,18;87,18;0;25747;209,82;0;0;;;;;;;;;
;;;5840;7:00:00;1330,4;2,1628587;0;91,76;452,06;939,6224;550,56;550,56;0;24968;779,84;0;0;;;;;;;;;
;;;5841;8:00:00;1193,8;2,8103096;0;268,61;594,32;2750,5664;1611,66;1611,66;417,86;25385;0;0;0;;;;;;;;;
;;;5842;9:00:00;1205,68;3,2260742;0;494,88;674,96;5067,5712;2969,28;2969,28;1763,6;27149;0;0;0;;;;;;;;;
;;;5843;10:00:00;1618;3,306447;0;699,44;580,33;7162,2656;4196,64;4196,64;2578,64;29728;0;0;0;;;;;;;;;
;;;5844;11:00:00;232;4,030115;0;874,08;402,28;8950,5792;5244,48;5244,48;5012,48;34740;0;0;0;;;;;;;;;
;;;5845;12:00:00;52;3,873277;0;959,15;268,89;9821,696;5754,9;5754,9;5702,9;40000;0;0;5702,9;;;;;;;;;
;;;5846;13:00:00;2440,25;3,5123622;0;1009,36;483,26;10335,8464;6056,16;6056,16;3615,91;40000;0;0;3615,91;;;;;;;;;
;;;5847;14:00:00;3540,25;3,7808423;0;921,28;688,48;9433,9072;5527,68;5527,68;1987,43;40000;0;0;1987,43;;;;;;;;;
;;;5848;15:00:00;1390,25;4,103861;0;827,35;835,97;8472,064;4964,1;4964,1;3573,85;40000;0;0;3573,85;;;;;;;;;
;;;5849;16:00:00;110,25;3,83228;0;596,08;836,98;6103,8592;3576,48;3576,48;3466,23;40000;0;0;3466,23;;;;;;;;;
;;;5850;17:00:00;52;3,6124082;0;404,26;843,36;4139,6224;2425,56;2425,56;2373,56;40000;0;0;2373,56;;;;;;;;;
;;;5851;18:00:00;117;3,0737057;0;128,09;522,04;1311,6416;768,54;768,54;651,54;40000;0;0;651,54;;;;;;;;;
;;;5852;19:00:00;209,4;2,4565022;0;0;0;0;0;0;0;39791;209,4;0;0;;;;;;;;;
;;;5853;20:00:00;1642,04;1,9477057;0;0;0;0;0;0;0;38149;1642,04;0;0;;;;;;;;;
;;;5854;21:00:00;4528,8;1,4125836;0;0;0;0;0;0;0;33620;4528,8;0;0;;;;;;;;;
;;;5855;22:00:00;1932,05;1,5503236;0;0;0;0;0;0;0;31688;1932,05;0;0;;;;;;;;;
;;;5856;23:00:00;2122,05;0,6812645;0;0;0;0;0;0;0;29566;2122,05;0;0;;;;;;;;;
;;Domingo;5857;0:00:00;1587,05;0,7152423;0;0;0;0;0;0;0;27979;1587,05;0;0;;;;;;;;;
;;;5858;1:00:00;420,25;1,0492581;0;0;0;0;0;0;0;27558;420,25;0;0;;;;;;;;;
;;;5859;2:00:00;110,25;1,3958598;0;0;0;0;0;0;0;27448;110,25;0;0;;;;;;;;;
;;;5860;3:00:00;52;1,4069365;0;0;0;0;0;0;0;27396;52;0;0;;;;;;;;;
;;;5861;4:00:00;52;1,389558;0;0;0;0;0;0;0;27344;52;0;0;;;;;;;;;
;;;5862;5:00:00;52;1,3583416;0;0;0;0;0;0;0;27292;52;0;0;;;;;;;;;
;;;5863;6:00:00;297;1,4686832;0;13,68;35,23;140,0832;82,08;82,08;0;27077;214,92;0;0;;;;;;;;;
;;;5864;7:00:00;1330,4;1,5352923;0;88,47;490,68;905,9328;530,82;530,82;0;26278;799,58;0;0;;;;;;;;;
;;;5865;8:00:00;1193,8;1,3941917;0;278,19;648,36;2848,6656;1669,14;1669,14;475,34;26753;0;0;0;;;;;;;;;
;;;5866;9:00:00;1205,68;1,4651957;0;501,9;683,05;5139,456;3011,4;3011,4;1805,72;28559;0;0;0;;;;;;;;;
;;;5867;10:00:00;1618;2,0145576;0;708,81;584,89;7258,2144;4252,86;4252,86;2634,86;31194;0;0;0;;;;;;;;;
;;;5868;11:00:00;232;1,927725;0;890,46;399,46;9118,3104;5342,76;5342,76;5110,76;36304;0;0;1415,05;;;;;;;;;
;;;5869;12:00:00;52;2,5320175;0;1008,28;236,89;10324,7872;6049,68;6049,68;5997,68;40000;0;0;5997,68;;;;;;;;;
;;;5870;13:00:00;2440,25;3,4147313;0;1046,81;480,51;10719,3344;6280,86;6280,86;3840,61;40000;0;0;3840,61;;;;;;;;;
;;;5871;14:00:00;3540,25;3,9190762;0;992,99;700,99;10168,2176;5957,94;5957,94;2417,69;40000;0;0;2417,69;;;;;;;;;
;;;5872;15:00:00;1390,25;3,9328825;0;868,69;867,32;8895,3856;5212,14;5212,14;3821,89;40000;0;0;3821,89;;;;;;;;;
;;;5873;16:00:00;110,25;4,09526;0;668,81;942,08;6848,6144;4012,86;4012,86;3902,61;40000;0;0;3902,61;;;;;;;;;
;;;5874;17:00:00;52;3,62715;0;443,42;945,25;4540,6208;2660,52;2660,52;2608,52;40000;0;0;2608,52;;;;;;;;;
;;;5875;18:00:00;117;2,6264079;0;174,69;794,78;1788,8256;1048,14;1048,14;931,14;40000;0;0;931,14;;;;;;;;;
;;;5876;19:00:00;209,4;2,415242;0;0;0;0;0;0;0;39791;209,4;0;0;;;;;;;;;
;;;5877;20:00:00;1642,04;2,100995;0;0;0;0;0;0;0;38149;1642,04;0;0;;;;;;;;;
;;;5878;21:00:00;4528,8;1,7086219;0;0;0;0;0;0;0;33620;4528,8;0;0;;;;;;;;;
;;;5879;22:00:00;1932,05;1,810706;0;0;0;0;0;0;0;31688;1932,05;0;0;;;;;;;;;
;;;5880;23:00:00;2122,05;0,95760083;0;0;0;0;0;0;0;29566;2122,05;0;0;;;;;;;;;
;36;Lunes;5881;0:00:00;1518,65;1,2256995;0;0;0;0;0;0;0;28047;1518,65;0;0;;;;;;;;;
;;;5882;1:00:00;110,25;1,5606691;0;0;0;0;0;0;0;27937;110,25;0;0;;;;;;;;;
;;;5883;2:00:00;110,25;1,5913329;0;0;0;0;0;0;0;27827;110,25;0;0;;;;;;;;;
;;;5884;3:00:00;110,25;1,4968816;0;0;0;0;0;0;0;27716;110,25;0;0;;;;;;;;;
;;;5885;4:00:00;52;1,3967775;0;0;0;0;0;0;0;27664;52;0;0;;;;;;;;;
;;;5886;5:00:00;52;1,2020277;0;0;0;0;0;0;0;27612;52;0;0;;;;;;;;;
;;;5887;6:00:00;941,44;1,2976718;0;12,82;34,57;131,2768;76,92;76,92;0;26748;864,52;0;0;;;;;;;;;
;;;5888;7:00:00;1623,8;1,5218284;0;86,17;527,19;882,3808;517,02;517,02;0;25641;1106,78;0;0;;;;;;;;;
;;;5889;8:00:00;1023,8;1,7367895;0;285,86;691,49;2927,2064;1715,16;1715,16;691,36;26332;0;0;0;;;;;;;;;
;;;5890;9:00:00;468,04;1,9215442;0;518;701,41;5304,32;3108;3108;2639,96;28972;0;0;0;;;;;;;;;
;;;5891;10:00:00;897;2,473653;0;742,32;589,66;7601,3568;4453,92;4453,92;3556,92;32529;0;0;0;;;;;;;;;
;;;5892;11:00:00;362;1,6758171;0;911,55;394,95;9334,272;5469,3;5469,3;5107,3;37637;0;0;2743,8;;;;;;;;;
;;;5893;12:00:00;52;1,8765059;0;1026,42;232,59;10510,5408;6158,52;6158,52;6106,52;40000;0;0;6106,52;;;;;;;;;
;;;5894;13:00:00;3628;0,35231787;0;1073,11;482,15;10988,6464;6438,66;6438,66;2810,66;40000;0;0;2810,66;;;;;;;;;
;;;5895;14:00:00;1202;1,4125457;0;1024,59;713,06;10491,8016;6147,54;6147,54;4945,54;40000;0;0;4945,54;;;;;;;;;
;;;5896;15:00:00;1390,25;2,501765;0;890,74;886,2;9121,1776;5344,44;5344,44;3954,19;40000;0;0;3954,19;;;;;;;;;
;;;5897;16:00:00;110,25;2,5977056;0;678,53;958,18;6948,1472;4071,18;4071,18;3960,93;40000;0;0;3960,93;;;;;;;;;
;;;5898;17:00:00;485,25;2,1447988;0;450,01;964,94;4608,1024;2700,06;2700,06;2214,81;40000;0;0;2214,81;;;;;;;;;
;;;5899;18:00:00;678,93;1,6470461;0;208,56;992,56;2135,6544;1251,36;1251,36;572,43;40000;0;0;572,43;;;;;;;;;
;;;5900;19:00:00;2147,05;1,4807974;0;0;0;0;0;0;0;37853;2147,05;0;0;;;;;;;;;
;;;5901;20:00:00;2051,05;1,2464954;0;0;0;0;0;0;0;35802;2051,05;0;0;;;;;;;;;
;;;5902;21:00:00;4587,05;1,1965023;0;0;0;0;0;0;0;31215;4587,05;0;0;;;;;;;;;
;;;5903;22:00:00;1397,05;0,71476626;0;0;0;0;0;0;0;29818;1397,05;0;0;;;;;;;;;
;;;5904;23:00:00;1587,05;0,48314726;0;0;0;0;0;0;0;28231;1587,05;0;0;;;;;;;;;
;;Martes;5905;0:00:00;1518,65;1,6783499;0;0;0;0;0;0;0;26712;1518,65;0;0;;;;;;;;;
;;;5906;1:00:00;110,25;2,9357378;0;0;0;0;0;0;0;26602;110,25;0;0;;;;;;;;;
;;;5907;2:00:00;110,25;3,2822547;0;0;0;0;0;0;0;26492;110,25;0;0;;;;;;;;;
;;;5908;3:00:00;110,25;3,5226793;0;0;0;0;0;0;0;26381;110,25;0;0;;;;;;;;;
;;;5909;4:00:00;52;3,160384;0;0;0;0;0;0;0;26329;52;0;0;;;;;;;;;
;;;5910;5:00:00;52;2,5872548;0;0;0;0;0;0;0;26277;52;0;0;;;;;;;;;
;;;5911;6:00:00;941,44;1,8071799;0;11,11;32,75;113,7664;66,66;66,66;0;25403;874,78;0;0;;;;;;;;;
;;;5912;7:00:00;1623,8;2,1498492;0;85,84;506,21;879,0016;515,04;515,04;0;24294;1108,76;0;0;;;;;;;;;
;;;5913;8:00:00;1023,8;2,7620783;0;283,92;688,63;2907,3408;1703,52;1703,52;679,72;24974;0;0;0;;;;;;;;;
;;;5914;9:00:00;468,04;3,0309284;0;510,45;688,94;5227,008;3062,7;3062,7;2594,66;27568;0;0;0;;;;;;;;;
;;;5915;10:00:00;897;0,30465123;0;719,62;578,97;7368,9088;4317,72;4317,72;3420,72;30989;0;0;0;;;;;;;;;
;;;5916;11:00:00;362;2,3078613;0;883,7;398,74;9049,088;5302,2;5302,2;4940,2;35929;0;0;869,31;;;;;;;;;
;;;5917;12:00:00;52;5,359466;0;993,84;245,77;10176,9216;5963,04;5963,04;5911,04;40000;0;0;5911,04;;;;;;;;;
;;;5918;13:00:00;3628;6,7840123;0;983,57;504,94;10071,7568;5901,42;5901,42;2273,42;40000;0;0;2273,42;;;;;;;;;
;;;5919;14:00:00;1202;4,832873;0;949,39;697,6;9721,7536;5696,34;5696,34;4494,34;40000;0;0;4494,34;;;;;;;;;
;;;5920;15:00:00;1390,25;4,0780125;0;788,37;814,92;8072,9088;4730,22;4730,22;3339,97;40000;0;0;3339,97;;;;;;;;;
;;;5921;16:00:00;110,25;4,3356643;0;581,29;820,11;5952,4096;3487,74;3487,74;3377,49;40000;0;0;3377,49;;;;;;;;;
;;;5922;17:00:00;485,25;4,2372065;0;156,99;233,18;1607,5776;941,94;941,94;456,69;40000;0;0;456,69;;;;;;;;;
;;;5923;18:00:00;678,93;3,3276956;0;91,46;345,06;936,5504;548,76;548,76;0;39870;130,17;0;0;;;;;;;;;
;;;5924;19:00:00;2147,05;3,151734;0;0;0;0;0;0;0;37723;2147,05;0;0;;;;;;;;;
;;;5925;20:00:00;2051,05;3,1346788;0;0;0;0;0;0;0;35672;2051,05;0;0;;;;;;;;;
;;;5926;21:00:00;4587,05;3,1041927;0;0;0;0;0;0;0;31085;4587,05;0;0;;;;;;;;;
;;;5927;22:00:00;1397,05;2,6638298;0;0;0;0;0;0;0;29688;1397,05;0;0;;;;;;;;;
;;;5928;23:00:00;1587,05;2,8718855;0;0;0;0;0;0;0;28101;1587,05;0;0;;;;;;;;;
;;Miércoles;5929;0:00:00;1518,65;2,2616153;0;0;0;0;0;0;0;26582;1518,65;0;0;;;;;;;;;
;;;5930;1:00:00;110,25;0,17833845;0;0;0;0;0;0;0;26472;110,25;0;0;;;;;;;;;
;;;5931;2:00:00;110,25;0,9384601;0;0;0;0;0;0;0;26361;110,25;0;0;;;;;;;;;
;;;5932;3:00:00;110,25;1,2406973;0;0;0;0;0;0;0;26251;110,25;0;0;;;;;;;;;
;;;5933;4:00:00;52;2,1351473;0;0;0;0;0;0;0;26199;52;0;0;;;;;;;;;
;;;5934;5:00:00;52;1,3331362;0;0;0;0;0;0;0;26147;52;0;0;;;;;;;;;
;;;5935;6:00:00;941,44;1,0717121;0;10,26;22,38;105,0624;61,56;61,56;0;25267;879,88;0;0;;;;;;;;;
;;;5936;7:00:00;1623,8;2,0967603;0;91,58;440,98;937,7792;549,48;549,48;0;24193;1074,32;0;0;;;;;;;;;
;;;5937;8:00:00;1023,8;2,6546814;0;280,65;659,76;2873,856;1683,9;1683,9;660,1;24853;0;0;0;;;;;;;;;
;;;5938;9:00:00;468,04;2,9751778;0;513,37;690,94;5256,9088;3080,22;3080,22;2612,18;27465;0;0;0;;;;;;;;;
;;;5939;10:00:00;897;3,080735;0;707,69;582,22;7246,7456;4246,14;4246,14;3349,14;30814;0;0;0;;;;;;;;;
;;;5940;11:00:00;362;4,294208;0;887,74;398,23;9090,4576;5326,44;5326,44;4964,44;35779;0;0;743,28;;;;;;;;;
;;;5941;12:00:00;52;4,7446837;0;986,15;260,12;10098,176;5916,9;5916,9;5864,9;40000;0;0;5864,9;;;;;;;;;
;;;5942;13:00:00;3628;3,8317916;0;1008,43;497,74;10326,3232;6050,58;6050,58;2422,58;40000;0;0;2422,58;;;;;;;;;
;;;5943;14:00:00;1202;2,803857;0;998,65;705,75;10226,176;5991,9;5991,9;4789,9;40000;0;0;4789,9;;;;;;;;;
;;;5944;15:00:00;1390,25;1,9749924;0;866,49;870,31;8872,8576;5198,94;5198,94;3808,69;40000;0;0;3808,69;;;;;;;;;
;;;5945;16:00:00;110,25;1,5767865;0;664,57;942,23;6805,1968;3987,42;3987,42;3877,17;40000;0;0;3877,17;;;;;;;;;
;;;5946;17:00:00;485,25;1,2647513;0;434,05;933,88;4444,672;2604,3;2604,3;2119,05;40000;0;0;2119,05;;;;;;;;;
;;;5947;18:00:00;678,93;1,1923615;0;192,31;915,46;1969,2544;1153,86;1153,86;474,93;40000;0;0;474,93;;;;;;;;;
;;;5948;19:00:00;2147,05;1,3275578;0;0;0;0;0;0;0;37853;2147,05;0;0;;;;;;;;;
;;;5949;20:00:00;2051,05;1,3554696;0;0;0;0;0;0;0;35802;2051,05;0;0;;;;;;;;;
;;;5950;21:00:00;4587,05;1,1353532;0;0;0;0;0;0;0;31215;4587,05;0;0;;;;;;;;;
;;;5951;22:00:00;1397,05;1,4162034;0;0;0;0;0;0;0;29818;1397,05;0;0;;;;;;;;;
;;;5952;23:00:00;1587,05;1,584192;0;0;0;0;0;0;0;28231;1587,05;0;0;;;;;;;;;
;;Jueves;5953;0:00:00;1518,65;1,7421471;0;0;0;0;0;0;0;26712;1518,65;0;0;;;;;;;;;
;;;5954;1:00:00;110,25;2,2945416;0;0;0;0;0;0;0;26602;110,25;0;0;;;;;;;;;
;;;5955;2:00:00;110,25;2,6983693;0;0;0;0;0;0;0;26492;110,25;0;0;;;;;;;;;
;;;5956;3:00:00;110,25;3,0925481;0;0;0;0;0;0;0;26381;110,25;0;0;;;;;;;;;
;;;5957;4:00:00;52;3,2988477;0;0;0;0;0;0;0;26329;52;0;0;;;;;;;;;
;;;5958;5:00:00;52;3,0388277;0;0;0;0;0;0;0;26277;52;0;0;;;;;;;;;
;;;5959;6:00:00;941,44;2,5561569;0;7,69;9,49;78,7456;46,14;46,14;0;25382;895,3;0;0;;;;;;;;;
;;;5960;7:00:00;1623,8;2,3036544;0;86,45;496,47;885,248;518,7;518,7;0;24277;1105,1;0;0;;;;;;;;;
;;;5961;8:00:00;1023,8;1,5911173;0;214,59;331,05;2197,4016;1287,54;1287,54;263,74;24541;0;0;0;;;;;;;;;
;;;5962;9:00:00;468,04;1,0221505;0;481,08;647,94;4926,2592;2886,48;2886,48;2418,44;26959;0;0;0;;;;;;;;;
;;;5963;10:00:00;897;1,5846971;0;714,35;577,68;7314,944;4286,1;4286,1;3389,1;30348;0;0;0;;;;;;;;;
;;;5964;11:00:00;362;2,6806679;0;881,21;400,78;9023,5904;5287,26;5287,26;4925,26;35273;0;0;198,75;;;;;;;;;
;;;5965;12:00:00;52;3,5976837;0;996,83;248,27;10207,5392;5980,98;5980,98;5928,98;40000;0;0;5928,98;;;;;;;;;
;;;5966;13:00:00;3628;4,1741524;0;1040,52;486,86;10654,9248;6243,12;6243,12;2615,12;40000;0;0;2615,12;;;;;;;;;
;;;5967;14:00:00;1202;4,1195836;0;970,7;700,24;9939,968;5824,2;5824,2;4622,2;40000;0;0;4622,2;;;;;;;;;
;;;5968;15:00:00;1390,25;4,158921;0;863,51;868,76;8842,3424;5181,06;5181,06;3790,81;40000;0;0;3790,81;;;;;;;;;
;;;5969;16:00:00;110,25;3,6509843;0;660,69;938,83;6765,4656;3964,14;3964,14;3853,89;40000;0;0;3853,89;;;;;;;;;
;;;5970;17:00:00;485,25;3,129763;0;426,75;919,84;4369,92;2560,5;2560,5;2075,25;40000;0;0;2075,25;;;;;;;;;
;;;5971;18:00:00;678,93;3,040631;0;31,63;33,74;323,8912;189,78;189,78;0;39511;489,15;0;0;;;;;;;;;
;;;5972;19:00:00;2147,05;2,9027162;0;0;0;0;0;0;0;37364;2147,05;0;0;;;;;;;;;
;;;5973;20:00:00;2051,05;2,9874585;0;0;0;0;0;0;0;35313;2051,05;0;0;;;;;;;;;
;;;5974;21:00:00;4587,05;2,981624;0;0;0;0;0;0;0;30726;4587,05;0;0;;;;;;;;;
;;;5975;22:00:00;1397,05;1,5568758;0;0;0;0;0;0;0;29329;1397,05;0;0;;;;;;;;;
;;;5976;23:00:00;1587,05;1,9878974;0;0;0;0;0;0;0;27742;1587,05;0;0;;;;;;;;;
;;Viernes;5977;0:00:00;1518,65;2,6922657;0;0;0;0;0;0;0;26223;1518,65;0;0;;;;;;;;;
;;;5978;1:00:00;110,25;3,0721118;0;0;0;0;0;0;0;26113;110,25;0;0;;;;;;;;;
;;;5979;2:00:00;110,25;2,7102704;0;0;0;0;0;0;0;26002;110,25;0;0;;;;;;;;;
;;;5980;3:00:00;110,25;1,9130181;0;0;0;0;0;0;0;25892;110,25;0;0;;;;;;;;;
;;;5981;4:00:00;52;1,4063557;0;0;0;0;0;0;0;25840;52;0;0;;;;;;;;;
;;;5982;5:00:00;52;1,010357;0;0;0;0;0;0;0;25788;52;0;0;;;;;;;;;
;;;5983;6:00:00;941,44;0,58693224;0;5,13;6,33;52,5312;30,78;30,78;0;24878;910,66;0;0;;;;;;;;;
;;;5984;7:00:00;1623,8;0,586272;0;33,84;39,01;346,5216;203,04;203,04;0;23457;1420,76;0;0;;;;;;;;;
;;;5985;8:00:00;1023,8;0,84476024;0;53,97;62,21;552,6528;323,82;323,82;0;22757;699,98;0;0;;;;;;;;;
;;;5986;9:00:00;468,04;0,99931306;0;139,95;161,34;1433,088;839,7;839,7;371,66;23128;0;0;0;;;;;;;;;
;;;5987;10:00:00;897;0,29051575;0;186,6;215,11;1910,784;1119,6;1119,6;222,6;23351;0;0;0;;;;;;;;;
;;;5988;11:00:00;362;0,9829368;0;331,36;363,76;3393,1264;1988,16;1988,16;1626,16;24977;0;0;0;;;;;;;;;
;;;5989;12:00:00;52;2,0077634;0;883,49;347,71;9046,9376;5300,94;5300,94;5248,94;30226;0;0;0;;;;;;;;;
;;;5990;13:00:00;3628;2,9921482;0;791,49;542,36;8104,8576;4748,94;4748,94;1120,94;31347;0;0;0;;;;;;;;;
;;;5991;14:00:00;1202;3,7794218;0;742,6;640,59;7604,224;4455,6;4455,6;3253,6;34601;0;0;0;;;;;;;;;
;;;5992;15:00:00;1390,25;4,5874615;0;487,44;540,32;4991,3856;2924,64;2924,64;1534,39;36135;0;0;0;;;;;;;;;
;;;5993;16:00:00;110,25;4,670367;0;357,06;474,62;3656,2944;2142,36;2142,36;2032,11;38167;0;0;199,31;;;;;;;;;
;;;5994;17:00:00;485,25;4,5357924;0;160,01;247,32;1638,5024;960,06;960,06;474,81;38642;0;0;0;;;;;;;;;
;;;5995;18:00:00;678,93;3,756105;0;29,07;31;297,6768;174,42;174,42;0;38138;504,51;0;0;;;;;;;;;
;;;5996;19:00:00;2147,05;2,6659293;0;0;0;0;0;0;0;35990;2147,05;0;0;;;;;;;;;
;;;5997;20:00:00;2051,05;1,8009818;0;0;0;0;0;0;0;33939;2051,05;0;0;;;;;;;;;
;;;5998;21:00:00;4587,05;1,1784232;0;0;0;0;0;0;0;29352;4587,05;0;0;;;;;;;;;
;;;5999;22:00:00;1397,05;0,41859093;0;0;0;0;0;0;0;27955;1397,05;0;0;;;;;;;;;
;;;6000;23:00:00;1587,05;0,9693313;0;0;0;0;0;0;0;26368;1587,05;0;0;;;;;;;;;
;;Sábado;6001;0:00:00;1587,05;1,0174358;0;0;0;0;0;0;0;24781;1587,05;0;0;;;;;;;;;
;;;6002;1:00:00;420,25;1,5128012;0;0;0;0;0;0;0;24361;420,25;0;0;;;;;;;;;
;;;6003;2:00:00;110,25;1,9991047;0;0;0;0;0;0;0;24251;110,25;0;0;;;;;;;;;
;;;6004;3:00:00;52;2,0587573;0;0;0;0;0;0;0;24199;52;0;0;;;;;;;;;
;;;6005;4:00:00;52;2,1344664;0;0;0;0;0;0;0;24147;52;0;0;;;;;;;;;
;;;6006;5:00:00;52;2,382503;0;0;0;0;0;0;0;24095;52;0;0;;;;;;;;;
;;;6007;6:00:00;297;2,46075;0;1,71;2,11;17,5104;10,26;10,26;0;23808;286,74;0;0;;;;;;;;;
;;;6008;7:00:00;1330,4;2,5722125;0;67,14;84,61;687,5136;402,84;402,84;0;22880;927,56;0;0;;;;;;;;;
;;;6009;8:00:00;1193,8;2,4854128;0;231,01;393,81;2365,5424;1386,06;1386,06;192,26;23073;0;0;0;;;;;;;;;
;;;6010;9:00:00;1205,68;3,2245822;0;202,31;234,76;2071,6544;1213,86;1213,86;8,18;23081;0;0;0;;;;;;;;;
;;;6011;10:00:00;1618;3,3457034;0;413,8;440,53;4237,312;2482,8;2482,8;864,8;23946;0;0;0;;;;;;;;;
;;;6012;11:00:00;232;3,8191884;0;555,91;474,91;5692,5184;3335,46;3335,46;3103,46;27049;0;0;0;;;;;;;;;
;;;6013;12:00:00;52;3,3266609;0;393,21;403,81;4026,4704;2359,26;2359,26;2307,26;29356;0;0;0;;;;;;;;;
;;;6014;13:00:00;2440,25;2,7330384;0;390,96;411,21;4003,4304;2345,76;2345,76;0;29262;94,49;0;0;;;;;;;;;
;;;6015;14:00:00;3540,25;1,8430628;0;433,22;450,89;4436,1728;2599,32;2599,32;0;28321;940,93;0;0;;;;;;;;;
;;;6016;15:00:00;1390,25;2,49406;0;95,13;109,66;974,1312;570,78;570,78;0;27501;819,47;0;0;;;;;;;;;
;;;6017;16:00:00;110,25;3,7891016;0;474,38;661,47;4857,6512;2846,28;2846,28;2736,03;30238;0;0;0;;;;;;;;;
;;;6018;17:00:00;52;4,1609907;0;418,27;906,19;4283,0848;2509,62;2509,62;2457,62;32695;0;0;0;;;;;;;;;
;;;6019;18:00:00;117;3,585309;0;27,36;29,18;280,1664;164,16;164,16;47,16;32742;0;0;0;;;;;;;;;
;;;6020;19:00:00;209,4;2,404487;0;0;0;0;0;0;0;32533;209,4;0;0;;;;;;;;;
;;;6021;20:00:00;1642,04;1,4230715;0;0;0;0;0;0;0;30891;1642,04;0;0;;;;;;;;;
;;;6022;21:00:00;4528,8;0,8982909;0;0;0;0;0;0;0;26362;4528,8;0;0;;;;;;;;;
;;;6023;22:00:00;1932,05;0,57001466;0;0;0;0;0;0;0;24430;1932,05;0;0;;;;;;;;;
;;;6024;23:00:00;2122,05;1,2586107;0;0;0;0;0;0;0;22308;2122,05;0;0;;;;;;;;;
;;Domingo;6025;0:00:00;1587,05;2,4288957;0;0;0;0;0;0;0;20721;1587,05;0;0;;;;;;;;;
;;;6026;1:00:00;420,25;2,2125995;0;0;0;0;0;0;0;20301;420,25;0;0;;;;;;;;;
;;;6027;2:00:00;110,25;1,7350692;0;0;0;0;0;0;0;20190;110,25;0;0;;;;;;;;;
;;;6028;3:00:00;52;1,0908557;0;0;0;0;0;0;0;20138;52;0;0;;;;;;;;;
;;;6029;4:00:00;52;0,89213926;0;0;0;0;0;0;0;20086;52;0;0;;;;;;;;;
;;;6030;5:00:00;52;1,3039728;0;0;0;0;0;0;0;20034;52;0;0;;;;;;;;;
;;;6031;6:00:00;297;0,9964359;0;7,69;20,24;78,7456;46,14;46,14;0;19784;250,86;0;0;;;;;;;;;
;;;6032;7:00:00;1330,4;1,0984302;0;85,91;509,98;879,7184;515,46;515,46;0;18969;814,94;0;0;;;;;;;;;
;;;6033;8:00:00;1193,8;2,068444;0;285,99;681,21;2928,5376;1715,94;1715,94;522,14;19491;0;0;0;;;;;;;;;
;;;6034;9:00:00;1205,68;2,5708299;0;522,32;693,39;5348,5568;3133,92;3133,92;1928,24;21419;0;0;0;;;;;;;;;
;;;6035;10:00:00;1618;3,272296;0;732,73;575,71;7503,1552;4396,38;4396,38;2778,38;24197;0;0;0;;;;;;;;;
;;;6036;11:00:00;232;3,8633733;0;899,13;388,44;9207,0912;5394,78;5394,78;5162,78;29360;0;0;0;;;;;;;;;
;;;6037;12:00:00;52;3,3745954;0;1004,77;251,56;10288,8448;6028,62;6028,62;5976,62;35337;0;0;1313,37;;;;;;;;;
;;;6038;13:00:00;2440,25;3,142733;0;1052,88;490,03;10781,4912;6317,28;6317,28;3877,03;39214;0;0;3090,81;;;;;;;;;
;;;6039;14:00:00;3540,25;3,0050967;0;988,93;709,6;10126,6432;5933,58;5933,58;2393,33;40000;0;0;2393,33;;;;;;;;;
;;;6040;15:00:00;1390,25;2,767298;0;872,1;880,39;8930,304;5232,6;5232,6;3842,35;40000;0;0;3842,35;;;;;;;;;
;;;6041;16:00:00;110,25;2,0439367;0;639,18;914,88;6545,2032;3835,08;3835,08;3724,83;40000;0;0;3724,83;;;;;;;;;
;;;6042;17:00:00;52;1,5617759;0;436,37;956,22;4468,4288;2618,22;2618,22;2566,22;40000;0;0;2566,22;;;;;;;;;
;;;6043;18:00:00;117;1,8061417;0;24,79;26,44;253,8496;148,74;148,74;31,74;40000;0;0;31,74;;;;;;;;;
;;;6044;19:00:00;209,4;1,7889292;0;0;0;0;0;0;0;39791;209,4;0;0;;;;;;;;;
;;;6045;20:00:00;1642,04;1,4094034;0;0;0;0;0;0;0;38149;1642,04;0;0;;;;;;;;;
;;;6046;21:00:00;4528,8;2,3846655;0;0;0;0;0;0;0;33620;4528,8;0;0;;;;;;;;;
;;;6047;22:00:00;1932,05;3,5562813;0;0;0;0;0;0;0;31688;1932,05;0;0;;;;;;;;;
;;;6048;23:00:00;2122,05;3,3201382;0;0;0;0;0;0;0;29566;2122,05;0;0;;;;;;;;;
;37;Lunes;6049;0:00:00;646,05;2,5007017;0;0;0;0;0;0;0;28920;646,05;0;0;;;;;;;;;
;;;6050;1:00:00;52;1,5082959;0;0;0;0;0;0;0;28868;52;0;0;;;;;;;;;
;;;6051;2:00:00;52;1,3238264;0;0;0;0;0;0;0;28816;52;0;0;;;;;;;;;
;;;6052;3:00:00;52;1,7363782;0;0;0;0;0;0;0;28764;52;0;0;;;;;;;;;
;;;6053;4:00:00;52;2,276049;0;0;0;0;0;0;0;28712;52;0;0;;;;;;;;;
;;;6054;5:00:00;52;2,6078072;0;0;0;0;0;0;0;28660;52;0;0;;;;;;;;;
;;;6055;6:00:00;1040,73;2,8645632;0;5,98;18,31;61,2352;35,88;35,88;0;27655;1004,85;0;0;;;;;;;;;
;;;6056;7:00:00;1733,35;3,180017;0;85,35;514,67;873,984;512,1;512,1;0;26434;1221,25;0;0;;;;;;;;;
;;;6057;8:00:00;1603,35;2,904506;0;291,88;701,33;2988,8512;1751,28;1751,28;147,93;26581;0;0;0;;;;;;;;;
;;;6058;9:00:00;108,43;2,2131717;0;527,33;697,98;5399,8592;3163,98;3163,98;3055,55;29637;0;0;0;;;;;;;;;
;;;6059;10:00:00;52;1,7886173;0;739,73;578,62;7574,8352;4438,38;4438,38;4386,38;34023;0;0;0;;;;;;;;;
;;;6060;11:00:00;52;0,97516364;0;916,72;383,91;9387,2128;5500,32;5500,32;5448,32;39472;0;0;4920,01;;;;;;;;;
;;;6061;12:00:00;52;0,045248818;0;1024,18;245,05;10487,6032;6145,08;6145,08;6093,08;40000;0;0;6093,08;;;;;;;;;
;;;6062;13:00:00;2788;1,146138;0;1066,82;491,98;10924,2368;6400,92;6400,92;3612,92;40000;0;0;3612,92;;;;;;;;;
;;;6063;14:00:00;362;2,2903807;0;1002,59;716,79;10266,5216;6015,54;6015,54;5653,54;40000;0;0;5653,54;;;;;;;;;
;;;6064;15:00:00;492;3,5154214;0;866,32;878,69;8871,1168;5197,92;5197,92;4705,92;40000;0;0;4705,92;;;;;;;;;
;;;6065;16:00:00;52;4,442992;0;685,45;983,03;7019,008;4112,7;4112,7;4060,7;40000;0;0;4060,7;;;;;;;;;
;;;6066;17:00:00;52;4,473825;0;439,38;967,58;4499,2512;2636,28;2636,28;2584,28;40000;0;0;2584,28;;;;;;;;;
;;;6067;18:00:00;485,1;3,3586423;0;23,08;24,62;236,3392;138,48;138,48;0;39653;346,62;0;0;;;;;;;;;
;;;6068;19:00:00;2198,35;2,1890638;0;0;0;0;0;0;0;37455;2198,35;0;0;;;;;;;;;
;;;6069;20:00:00;2562,35;1,4252218;0;0;0;0;0;0;0;34893;2562,35;0;0;;;;;;;;;
;;;6070;21:00:00;3530,05;0,7548459;0;0;0;0;0;0;0;31363;3530,05;0;0;;;;;;;;;
;;;6071;22:00:00;608,35;0,92059165;0;0;0;0;0;0;0;30754;608,35;0;0;;;;;;;;;
;;;6072;23:00:00;798,35;1,5114887;0;0;0;0;0;0;0;29956;798,35;0;0;;;;;;;;;
;;Martes;6073;0:00:00;646,05;2,1760368;0;0;0;0;0;0;0;29310;646,05;0;0;;;;;;;;;
;;;6074;1:00:00;52;2,4736464;0;0;0;0;0;0;0;29258;52;0;0;;;;;;;;;
;;;6075;2:00:00;52;2,4945834;0;0;0;0;0;0;0;29206;52;0;0;;;;;;;;;
;;;6076;3:00:00;52;2,4051642;0;0;0;0;0;0;0;29154;52;0;0;;;;;;;;;
;;;6077;4:00:00;52;2,326364;0;0;0;0;0;0;0;29102;52;0;0;;;;;;;;;
;;;6078;5:00:00;52;2,3086338;0;0;0;0;0;0;0;29050;52;0;0;;;;;;;;;
;;;6079;6:00:00;1040,73;2,3163373;0;5,13;17,52;52,5312;30,78;30,78;0;28040;1009,95;0;0;;;;;;;;;
;;;6080;7:00:00;1733,35;2,2451186;0;84,72;542,45;867,5328;508,32;508,32;0;26815;1225,03;0;0;;;;;;;;;
;;;6081;8:00:00;1603,35;1,5676539;0;293,97;705,28;3010,2528;1763,82;1763,82;160,47;26975;0;0;0;;;;;;;;;
;;;6082;9:00:00;108,43;0,39565092;0;523,55;692;5361,152;3141,3;3141,3;3032,87;30008;0;0;0;;;;;;;;;
;;;6083;10:00:00;52;1,3037794;0;744,7;578,97;7625,728;4468,2;4468,2;4416,2;34424;0;0;0;;;;;;;;;
;;;6084;11:00:00;52;2,1882813;0;912,64;387,01;9345,4336;5475,84;5475,84;5423,84;39848;0;0;5272,12;;;;;;;;;
;;;6085;12:00:00;52;2,7963536;0;1025,06;249,71;10496,6144;6150,36;6150,36;6098,36;40000;0;0;6098,36;;;;;;;;;
;;;6086;13:00:00;2788;3,491586;0;1054,73;499,01;10800,4352;6328,38;6328,38;3540,38;40000;0;0;3540,38;;;;;;;;;
;;;6087;14:00:00;362;4,357854;0;1002,21;719,82;10262,6304;6013,26;6013,26;5651,26;40000;0;0;5651,26;;;;;;;;;
;;;6088;15:00:00;492;4,923017;0;859,84;877,06;8804,7616;5159,04;5159,04;4667,04;40000;0;0;4667,04;;;;;;;;;
;;;6089;16:00:00;52;4,914326;0;676,07;972,56;6922,9568;4056,42;4056,42;4004,42;40000;0;0;4004,42;;;;;;;;;
;;;6090;17:00:00;52;4,2586827;0;443,5;982,23;4541,44;2661;2661;2609;40000;0;0;2609;;;;;;;;;
;;;6091;18:00:00;485,1;2,975673;0;20,52;21,88;210,1248;123,12;123,12;0;39638;361,98;0;0;;;;;;;;;
;;;6092;19:00:00;2198,35;1,9019122;0;0;0;0;0;0;0;37440;2198,35;0;0;;;;;;;;;
;;;6093;20:00:00;2562,35;1,3622339;0;0;0;0;0;0;0;34877;2562,35;0;0;;;;;;;;;
;;;6094;21:00:00;3530,05;1,1039064;0;0;0;0;0;0;0;31347;3530,05;0;0;;;;;;;;;
;;;6095;22:00:00;608,35;0,9105718;0;0;0;0;0;0;0;30739;608,35;0;0;;;;;;;;;
;;;6096;23:00:00;798,35;0,9814709;0;0;0;0;0;0;0;29941;798,35;0;0;;;;;;;;;
;;Miércoles;6097;0:00:00;646,05;1,2505119;0;0;0;0;0;0;0;29295;646,05;0;0;;;;;;;;;
;;;6098;1:00:00;52;1,3722906;0;0;0;0;0;0;0;29243;52;0;0;;;;;;;;;
;;;6099;2:00:00;52;1,3970507;0;0;0;0;0;0;0;29191;52;0;0;;;;;;;;;
;;;6100;3:00:00;52;1,3173059;0;0;0;0;0;0;0;29139;52;0;0;;;;;;;;;
;;;6101;4:00:00;52;1,2549987;0;0;0;0;0;0;0;29087;52;0;0;;;;;;;;;
;;;6102;5:00:00;52;1,0186112;0;0;0;0;0;0;0;29035;52;0;0;;;;;;;;;
;;;6103;6:00:00;1040,73;1,1047547;0;4,27;16,75;43,7248;25,62;25,62;0;28019;1015,11;0;0;;;;;;;;;
;;;6104;7:00:00;1733,35;1,1149527;0;92,91;287,43;951,3984;557,46;557,46;0;26844;1175,89;0;0;;;;;;;;;
;;;6105;8:00:00;1603,35;0,5552719;0;289,5;683,65;2964,48;1737;1737;133,65;26977;0;0;0;;;;;;;;;
;;;6106;9:00:00;108,43;1,0431077;0;526,45;692,7;5390,848;3158,7;3158,7;3050,27;30027;0;0;0;;;;;;;;;
;;;6107;10:00:00;52;2,0284414;0;741,12;575,18;7589,0688;4446,72;4446,72;4394,72;34422;0;0;0;;;;;;;;;
;;;6108;11:00:00;52;2,3176763;0;913,81;382,46;9357,4144;5482,86;5482,86;5430,86;39853;0;0;5283,88;;;;;;;;;
;;;6109;12:00:00;52;2,6635091;0;1026,62;247,74;10512,5888;6159,72;6159,72;6107,72;40000;0;0;6107,72;;;;;;;;;
;;;6110;13:00:00;2788;3,6677341;0;1055,27;497,69;10805,9648;6331,62;6331,62;3543,62;40000;0;0;3543,62;;;;;;;;;
;;;6111;14:00:00;362;4,4169116;0;1002,84;720,01;10269,0816;6017,04;6017,04;5655,04;40000;0;0;5655,04;;;;;;;;;
;;;6112;15:00:00;492;4,5416346;0;779,23;818,14;7979,3152;4675,38;4675,38;4183,38;40000;0;0;4183,38;;;;;;;;;
;;;6113;16:00:00;52;4,8608665;0;572,94;822,13;5866,9056;3437,64;3437,64;3385,64;40000;0;0;3385,64;;;;;;;;;
;;;6114;17:00:00;52;4,2333674;0;412,9;908,43;4228,096;2477,4;2477,4;2425,4;40000;0;0;2425,4;;;;;;;;;
;;;6115;18:00:00;485,1;3,5501075;0;20,52;21,88;210,1248;123,12;123,12;0;39638;361,98;0;0;;;;;;;;;
;;;6116;19:00:00;2198,35;2,7713976;0;0;0;0;0;0;0;37440;2198,35;0;0;;;;;;;;;
;;;6117;20:00:00;2562,35;2,0950732;0;0;0;0;0;0;0;34877;2562,35;0;0;;;;;;;;;
;;;6118;21:00:00;3530,05;1,9429837;0;0;0;0;0;0;0;31347;3530,05;0;0;;;;;;;;;
;;;6119;22:00:00;608,35;1,7946932;0;0;0;0;0;0;0;30739;608,35;0;0;;;;;;;;;
;;;6120;23:00:00;798,35;2,259532;0;0;0;0;0;0;0;29941;798,35;0;0;;;;;;;;;
;;Jueves;6121;0:00:00;646,05;2,2083452;0;0;0;0;0;0;0;29295;646,05;0;0;;;;;;;;;
;;;6122;1:00:00;52;2,3536801;0;0;0;0;0;0;0;29243;52;0;0;;;;;;;;;
;;;6123;2:00:00;52;1,7926359;0;0;0;0;0;0;0;29191;52;0;0;;;;;;;;;
;;;6124;3:00:00;52;2,3311207;0;0;0;0;0;0;0;29139;52;0;0;;;;;;;;;
;;;6125;4:00:00;52;2,7576323;0;0;0;0;0;0;0;29087;52;0;0;;;;;;;;;
;;;6126;5:00:00;52;2,9964833;0;0;0;0;0;0;0;29035;52;0;0;;;;;;;;;
;;;6127;6:00:00;1040,73;3,0910468;0;0;0;0;0;0;0;27994;1040,73;0;0;;;;;;;;;
;;;6128;7:00:00;1733,35;3,130053;0;85,26;482;873,0624;511,56;511,56;0;26772;1221,79;0;0;;;;;;;;;
;;;6129;8:00:00;1603,35;2,7210653;0;288,86;682,39;2957,9264;1733,16;1733,16;129,81;26902;0;0;0;;;;;;;;;
;;;6130;9:00:00;108,43;2,1161385;0;143,61;165,55;1470,5664;861,66;861,66;753,23;27655;0;0;0;;;;;;;;;
;;;6131;10:00:00;52;1,7952948;0;506,04;501,65;5181,8496;3036,24;3036,24;2984,24;30639;0;0;0;;;;;;;;;
;;;6132;11:00:00;52;1,7547269;0;867,81;399,93;8886,3744;5206,86;5206,86;5154,86;35794;0;0;949;;;;;;;;;
;;;6133;12:00:00;52;1,1311446;0;841,85;374,82;8620,544;5051,1;5051,1;4999,1;40000;0;0;4999,1;;;;;;;;;
;;;6134;13:00:00;2788;0,26644367;0;1020,61;498,17;10451,0464;6123,66;6123,66;3335,66;40000;0;0;3335,66;;;;;;;;;
;;;6135;14:00:00;362;1,8800164;0;938,86;703,67;9613,9264;5633,16;5633,16;5271,16;40000;0;0;5271,16;;;;;;;;;
;;;6136;15:00:00;492;3,3857563;0;832,27;855,93;8522,4448;4993,62;4993,62;4501,62;40000;0;0;4501,62;;;;;;;;;
;;;6137;16:00:00;52;4,282163;0;653,93;944,66;6696,2432;3923,58;3923,58;3871,58;40000;0;0;3871,58;;;;;;;;;
;;;6138;17:00:00;52;4,2428293;0;415,66;922,08;4256,3584;2493,96;2493,96;2441,96;40000;0;0;2441,96;;;;;;;;;
;;;6139;18:00:00;485,1;3,4550378;0;0;0;0;0;0;0;39515;485,1;0;0;;;;;;;;;
;;;6140;19:00:00;2198,35;3,0467181;0;0;0;0;0;0;0;37317;2198,35;0;0;;;;;;;;;
;;;6141;20:00:00;2562,35;3,3955343;0;0;0;0;0;0;0;34754;2562,35;0;0;;;;;;;;;
;;;6142;21:00:00;3530,05;3,393229;0;0;0;0;0;0;0;31224;3530,05;0;0;;;;;;;;;
;;;6143;22:00:00;608,35;1,2780879;0;0;0;0;0;0;0;30616;608,35;0;0;;;;;;;;;
;;;6144;23:00:00;798,35;0,34413862;0;0;0;0;0;0;0;29817;798,35;0;0;;;;;;;;;
;;Viernes;6145;0:00:00;646,05;1,2006447;0;0;0;0;0;0;0;29171;646,05;0;0;;;;;;;;;
;;;6146;1:00:00;52;2,2001095;0;0;0;0;0;0;0;29119;52;0;0;;;;;;;;;
;;;6147;2:00:00;52;2,441088;0;0;0;0;0;0;0;29067;52;0;0;;;;;;;;;
;;;6148;3:00:00;52;2,6789951;0;0;0;0;0;0;0;29015;52;0;0;;;;;;;;;
;;;6149;4:00:00;52;2,8616726;0;0;0;0;0;0;0;28963;52;0;0;;;;;;;;;
;;;6150;5:00:00;52;2,7502756;0;0;0;0;0;0;0;28911;52;0;0;;;;;;;;;
;;;6151;6:00:00;1040,73;2,0689986;0;0;0;0;0;0;0;27871;1040,73;0;0;;;;;;;;;
;;;6152;7:00:00;1733,35;1,4354908;0;84,7;486,86;867,328;508,2;508,2;0;26646;1225,15;0;0;;;;;;;;;
;;;6153;8:00:00;1603,35;0,8975811;0;290,96;686,4;2979,4304;1745,76;1745,76;142,41;26788;0;0;0;;;;;;;;;
;;;6154;9:00:00;108,43;0,6228408;0;526,36;688,13;5389,9264;3158,16;3158,16;3049,73;29838;0;0;0;;;;;;;;;
;;;6155;10:00:00;52;1,4385034;0;741,47;571,56;7592,6528;4448,82;4448,82;4396,82;34234;0;0;0;;;;;;;;;
;;;6156;11:00:00;52;0,95514286;0;923,5;373,75;9456,64;5541;5541;5489;39723;0;0;5212,48;;;;;;;;;
;;;6157;12:00:00;52;1,8604529;0;1025,36;250,15;10499,6864;6152,16;6152,16;6100,16;40000;0;0;6100,16;;;;;;;;;
;;;6158;13:00:00;2788;3,0250378;0;1052,89;498,84;10781,5936;6317,34;6317,34;3529,34;40000;0;0;3529,34;;;;;;;;;
;;;6159;14:00:00;362;3,681074;0;1012,06;723,78;10363,4944;6072,36;6072,36;5710,36;40000;0;0;5710,36;;;;;;;;;
;;;6160;15:00:00;492;3,920651;0;866,19;884,44;8869,7856;5197,14;5197,14;4705,14;40000;0;0;4705,14;;;;;;;;;
;;;6161;16:00:00;52;4,027998;0;662,3;959,37;6781,952;3973,8;3973,8;3921,8;40000;0;0;3921,8;;;;;;;;;
;;;6162;17:00:00;52;3,8702211;0;443,15;994,95;4537,856;2658,9;2658,9;2606,9;40000;0;0;2606,9;;;;;;;;;
;;;6163;18:00:00;485,1;3,140622;0;0;0;0;0;0;0;39515;485,1;0;0;;;;;;;;;
;;;6164;19:00:00;2198,35;2,0446525;0;0;0;0;0;0;0;37317;2198,35;0;0;;;;;;;;;
;;;6165;20:00:00;2562,35;1,2252115;0;0;0;0;0;0;0;34754;2562,35;0;0;;;;;;;;;
;;;6166;21:00:00;3530,05;0,7610788;0;0;0;0;0;0;0;31224;3530,05;0;0;;;;;;;;;
;;;6167;22:00:00;608,35;1,6401325;0;0;0;0;0;0;0;30616;608,35;0;0;;;;;;;;;
;;;6168;23:00:00;798,35;1,6342397;0;0;0;0;0;0;0;29817;798,35;0;0;;;;;;;;;
;;Sábado;6169;0:00:00;740,1;1,5964854;0;0;0;0;0;0;0;29077;740,1;0;0;;;;;;;;;
;;;6170;1:00:00;362;1,3929915;0;0;0;0;0;0;0;28715;362;0;0;;;;;;;;;
;;;6171;2:00:00;52;1,3701943;0;0;0;0;0;0;0;28663;52;0;0;;;;;;;;;
;;;6172;3:00:00;52;1,4200764;0;0;0;0;0;0;0;28611;52;0;0;;;;;;;;;
;;;6173;4:00:00;52;1,2557673;0;0;0;0;0;0;0;28559;52;0;0;;;;;;;;;
;;;6174;5:00:00;52;1,3009801;0;0;0;0;0;0;0;28507;52;0;0;;;;;;;;;
;;;6175;6:00:00;391,05;1,6545737;0;0;0;0;0;0;0;28116;391,05;0;0;;;;;;;;;
;;;6176;7:00:00;1508,35;1,6222404;0;86,37;458,69;884,4288;518,22;518,22;0;27126;990,13;0;0;;;;;;;;;
;;;6177;8:00:00;1303,35;1,2340997;0;283,99;644,06;2908,0576;1703,94;1703,94;400,59;27527;0;0;0;;;;;;;;;
;;;6178;9:00:00;1306,68;1,0392208;0;519,48;678,78;5319,4752;3116,88;3116,88;1810,2;29337;0;0;0;;;;;;;;;
;;;6179;10:00:00;1676,25;1,4941765;0;730,54;574,02;7480,7296;4383,24;4383,24;2706,99;32044;0;0;0;;;;;;;;;
;;;6180;11:00:00;232;1,8376678;0;910,17;383,6;9320,1408;5461,02;5461,02;5229,02;37273;0;0;2501,99;;;;;;;;;
;;;6181;12:00:00;52;2,132448;0;1027,56;254,94;10522,2144;6165,36;6165,36;6113,36;40000;0;0;6113,36;;;;;;;;;
;;;6182;13:00:00;2755;2,5200396;0;1074,78;500,96;11005,7472;6448,68;6448,68;3693,68;40000;0;0;3693,68;;;;;;;;;
;;;6183;14:00:00;2642;2,8908458;0;836,09;684,01;8561,5616;5016,54;5016,54;2374,54;40000;0;0;2374,54;;;;;;;;;
;;;6184;15:00:00;492;3,0417416;0;848,98;875,33;8693,5552;5093,88;5093,88;4601,88;40000;0;0;4601,88;;;;;;;;;
;;;6185;16:00:00;52;3,8960576;0;635,05;922,25;6502,912;3810,3;3810,3;3758,3;40000;0;0;3758,3;;;;;;;;;
;;;6186;17:00:00;52;4,284604;0;382,2;841,07;3913,728;2293,2;2293,2;2241,2;40000;0;0;2241,2;;;;;;;;;
;;;6187;18:00:00;615,1;3,4042277;0;0;0;0;0;0;0;39385;615,1;0;0;;;;;;;;;
;;;6188;19:00:00;639,1;2,3556814;0;0;0;0;0;0;0;38746;639,1;0;0;;;;;;;;;
;;;6189;20:00:00;2382,35;1,6149738;0;0;0;0;0;0;0;36363;2382,35;0;0;;;;;;;;;
;;;6190;21:00:00;4638,35;0,7605918;0;0;0;0;0;0;0;31725;4638,35;0;0;;;;;;;;;
;;;6191;22:00:00;608,35;0,8612493;0;0;0;0;0;0;0;31117;608,35;0;0;;;;;;;;;
;;;6192;23:00:00;798,35;1,1071143;0;0;0;0;0;0;0;30318;798,35;0;0;;;;;;;;;
;;Domingo;6193;0:00:00;740,1;1,3144755;0;0;0;0;0;0;0;29578;740,1;0;0;;;;;;;;;
;;;6194;1:00:00;362;1,4781874;0;0;0;0;0;0;0;29216;362;0;0;;;;;;;;;
;;;6195;2:00:00;52;1,5061489;0;0;0;0;0;0;0;29164;52;0;0;;;;;;;;;
;;;6196;3:00:00;52;1,4737625;0;0;0;0;0;0;0;29112;52;0;0;;;;;;;;;
;;;6197;4:00:00;52;1,4897571;0;0;0;0;0;0;0;29060;52;0;0;;;;;;;;;
;;;6198;5:00:00;52;1,4975725;0;0;0;0;0;0;0;29008;52;0;0;;;;;;;;;
;;;6199;6:00:00;391,05;1,7410141;0;0;0;0;0;0;0;28617;391,05;0;0;;;;;;;;;
;;;6200;7:00:00;1508,35;1,9794418;0;87,39;405,83;894,8736;524,34;524,34;0;27633;984,01;0;0;;;;;;;;;
;;;6201;8:00:00;1303,35;1,4618056;0;280,82;631,95;2875,5968;1684,92;1684,92;381,57;28015;0;0;0;;;;;;;;;
;;;6202;9:00:00;1306,68;0,60545963;0;512,15;667,73;5244,416;3072,9;3072,9;1766,22;29781;0;0;0;;;;;;;;;
;;;6203;10:00:00;1676,25;0,5850186;0;731,62;565,63;7491,7888;4389,72;4389,72;2713,47;32495;0;0;0;;;;;;;;;
;;;6204;11:00:00;232;1,2152594;0;883,79;392,75;9050,0096;5302,74;5302,74;5070,74;37565;0;0;2635,98;;;;;;;;;
;;;6205;12:00:00;52;1,5319235;0;990,71;276,84;10144,8704;5944,26;5944,26;5892,26;40000;0;0;5892,26;;;;;;;;;
;;;6206;13:00:00;2755;1,9925853;0;1030,1;504,74;10548,224;6180,6;6180,6;3425,6;40000;0;0;3425,6;;;;;;;;;
;;;6207;14:00:00;2642;3,0513833;0;982,92;717,48;10065,1008;5897,52;5897,52;3255,52;40000;0;0;3255,52;;;;;;;;;
;;;6208;15:00:00;492;4,165193;0;809,04;844,43;8284,5696;4854,24;4854,24;4362,24;40000;0;0;4362,24;;;;;;;;;
;;;6209;16:00:00;52;4,2653804;0;330,92;444,86;3388,6208;1985,52;1985,52;1933,52;40000;0;0;1933,52;;;;;;;;;
;;;6210;17:00:00;52;3,6091511;0;387,11;859,82;3964,0064;2322,66;2322,66;2270,66;40000;0;0;2270,66;;;;;;;;;
;;;6211;18:00:00;615,1;2,0183325;0;0;0;0;0;0;0;39385;615,1;0;0;;;;;;;;;
;;;6212;19:00:00;639,1;1,2458588;0;0;0;0;0;0;0;38746;639,1;0;0;;;;;;;;;
;;;6213;20:00:00;2382,35;0,8291333;0;0;0;0;0;0;0;36363;2382,35;0;0;;;;;;;;;
;;;6214;21:00:00;4638,35;0,94345725;0;0;0;0;0;0;0;31725;4638,35;0;0;;;;;;;;;
;;;6215;22:00:00;608,35;1,2646236;0;0;0;0;0;0;0;31117;608,35;0;0;;;;;;;;;
;;;6216;23:00:00;798,35;1,3470836;0;0;0;0;0;0;0;30318;798,35;0;0;;;;;;;;;
;38;Lunes;6217;0:00:00;646,05;1,2252694;0;0;0;0;0;0;0;29672;646,05;0;0;;;;;;;;;
;;;6218;1:00:00;52;1,2350984;0;0;0;0;0;0;0;29620;52;0;0;;;;;;;;;
;;;6219;2:00:00;52;1,5896873;0;0;0;0;0;0;0;29568;52;0;0;;;;;;;;;
;;;6220;3:00:00;52;1,9926523;0;0;0;0;0;0;0;29516;52;0;0;;;;;;;;;
;;;6221;4:00:00;52;2,3283048;0;0;0;0;0;0;0;29464;52;0;0;;;;;;;;;
;;;6222;5:00:00;52;2,2567766;0;0;0;0;0;0;0;29412;52;0;0;;;;;;;;;
;;;6223;6:00:00;1040,73;2,158048;0;0;0;0;0;0;0;28372;1040,73;0;0;;;;;;;;;
;;;6224;7:00:00;1733,35;2,2417912;0;63,89;85,33;654,2336;383,34;383,34;0;27022;1350,01;0;0;;;;;;;;;
;;;6225;8:00:00;1603,35;1,7647536;0;187,27;269,41;1917,6448;1123,62;1123,62;0;26542;479,73;0;0;;;;;;;;;
;;;6226;9:00:00;108,43;1,2319342;0;419,08;540,39;4291,3792;2514,48;2514,48;2406,05;28948;0;0;0;;;;;;;;;
;;;6227;10:00:00;52;0,4079035;0;475,65;475,37;4870,656;2853,9;2853,9;2801,9;31750;0;0;0;;;;;;;;;
;;;6228;11:00:00;52;0,9867927;0;839,17;403,9;8593,1008;5035,02;5035,02;4983,02;36733;0;0;1715,87;;;;;;;;;
;;;6229;12:00:00;52;1,7658108;0;953;293,95;9758,72;5718;5718;5666;40000;0;0;5666;;;;;;;;;
;;;6230;13:00:00;2788;2,6297336;0;975,39;512,89;9987,9936;5852,34;5852,34;3064,34;40000;0;0;3064,34;;;;;;;;;
;;;6231;14:00:00;362;3,2891836;0;213,82;245,76;2189,5168;1282,92;1282,92;920,92;40000;0;0;920,92;;;;;;;;;
;;;6232;15:00:00;492;3,764117;0;45,74;52,72;468,3776;274,44;274,44;0;39782;217,56;0;0;;;;;;;;;
;;;6233;16:00:00;52;3,7490442;0;116,38;134,94;1191,7312;698,28;698,28;646,28;40000;0;0;646,28;;;;;;;;;
;;;6234;17:00:00;52;3,3844464;0;27,44;31,63;280,9856;164,64;164,64;112,64;40000;0;0;112,64;;;;;;;;;
;;;6235;18:00:00;485,1;2,0078945;0;0;0;0;0;0;0;39515;485,1;0;0;;;;;;;;;
;;;6236;19:00:00;2198,35;1,5209594;0;0;0;0;0;0;0;37317;2198,35;0;0;;;;;;;;;
;;;6237;20:00:00;2562,35;1,0826665;0;0;0;0;0;0;0;34754;2562,35;0;0;;;;;;;;;
;;;6238;21:00:00;3530,05;0,7761572;0;0;0;0;0;0;0;31224;3530,05;0;0;;;;;;;;;
;;;6239;22:00:00;608,35;1,2602432;0;0;0;0;0;0;0;30616;608,35;0;0;;;;;;;;;
;;;6240;23:00:00;798,35;1,3109138;0;0;0;0;0;0;0;29817;798,35;0;0;;;;;;;;;
;;Martes;6241;0:00:00;646,05;1,3799988;0;0;0;0;0;0;0;29171;646,05;0;0;;;;;;;;;
;;;6242;1:00:00;52;1,5988935;0;0;0;0;0;0;0;29119;52;0;0;;;;;;;;;
;;;6243;2:00:00;52;1,9206058;0;0;0;0;0;0;0;29067;52;0;0;;;;;;;;;
;;;6244;3:00:00;52;2,2592402;0;0;0;0;0;0;0;29015;52;0;0;;;;;;;;;
;;;6245;4:00:00;52;2,2959235;0;0;0;0;0;0;0;28963;52;0;0;;;;;;;;;
;;;6246;5:00:00;52;2,22181;0;0;0;0;0;0;0;28911;52;0;0;;;;;;;;;
;;;6247;6:00:00;1040,73;2,1082356;0;0;0;0;0;0;0;27871;1040,73;0;0;;;;;;;;;
;;;6248;7:00:00;1733,35;2,2914922;0;80,83;158,66;827,6992;484,98;484,98;0;26622;1248,37;0;0;;;;;;;;;
;;;6249;8:00:00;1603,35;1,8513752;0;296,34;691,51;3034,5216;1778,04;1778,04;174,69;26797;0;0;0;;;;;;;;;
;;;6250;9:00:00;108,43;2,6229825;0;530,06;684,59;5427,8144;3180,36;3180,36;3071,93;29869;0;0;0;;;;;;;;;
;;;6251;10:00:00;52;2,719736;0;759,14;572,1;7773,5936;4554,84;4554,84;4502,84;34372;0;0;0;;;;;;;;;
;;;6252;11:00:00;52;2,6560724;0;933,88;371,09;9562,9312;5603,28;5603,28;5551,28;39923;0;0;5474,32;;;;;;;;;
;;;6253;12:00:00;52;2,6345189;0;1059,7;243,54;10851,328;6358,2;6358,2;6306,2;40000;0;0;6306,2;;;;;;;;;
;;;6254;13:00:00;2788;2,7175925;0;1074;506,94;10997,76;6444;6444;3656;40000;0;0;3656;;;;;;;;;
;;;6255;14:00:00;362;2,8342779;0;1017,87;734,45;10422,9888;6107,22;6107,22;5745,22;40000;0;0;5745,22;;;;;;;;;
;;;6256;15:00:00;492;3,2027783;0;876,56;901,21;8975,9744;5259,36;5259,36;4767,36;40000;0;0;4767,36;;;;;;;;;
;;;6257;16:00:00;52;3,5278256;0;673,95;986,37;6901,248;4043,7;4043,7;3991,7;40000;0;0;3991,7;;;;;;;;;
;;;6258;17:00:00;52;3,65129;0;440,72;1007,47;4512,9728;2644,32;2644,32;2592,32;40000;0;0;2592,32;;;;;;;;;
;;;6259;18:00:00;485,1;3,0751774;0;0;0;0;0;0;0;39515;485,1;0;0;;;;;;;;;
;;;6260;19:00:00;2198,35;2,2424846;0;0;0;0;0;0;0;37317;2198,35;0;0;;;;;;;;;
;;;6261;20:00:00;2562,35;1,5082048;0;0;0;0;0;0;0;34754;2562,35;0;0;;;;;;;;;
;;;6262;21:00:00;3530,05;1,4986546;0;0;0;0;0;0;0;31224;3530,05;0;0;;;;;;;;;
;;;6263;22:00:00;608,35;1,4138422;0;0;0;0;0;0;0;30616;608,35;0;0;;;;;;;;;
;;;6264;23:00:00;798,35;2,3074627;0;0;0;0;0;0;0;29817;798,35;0;0;;;;;;;;;
;;Miércoles;6265;0:00:00;646,05;2,8816822;0;0;0;0;0;0;0;29171;646,05;0;0;;;;;;;;;
;;;6266;1:00:00;52;2,2356832;0;0;0;0;0;0;0;29119;52;0;0;;;;;;;;;
;;;6267;2:00:00;52;1,6921742;0;0;0;0;0;0;0;29067;52;0;0;;;;;;;;;
;;;6268;3:00:00;52;1,6519902;0;0;0;0;0;0;0;29015;52;0;0;;;;;;;;;
;;;6269;4:00:00;52;2,0670807;0;0;0;0;0;0;0;28963;52;0;0;;;;;;;;;
;;;6270;5:00:00;52;2,2655048;0;0;0;0;0;0;0;28911;52;0;0;;;;;;;;;
;;;6271;6:00:00;1040,73;1,9257444;0;0;0;0;0;0;0;27871;1040,73;0;0;;;;;;;;;
;;;6272;7:00:00;1733,35;1,6879305;0;86,34;448,33;884,1216;518,04;518,04;0;26655;1215,31;0;0;;;;;;;;;
;;;6273;8:00:00;1603,35;1,2482909;0;296,11;685,39;3032,1664;1776,66;1776,66;173,31;26829;0;0;0;;;;;;;;;
;;;6274;9:00:00;108,43;0,49642804;0;542,26;696,95;5552,7424;3253,56;3253,56;3145,13;29974;0;0;0;;;;;;;;;
;;;6275;10:00:00;52;2,555083;0;767,95;574,74;7863,808;4607,7;4607,7;4555,7;34530;0;0;0;;;;;;;;;
;;;6276;11:00:00;52;2,5764194;0;943,76;370,15;9664,1024;5662,56;5662,56;5610,56;40000;0;0;5610,56;;;;;;;;;
;;;6277;12:00:00;52;2,7400773;0;1070,62;244,25;10963,1488;6423,72;6423,72;6371,72;40000;0;0;6371,72;;;;;;;;;
;;;6278;13:00:00;2788;2,9759398;0;1085,7;511,86;11117,568;6514,2;6514,2;3726,2;40000;0;0;3726,2;;;;;;;;;
;;;6279;14:00:00;362;3,136562;0;1029,13;742,73;10538,2912;6174,78;6174,78;5812,78;40000;0;0;5812,78;;;;;;;;;
;;;6280;15:00:00;492;3,10955;0;0;0;0;0;0;0;39508;492;0;0;;;;;;;;;
;;;6281;16:00:00;52;3,1342874;0;681,52;1000,15;6978,7648;4089,12;4089,12;4037,12;40000;0;0;4037,12;;;;;;;;;
;;;6282;17:00:00;52;2,937102;0;446,29;1025,87;4570,0096;2677,74;2677,74;2625,74;40000;0;0;2625,74;;;;;;;;;
;;;6283;18:00:00;485,1;2,221728;0;0;0;0;0;0;0;39515;485,1;0;0;;;;;;;;;
;;;6284;19:00:00;2198,35;1,4410527;0;0;0;0;0;0;0;37317;2198,35;0;0;;;;;;;;;
;;;6285;20:00:00;2562,35;1,0763421;0;0;0;0;0;0;0;34754;2562,35;0;0;;;;;;;;;
;;;6286;21:00:00;3530,05;0,97229606;0;0;0;0;0;0;0;31224;3530,05;0;0;;;;;;;;;
;;;6287;22:00:00;608,35;0,92357033;0;0;0;0;0;0;0;30616;608,35;0;0;;;;;;;;;
;;;6288;23:00:00;798,35;0,684809;0;0;0;0;0;0;0;29817;798,35;0;0;;;;;;;;;
;;Jueves;6289;0:00:00;646,05;0,89319426;0;0;0;0;0;0;0;29171;646,05;0;0;;;;;;;;;
;;;6290;1:00:00;52;0,7559598;0;0;0;0;0;0;0;29119;52;0;0;;;;;;;;;
;;;6291;2:00:00;52;0,729735;0;0;0;0;0;0;0;29067;52;0;0;;;;;;;;;
;;;6292;3:00:00;52;0,977571;0;0;0;0;0;0;0;29015;52;0;0;;;;;;;;;
;;;6293;4:00:00;52;1,4258693;0;0;0;0;0;0;0;28963;52;0;0;;;;;;;;;
;;;6294;5:00:00;52;1,6694278;0;0;0;0;0;0;0;28911;52;0;0;;;;;;;;;
;;;6295;6:00:00;1040,73;1,4327128;0;0;0;0;0;0;0;27871;1040,73;0;0;;;;;;;;;
;;;6296;7:00:00;1733,35;1,3171452;0;84,52;475,82;865,4848;507,12;507,12;0;26644;1226,23;0;0;;;;;;;;;
;;;6297;8:00:00;1603,35;1,2658217;0;294,09;675,09;3011,4816;1764,54;1764,54;161,19;26806;0;0;0;;;;;;;;;
;;;6298;9:00:00;108,43;1,201814;0;540,81;692,84;5537,8944;3244,86;3244,86;3136,43;29942;0;0;0;;;;;;;;;
;;;6299;10:00:00;52;1,3654195;0;757,27;570,38;7754,4448;4543,62;4543,62;4491,62;34434;0;0;0;;;;;;;;;
;;;6300;11:00:00;52;1,3557149;0;925,32;375,9;9475,2768;5551,92;5551,92;5499,92;39934;0;0;5433,52;;;;;;;;;
;;;6301;12:00:00;52;1,5169065;0;1023,1;275,09;10476,544;6138,6;6138,6;6086,6;40000;0;0;6086,6;;;;;;;;;
;;;6302;13:00:00;2788;2,5820546;0;1047,9;519,29;10730,496;6287,4;6287,4;3499,4;40000;0;0;3499,4;;;;;;;;;
;;;6303;14:00:00;362;3,959475;0;998,45;734,81;10224,128;5990,7;5990,7;5628,7;40000;0;0;5628,7;;;;;;;;;
;;;6304;15:00:00;492;4,1215;0;849,42;885,07;8698,0608;5096,52;5096,52;4604,52;40000;0;0;4604,52;;;;;;;;;
;;;6305;16:00:00;52;3,516379;0;662,74;975,05;6786,4576;3976,44;3976,44;3924,44;40000;0;0;3924,44;;;;;;;;;
;;;6306;17:00:00;52;2,4175112;0;442,86;1021,99;4534,8864;2657,16;2657,16;2605,16;40000;0;0;2605,16;;;;;;;;;
;;;6307;18:00:00;485,1;1,1693938;0;0;0;0;0;0;0;39515;485,1;0;0;;;;;;;;;
;;;6308;19:00:00;2198,35;0,9217621;0;0;0;0;0;0;0;37317;2198,35;0;0;;;;;;;;;
;;;6309;20:00:00;2562,35;1,0601592;0;0;0;0;0;0;0;34754;2562,35;0;0;;;;;;;;;
;;;6310;21:00:00;3530,05;0,99766064;0;0;0;0;0;0;0;31224;3530,05;0;0;;;;;;;;;
;;;6311;22:00:00;608,35;0,7856651;0;0;0;0;0;0;0;30616;608,35;0;0;;;;;;;;;
;;;6312;23:00:00;798,35;0,38787812;0;0;0;0;0;0;0;29817;798,35;0;0;;;;;;;;;
;;Viernes;6313;0:00:00;646,05;0,13266298;0;0;0;0;0;0;0;29171;646,05;0;0;;;;;;;;;
;;;6314;1:00:00;52;0,3085514;0;0;0;0;0;0;0;29119;52;0;0;;;;;;;;;
;;;6315;2:00:00;52;0,5727529;0;0;0;0;0;0;0;29067;52;0;0;;;;;;;;;
;;;6316;3:00:00;52;0,6614371;0;0;0;0;0;0;0;29015;52;0;0;;;;;;;;;
;;;6317;4:00:00;52;0,7143018;0;0;0;0;0;0;0;28963;52;0;0;;;;;;;;;
;;;6318;5:00:00;52;0,8685199;0;0;0;0;0;0;0;28911;52;0;0;;;;;;;;;
;;;6319;6:00:00;1040,73;1,0658683;0;0;0;0;0;0;0;27871;1040,73;0;0;;;;;;;;;
;;;6320;7:00:00;1733,35;1,364163;0;85,79;311,39;878,4896;514,74;514,74;0;26652;1218,61;0;0;;;;;;;;;
;;;6321;8:00:00;1603,35;1,5051556;0;289,32;658,82;2962,6368;1735,92;1735,92;132,57;26785;0;0;0;;;;;;;;;
;;;6322;9:00:00;108,43;1,3875223;0;533,3;681,11;5460,992;3199,8;3199,8;3091,37;29876;0;0;0;;;;;;;;;
;;;6323;10:00:00;52;1,1072286;0;746,71;561,6;7646,3104;4480,26;4480,26;4428,26;34304;0;0;0;;;;;;;;;
;;;6324;11:00:00;52;1,0430138;0;912,68;371,69;9345,8432;5476,08;5476,08;5424,08;39728;0;0;5152,42;;;;;;;;;
;;;6325;12:00:00;52;1,8873062;0;1035,32;257,32;10601,6768;6211,92;6211,92;6159,92;40000;0;0;6159,92;;;;;;;;;
;;;6326;13:00:00;2788;2,406219;0;1047,35;511,16;10724,864;6284,1;6284,1;3496,1;40000;0;0;3496,1;;;;;;;;;
;;;6327;14:00:00;362;2,7639425;0;996,1;729,67;10200,064;5976,6;5976,6;5614,6;40000;0;0;5614,6;;;;;;;;;
;;;6328;15:00:00;492;3,2020285;0;847,55;881,58;8678,912;5085,3;5085,3;4593,3;40000;0;0;4593,3;;;;;;;;;
;;;6329;16:00:00;52;2,908739;0;662,33;976,43;6782,2592;3973,98;3973,98;3921,98;40000;0;0;3921,98;;;;;;;;;
;;;6330;17:00:00;52;2,4195051;0;397,37;909,08;4069,0688;2384,22;2384,22;2332,22;40000;0;0;2332,22;;;;;;;;;
;;;6331;18:00:00;485,1;1,8406082;0;0;0;0;0;0;0;39515;485,1;0;0;;;;;;;;;
;;;6332;19:00:00;2198,35;1,6591192;0;0;0;0;0;0;0;37317;2198,35;0;0;;;;;;;;;
;;;6333;20:00:00;2562,35;1,4581485;0;0;0;0;0;0;0;34754;2562,35;0;0;;;;;;;;;
;;;6334;21:00:00;3530,05;1,4900981;0;0;0;0;0;0;0;31224;3530,05;0;0;;;;;;;;;
;;;6335;22:00:00;608,35;1,1369659;0;0;0;0;0;0;0;30616;608,35;0;0;;;;;;;;;
;;;6336;23:00:00;798,35;1,335022;0;0;0;0;0;0;0;29817;798,35;0;0;;;;;;;;;
;;Sábado;6337;0:00:00;740,1;1,0195596;0;0;0;0;0;0;0;29077;740,1;0;0;;;;;;;;;
;;;6338;1:00:00;362;0,8928483;0;0;0;0;0;0;0;28715;362;0;0;;;;;;;;;
;;;6339;2:00:00;52;0,62757045;0;0;0;0;0;0;0;28663;52;0;0;;;;;;;;;
;;;6340;3:00:00;52;0,8284222;0;0;0;0;0;0;0;28611;52;0;0;;;;;;;;;
;;;6341;4:00:00;52;0,733567;0;0;0;0;0;0;0;28559;52;0;0;;;;;;;;;
;;;6342;5:00:00;52;1,0944844;0;0;0;0;0;0;0;28507;52;0;0;;;;;;;;;
;;;6343;6:00:00;391,05;1,203731;0;0;0;0;0;0;0;28116;391,05;0;0;;;;;;;;;
;;;6344;7:00:00;1508,35;0,7455564;0;83,08;239,9;850,7392;498,48;498,48;0;27106;1009,87;0;0;;;;;;;;;
;;;6345;8:00:00;1303,35;0,44591534;0;205,58;324,2;2105,1392;1233,48;1233,48;0;27037;69,87;0;0;;;;;;;;;
;;;6346;9:00:00;1306,68;0,47054988;0;307,14;372,8;3145,1136;1842,84;1842,84;536,16;27573;0;0;0;;;;;;;;;
;;;6347;10:00:00;1676,25;0,3723455;0;323,9;355,21;3316,736;1943,4;1943,4;267,15;27840;0;0;0;;;;;;;;;
;;;6348;11:00:00;232;1,0230654;0;863,97;394,97;8847,0528;5183,82;5183,82;4951,82;32792;0;0;0;;;;;;;;;
;;;6349;12:00:00;52;1,6517996;0;1015,39;265,81;10397,5936;6092,34;6092,34;6040,34;38832;0;0;4872,37;;;;;;;;;
;;;6350;13:00:00;2755;1,870211;0;1024,84;514,13;10494,3616;6149,04;6149,04;3394,04;40000;0;0;3394,04;;;;;;;;;
;;;6351;14:00:00;2642;2,441803;0;958,41;718,47;9814,1184;5750,46;5750,46;3108,46;40000;0;0;3108,46;;;;;;;;;
;;;6352;15:00:00;492;2,8590262;0;825,13;864,23;8449,3312;4950,78;4950,78;4458,78;40000;0;0;4458,78;;;;;;;;;
;;;6353;16:00:00;52;2,5183704;0;613,99;906,17;6287,2576;3683,94;3683,94;3631,94;40000;0;0;3631,94;;;;;;;;;
;;;6354;17:00:00;52;2,1042562;0;386,68;885,65;3959,6032;2320,08;2320,08;2268,08;40000;0;0;2268,08;;;;;;;;;
;;;6355;18:00:00;615,1;1,9988823;0;0;0;0;0;0;0;39385;615,1;0;0;;;;;;;;;
;;;6356;19:00:00;639,1;1,3974609;0;0;0;0;0;0;0;38746;639,1;0;0;;;;;;;;;
;;;6357;20:00:00;2382,35;1,1472185;0;0;0;0;0;0;0;36363;2382,35;0;0;;;;;;;;;
;;;6358;21:00:00;4638,35;0,8905189;0;0;0;0;0;0;0;31725;4638,35;0;0;;;;;;;;;
;;;6359;22:00:00;608,35;1,0250642;0;0;0;0;0;0;0;31117;608,35;0;0;;;;;;;;;
;;;6360;23:00:00;798,35;0,17279659;0;0;0;0;0;0;0;30318;798,35;0;0;;;;;;;;;
;;Domingo;6361;0:00:00;740,1;0,36059386;0;0;0;0;0;0;0;29578;740,1;0;0;;;;;;;;;
;;;6362;1:00:00;362;1,1633704;0;0;0;0;0;0;0;29216;362;0;0;;;;;;;;;
;;;6363;2:00:00;52;1,5005891;0;0;0;0;0;0;0;29164;52;0;0;;;;;;;;;
;;;6364;3:00:00;52;1,5335394;0;0;0;0;0;0;0;29112;52;0;0;;;;;;;;;
;;;6365;4:00:00;52;1,0099313;0;0;0;0;0;0;0;29060;52;0;0;;;;;;;;;
;;;6366;5:00:00;52;0,6696971;0;0;0;0;0;0;0;29008;52;0;0;;;;;;;;;
;;;6367;6:00:00;391,05;0,81513214;0;0;0;0;0;0;0;28617;391,05;0;0;;;;;;;;;
;;;6368;7:00:00;1508,35;1,781921;0;57,67;78,73;590,5408;346,02;346,02;0;27455;1162,33;0;0;;;;;;;;;
;;;6369;8:00:00;1303,35;1,6754626;0;174,43;244,15;1786,1632;1046,58;1046,58;0;27198;256,77;0;0;;;;;;;;;
;;;6370;9:00:00;1306,68;1,4701601;0;332,55;409,18;3405,312;1995,3;1995,3;688,62;27887;0;0;0;;;;;;;;;
;;;6371;10:00:00;1676,25;0,32069415;0;377,07;397,79;3861,1968;2262,42;2262,42;586,17;28473;0;0;0;;;;;;;;;
;;;6372;11:00:00;232;0,8215014;0;570,91;445,48;5846,1184;3425,46;3425,46;3193,46;31666;0;0;0;;;;;;;;;
;;;6373;12:00:00;52;1,3953207;0;703,89;414,34;7207,8336;4223,34;4223,34;4171,34;35838;0;0;9,08;;;;;;;;;
;;;6374;13:00:00;2755;1,7240409;0;809,25;530,58;8286,72;4855,5;4855,5;2100,5;37938;0;0;38,74;;;;;;;;;
;;;6375;14:00:00;2642;1,8201251;0;359,11;382,19;3677,2864;2154,66;2154,66;0;37451;487,34;0;0;;;;;;;;;
;;;6376;15:00:00;492;1,4378526;0;213,92;245,14;2190,5408;1283,52;1283,52;791,52;38242;0;0;0;;;;;;;;;
;;;6377;16:00:00;52;1,8193463;0;300,85;407,94;3080,704;1805,1;1805,1;1753,1;39996;0;0;1748,62;;;;;;;;;
;;;6378;17:00:00;52;2,9373927;0;39,33;45,35;402,7392;235,98;235,98;183,98;40000;0;0;183,98;;;;;;;;;
;;;6379;18:00:00;615,1;2,9464512;0;0;0;0;0;0;0;39385;615,1;0;0;;;;;;;;;
;;;6380;19:00:00;639,1;2,378086;0;0;0;0;0;0;0;38746;639,1;0;0;;;;;;;;;
;;;6381;20:00:00;2382,35;1,9469069;0;0;0;0;0;0;0;36363;2382,35;0;0;;;;;;;;;
;;;6382;21:00:00;4638,35;1,5974295;0;0;0;0;0;0;0;31725;4638,35;0;0;;;;;;;;;
;;;6383;22:00:00;608,35;1,7013535;0;0;0;0;0;0;0;31117;608,35;0;0;;;;;;;;;
;;;6384;23:00:00;798,35;1,9829847;0;0;0;0;0;0;0;30318;798,35;0;0;;;;;;;;;
;39;Lunes;6385;0:00:00;646,05;2,005327;0;0;0;0;0;0;0;29672;646,05;0;0;;;;;;;;;
;;;6386;1:00:00;52;2,020622;0;0;0;0;0;0;0;29620;52;0;0;;;;;;;;;
;;;6387;2:00:00;52;2,2570255;0;0;0;0;0;0;0;29568;52;0;0;;;;;;;;;
;;;6388;3:00:00;52;2,428243;0;0;0;0;0;0;0;29516;52;0;0;;;;;;;;;
;;;6389;4:00:00;52;2,4378245;0;0;0;0;0;0;0;29464;52;0;0;;;;;;;;;
;;;6390;5:00:00;52;2,5460725;0;0;0;0;0;0;0;29412;52;0;0;;;;;;;;;
;;;6391;6:00:00;1040,73;2,6425316;0;0;0;0;0;0;0;28372;1040,73;0;0;;;;;;;;;
;;;6392;7:00:00;1733,35;2,4627407;0;55,55;72,25;568,832;333,3;333,3;0;26972;1400,05;0;0;;;;;;;;;
;;;6393;8:00:00;1603,35;1,7821405;0;163,28;220,31;1671,9872;979,68;979,68;0;26348;623,67;0;0;;;;;;;;;
;;;6394;9:00:00;108,43;2,3034592;0;324,21;397,52;3319,9104;1945,26;1945,26;1836,83;28185;0;0;0;;;;;;;;;
;;;6395;10:00:00;52;2,4038718;0;217,73;249,33;2229,5552;1306,38;1306,38;1254,38;29439;0;0;0;;;;;;;;;
;;;6396;11:00:00;52;1,9458157;0;791,98;404,65;8109,8752;4751,88;4751,88;4699,88;34139;0;0;0;;;;;;;;;
;;;6397;12:00:00;52;1,8682923;0;932,99;302,25;9553,8176;5597,94;5597,94;5545,94;39685;0;0;5230,87;;;;;;;;;
;;;6398;13:00:00;2788;2,3782184;0;958,21;511,06;9812,0704;5749,26;5749,26;2961,26;40000;0;0;2961,26;;;;;;;;;
;;;6399;14:00:00;362;3,3146455;0;907,83;695,03;9296,1792;5446,98;5446,98;5084,98;40000;0;0;5084,98;;;;;;;;;
;;;6400;15:00:00;492;3,6719217;0;621,25;679,58;6361,6;3727,5;3727,5;3235,5;40000;0;0;3235,5;;;;;;;;;
;;;6401;16:00:00;52;3,6590858;0;414,52;593,83;4244,6848;2487,12;2487,12;2435,12;40000;0;0;2435,12;;;;;;;;;
;;;6402;17:00:00;52;3,0983405;0;175,19;342,78;1793,9456;1051,14;1051,14;999,14;40000;0;0;999,14;;;;;;;;;
;;;6403;18:00:00;485,1;1,8718997;0;0;0;0;0;0;0;39515;485,1;0;0;;;;;;;;;
;;;6404;19:00:00;2198,35;1,587578;0;0;0;0;0;0;0;37317;2198,35;0;0;;;;;;;;;
;;;6405;20:00:00;2562,35;1,0938163;0;0;0;0;0;0;0;34754;2562,35;0;0;;;;;;;;;
;;;6406;21:00:00;3530,05;0,7025457;0;0;0;0;0;0;0;31224;3530,05;0;0;;;;;;;;;
;;;6407;22:00:00;608,35;0,8749034;0;0;0;0;0;0;0;30616;608,35;0;0;;;;;;;;;
;;;6408;23:00:00;798,35;0,94221824;0;0;0;0;0;0;0;29817;798,35;0;0;;;;;;;;;
;;Martes;6409;0:00:00;646,05;1,107879;0;0;0;0;0;0;0;29171;646,05;0;0;;;;;;;;;
;;;6410;1:00:00;52;1,3323969;0;0;0;0;0;0;0;29119;52;0;0;;;;;;;;;
;;;6411;2:00:00;52;1,5234807;0;0;0;0;0;0;0;29067;52;0;0;;;;;;;;;
;;;6412;3:00:00;52;1,639688;0;0;0;0;0;0;0;29015;52;0;0;;;;;;;;;
;;;6413;4:00:00;52;1,6121683;0;0;0;0;0;0;0;28963;52;0;0;;;;;;;;;
;;;6414;5:00:00;52;1,8016205;0;0;0;0;0;0;0;28911;52;0;0;;;;;;;;;
;;;6415;6:00:00;1040,73;2,343872;0;0;0;0;0;0;0;27871;1040,73;0;0;;;;;;;;;
;;;6416;7:00:00;1733,35;2,81653;0;80,11;380,74;820,3264;480,66;480,66;0;26618;1252,69;0;0;;;;;;;;;
;;;6417;8:00:00;1603,35;2,8843398;0;246,51;482,37;2524,2624;1479,06;1479,06;0;26494;124,29;0;0;;;;;;;;;
;;;6418;9:00:00;108,43;3,0229099;0;491,37;623,84;5031,6288;2948,22;2948,22;2839,79;29333;0;0;0;;;;;;;;;
;;;6419;10:00:00;52;3,5967498;0;642,51;534,09;6579,3024;3855,06;3855,06;3803,06;33137;0;0;0;;;;;;;;;
;;;6420;11:00:00;52;4,031343;0;689,96;435,82;7065,1904;4139,76;4139,76;4087,76;37224;0;0;1312,06;;;;;;;;;
;;;6421;12:00:00;52;4,1823816;0;845,69;358,88;8659,8656;5074,14;5074,14;5022,14;40000;0;0;5022,14;;;;;;;;;
;;;6422;13:00:00;2788;4,093848;0;793,61;525,93;8126,5664;4761,66;4761,66;1973,66;40000;0;0;1973,66;;;;;;;;;
;;;6423;14:00:00;362;3,838555;0;791,16;655,7;8101,4784;4746,96;4746,96;4384,96;40000;0;0;4384,96;;;;;;;;;
;;;6424;15:00:00;492;3,7354627;0;724,19;777,67;7415,7056;4345,14;4345,14;3853,14;40000;0;0;3853,14;;;;;;;;;
;;;6425;16:00:00;52;3,3474;0;104,73;121,66;1072,4352;628,38;628,38;576,38;40000;0;0;576,38;;;;;;;;;
;;;6426;17:00:00;52;2,965975;0;347,25;797,5;3555,84;2083,5;2083,5;2031,5;40000;0;0;2031,5;;;;;;;;;
;;;6427;18:00:00;485,1;3,0636337;0;0;0;0;0;0;0;39515;485,1;0;0;;;;;;;;;
;;;6428;19:00:00;2198,35;3,2872329;0;0;0;0;0;0;0;37317;2198,35;0;0;;;;;;;;;
;;;6429;20:00:00;2562,35;3,6374044;0;0;0;0;0;0;0;34754;2562,35;0;0;;;;;;;;;
;;;6430;21:00:00;3530,05;4,0335264;0;0;0;0;0;0;0;31224;3530,05;0;0;;;;;;;;;
;;;6431;22:00:00;608,35;4,907201;0;0;0;0;0;0;0;30616;608,35;0;0;;;;;;;;;
;;;6432;23:00:00;798,35;5,5372286;0;0;0;0;0;0;0;29817;798,35;0;0;;;;;;;;;
;;Miércoles;6433;0:00:00;646,05;5,8268504;0;0;0;0;0;0;0;29171;646,05;0;0;;;;;;;;;
;;;6434;1:00:00;52;5,7939677;0;0;0;0;0;0;0;29119;52;0;0;;;;;;;;;
;;;6435;2:00:00;52;5,348717;0;0;0;0;0;0;0;29067;52;0;0;;;;;;;;;
;;;6436;3:00:00;52;4,7709174;0;0;0;0;0;0;0;29015;52;0;0;;;;;;;;;
;;;6437;4:00:00;52;4,559013;0;0;0;0;0;0;0;28963;52;0;0;;;;;;;;;
;;;6438;5:00:00;52;4,5989;0;0;0;0;0;0;0;28911;52;0;0;;;;;;;;;
;;;6439;6:00:00;1040,73;4,417733;0;0;0;0;0;0;0;27871;1040,73;0;0;;;;;;;;;
;;;6440;7:00:00;1733,35;4,6994023;0;78,94;369,53;808,3456;473,64;473,64;0;26611;1259,71;0;0;;;;;;;;;
;;;6441;8:00:00;1603,35;4,5697603;0;239,63;455,87;2453,8112;1437,78;1437,78;0;26445;165,57;0;0;;;;;;;;;
;;;6442;9:00:00;108,43;4,607892;0;502,49;633,99;5145,4976;3014,94;3014,94;2906,51;29352;0;0;0;;;;;;;;;
;;;6443;10:00:00;52;3,8441355;0;711,66;537,43;7287,3984;4269,96;4269,96;4217,96;33570;0;0;0;;;;;;;;;
;;;6444;11:00:00;52;4,1694865;0;801,25;398,49;8204,8;4807,5;4807,5;4755,5;38325;0;0;3080,86;;;;;;;;;
;;;6445;12:00:00;52;4,693719;0;474,77;410,53;4861,6448;2848,62;2848,62;2796,62;40000;0;0;2796,62;;;;;;;;;
;;;6446;13:00:00;2788;4,889578;0;940,22;518,67;9627,8528;5641,32;5641,32;2853,32;40000;0;0;2853,32;;;;;;;;;
;;;6447;14:00:00;362;4,9297953;0;786,81;652,66;8056,9344;4720,86;4720,86;4358,86;40000;0;0;4358,86;;;;;;;;;
;;;6448;15:00:00;492;4,978348;0;748,23;799,42;7661,8752;4489,38;4489,38;3997,38;40000;0;0;3997,38;;;;;;;;;
;;;6449;16:00:00;52;4,4896355;0;370,29;525,08;3791,7696;2221,74;2221,74;2169,74;40000;0;0;2169,74;;;;;;;;;
;;;6450;17:00:00;52;3,413944;0;310,58;704,92;3180,3392;1863,48;1863,48;1811,48;40000;0;0;1811,48;;;;;;;;;
;;;6451;18:00:00;485,1;3,0618134;0;0;0;0;0;0;0;39515;485,1;0;0;;;;;;;;;
;;;6452;19:00:00;2198,35;3,3815877;0;0;0;0;0;0;0;37317;2198,35;0;0;;;;;;;;;
;;;6453;20:00:00;2562,35;3,6940517;0;0;0;0;0;0;0;34754;2562,35;0;0;;;;;;;;;
;;;6454;21:00:00;3530,05;3,9481492;0;0;0;0;0;0;0;31224;3530,05;0;0;;;;;;;;;
;;;6455;22:00:00;608,35;3,4141383;0;0;0;0;0;0;0;30616;608,35;0;0;;;;;;;;;
;;;6456;23:00:00;798,35;3,4040012;0;0;0;0;0;0;0;29817;798,35;0;0;;;;;;;;;
;;Jueves;6457;0:00:00;646,05;3,3938742;0;0;0;0;0;0;0;29171;646,05;0;0;;;;;;;;;
;;;6458;1:00:00;52;3,83117;0;0;0;0;0;0;0;29119;52;0;0;;;;;;;;;
;;;6459;2:00:00;52;4,2263675;0;0;0;0;0;0;0;29067;52;0;0;;;;;;;;;
;;;6460;3:00:00;52;4,7006965;0;0;0;0;0;0;0;29015;52;0;0;;;;;;;;;
;;;6461;4:00:00;52;5,022611;0;0;0;0;0;0;0;28963;52;0;0;;;;;;;;;
;;;6462;5:00:00;52;5,320885;0;0;0;0;0;0;0;28911;52;0;0;;;;;;;;;
;;;6463;6:00:00;1040,73;5,618007;0;0;0;0;0;0;0;27871;1040,73;0;0;;;;;;;;;
;;;6464;7:00:00;1733,35;5,966756;0;77,29;264,15;791,4496;463,74;463,74;0;26601;1269,61;0;0;;;;;;;;;
;;;6465;8:00:00;1603,35;6,4228573;0;131,47;161,94;1346,2528;788,82;788,82;0;25787;814,53;0;0;;;;;;;;;
;;;6466;9:00:00;108,43;6,9278417;0;481,96;609,39;4935,2704;2891,76;2891,76;2783,33;28570;0;0;0;;;;;;;;;
;;;6467;10:00:00;52;6,951168;0;407,35;415,81;4171,264;2444,1;2444,1;2392,1;30962;0;0;0;;;;;;;;;
;;;6468;11:00:00;52;7,0973325;0;485,61;420,55;4972,6464;2913,66;2913,66;2861,66;33824;0;0;0;;;;;;;;;
;;;6469;12:00:00;52;7,101974;0;959,24;288,78;9822,6176;5755,44;5755,44;5703,44;39527;0;0;5230,5;;;;;;;;;
;;;6470;13:00:00;2788;6,765679;0;962,82;515,41;9859,2768;5776,92;5776,92;2988,92;40000;0;0;2988,92;;;;;;;;;
;;;6471;14:00:00;362;6,0810323;0;902,07;696,72;9237,1968;5412,42;5412,42;5050,42;40000;0;0;5050,42;;;;;;;;;
;;;6472;15:00:00;492;5,2325444;0;683,64;741,97;7000,4736;4101,84;4101,84;3609,84;40000;0;0;3609,84;;;;;;;;;
;;;6473;16:00:00;52;4,7709403;0;432,24;627,71;4426,1376;2593,44;2593,44;2541,44;40000;0;0;2541,44;;;;;;;;;
;;;6474;17:00:00;52;4,2154098;0;248,07;543,72;2540,2368;1488,42;1488,42;1436,42;40000;0;0;1436,42;;;;;;;;;
;;;6475;18:00:00;485,1;3,4793577;0;0;0;0;0;0;0;39515;485,1;0;0;;;;;;;;;
;;;6476;19:00:00;2198,35;3,6029565;0;0;0;0;0;0;0;37317;2198,35;0;0;;;;;;;;;
;;;6477;20:00:00;2562,35;3,3158803;0;0;0;0;0;0;0;34754;2562,35;0;0;;;;;;;;;
;;;6478;21:00:00;3530,05;3,1010497;0;0;0;0;0;0;0;31224;3530,05;0;0;;;;;;;;;
;;;6479;22:00:00;608,35;3,5397096;0;0;0;0;0;0;0;30616;608,35;0;0;;;;;;;;;
;;;6480;23:00:00;798,35;4,568342;0;0;0;0;0;0;0;29817;798,35;0;0;;;;;;;;;
;;Viernes;6481;0:00:00;646,05;4,4721537;0;0;0;0;0;0;0;29171;646,05;0;0;;;;;;;;;
;;;6482;1:00:00;52;4,348314;0;0;0;0;0;0;0;29119;52;0;0;;;;;;;;;
;;;6483;2:00:00;52;4,4326496;0;0;0;0;0;0;0;29067;52;0;0;;;;;;;;;
;;;6484;3:00:00;52;4,714768;0;0;0;0;0;0;0;29015;52;0;0;;;;;;;;;
;;;6485;4:00:00;52;5,0110307;0;0;0;0;0;0;0;28963;52;0;0;;;;;;;;;
;;;6486;5:00:00;52;5,1724358;0;0;0;0;0;0;0;28911;52;0;0;;;;;;;;;
;;;6487;6:00:00;1040,73;5,296165;0;0;0;0;0;0;0;27871;1040,73;0;0;;;;;;;;;
;;;6488;7:00:00;1733,35;5,164031;0;70,23;156,6;719,1552;421,38;421,38;0;26559;1311,97;0;0;;;;;;;;;
;;;6489;8:00:00;1603,35;4,83628;0;176,8;256,87;1810,432;1060,8;1060,8;0;26016;542,55;0;0;;;;;;;;;
;;;6490;9:00:00;108,43;5,0596175;0;407,75;512,19;4175,36;2446,5;2446,5;2338,07;28354;0;0;0;;;;;;;;;
;;;6491;10:00:00;52;4,50233;0;629,61;526,33;6447,2064;3777,66;3777,66;3725,66;32080;0;0;0;;;;;;;;;
;;;6492;11:00:00;52;4,8819027;0;837,88;380,91;8579,8912;5027,28;5027,28;4975,28;37055;0;0;2030,44;;;;;;;;;
;;;6493;12:00:00;52;5,000125;0;652,93;415,24;6686,0032;3917,58;3917,58;3865,58;40000;0;0;3865,58;;;;;;;;;
;;;6494;13:00:00;2788;4,9494405;0;809,11;526,61;8285,2864;4854,66;4854,66;2066,66;40000;0;0;2066,66;;;;;;;;;
;;;6495;14:00:00;362;5,0365124;0;742,43;633,14;7602,4832;4454,58;4454,58;4092,58;40000;0;0;4092,58;;;;;;;;;
;;;6496;15:00:00;492;5,005108;0;714,91;771,9;7320,6784;4289,46;4289,46;3797,46;40000;0;0;3797,46;;;;;;;;;
;;;6497;16:00:00;52;4,7736883;0;551,74;822,18;5649,8176;3310,44;3310,44;3258,44;40000;0;0;3258,44;;;;;;;;;
;;;6498;17:00:00;52;4,3301544;0;147,13;285,8;1506,6112;882,78;882,78;830,78;40000;0;0;830,78;;;;;;;;;
;;;6499;18:00:00;485,1;4,387686;0;0;0;0;0;0;0;39515;485,1;0;0;;;;;;;;;
;;;6500;19:00:00;2198,35;3,9204452;0;0;0;0;0;0;0;37317;2198,35;0;0;;;;;;;;;
;;;6501;20:00:00;2562,35;2,2991295;0;0;0;0;0;0;0;34754;2562,35;0;0;;;;;;;;;
;;;6502;21:00:00;3530,05;3,5601475;0;0;0;0;0;0;0;31224;3530,05;0;0;;;;;;;;;
;;;6503;22:00:00;608,35;3,0286283;0;0;0;0;0;0;0;30616;608,35;0;0;;;;;;;;;
;;;6504;23:00:00;798,35;2,6365464;0;0;0;0;0;0;0;29817;798,35;0;0;;;;;;;;;
;;Sábado;6505;0:00:00;740,1;1,895868;0;0;0;0;0;0;0;29077;740,1;0;0;;;;;;;;;
;;;6506;1:00:00;362;1,6398258;0;0;0;0;0;0;0;28715;362;0;0;;;;;;;;;
;;;6507;2:00:00;52;2,0186818;0;0;0;0;0;0;0;28663;52;0;0;;;;;;;;;
;;;6508;3:00:00;52;2,3117836;0;0;0;0;0;0;0;28611;52;0;0;;;;;;;;;
;;;6509;4:00:00;52;2,771499;0;0;0;0;0;0;0;28559;52;0;0;;;;;;;;;
;;;6510;5:00:00;52;2,9471254;0;0;0;0;0;0;0;28507;52;0;0;;;;;;;;;
;;;6511;6:00:00;391,05;2,8567762;0;0;0;0;0;0;0;28116;391,05;0;0;;;;;;;;;
;;;6512;7:00:00;1508,35;2,710752;0;78,34;357,29;802,2016;470,04;470,04;0;27078;1038,31;0;0;;;;;;;;;
;;;6513;8:00:00;1303,35;2,306659;0;268,82;569,85;2752,7168;1612,92;1612,92;309,57;27388;0;0;0;;;;;;;;;
;;;6514;9:00:00;1306,68;1,3484222;0;502,35;629,43;5144,064;3014,1;3014,1;1707,42;29095;0;0;0;;;;;;;;;
;;;6515;10:00:00;1676,25;0,6531852;0;692,46;536,78;7090,7904;4154,76;4154,76;2478,51;31573;0;0;0;;;;;;;;;
;;;6516;11:00:00;232;0,41260484;0;897,37;348,52;9189,0688;5384,22;5384,22;5152,22;36726;0;0;1877,93;;;;;;;;;
;;;6517;12:00:00;52;1,00285;0;975,63;284,77;9990,4512;5853,78;5853,78;5801,78;40000;0;0;5801,78;;;;;;;;;
;;;6518;13:00:00;2755;1,4798994;0;772,04;525,09;7905,6896;4632,24;4632,24;1877,24;40000;0;0;1877,24;;;;;;;;;
;;;6519;14:00:00;2642;2,1114123;0;547,87;518,88;5610,1888;3287,22;3287,22;645,22;40000;0;0;645,22;;;;;;;;;
;;;6520;15:00:00;492;2,6095867;0;574,2;635,58;5879,808;3445,2;3445,2;2953,2;40000;0;0;2953,2;;;;;;;;;
;;;6521;16:00:00;52;3,183051;0;446,32;653,89;4570,3168;2677,92;2677,92;2625,92;40000;0;0;2625,92;;;;;;;;;
;;;6522;17:00:00;52;3,390306;0;240,08;529,66;2458,4192;1440,48;1440,48;1388,48;40000;0;0;1388,48;;;;;;;;;
;;;6523;18:00:00;615,1;2,8024325;0;0;0;0;0;0;0;39385;615,1;0;0;;;;;;;;;
;;;6524;19:00:00;639,1;2,1941626;0;0;0;0;0;0;0;38746;639,1;0;0;;;;;;;;;
;;;6525;20:00:00;2382,35;1,6811402;0;0;0;0;0;0;0;36363;2382,35;0;0;;;;;;;;;
;;;6526;21:00:00;4638,35;1,455875;0;0;0;0;0;0;0;31725;4638,35;0;0;;;;;;;;;
;;;6527;22:00:00;608,35;0,6413918;0;0;0;0;0;0;0;31117;608,35;0;0;;;;;;;;;
;;;6528;23:00:00;798,35;1,3189595;0;0;0;0;0;0;0;30318;798,35;0;0;;;;;;;;;
;;Domingo;6529;0:00:00;740,1;1,8393189;0;0;0;0;0;0;0;29578;740,1;0;0;;;;;;;;;
;;;6530;1:00:00;362;2,1787179;0;0;0;0;0;0;0;29216;362;0;0;;;;;;;;;
;;;6531;2:00:00;52;2,3762279;0;0;0;0;0;0;0;29164;52;0;0;;;;;;;;;
;;;6532;3:00:00;52;2,3086534;0;0;0;0;0;0;0;29112;52;0;0;;;;;;;;;
;;;6533;4:00:00;52;2,326286;0;0;0;0;0;0;0;29060;52;0;0;;;;;;;;;
;;;6534;5:00:00;52;2,3414109;0;0;0;0;0;0;0;29008;52;0;0;;;;;;;;;
;;;6535;6:00:00;391,05;2,3135533;0;0;0;0;0;0;0;28617;391,05;0;0;;;;;;;;;
;;;6536;7:00:00;1508,35;2,3895884;0;74,07;243,58;758,4768;444,42;444,42;0;27553;1063,93;0;0;;;;;;;;;
;;;6537;8:00:00;1303,35;1,8362834;0;213,38;366,39;2185,0112;1280,28;1280,28;0;27530;23,07;0;0;;;;;;;;;
;;;6538;9:00:00;1306,68;1,112374;0;457,68;575,3;4686,6432;2746,08;2746,08;1439,4;28970;0;0;0;;;;;;;;;
;;;6539;10:00:00;1676,25;1,0163034;0;558;498,44;5713,92;3348;3348;1671,75;30641;0;0;0;;;;;;;;;
;;;6540;11:00:00;232;1,0282359;0;674,11;426,11;6902,8864;4044,66;4044,66;3812,66;34454;0;0;0;;;;;;;;;
;;;6541;12:00:00;52;1,3309146;0;731,26;397,63;7488,1024;4387,56;4387,56;4335,56;38790;0;0;3125,18;;;;;;;;;
;;;6542;13:00:00;2755;1,8443528;0;757,79;519,92;7759,7696;4546,74;4546,74;1791,74;40000;0;0;1791,74;;;;;;;;;
;;;6543;14:00:00;2642;2,456928;0;762,92;642,82;7812,3008;4577,52;4577,52;1935,52;40000;0;0;1935,52;;;;;;;;;
;;;6544;15:00:00;492;3,376702;0;703,37;762,75;7202,5088;4220,22;4220,22;3728,22;40000;0;0;3728,22;;;;;;;;;
;;;6545;16:00:00;52;4,1211853;0;417,41;608,74;4274,2784;2504,46;2504,46;2452,46;40000;0;0;2452,46;;;;;;;;;
;;;6546;17:00:00;52;4,107257;0;225,29;496,1;2306,9696;1351,74;1351,74;1299,74;40000;0;0;1299,74;;;;;;;;;
;;;6547;18:00:00;615,1;3,1796525;0;0;0;0;0;0;0;39385;615,1;0;0;;;;;;;;;
;;;6548;19:00:00;639,1;2,277295;0;0;0;0;0;0;0;38746;639,1;0;0;;;;;;;;;
;;;6549;20:00:00;2382,35;1,6749053;0;0;0;0;0;0;0;36363;2382,35;0;0;;;;;;;;;
;;;6550;21:00:00;4638,35;1,107249;0;0;0;0;0;0;0;31725;4638,35;0;0;;;;;;;;;
;;;6551;22:00:00;608,35;0,5345235;0;0;0;0;0;0;0;31117;608,35;0;0;;;;;;;;;
;;;6552;23:00:00;798,35;0,9033408;0;0;0;0;0;0;0;30318;798,35;0;0;;;;;;;;;
Octubre;40;Lunes;6553;0:00:00;646,05;1,027506;0;0;0;0;0;0;0;29672;646,05;0;0;;;;;;;;;
;;;6554;1:00:00;52;1,1010848;0;0;0;0;0;0;0;29620;52;0;0;;;;;;;;;
;;;6555;2:00:00;52;1,1372492;0;0;0;0;0;0;0;29568;52;0;0;;;;;;;;;
;;;6556;3:00:00;52;1,2548779;0;0;0;0;0;0;0;29516;52;0;0;;;;;;;;;
;;;6557;4:00:00;52;1,4527433;0;0;0;0;0;0;0;29464;52;0;0;;;;;;;;;
;;;6558;5:00:00;52;1,726404;0;0;0;0;0;0;0;29412;52;0;0;;;;;;;;;
;;;6559;6:00:00;1040,73;1,8406577;0;0;0;0;0;0;0;28372;1040,73;0;0;;;;;;;;;
;;;6560;7:00:00;1733,35;2,0153968;0;75,42;365,26;772,3008;452,52;452,52;0;27091;1280,83;0;0;;;;;;;;;
;;;6561;8:00:00;1603,35;1,5251894;0;280,56;620,71;2872,9344;1683,36;1683,36;80,01;27171;0;0;0;;;;;;;;;
;;;6562;9:00:00;108,43;0,8530069;0;506,49;628,74;5186,4576;3038,94;3038,94;2930,51;30101;0;0;0;;;;;;;;;
;;;6563;10:00:00;52;1,0069251;0;748,37;528,91;7663,3088;4490,22;4490,22;4438,22;34540;0;0;0;;;;;;;;;
;;;6564;11:00:00;52;1,2352333;0;925,79;325,35;9480,0896;5554,74;5554,74;5502,74;40000;0;0;5502,74;;;;;;;;;
;;;6565;12:00:00;52;1,9368781;0;1015,63;251,82;10400,0512;6093,78;6093,78;6041,78;40000;0;0;6041,78;;;;;;;;;
;;;6566;13:00:00;2788;2,7753015;0;1038,02;501,86;10629,3248;6228,12;6228,12;3440,12;40000;0;0;3440,12;;;;;;;;;
;;;6567;14:00:00;362;3,4303834;0;989,42;724,16;10131,6608;5936,52;5936,52;5574,52;40000;0;0;5574,52;;;;;;;;;
;;;6568;15:00:00;492;3,82088;0;830,6;873,66;8505,344;4983,6;4983,6;4491,6;40000;0;0;4491,6;;;;;;;;;
;;;6569;16:00:00;52;3,795909;0;621,2;936,91;6361,088;3727,2;3727,2;3675,2;40000;0;0;3675,2;;;;;;;;;
;;;6570;17:00:00;52;3,2207541;0;429,78;1042,72;4400,9472;2578,68;2578,68;2526,68;40000;0;0;2526,68;;;;;;;;;
;;;6571;18:00:00;485,1;1,8954781;0;0;0;0;0;0;0;39515;485,1;0;0;;;;;;;;;
;;;6572;19:00:00;2198,35;1,7545075;0;0;0;0;0;0;0;37317;2198,35;0;0;;;;;;;;;
;;;6573;20:00:00;2562,35;0,98832655;0;0;0;0;0;0;0;34754;2562,35;0;0;;;;;;;;;
;;;6574;21:00:00;3530,05;0,5575046;0;0;0;0;0;0;0;31224;3530,05;0;0;;;;;;;;;
;;;6575;22:00:00;608,35;0,8516121;0;0;0;0;0;0;0;30616;608,35;0;0;;;;;;;;;
;;;6576;23:00:00;798,35;0,5808493;0;0;0;0;0;0;0;29817;798,35;0;0;;;;;;;;;
;;Martes;6577;0:00:00;646,05;1,1119311;0;0;0;0;0;0;0;29171;646,05;0;0;;;;;;;;;
;;;6578;1:00:00;52;1,659039;0;0;0;0;0;0;0;29119;52;0;0;;;;;;;;;
;;;6579;2:00:00;52;1,8934891;0;0;0;0;0;0;0;29067;52;0;0;;;;;;;;;
;;;6580;3:00:00;52;1,8959564;0;0;0;0;0;0;0;29015;52;0;0;;;;;;;;;
;;;6581;4:00:00;52;1,9057233;0;0;0;0;0;0;0;28963;52;0;0;;;;;;;;;
;;;6582;5:00:00;52;2,0316923;0;0;0;0;0;0;0;28911;52;0;0;;;;;;;;;
;;;6583;6:00:00;1040,73;1,9203558;0;0;0;0;0;0;0;27871;1040,73;0;0;;;;;;;;;
;;;6584;7:00:00;1733,35;1,8310281;0;74,48;350,3;762,6752;446,88;446,88;0;26584;1286,47;0;0;;;;;;;;;
;;;6585;8:00:00;1603,35;1,2757877;0;279,36;615,41;2860,6464;1676,16;1676,16;72,81;26657;0;0;0;;;;;;;;;
;;;6586;9:00:00;108,43;1,0649353;0;170,19;196,94;1742,7456;1021,14;1021,14;912,71;27570;0;0;0;;;;;;;;;
;;;6587;10:00:00;52;1,8353876;0;271,72;302,02;2782,4128;1630,32;1630,32;1578,32;29148;0;0;0;;;;;;;;;
;;;6588;11:00:00;52;2,1138892;0;372,78;370,12;3817,2672;2236,68;2236,68;2184,68;31333;0;0;0;;;;;;;;;
;;;6589;12:00:00;52;2,1395795;0;487,11;404,15;4988,0064;2922,66;2922,66;2870,66;34203;0;0;0;;;;;;;;;
;;;6590;13:00:00;2788;2,2946017;0;484,85;438,49;4964,864;2909,1;2909,1;121,1;34324;0;0;0;;;;;;;;;
;;;6591;14:00:00;362;2,6970315;0;234,21;264,5;2398,3104;1405,26;1405,26;1043,26;35368;0;0;0;;;;;;;;;
;;;6592;15:00:00;492;2,9940314;0;825,7;869,95;8455,168;4954,2;4954,2;4462,2;39830;0;0;4292,14;;;;;;;;;
;;;6593;16:00:00;52;3,3137124;0;632,89;957,05;6480,7936;3797,34;3797,34;3745,34;40000;0;0;3745,34;;;;;;;;;
;;;6594;17:00:00;52;2,8433156;0;322,15;806,23;3298,816;1932,9;1932,9;1880,9;40000;0;0;1880,9;;;;;;;;;
;;;6595;18:00:00;485,1;2,2050438;0;0;0;0;0;0;0;39515;485,1;0;0;;;;;;;;;
;;;6596;19:00:00;2198,35;1,6792207;0;0;0;0;0;0;0;37317;2198,35;0;0;;;;;;;;;
;;;6597;20:00:00;2562,35;1,7632794;0;0;0;0;0;0;0;34754;2562,35;0;0;;;;;;;;;
;;;6598;21:00:00;3530,05;1,378126;0;0;0;0;0;0;0;31224;3530,05;0;0;;;;;;;;;
;;;6599;22:00:00;608,35;1,3907241;0;0;0;0;0;0;0;30616;608,35;0;0;;;;;;;;;
;;;6600;23:00:00;798,35;1,630884;0;0;0;0;0;0;0;29817;798,35;0;0;;;;;;;;;
;;Miércoles;6601;0:00:00;646,05;2,025755;0;0;0;0;0;0;0;29171;646,05;0;0;;;;;;;;;
;;;6602;1:00:00;52;2,6093006;0;0;0;0;0;0;0;29119;52;0;0;;;;;;;;;
;;;6603;2:00:00;52;2,9704995;0;0;0;0;0;0;0;29067;52;0;0;;;;;;;;;
;;;6604;3:00:00;52;3,2182136;0;0;0;0;0;0;0;29015;52;0;0;;;;;;;;;
;;;6605;4:00:00;52;3,323939;0;0;0;0;0;0;0;28963;52;0;0;;;;;;;;;
;;;6606;5:00:00;52;3,4038162;0;0;0;0;0;0;0;28911;52;0;0;;;;;;;;;
;;;6607;6:00:00;1040,73;3,726649;0;0;0;0;0;0;0;27871;1040,73;0;0;;;;;;;;;
;;;6608;7:00:00;1733,35;4,029414;0;76,71;441,78;785,5104;460,26;460,26;0;26598;1273,09;0;0;;;;;;;;;
;;;6609;8:00:00;1603,35;3,9336953;0;297,66;670,7;3048,0384;1785,96;1785,96;182,61;26780;0;0;0;;;;;;;;;
;;;6610;9:00:00;108,43;4,109876;0;555,26;676,09;5685,8624;3331,56;3331,56;3223,13;30003;0;0;0;;;;;;;;;
;;;6611;10:00:00;52;3,6480405;0;785,77;537,84;8046,2848;4714,62;4714,62;4662,62;34666;0;0;0;;;;;;;;;
;;;6612;11:00:00;52;3,8379047;0;925,39;332,66;9475,9936;5552,34;5552,34;5500,34;40000;0;0;5500,34;;;;;;;;;
;;;6613;12:00:00;52;4,148819;0;1027,54;260,92;10522,0096;6165,24;6165,24;6113,24;40000;0;0;6113,24;;;;;;;;;
;;;6614;13:00:00;2788;4,191161;0;1048,3;511,53;10734,592;6289,8;6289,8;3501,8;40000;0;0;3501,8;;;;;;;;;
;;;6615;14:00:00;362;4,3793435;0;979,76;728,87;10032,7424;5878,56;5878,56;5516,56;40000;0;0;5516,56;;;;;;;;;
;;;6616;15:00:00;492;3,2294161;0;833,22;881,63;8532,1728;4999,32;4999,32;4507,32;40000;0;0;4507,32;;;;;;;;;
;;;6617;16:00:00;52;2,3562224;0;636,29;964,86;6515,6096;3817,74;3817,74;3765,74;40000;0;0;3765,74;;;;;;;;;
;;;6618;17:00:00;52;1,6048925;0;425,82;1092,09;4360,3968;2554,92;2554,92;2502,92;40000;0;0;2502,92;;;;;;;;;
;;;6619;18:00:00;485,1;2,353696;0;0;0;0;0;0;0;39515;485,1;0;0;;;;;;;;;
;;;6620;19:00:00;2198,35;3,0203342;0;0;0;0;0;0;0;37317;2198,35;0;0;;;;;;;;;
;;;6621;20:00:00;2562,35;3,060865;0;0;0;0;0;0;0;34754;2562,35;0;0;;;;;;;;;
;;;6622;21:00:00;3530,05;3,8683212;0;0;0;0;0;0;0;31224;3530,05;0;0;;;;;;;;;
;;;6623;22:00:00;608,35;6,1760783;0;0;0;0;0;0;0;30616;608,35;0;0;;;;;;;;;
;;;6624;23:00:00;798,35;6,9820557;0;0;0;0;0;0;0;29817;798,35;0;0;;;;;;;;;
;;Jueves;6625;0:00:00;646,05;7,1624565;0;0;0;0;0;0;0;29171;646,05;0;0;;;;;;;;;
;;;6626;1:00:00;52;6,7371683;0;0;0;0;0;0;0;29119;52;0;0;;;;;;;;;
;;;6627;2:00:00;52;6,0122294;0;0;0;0;0;0;0;29067;52;0;0;;;;;;;;;
;;;6628;3:00:00;52;5,204643;0;0;0;0;0;0;0;29015;52;0;0;;;;;;;;;
;;;6629;4:00:00;52;4,734194;0;0;0;0;0;0;0;28963;52;0;0;;;;;;;;;
;;;6630;5:00:00;52;4,933473;0;0;0;0;0;0;0;28911;52;0;0;;;;;;;;;
;;;6631;6:00:00;1040,73;4,7491565;0;0;0;0;0;0;0;27871;1040,73;0;0;;;;;;;;;
;;;6632;7:00:00;1733,35;4,3476434;0;74,86;402,26;766,5664;449,16;449,16;0;26586;1284,19;0;0;;;;;;;;;
;;;6633;8:00:00;1603,35;3,79466;0;293,32;652,76;3003,5968;1759,92;1759,92;156,57;26743;0;0;0;;;;;;;;;
;;;6634;9:00:00;108,43;2,6659849;0;527,82;647,65;5404,8768;3166,92;3166,92;3058,49;29802;0;0;0;;;;;;;;;
;;;6635;10:00:00;52;1,7257427;0;752,25;533,42;7703,04;4513,5;4513,5;4461,5;34263;0;0;0;;;;;;;;;
;;;6636;11:00:00;52;1,066712;0;916,04;335,98;9380,2496;5496,24;5496,24;5444,24;39707;0;0;5151,52;;;;;;;;;
;;;6637;12:00:00;52;0,85672027;0;1001,84;278,89;10258,8416;6011,04;6011,04;5959,04;40000;0;0;5959,04;;;;;;;;;
;;;6638;13:00:00;2788;1,6964175;0;1005,57;522,09;10297,0368;6033,42;6033,42;3245,42;40000;0;0;3245,42;;;;;;;;;
;;;6639;14:00:00;362;2,7958179;0;966,89;727,1;9900,9536;5801,34;5801,34;5439,34;40000;0;0;5439,34;;;;;;;;;
;;;6640;15:00:00;492;3,7431753;0;846,58;894,36;8668,9792;5079,48;5079,48;4587,48;40000;0;0;4587,48;;;;;;;;;
;;;6641;16:00:00;52;4,159439;0;654,61;995,26;6703,2064;3927,66;3927,66;3875,66;40000;0;0;3875,66;;;;;;;;;
;;;6642;17:00:00;52;3,5757751;0;449,81;1158,65;4606,0544;2698,86;2698,86;2646,86;40000;0;0;2646,86;;;;;;;;;
;;;6643;18:00:00;485,1;2,5154266;0;0;0;0;0;0;0;39515;485,1;0;0;;;;;;;;;
;;;6644;19:00:00;2198,35;1,7762388;0;0;0;0;0;0;0;37317;2198,35;0;0;;;;;;;;;
;;;6645;20:00:00;2562,35;1,3479892;0;0;0;0;0;0;0;34754;2562,35;0;0;;;;;;;;;
;;;6646;21:00:00;3530,05;1,2238367;0;0;0;0;0;0;0;31224;3530,05;0;0;;;;;;;;;
;;;6647;22:00:00;608,35;1,30369;0;0;0;0;0;0;0;30616;608,35;0;0;;;;;;;;;
;;;6648;23:00:00;798,35;1,4362832;0;0;0;0;0;0;0;29817;798,35;0;0;;;;;;;;;
;;Viernes;6649;0:00:00;646,05;1,8981774;0;0;0;0;0;0;0;29171;646,05;0;0;;;;;;;;;
;;;6650;1:00:00;52;2,6769133;0;0;0;0;0;0;0;29119;52;0;0;;;;;;;;;
;;;6651;2:00:00;52;3,1297963;0;0;0;0;0;0;0;29067;52;0;0;;;;;;;;;
;;;6652;3:00:00;52;3,2810807;0;0;0;0;0;0;0;29015;52;0;0;;;;;;;;;
;;;6653;4:00:00;52;3,310531;0;0;0;0;0;0;0;28963;52;0;0;;;;;;;;;
;;;6654;5:00:00;52;3,0582047;0;0;0;0;0;0;0;28911;52;0;0;;;;;;;;;
;;;6655;6:00:00;1040,73;2,7586858;0;0;0;0;0;0;0;27871;1040,73;0;0;;;;;;;;;
;;;6656;7:00:00;1733,35;2,648398;0;72,64;335,47;743,8336;435,84;435,84;0;26573;1297,51;0;0;;;;;;;;;
;;;6657;8:00:00;1603,35;2,278738;0;275,64;593,49;2822,5536;1653,84;1653,84;50,49;26624;0;0;0;;;;;;;;;
;;;6658;9:00:00;108,43;1,3874822;0;492,33;608,06;5041,4592;2953,98;2953,98;2845,55;29469;0;0;0;;;;;;;;;
;;;6659;10:00:00;52;0,25330153;0;720,24;525,18;7375,2576;4321,44;4321,44;4269,44;33739;0;0;0;;;;;;;;;
;;;6660;11:00:00;52;0,6255494;0;902,14;332,11;9237,9136;5412,84;5412,84;5360,84;39099;0;0;4460,32;;;;;;;;;
;;;6661;12:00:00;52;1,2317432;0;1001,24;268,82;10252,6976;6007,44;6007,44;5955,44;40000;0;0;5955,44;;;;;;;;;
;;;6662;13:00:00;2788;2,2345524;0;1034,89;508,48;10597,2736;6209,34;6209,34;3421,34;40000;0;0;3421,34;;;;;;;;;
;;;6663;14:00:00;362;3,44919;0;977,75;725,59;10012,16;5866,5;5866,5;5504,5;40000;0;0;5504,5;;;;;;;;;
;;;6664;15:00:00;492;4,28769;0;830,93;880,25;8508,7232;4985,58;4985,58;4493,58;40000;0;0;4493,58;;;;;;;;;
;;;6665;16:00:00;52;4,4875326;0;615,98;937,56;6307,6352;3695,88;3695,88;3643,88;40000;0;0;3643,88;;;;;;;;;
;;;6666;17:00:00;52;3,9410164;0;396,54;1015,77;4060,5696;2379,24;2379,24;2327,24;40000;0;0;2327,24;;;;;;;;;
;;;6667;18:00:00;485,1;2,92857;0;0;0;0;0;0;0;39515;485,1;0;0;;;;;;;;;
;;;6668;19:00:00;2198,35;2,372311;0;0;0;0;0;0;0;37317;2198,35;0;0;;;;;;;;;
;;;6669;20:00:00;2562,35;1,7692268;0;0;0;0;0;0;0;34754;2562,35;0;0;;;;;;;;;
;;;6670;21:00:00;3530,05;1,2496392;0;0;0;0;0;0;0;31224;3530,05;0;0;;;;;;;;;
;;;6671;22:00:00;608,35;0,95094573;0;0;0;0;0;0;0;30616;608,35;0;0;;;;;;;;;
;;;6672;23:00:00;798,35;1,437977;0;0;0;0;0;0;0;29817;798,35;0;0;;;;;;;;;
;;Sábado;6673;0:00:00;740,1;1,4062233;0;0;0;0;0;0;0;29077;740,1;0;0;;;;;;;;;
;;;6674;1:00:00;362;1,3452114;0;0;0;0;0;0;0;28715;362;0;0;;;;;;;;;
;;;6675;2:00:00;52;1,4228462;0;0;0;0;0;0;0;28663;52;0;0;;;;;;;;;
;;;6676;3:00:00;52;1,2829019;0;0;0;0;0;0;0;28611;52;0;0;;;;;;;;;
;;;6677;4:00:00;52;1,2760392;0;0;0;0;0;0;0;28559;52;0;0;;;;;;;;;
;;;6678;5:00:00;52;1,146848;0;0;0;0;0;0;0;28507;52;0;0;;;;;;;;;
;;;6679;6:00:00;391,05;1,2505751;0;0;0;0;0;0;0;28116;391,05;0;0;;;;;;;;;
;;;6680;7:00:00;1508,35;1,7651157;0;66,9;235,57;685,056;401,4;401,4;0;27009;1106,95;0;0;;;;;;;;;
;;;6681;8:00:00;1303,35;1,3598206;0;177,03;269,71;1812,7872;1062,18;1062,18;0;26768;241,17;0;0;;;;;;;;;
;;;6682;9:00:00;1306,68;0,49977565;0;267,99;319,02;2744,2176;1607,94;1607,94;301,26;27069;0;0;0;;;;;;;;;
;;;6683;10:00:00;1676,25;0,09622006;0;209,35;238,7;2143,744;1256,1;1256,1;0;26649;420,15;0;0;;;;;;;;;
;;;6684;11:00:00;232;0,66978776;0;736,53;394,05;7542,0672;4419,18;4419,18;4187,18;30836;0;0;0;;;;;;;;;
;;;6685;12:00:00;52;1,102127;0;392,34;370,72;4017,5616;2354,04;2354,04;2302,04;33139;0;0;0;;;;;;;;;
;;;6686;13:00:00;2755;1,335496;0;833,22;517,41;8532,1728;4999,32;4999,32;2244,32;35383;0;0;0;;;;;;;;;
;;;6687;14:00:00;2642;2,4421964;0;906,81;698,04;9285,7344;5440,86;5440,86;2798,86;38182;0;0;980,55;;;;;;;;;
;;;6688;15:00:00;492;3,7182853;0;769,76;825,74;7882,3424;4618,56;4618,56;4126,56;40000;0;0;4126,56;;;;;;;;;
;;;6689;16:00:00;52;4,369165;0;379,77;557,1;3888,8448;2278,62;2278,62;2226,62;40000;0;0;2226,62;;;;;;;;;
;;;6690;17:00:00;52;3,5872684;0;16,46;18,98;168,5504;98,76;98,76;46,76;40000;0;0;46,76;;;;;;;;;
;;;6691;18:00:00;615,1;2,203786;0;0;0;0;0;0;0;39385;615,1;0;0;;;;;;;;;
;;;6692;19:00:00;639,1;2,1201513;0;0;0;0;0;0;0;38746;639,1;0;0;;;;;;;;;
;;;6693;20:00:00;2382,35;1,7888007;0;0;0;0;0;0;0;36363;2382,35;0;0;;;;;;;;;
;;;6694;21:00:00;4638,35;1,3126242;0;0;0;0;0;0;0;31725;4638,35;0;0;;;;;;;;;
;;;6695;22:00:00;608,35;1,3069011;0;0;0;0;0;0;0;31117;608,35;0;0;;;;;;;;;
;;;6696;23:00:00;798,35;1,0937002;0;0;0;0;0;0;0;30318;798,35;0;0;;;;;;;;;
;;Domingo;6697;0:00:00;740,1;1,4396468;0;0;0;0;0;0;0;29578;740,1;0;0;;;;;;;;;
;;;6698;1:00:00;362;1,9851867;0;0;0;0;0;0;0;29216;362;0;0;;;;;;;;;
;;;6699;2:00:00;52;2,553798;0;0;0;0;0;0;0;29164;52;0;0;;;;;;;;;
;;;6700;3:00:00;52;3,3819442;0;0;0;0;0;0;0;29112;52;0;0;;;;;;;;;
;;;6701;4:00:00;52;3,881639;0;0;0;0;0;0;0;29060;52;0;0;;;;;;;;;
;;;6702;5:00:00;52;4,1891723;0;0;0;0;0;0;0;29008;52;0;0;;;;;;;;;
;;;6703;6:00:00;391,05;4,499187;0;0;0;0;0;0;0;28617;391,05;0;0;;;;;;;;;
;;;6704;7:00:00;1508,35;4,9867344;0;68,01;262,69;696,4224;408,06;408,06;0;27517;1100,29;0;0;;;;;;;;;
;;;6705;8:00:00;1303,35;5,2775345;0;144,21;193,08;1476,7104;865,26;865,26;0;27079;438,09;0;0;;;;;;;;;
;;;6706;9:00:00;1306,68;5,5036807;0;404,68;499,29;4143,9232;2428,08;2428,08;1121,4;28200;0;0;0;;;;;;;;;
;;;6707;10:00:00;1676,25;5,1109433;0;601,82;498,69;6162,6368;3610,92;3610,92;1934,67;30135;0;0;0;;;;;;;;;
;;;6708;11:00:00;232;4,889751;0;623,68;410,54;6386,4832;3742,08;3742,08;3510,08;33645;0;0;0;;;;;;;;;
;;;6709;12:00:00;52;4,5455728;0;835,24;350,18;8552,8576;5011,44;5011,44;4959,44;38604;0;0;3563,9;;;;;;;;;
;;;6710;13:00:00;2755;4,789186;0;956,48;513,51;9794,3552;5738,88;5738,88;2983,88;40000;0;0;2983,88;;;;;;;;;
;;;6711;14:00:00;2642;4,610337;0;948,14;712,41;9708,9536;5688,84;5688,84;3046,84;40000;0;0;3046,84;;;;;;;;;
;;;6712;15:00:00;492;3,7446864;0;792,63;846,86;8116,5312;4755,78;4755,78;4263,78;40000;0;0;4263,78;;;;;;;;;
;;;6713;16:00:00;52;2,698998;0;592,05;903,95;6062,592;3552,3;3552,3;3500,3;40000;0;0;3500,3;;;;;;;;;
;;;6714;17:00:00;52;2,3190095;0;365,64;934,84;3744,1536;2193,84;2193,84;2141,84;40000;0;0;2141,84;;;;;;;;;
;;;6715;18:00:00;615,1;1,8216251;0;0;0;0;0;0;0;39385;615,1;0;0;;;;;;;;;
;;;6716;19:00:00;639,1;1,8882133;0;0;0;0;0;0;0;38746;639,1;0;0;;;;;;;;;
;;;6717;20:00:00;2382,35;2,1338873;0;0;0;0;0;0;0;36363;2382,35;0;0;;;;;;;;;
;;;6718;21:00:00;4638,35;1,9809718;0;0;0;0;0;0;0;31725;4638,35;0;0;;;;;;;;;
;;;6719;22:00:00;608,35;1,5073893;0;0;0;0;0;0;0;31117;608,35;0;0;;;;;;;;;
;;;6720;23:00:00;798,35;1,9150414;0;0;0;0;0;0;0;30318;798,35;0;0;;;;;;;;;
;41;Lunes;6721;0:00:00;646,05;2,049094;0;0;0;0;0;0;0;29672;646,05;0;0;;;;;;;;;
;;;6722;1:00:00;52;2,0396872;0;0;0;0;0;0;0;29620;52;0;0;;;;;;;;;
;;;6723;2:00:00;52;1,9904996;0;0;0;0;0;0;0;29568;52;0;0;;;;;;;;;
;;;6724;3:00:00;52;1,9152294;0;0;0;0;0;0;0;29516;52;0;0;;;;;;;;;
;;;6725;4:00:00;52;1,8979754;0;0;0;0;0;0;0;29464;52;0;0;;;;;;;;;
;;;6726;5:00:00;52;2,0823457;0;0;0;0;0;0;0;29412;52;0;0;;;;;;;;;
;;;6727;6:00:00;1040,73;2,216938;0;0;0;0;0;0;0;28372;1040,73;0;0;;;;;;;;;
;;;6728;7:00:00;1733,35;2,543423;0;69,06;333,98;707,1744;414,36;414,36;0;27053;1318,99;0;0;;;;;;;;;
;;;6729;8:00:00;1603,35;2,188599;0;279,83;609,71;2865,4592;1678,98;1678,98;75,63;27128;0;0;0;;;;;;;;;
;;;6730;9:00:00;108,43;1,1232406;0;510,26;619,76;5225,0624;3061,56;3061,56;2953,13;30081;0;0;0;;;;;;;;;
;;;6731;10:00:00;52;0,56352234;0;704,16;513,56;7210,5984;4224,96;4224,96;4172,96;34254;0;0;0;;;;;;;;;
;;;6732;11:00:00;52;2,0633872;0;825,89;359,71;8457,1136;4955,34;4955,34;4903,34;39158;0;0;4061,03;;;;;;;;;
;;;6733;12:00:00;52;2,9207997;0;302,25;322,45;3095,04;1813,5;1813,5;1761,5;40000;0;0;1761,5;;;;;;;;;
;;;6734;13:00:00;2788;3,513416;0;372,52;373,18;3814,6048;2235,12;2235,12;0;39447;552,88;0;0;;;;;;;;;
;;;6735;14:00:00;362;4,109941;0;136,29;157,12;1395,6096;817,74;817,74;455,74;39903;0;0;358,6;;;;;;;;;
;;;6736;15:00:00;492;4,487823;0;653,58;718,54;6692,6592;3921,48;3921,48;3429,48;40000;0;0;3429,48;;;;;;;;;
;;;6737;16:00:00;52;2,7202425;0;261,21;364,75;2674,7904;1567,26;1567,26;1515,26;40000;0;0;1515,26;;;;;;;;;
;;;6738;17:00:00;52;0,48978922;0;359,67;920,2;3683,0208;2158,02;2158,02;2106,02;40000;0;0;2106,02;;;;;;;;;
;;;6739;18:00:00;485,1;1,1672951;0;0;0;0;0;0;0;39515;485,1;0;0;;;;;;;;;
;;;6740;19:00:00;2198,35;0,9762871;0;0;0;0;0;0;0;37317;2198,35;0;0;;;;;;;;;
;;;6741;20:00:00;2562,35;1,2769698;0;0;0;0;0;0;0;34754;2562,35;0;0;;;;;;;;;
;;;6742;21:00:00;3530,05;3,5666451;0;0;0;0;0;0;0;31224;3530,05;0;0;;;;;;;;;
;;;6743;22:00:00;608,35;4,3432984;0;0;0;0;0;0;0;30616;608,35;0;0;;;;;;;;;
;;;6744;23:00:00;798,35;4,678341;0;0;0;0;0;0;0;29817;798,35;0;0;;;;;;;;;
;;Martes;6745;0:00:00;740,1;5,2332025;0;0;0;0;0;0;0;29077;740,1;0;0;;;;;;;;;
;;;6746;1:00:00;362;5,783102;0;0;0;0;0;0;0;28715;362;0;0;;;;;;;;;
;;;6747;2:00:00;52;5,890588;0;0;0;0;0;0;0;28663;52;0;0;;;;;;;;;
;;;6748;3:00:00;52;5,7562237;0;0;0;0;0;0;0;28611;52;0;0;;;;;;;;;
;;;6749;4:00:00;52;5,9422936;0;0;0;0;0;0;0;28559;52;0;0;;;;;;;;;
;;;6750;5:00:00;52;6,3134933;0;0;0;0;0;0;0;28507;52;0;0;;;;;;;;;
;;;6751;6:00:00;391,05;6,453654;0;0;0;0;0;0;0;28116;391,05;0;0;;;;;;;;;
;;;6752;7:00:00;1508,35;6,033844;0;67,72;317,36;693,4528;406,32;406,32;0;27014;1102,03;0;0;;;;;;;;;
;;;6753;8:00:00;1303,35;6,5766406;0;270,39;578,72;2768,7936;1622,34;1622,34;318,99;27333;0;0;0;;;;;;;;;
;;;6754;9:00:00;1306,68;6,8785844;0;437,3;538,04;4477,952;2623,8;2623,8;1317,12;28650;0;0;0;;;;;;;;;
;;;6755;10:00:00;1676,25;7,165811;0;737,73;513,08;7554,3552;4426,38;4426,38;2750,13;31401;0;0;0;;;;;;;;;
;;;6756;11:00:00;232;7,8518877;0;869,31;334,43;8901,7344;5215,86;5215,86;4983,86;36384;0;0;1368,23;;;;;;;;;
;;;6757;12:00:00;52;7,909904;0;977,04;274,18;10004,8896;5862,24;5862,24;5810,24;40000;0;0;5810,24;;;;;;;;;
;;;6758;13:00:00;2755;8,06781;0;1022,43;503,95;10469,6832;6134,58;6134,58;3379,58;40000;0;0;3379,58;;;;;;;;;
;;;6759;14:00:00;2642;7,9054627;0;964,45;719,62;9875,968;5786,7;5786,7;3144,7;40000;0;0;3144,7;;;;;;;;;
;;;6760;15:00:00;492;6,993885;0;821,33;874,13;8410,4192;4927,98;4927,98;4435,98;40000;0;0;4435,98;;;;;;;;;
;;;6761;16:00:00;52;6,07325;0;606,62;930,71;6211,7888;3639,72;3639,72;3587,72;40000;0;0;3587,72;;;;;;;;;
;;;6762;17:00:00;52;5,0023203;0;347,13;887,38;3554,6112;2082,78;2082,78;2030,78;40000;0;0;2030,78;;;;;;;;;
;;;6763;18:00:00;615,1;4,3332496;0;0;0;0;0;0;0;39385;615,1;0;0;;;;;;;;;
;;;6764;19:00:00;639,1;3,8979383;0;0;0;0;0;0;0;38746;639,1;0;0;;;;;;;;;
;;;6765;20:00:00;2382,35;3,1734734;0;0;0;0;0;0;0;36363;2382,35;0;0;;;;;;;;;
;;;6766;21:00:00;4638,35;2,8965259;0;0;0;0;0;0;0;31725;4638,35;0;0;;;;;;;;;
;;;6767;22:00:00;608,35;2,978303;0;0;0;0;0;0;0;31117;608,35;0;0;;;;;;;;;
;;;6768;23:00:00;798,35;2,8176162;0;0;0;0;0;0;0;30318;798,35;0;0;;;;;;;;;
;;Miércoles;6769;0:00:00;646,05;2,6811295;0;0;0;0;0;0;0;29672;646,05;0;0;;;;;;;;;
;;;6770;1:00:00;52;2,8428931;0;0;0;0;0;0;0;29620;52;0;0;;;;;;;;;
;;;6771;2:00:00;52;3,1582503;0;0;0;0;0;0;0;29568;52;0;0;;;;;;;;;
;;;6772;3:00:00;52;3,3733346;0;0;0;0;0;0;0;29516;52;0;0;;;;;;;;;
;;;6773;4:00:00;52;3,5618873;0;0;0;0;0;0;0;29464;52;0;0;;;;;;;;;
;;;6774;5:00:00;52;3,7144454;0;0;0;0;0;0;0;29412;52;0;0;;;;;;;;;
;;;6775;6:00:00;1040,73;4,0261116;0;0;0;0;0;0;0;28372;1040,73;0;0;;;;;;;;;
;;;6776;7:00:00;1733,35;4,352488;0;55,05;134,58;563,712;330,3;330,3;0;26969;1403,05;0;0;;;;;;;;;
;;;6777;8:00:00;1603,35;4,058919;0;188,57;309,77;1930,9568;1131,42;1131,42;0;26497;471,93;0;0;;;;;;;;;
;;;6778;9:00:00;108,43;4,640299;0;265,32;315,41;2716,8768;1591,92;1591,92;1483,49;27980;0;0;0;;;;;;;;;
;;;6779;10:00:00;52;5,3541555;0;528,99;463,61;5416,8576;3173,94;3173,94;3121,94;31102;0;0;0;;;;;;;;;
;;;6780;11:00:00;52;5,675785;0;706,36;387,58;7233,1264;4238,16;4238,16;4186,16;35288;0;0;0;;;;;;;;;
;;;6781;12:00:00;52;5,771211;0;675,17;385,62;6913,7408;4051,02;4051,02;3999,02;39287;0;0;3286,27;;;;;;;;;
;;;6782;13:00:00;2788;6,00851;0;409,46;390,28;4192,8704;2456,76;2456,76;0;38956;331,24;0;0;;;;;;;;;
;;;6783;14:00:00;362;6,218916;0;599,16;541,49;6135,3984;3594,96;3594,96;3232,96;40000;0;0;3232,96;;;;;;;;;
;;;6784;15:00:00;492;6,9083796;0;274,72;312,69;2813,1328;1648,32;1648,32;1156,32;40000;0;0;1156,32;;;;;;;;;
;;;6785;16:00:00;52;7,4101477;0;360,97;532,44;3696,3328;2165,82;2165,82;2113,82;40000;0;0;2113,82;;;;;;;;;
;;;6786;17:00:00;52;7,363039;0;212,3;517,88;2173,952;1273,8;1273,8;1221,8;40000;0;0;1221,8;;;;;;;;;
;;;6787;18:00:00;485,1;6,933965;0;0;0;0;0;0;0;39515;485,1;0;0;;;;;;;;;
;;;6788;19:00:00;2198,35;6,872324;0;0;0;0;0;0;0;37317;2198,35;0;0;;;;;;;;;
;;;6789;20:00:00;2562,35;6,6531777;0;0;0;0;0;0;0;34754;2562,35;0;0;;;;;;;;;
;;;6790;21:00:00;3530,05;6,1777043;0;0;0;0;0;0;0;31224;3530,05;0;0;;;;;;;;;
;;;6791;22:00:00;608,35;5,215369;0;0;0;0;0;0;0;30616;608,35;0;0;;;;;;;;;
;;;6792;23:00:00;798,35;5,7432795;0;0;0;0;0;0;0;29817;798,35;0;0;;;;;;;;;
;;Jueves;6793;0:00:00;646,05;5,908686;0;0;0;0;0;0;0;29171;646,05;0;0;;;;;;;;;
;;;6794;1:00:00;52;6,0085154;0;0;0;0;0;0;0;29119;52;0;0;;;;;;;;;
;;;6795;2:00:00;52;5,7344856;0;0;0;0;0;0;0;29067;52;0;0;;;;;;;;;
;;;6796;3:00:00;52;5,4099836;0;0;0;0;0;0;0;29015;52;0;0;;;;;;;;;
;;;6797;4:00:00;52;5,2079434;0;0;0;0;0;0;0;28963;52;0;0;;;;;;;;;
;;;6798;5:00:00;52;5,1724324;0;0;0;0;0;0;0;28911;52;0;0;;;;;;;;;
;;;6799;6:00:00;1040,73;5,0813837;0;0;0;0;0;0;0;27871;1040,73;0;0;;;;;;;;;
;;;6800;7:00:00;1733,35;5,212289;0;64,83;305,2;663,8592;388,98;388,98;0;26526;1344,37;0;0;;;;;;;;;
;;;6801;8:00:00;1603,35;5,339164;0;201,88;354,71;2067,2512;1211,28;1211,28;0;26134;392,07;0;0;;;;;;;;;
;;;6802;9:00:00;108,43;5,532986;0;105,19;121,27;1077,1456;631,14;631,14;522,71;26657;0;0;0;;;;;;;;;
;;;6803;10:00:00;52;5,018372;0;129,89;149,74;1330,0736;779,34;779,34;727,34;27384;0;0;0;;;;;;;;;
;;;6804;11:00:00;52;4,5203505;0;720,77;375,75;7380,6848;4324,62;4324,62;4272,62;31657;0;0;0;;;;;;;;;
;;;6805;12:00:00;52;4,125451;0;963,88;263,84;9870,1312;5783,28;5783,28;5731,28;37388;0;0;3119,46;;;;;;;;;
;;;6806;13:00:00;2788;3,9165683;0;979,19;495,44;10026,9056;5875,14;5875,14;3087,14;40000;0;0;3087,14;;;;;;;;;
;;;6807;14:00:00;362;3,826919;0;822,26;658,69;8419,9424;4933,56;4933,56;4571,56;40000;0;0;4571,56;;;;;;;;;
;;;6808;15:00:00;492;3,7075448;0;745,33;804,53;7632,1792;4471,98;4471,98;3979,98;40000;0;0;3979,98;;;;;;;;;
;;;6809;16:00:00;52;3,418323;0;259,84;367,33;2660,7616;1559,04;1559,04;1507,04;40000;0;0;1507,04;;;;;;;;;
;;;6810;17:00:00;52;2,6909957;0;144,86;337,77;1483,3664;869,16;869,16;817,16;40000;0;0;817,16;;;;;;;;;
;;;6811;18:00:00;485,1;2,7479005;0;0;0;0;0;0;0;39515;485,1;0;0;;;;;;;;;
;;;6812;19:00:00;2198,35;3,015419;0;0;0;0;0;0;0;37317;2198,35;0;0;;;;;;;;;
;;;6813;20:00:00;2562,35;3,3751853;0;0;0;0;0;0;0;34754;2562,35;0;0;;;;;;;;;
;;;6814;21:00:00;3530,05;3,5233376;0;0;0;0;0;0;0;31224;3530,05;0;0;;;;;;;;;
;;;6815;22:00:00;608,35;3,4327025;0;0;0;0;0;0;0;30616;608,35;0;0;;;;;;;;;
;;;6816;23:00:00;798,35;3,563995;0;0;0;0;0;0;0;29817;798,35;0;0;;;;;;;;;
;;Viernes;6817;0:00:00;740,1;3,2822082;0;0;0;0;0;0;0;29077;740,1;0;0;;;;;;;;;
;;;6818;1:00:00;362;3,0156584;0;0;0;0;0;0;0;28715;362;0;0;;;;;;;;;
;;;6819;2:00:00;52;2,882116;0;0;0;0;0;0;0;28663;52;0;0;;;;;;;;;
;;;6820;3:00:00;52;2,6608677;0;0;0;0;0;0;0;28611;52;0;0;;;;;;;;;
;;;6821;4:00:00;52;2,3816884;0;0;0;0;0;0;0;28559;52;0;0;;;;;;;;;
;;;6822;5:00:00;52;2,3049784;0;0;0;0;0;0;0;28507;52;0;0;;;;;;;;;
;;;6823;6:00:00;391,05;2,4465683;0;0;0;0;0;0;0;28116;391,05;0;0;;;;;;;;;
;;;6824;7:00:00;1508,35;2,7362056;0;49,58;109,18;507,6992;297,48;297,48;0;26905;1210,87;0;0;;;;;;;;;
;;;6825;8:00:00;1303,35;2,1374896;0;96,33;114,07;986,4192;577,98;577,98;0;26180;725,37;0;0;;;;;;;;;
;;;6826;9:00:00;1306,68;1,3848048;0;119,83;138,14;1227,0592;718,98;718,98;0;25592;587,7;0;0;;;;;;;;;
;;;6827;10:00:00;1676,25;0,84609675;0;419,39;401,88;4294,5536;2516,34;2516,34;840,09;26432;0;0;0;;;;;;;;;
;;;6828;11:00:00;232;0,633796;0;791,4;348,6;8103,936;4748,4;4748,4;4516,4;30949;0;0;0;;;;;;;;;
;;;6829;12:00:00;52;0,6865716;0;783,21;349,66;8020,0704;4699,26;4699,26;4647,26;35596;0;0;243,37;;;;;;;;;
;;;6830;13:00:00;2755;0,8535016;0;977,53;494,83;10009,9072;5865,18;5865,18;3110,18;38706;0;0;1816,47;;;;;;;;;
;;;6831;14:00:00;2642;1,3911811;0;795,88;646,08;8149,8112;4775,28;4775,28;2133,28;40000;0;0;2133,28;;;;;;;;;
;;;6832;15:00:00;492;2,2487998;0;447,21;502,68;4579,4304;2683,26;2683,26;2191,26;40000;0;0;2191,26;;;;;;;;;
;;;6833;16:00:00;52;2,9150257;0;236,55;330,74;2422,272;1419,3;1419,3;1367,3;40000;0;0;1367,3;;;;;;;;;
;;;6834;17:00:00;52;3,4546447;0;345,49;888,35;3537,8176;2072,94;2072,94;2020,94;40000;0;0;2020,94;;;;;;;;;
;;;6835;18:00:00;615,1;3,154154;0;0;0;0;0;0;0;39385;615,1;0;0;;;;;;;;;
;;;6836;19:00:00;639,1;2,4141974;0;0;0;0;0;0;0;38746;639,1;0;0;;;;;;;;;
;;;6837;20:00:00;2382,35;1,4671212;0;0;0;0;0;0;0;36363;2382,35;0;0;;;;;;;;;
;;;6838;21:00:00;4638,35;0,8607015;0;0;0;0;0;0;0;31725;4638,35;0;0;;;;;;;;;
;;;6839;22:00:00;608,35;0,26342413;0;0;0;0;0;0;0;31117;608,35;0;0;;;;;;;;;
;;;6840;23:00:00;798,35;0,20361127;0;0;0;0;0;0;0;30318;798,35;0;0;;;;;;;;;
;;Sábado;6841;0:00:00;740,1;0,62726545;0;0;0;0;0;0;0;29578;740,1;0;0;;;;;;;;;
;;;6842;1:00:00;362;1,1098453;0;0;0;0;0;0;0;29216;362;0;0;;;;;;;;;
;;;6843;2:00:00;52;1,4182954;0;0;0;0;0;0;0;29164;52;0;0;;;;;;;;;
;;;6844;3:00:00;52;1,6248603;0;0;0;0;0;0;0;29112;52;0;0;;;;;;;;;
;;;6845;4:00:00;52;1,7387362;0;0;0;0;0;0;0;29060;52;0;0;;;;;;;;;
;;;6846;5:00:00;52;1,728783;0;0;0;0;0;0;0;29008;52;0;0;;;;;;;;;
;;;6847;6:00:00;391,05;1,4783058;0;0;0;0;0;0;0;28617;391,05;0;0;;;;;;;;;
;;;6848;7:00:00;1508,35;1,5074363;0;51,49;128,33;527,2576;308,94;308,94;0;27418;1199,41;0;0;;;;;;;;;
;;;6849;8:00:00;1303,35;1,0332717;0;245,59;498,07;2514,8416;1473,54;1473,54;170,19;27588;0;0;0;;;;;;;;;
;;;6850;9:00:00;1306,68;0,44541377;0;118;136,03;1208,32;708;708;0;26989;598,68;0;0;;;;;;;;;
;;;6851;10:00:00;1676,25;1,2415627;0;482;436,64;4935,68;2892;2892;1215,75;28205;0;0;0;;;;;;;;;
;;;6852;11:00:00;232;1,2490733;0;885,2;308,75;9064,448;5311,2;5311,2;5079,2;33284;0;0;0;;;;;;;;;
;;;6853;12:00:00;52;1,3954421;0;994,82;258,28;10186,9568;5968,92;5968,92;5916,92;39201;0;0;5118,14;;;;;;;;;
;;;6854;13:00:00;2755;1,3063824;0;1011,93;500,92;10362,1632;6071,58;6071,58;3316,58;40000;0;0;3316,58;;;;;;;;;
;;;6855;14:00:00;2642;0,7472948;0;958,78;715,93;9817,9072;5752,68;5752,68;3110,68;40000;0;0;3110,68;;;;;;;;;
;;;6856;15:00:00;492;1,6167865;0;794,55;851,45;8136,192;4767,3;4767,3;4275,3;40000;0;0;4275,3;;;;;;;;;
;;;6857;16:00:00;52;2,282256;0;602,15;930,71;6166,016;3612,9;3612,9;3560,9;40000;0;0;3560,9;;;;;;;;;
;;;6858;17:00:00;52;2,274413;0;28,21;30,1;288,8704;169,26;169,26;117,26;40000;0;0;117,26;;;;;;;;;
;;;6859;18:00:00;615,1;1,6807147;0;0;0;0;0;0;0;39385;615,1;0;0;;;;;;;;;
;;;6860;19:00:00;639,1;1,5126388;0;0;0;0;0;0;0;38746;639,1;0;0;;;;;;;;;
;;;6861;20:00:00;2382,35;1,2837088;0;0;0;0;0;0;0;36363;2382,35;0;0;;;;;;;;;
;;;6862;21:00:00;4638,35;0,60774666;0;0;0;0;0;0;0;31725;4638,35;0;0;;;;;;;;;
;;;6863;22:00:00;608,35;0,96473575;0;0;0;0;0;0;0;31117;608,35;0;0;;;;;;;;;
;;;6864;23:00:00;798,35;1,1340748;0;0;0;0;0;0;0;30318;798,35;0;0;;;;;;;;;
;;Domingo;6865;0:00:00;740,1;1,4015712;0;0;0;0;0;0;0;29578;740,1;0;0;;;;;;;;;
;;;6866;1:00:00;362;1,9979417;0;0;0;0;0;0;0;29216;362;0;0;;;;;;;;;
;;;6867;2:00:00;52;2,8732808;0;0;0;0;0;0;0;29164;52;0;0;;;;;;;;;
;;;6868;3:00:00;52;3,2808304;0;0;0;0;0;0;0;29112;52;0;0;;;;;;;;;
;;;6869;4:00:00;52;2,3672805;0;0;0;0;0;0;0;29060;52;0;0;;;;;;;;;
;;;6870;5:00:00;52;2,0208335;0;0;0;0;0;0;0;29008;52;0;0;;;;;;;;;
;;;6871;6:00:00;391,05;1,8342731;0;0;0;0;0;0;0;28617;391,05;0;0;;;;;;;;;
;;;6872;7:00:00;1508,35;1,8775388;0;49,88;127,39;510,7712;299,28;299,28;0;27408;1209,07;0;0;;;;;;;;;
;;;6873;8:00:00;1303,35;1,3486204;0;241,75;482,58;2475,52;1450,5;1450,5;147,15;27555;0;0;0;;;;;;;;;
;;;6874;9:00:00;1306,68;1,4643451;0;433,58;528,07;4439,8592;2601,48;2601,48;1294,8;28850;0;0;0;;;;;;;;;
;;;6875;10:00:00;1676,25;1,9900604;0;189,43;216,93;1939,7632;1136,58;1136,58;0;28310;539,67;0;0;;;;;;;;;
;;;6876;11:00:00;232;2,9442458;0;53,97;62,21;552,6528;323,82;323,82;91,82;28402;0;0;0;;;;;;;;;
;;;6877;12:00:00;52;3,3550208;0;628,65;386,45;6437,376;3771,9;3771,9;3719,9;32122;0;0;0;;;;;;;;;
;;;6878;13:00:00;2755;3,4268813;0;625,13;472,26;6401,3312;3750,78;3750,78;995,78;33118;0;0;0;;;;;;;;;
;;;6879;14:00:00;2642;3,1235554;0;465,18;448,77;4763,4432;2791,08;2791,08;149,08;33267;0;0;0;;;;;;;;;
;;;6880;15:00:00;492;2,7046297;0;72,26;83,3;739,9424;433,56;433,56;0;33209;58,44;0;0;;;;;;;;;
;;;6881;16:00:00;52;2,737999;0;123,55;153,78;1265,152;741,3;741,3;689,3;33898;0;0;0;;;;;;;;;
;;;6882;17:00:00;52;2,7079704;0;27,36;29,18;280,1664;164,16;164,16;112,16;34010;0;0;0;;;;;;;;;
;;;6883;18:00:00;615,1;2,299025;0;0;0;0;0;0;0;33395;615,1;0;0;;;;;;;;;
;;;6884;19:00:00;639,1;1,990879;0;0;0;0;0;0;0;32756;639,1;0;0;;;;;;;;;
;;;6885;20:00:00;2382,35;1,5127894;0;0;0;0;0;0;0;30374;2382,35;0;0;;;;;;;;;
;;;6886;21:00:00;4638,35;1,4042329;0;0;0;0;0;0;0;25735;4638,35;0;0;;;;;;;;;
;;;6887;22:00:00;608,35;0,9656466;0;0;0;0;0;0;0;25127;608,35;0;0;;;;;;;;;
;;;6888;23:00:00;798,35;0,886526;0;0;0;0;0;0;0;24328;798,35;0;0;;;;;;;;;
;42;Lunes;6889;0:00:00;646,05;1,3690052;0;0;0;0;0;0;0;23682;646,05;0;0;;;;;;;;;
;;;6890;1:00:00;52;1,4546638;0;0;0;0;0;0;0;23630;52;0;0;;;;;;;;;
;;;6891;2:00:00;52;1,2998874;0;0;0;0;0;0;0;23578;52;0;0;;;;;;;;;
;;;6892;3:00:00;52;1,2879448;0;0;0;0;0;0;0;23526;52;0;0;;;;;;;;;
;;;6893;4:00:00;52;1,2305329;0;0;0;0;0;0;0;23474;52;0;0;;;;;;;;;
;;;6894;5:00:00;52;1,2301973;0;0;0;0;0;0;0;23422;52;0;0;;;;;;;;;
;;;6895;6:00:00;1040,73;1,2737918;0;0;0;0;0;0;0;22382;1040,73;0;0;;;;;;;;;
;;;6896;7:00:00;1733,35;1,4280555;0;20,12;23,2;206,0288;120,72;120,72;0;20769;1612,63;0;0;;;;;;;;;
;;;6897;8:00:00;1603,35;1,6658611;0;44,82;51,67;458,9568;268,92;268,92;0;19435;1334,43;0;0;;;;;;;;;
;;;6898;9:00:00;108,43;2,3340836;0;342,65;414,32;3508,736;2055,9;2055,9;1947,47;21382;0;0;0;;;;;;;;;
;;;6899;10:00:00;52;2,8860223;0;630,77;488,54;6459,0848;3784,62;3784,62;3732,62;25115;0;0;0;;;;;;;;;
;;;6900;11:00:00;52;2,6523173;0;901,36;303,44;9229,9264;5408,16;5408,16;5356,16;30471;0;0;0;;;;;;;;;
;;;6901;12:00:00;52;2,6793;0;997,85;258,12;10217,984;5987,1;5987,1;5935,1;36406;0;0;2341,07;;;;;;;;;
;;;6902;13:00:00;2788;2,9085174;0;1015,42;502,98;10397,9008;6092,52;6092,52;3304,52;39710;0;0;3015,01;;;;;;;;;
;;;6903;14:00:00;362;3,4449406;0;954,75;716,04;9776,64;5728,5;5728,5;5366,5;40000;0;0;5366,5;;;;;;;;;
;;;6904;15:00:00;492;3,8832026;0;791,64;851,06;8106,3936;4749,84;4749,84;4257,84;40000;0;0;4257,84;;;;;;;;;
;;;6905;16:00:00;52;3,840998;0;598,4;927,95;6127,616;3590,4;3590,4;3538,4;40000;0;0;3538,4;;;;;;;;;
;;;6906;17:00:00;52;3,4280143;0;25,65;27,36;262,656;153,9;153,9;101,9;40000;0;0;101,9;;;;;;;;;
;;;6907;18:00:00;485,1;2,9285474;0;0;0;0;0;0;0;39515;485,1;0;0;;;;;;;;;
;;;6908;19:00:00;2198,35;2,7138665;0;0;0;0;0;0;0;37317;2198,35;0;0;;;;;;;;;
;;;6909;20:00:00;2562,35;2,516404;0;0;0;0;0;0;0;34754;2562,35;0;0;;;;;;;;;
;;;6910;21:00:00;3530,05;2,8972433;0;0;0;0;0;0;0;31224;3530,05;0;0;;;;;;;;;
;;;6911;22:00:00;608,35;2,3739738;0;0;0;0;0;0;0;30616;608,35;0;0;;;;;;;;;
;;;6912;23:00:00;798,35;2,4968438;0;0;0;0;0;0;0;29817;798,35;0;0;;;;;;;;;
;;Martes;6913;0:00:00;646,05;1,5939248;0;0;0;0;0;0;0;29171;646,05;0;0;;;;;;;;;
;;;6914;1:00:00;52;1,1904335;0;0;0;0;0;0;0;29119;52;0;0;;;;;;;;;
;;;6915;2:00:00;52;2,4400096;0;0;0;0;0;0;0;29067;52;0;0;;;;;;;;;
;;;6916;3:00:00;52;3,4675052;0;0;0;0;0;0;0;29015;52;0;0;;;;;;;;;
;;;6917;4:00:00;52;2,8004735;0;0;0;0;0;0;0;28963;52;0;0;;;;;;;;;
;;;6918;5:00:00;52;2,7468405;0;0;0;0;0;0;0;28911;52;0;0;;;;;;;;;
;;;6919;6:00:00;1040,73;2,710744;0;0;0;0;0;0;0;27871;1040,73;0;0;;;;;;;;;
;;;6920;7:00:00;1733,35;2,3440685;0;34,21;50,22;350,3104;205,26;205,26;0;26343;1528,09;0;0;;;;;;;;;
;;;6921;8:00:00;1603,35;2,2627625;0;212,68;392,46;2177,8432;1276,08;1276,08;0;26015;327,27;0;0;;;;;;;;;
;;;6922;9:00:00;108,43;2,459478;0;117,08;134,98;1198,8992;702,48;702,48;594,05;26609;0;0;0;;;;;;;;;
;;;6923;10:00:00;52;2,2202349;0;626,38;486,78;6414,1312;3758,28;3758,28;3706,28;30316;0;0;0;;;;;;;;;
;;;6924;11:00:00;52;1,9045783;0;689,2;378,38;7057,408;4135,2;4135,2;4083,2;34399;0;0;0;;;;;;;;;
;;;6925;12:00:00;52;1,5963277;0;692,64;373,61;7092,6336;4155,84;4155,84;4103,84;38503;0;0;2606,52;;;;;;;;;
;;;6926;13:00:00;2788;2,1390238;0;724,74;493,25;7421,3376;4348,44;4348,44;1560,44;40000;0;0;1560,44;;;;;;;;;
;;;6927;14:00:00;362;2,725999;0;390,54;391,93;3999,1296;2343,24;2343,24;1981,24;40000;0;0;1981,24;;;;;;;;;
;;;6928;15:00:00;492;1,8382375;0;271,06;308,69;2775,6544;1626,36;1626,36;1134,36;40000;0;0;1134,36;;;;;;;;;
;;;6929;16:00:00;52;0,8460049;0;174,2;234,31;1783,808;1045,2;1045,2;993,2;40000;0;0;993,2;;;;;;;;;
;;;6930;17:00:00;52;0,3866861;0;26,5;28,28;271,36;159;159;107;40000;0;0;107;;;;;;;;;
;;;6931;18:00:00;485,1;0,16141121;0;0;0;0;0;0;0;39515;485,1;0;0;;;;;;;;;
;;;6932;19:00:00;2198,35;1,0144552;0;0;0;0;0;0;0;37317;2198,35;0;0;;;;;;;;;
;;;6933;20:00:00;2562,35;0,8530187;0;0;0;0;0;0;0;34754;2562,35;0;0;;;;;;;;;
;;;6934;21:00:00;3530,05;0,71834606;0;0;0;0;0;0;0;31224;3530,05;0;0;;;;;;;;;
;;;6935;22:00:00;608,35;0,9427718;0;0;0;0;0;0;0;30616;608,35;0;0;;;;;;;;;
;;;6936;23:00:00;798,35;1,3988957;0;0;0;0;0;0;0;29817;798,35;0;0;;;;;;;;;
;;Miércoles;6937;0:00:00;646,05;1,2520196;0;0;0;0;0;0;0;29171;646,05;0;0;;;;;;;;;
;;;6938;1:00:00;52;0,94454145;0;0;0;0;0;0;0;29119;52;0;0;;;;;;;;;
;;;6939;2:00:00;52;1,028276;0;0;0;0;0;0;0;29067;52;0;0;;;;;;;;;
;;;6940;3:00:00;52;1,0776725;0;0;0;0;0;0;0;29015;52;0;0;;;;;;;;;
;;;6941;4:00:00;52;1,1418779;0;0;0;0;0;0;0;28963;52;0;0;;;;;;;;;
;;;6942;5:00:00;52;1,3510599;0;0;0;0;0;0;0;28911;52;0;0;;;;;;;;;
;;;6943;6:00:00;1040,73;1,2922736;0;0;0;0;0;0;0;27871;1040,73;0;0;;;;;;;;;
;;;6944;7:00:00;1733,35;1,4513439;0;53,34;212,12;546,2016;320,04;320,04;0;26457;1413,31;0;0;;;;;;;;;
;;;6945;8:00:00;1603,35;1,2853094;0;206,45;377,85;2114,048;1238,7;1238,7;0;26093;364,65;0;0;;;;;;;;;
;;;6946;9:00:00;108,43;0,847747;0;350,2;423,12;3586,048;2101,2;2101,2;1992,77;28085;0;0;0;;;;;;;;;
;;;6947;10:00:00;52;0,99788713;0;219,92;246,74;2251,9808;1319,52;1319,52;1267,52;29353;0;0;0;;;;;;;;;
;;;6948;11:00:00;52;1,2479293;0;277,81;295,42;2844,7744;1666,86;1666,86;1614,86;30968;0;0;0;;;;;;;;;
;;;6949;12:00:00;52;1,5407904;0;258,72;282,99;2649,2928;1552,32;1552,32;1500,32;32468;0;0;0;;;;;;;;;
;;;6950;13:00:00;2788;1,7666647;0;186,59;213,8;1910,6816;1119,54;1119,54;0;30800;1668,46;0;0;;;;;;;;;
;;;6951;14:00:00;362;1,7361045;0;144,52;166,61;1479,8848;867,12;867,12;505,12;31305;0;0;0;;;;;;;;;
;;;6952;15:00:00;492;1,9282954;0;134,76;155,05;1379,9424;808,56;808,56;316,56;31621;0;0;0;;;;;;;;;
;;;6953;16:00:00;52;1,8286916;0;27,44;31,63;280,9856;164,64;164,64;112,64;31734;0;0;0;;;;;;;;;
;;;6954;17:00:00;52;1,2371846;0;23,94;25,54;245,1456;143,64;143,64;91,64;31826;0;0;0;;;;;;;;;
;;;6955;18:00:00;485,1;1,6852598;0;0;0;0;0;0;0;31341;485,1;0;0;;;;;;;;;
;;;6956;19:00:00;2198,35;1,5967512;0;0;0;0;0;0;0;29142;2198,35;0;0;;;;;;;;;
;;;6957;20:00:00;2562,35;1,5789344;0;0;0;0;0;0;0;26580;2562,35;0;0;;;;;;;;;
;;;6958;21:00:00;3530,05;1,4957093;0;0;0;0;0;0;0;23050;3530,05;0;0;;;;;;;;;
;;;6959;22:00:00;608,35;1,5499748;0;0;0;0;0;0;0;22441;608,35;0;0;;;;;;;;;
;;;6960;23:00:00;798,35;1,8395315;0;0;0;0;0;0;0;21643;798,35;0;0;;;;;;;;;
;;Jueves;6961;0:00:00;646,05;2,2993896;0;0;0;0;0;0;0;20997;646,05;0;0;;;;;;;;;
;;;6962;1:00:00;52;2,590026;0;0;0;0;0;0;0;20945;52;0;0;;;;;;;;;
;;;6963;2:00:00;52;2,4868386;0;0;0;0;0;0;0;20893;52;0;0;;;;;;;;;
;;;6964;3:00:00;52;2,2836037;0;0;0;0;0;0;0;20841;52;0;0;;;;;;;;;
;;;6965;4:00:00;52;2,6361907;0;0;0;0;0;0;0;20789;52;0;0;;;;;;;;;
;;;6966;5:00:00;52;2,9085107;0;0;0;0;0;0;0;20737;52;0;0;;;;;;;;;
;;;6967;6:00:00;1040,73;3,3062038;0;0;0;0;0;0;0;19696;1040,73;0;0;;;;;;;;;
;;;6968;7:00:00;1733,35;5,1738033;0;27,2;36,83;278,528;163,2;163,2;0;18126;1570,15;0;0;;;;;;;;;
;;;6969;8:00:00;1603,35;5,939769;0;102,68;126,43;1051,4432;616,08;616,08;0;17139;987,27;0;0;;;;;;;;;
;;;6970;9:00:00;108,43;7,561454;0;114,34;131,81;1170,8416;686,04;686,04;577,61;17717;0;0;0;;;;;;;;;
;;;6971;10:00:00;52;8,354374;0;117,08;134,98;1198,8992;702,48;702,48;650,48;18367;0;0;0;;;;;;;;;
;;;6972;11:00:00;52;9,015933;0;196,4;224,98;2011,136;1178,4;1178,4;1126,4;19493;0;0;0;;;;;;;;;
;;;6973;12:00:00;52;9,074131;0;119,83;138,14;1227,0592;718,98;718,98;666,98;20160;0;0;0;;;;;;;;;
;;;6974;13:00:00;2788;9,06308;0;89,64;103,34;917,9136;537,84;537,84;0;17910;2250,16;0;0;;;;;;;;;
;;;6975;14:00:00;362;8,994664;0;113,42;130,75;1161,4208;680,52;680,52;318,52;18229;0;0;0;;;;;;;;;
;;;6976;15:00:00;492;8,4363;0;86,9;100,18;889,856;521,4;521,4;29,4;18258;0;0;0;;;;;;;;;
;;;6977;16:00:00;52;8,1289215;0;83,09;99,15;850,8416;498,54;498,54;446,54;18705;0;0;0;;;;;;;;;
;;;6978;17:00:00;52;7,3290224;0;11,97;12,76;122,5728;71,82;71,82;19,82;18725;0;0;0;;;;;;;;;
;;;6979;18:00:00;485,1;5,7303085;0;0;0;0;0;0;0;18239;485,1;0;0;;;;;;;;;
;;;6980;19:00:00;2198,35;4,87412;0;0;0;0;0;0;0;16041;2198,35;0;0;;;;;;;;;
;;;6981;20:00:00;2562,35;4,6429415;0;0;0;0;0;0;0;13479;2562,35;0;0;;;;;;;;;
;;;6982;21:00:00;3530,05;4,547874;0;0;0;0;0;0;0;9949;3530,05;0;0;;;;;;;;;
;;;6983;22:00:00;608,35;4,407808;0;0;0;0;0;0;0;9340;608,35;0;0;;;;;;;;;
;;;6984;23:00:00;798,35;5,2287083;0;0;0;0;0;0;0;8542;798,35;0;0;;;;;;;;;
;;Viernes;6985;0:00:00;646,05;5,64137;0;0;0;0;0;0;0;7896;646,05;0;0;;;;;;;;;
;;;6986;1:00:00;52;5,6544623;0;0;0;0;0;0;0;7844;52;0;0;;;;;;;;;
;;;6987;2:00:00;52;5,581312;0;0;0;0;0;0;0;7792;52;0;0;;;;;;;;;
;;;6988;3:00:00;52;4,827078;0;0;0;0;0;0;0;7740;52;0;0;;;;;;;;;
;;;6989;4:00:00;52;4,401426;0;0;0;0;0;0;0;7688;52;0;0;;;;;;;;;
;;;6990;5:00:00;52;4,684216;0;0;0;0;0;0;0;7636;52;0;0;;;;;;;;;
;;;6991;6:00:00;1040,73;4,216304;0;0;0;0;0;0;0;6595;1040,73;0;0;;;;;;;;;
;;;6992;7:00:00;1733,35;3,9544108;0;40,29;93,02;412,5696;241,74;241,74;0;5104;1491,61;0;0;;;;;;;;;
;;;6993;8:00:00;1603,35;4,9235845;0;206,6;382,59;2115,584;1239,6;1239,6;0;4740;363,75;0;0;;;;;;;;;
;;;6994;9:00:00;108,43;5,1077743;0;438,13;527,72;4486,4512;2628,78;2628,78;2520,35;7260;0;0;0;;;;;;;;;
;;;6995;10:00:00;52;4,200222;0;704,2;484,67;7211,008;4225,2;4225,2;4173,2;11433;0;0;0;;;;;;;;;
;;;6996;11:00:00;52;3,4974065;0;877,92;296,82;8989,9008;5267,52;5267,52;5215,52;16649;0;0;0;;;;;;;;;
;;;6997;12:00:00;52;2,9663599;0;979,25;257,31;10027,52;5875,5;5875,5;5823,5;22472;0;0;0;;;;;;;;;
;;;6998;13:00:00;2788;2,5280468;0;988,18;496,26;10118,9632;5929,08;5929,08;3141,08;25613;0;0;0;;;;;;;;;
;;;6999;14:00:00;362;1,6802202;0;920,05;697,76;9421,312;5520,3;5520,3;5158,3;30772;0;0;0;;;;;;;;;
;;;7000;15:00:00;492;1,4025841;0;782,43;843,53;8012,0832;4694,58;4694,58;4202,58;34974;0;0;0;;;;;;;;;
;;;7001;16:00:00;52;1,3223994;0;567,2;883,53;5808,128;3403,2;3403,2;3351,2;38326;0;0;1676,76;;;;;;;;;
;;;7002;17:00:00;52;1,4112701;0;20,52;21,88;210,1248;123,12;123,12;71,12;38397;0;0;0;;;;;;;;;
;;;7003;18:00:00;485,1;1,3069943;0;0;0;0;0;0;0;37912;485,1;0;0;;;;;;;;;
;;;7004;19:00:00;2198,35;1,7228211;0;0;0;0;0;0;0;35713;2198,35;0;0;;;;;;;;;
;;;7005;20:00:00;2562,35;1,7301111;0;0;0;0;0;0;0;33151;2562,35;0;0;;;;;;;;;
;;;7006;21:00:00;3530,05;2,0313833;0;0;0;0;0;0;0;29621;3530,05;0;0;;;;;;;;;
;;;7007;22:00:00;608,35;3,2464752;0;0;0;0;0;0;0;29012;608,35;0;0;;;;;;;;;
;;;7008;23:00:00;798,35;3,830195;0;0;0;0;0;0;0;28214;798,35;0;0;;;;;;;;;
;;Sábado;7009;0:00:00;740,1;3,8451889;0;0;0;0;0;0;0;27474;740,1;0;0;;;;;;;;;
;;;7010;1:00:00;362;3,8497646;0;0;0;0;0;0;0;27112;362;0;0;;;;;;;;;
;;;7011;2:00:00;52;3,8184917;0;0;0;0;0;0;0;27060;52;0;0;;;;;;;;;
;;;7012;3:00:00;52;3,6357684;0;0;0;0;0;0;0;27008;52;0;0;;;;;;;;;
;;;7013;4:00:00;52;3,3820755;0;0;0;0;0;0;0;26956;52;0;0;;;;;;;;;
;;;7014;5:00:00;52;3,2042608;0;0;0;0;0;0;0;26904;52;0;0;;;;;;;;;
;;;7015;6:00:00;391,05;3,3177664;0;0;0;0;0;0;0;26513;391,05;0;0;;;;;;;;;
;;;7016;7:00:00;1508,35;3,2771337;0;50,31;216,25;515,1744;301,86;301,86;0;25306;1206,49;0;0;;;;;;;;;
;;;7017;8:00:00;1303,35;3,0996;0;252,83;528,89;2588,9792;1516,98;1516,98;213,63;25520;0;0;0;;;;;;;;;
;;;7018;9:00:00;1306,68;3,1995144;0;481,26;573,59;4928,1024;2887,56;2887,56;1580,88;27101;0;0;0;;;;;;;;;
;;;7019;10:00:00;1676,25;3,4208908;0;710,41;486,33;7274,5984;4262,46;4262,46;2586,21;29687;0;0;0;;;;;;;;;
;;;7020;11:00:00;232;2,9091942;0;886,29;296,81;9075,6096;5317,74;5317,74;5085,74;34773;0;0;0;;;;;;;;;
;;;7021;12:00:00;52;2,946642;0;982,8;260,54;10063,872;5896,8;5896,8;5844,8;40000;0;0;5844,8;;;;;;;;;
;;;7022;13:00:00;2755;2,1615098;0;984,41;498,63;10080,3584;5906,46;5906,46;3151,46;40000;0;0;3151,46;;;;;;;;;
;;;7023;14:00:00;2642;1,5783813;0;909,74;696,11;9315,7376;5458,44;5458,44;2816,44;40000;0;0;2816,44;;;;;;;;;
;;;7024;15:00:00;492;0,46331656;0;772,79;835,22;7913,3696;4636,74;4636,74;4144,74;40000;0;0;4144,74;;;;;;;;;
;;;7025;16:00:00;52;1,9406608;0;475,7;735,44;4871,168;2854,2;2854,2;2802,2;40000;0;0;2802,2;;;;;;;;;
;;;7026;17:00:00;52;1,9687799;0;18,81;20,06;192,6144;112,86;112,86;60,86;40000;0;0;60,86;;;;;;;;;
;;;7027;18:00:00;615,1;1,3472763;0;0;0;0;0;0;0;39385;615,1;0;0;;;;;;;;;
;;;7028;19:00:00;639,1;0,49676192;0;0;0;0;0;0;0;38746;639,1;0;0;;;;;;;;;
;;;7029;20:00:00;2382,35;0,6430713;0;0;0;0;0;0;0;36363;2382,35;0;0;;;;;;;;;
;;;7030;21:00:00;4638,35;0,88020515;0;0;0;0;0;0;0;31725;4638,35;0;0;;;;;;;;;
;;;7031;22:00:00;608,35;1,1007497;0;0;0;0;0;0;0;31117;608,35;0;0;;;;;;;;;
;;;7032;23:00:00;798,35;2,050885;0;0;0;0;0;0;0;30318;798,35;0;0;;;;;;;;;
;;Domingo;7033;0:00:00;740,1;2,3001888;0;0;0;0;0;0;0;29578;740,1;0;0;;;;;;;;;
;;;7034;1:00:00;362;2,3531678;0;0;0;0;0;0;0;29216;362;0;0;;;;;;;;;
;;;7035;2:00:00;52;2,7985718;0;0;0;0;0;0;0;29164;52;0;0;;;;;;;;;
;;;7036;3:00:00;52;3,1991363;0;0;0;0;0;0;0;29112;52;0;0;;;;;;;;;
;;;7037;4:00:00;52;3,379294;0;0;0;0;0;0;0;29060;52;0;0;;;;;;;;;
;;;7038;5:00:00;52;3,5880034;0;0;0;0;0;0;0;29008;52;0;0;;;;;;;;;
;;;7039;6:00:00;391,05;3,4691563;0;0;0;0;0;0;0;28617;391,05;0;0;;;;;;;;;
;;;7040;7:00:00;1508,35;3,6139028;0;51,02;242,63;522,4448;306,12;306,12;0;27415;1202,23;0;0;;;;;;;;;
;;;7041;8:00:00;1303,35;3,417366;0;241,5;495,4;2472,96;1449;1449;145,65;27561;0;0;0;;;;;;;;;
;;;7042;9:00:00;1306,68;2,7769034;0;120,74;139,19;1236,3776;724,44;724,44;0;26978;582,24;0;0;;;;;;;;;
;;;7043;10:00:00;1676,25;1,9553784;0;701,36;482,7;7181,9264;4208,16;4208,16;2531,91;29510;0;0;0;;;;;;;;;
;;;7044;11:00:00;232;0,6922763;0;881,04;294,88;9021,8496;5286,24;5286,24;5054,24;34565;0;0;0;;;;;;;;;
;;;7045;12:00:00;52;1,6191145;0;949,65;272,22;9724,416;5697,9;5697,9;5645,9;40000;0;0;5645,9;;;;;;;;;
;;;7046;13:00:00;2755;2,4903848;0;992,86;498,25;10166,8864;5957,16;5957,16;3202,16;40000;0;0;3202,16;;;;;;;;;
;;;7047;14:00:00;2642;3,0297806;0;918,33;698,8;9403,6992;5509,98;5509,98;2867,98;40000;0;0;2867,98;;;;;;;;;
;;;7048;15:00:00;492;3,2902524;0;785,33;847,53;8041,7792;4711,98;4711,98;4219,98;40000;0;0;4219,98;;;;;;;;;
;;;7049;16:00:00;52;2,828782;0;566,2;884,18;5797,888;3397,2;3397,2;3345,2;40000;0;0;3345,2;;;;;;;;;
;;;7050;17:00:00;52;1,6583263;0;0;0;0;0;0;0;39948;52;0;0;;;;;;;;;
;;;7051;18:00:00;615,1;1,51188;0;0;0;0;0;0;0;39333;615,1;0;0;;;;;;;;;
;;;7052;19:00:00;639,1;1,5317155;0;0;0;0;0;0;0;38694;639,1;0;0;;;;;;;;;
;;;7053;20:00:00;2382,35;1,3989761;0;0;0;0;0;0;0;36311;2382,35;0;0;;;;;;;;;
;;;7054;21:00:00;4638,35;1,1698824;0;0;0;0;0;0;0;31673;4638,35;0;0;;;;;;;;;
;;;7055;22:00:00;608,35;1,1060779;0;0;0;0;0;0;0;31065;608,35;0;0;;;;;;;;;
;;;7056;23:00:00;798,35;0,83749807;0;0;0;0;0;0;0;30266;798,35;0;0;;;;;;;;;
;43;Lunes;7057;0:00:00;646,05;0,9616075;0;0;0;0;0;0;0;29620;646,05;0;0;;;;;;;;;
;;;7058;1:00:00;52;1,1375979;0;0;0;0;0;0;0;29568;52;0;0;;;;;;;;;
;;;7059;2:00:00;52;1,2935892;0;0;0;0;0;0;0;29516;52;0;0;;;;;;;;;
;;;7060;3:00:00;52;1,3048117;0;0;0;0;0;0;0;29464;52;0;0;;;;;;;;;
;;;7061;4:00:00;52;1,1865985;0;0;0;0;0;0;0;29412;52;0;0;;;;;;;;;
;;;7062;5:00:00;52;1,141997;0;0;0;0;0;0;0;29360;52;0;0;;;;;;;;;
;;;7063;6:00:00;1040,73;1,1211275;0;0;0;0;0;0;0;28320;1040,73;0;0;;;;;;;;;
;;;7064;7:00:00;1733,35;1,375496;0;42,97;153,91;440,0128;257,82;257,82;0;26844;1475,53;0;0;;;;;;;;;
;;;7065;8:00:00;1603,35;1,1615156;0;263,82;563,42;2701,5168;1582,92;1582,92;0;26824;20,43;0;0;;;;;;;;;
;;;7066;9:00:00;108,43;1,5446308;0;484,7;574,55;4963,328;2908,2;2908,2;2799,77;29623;0;0;0;;;;;;;;;
;;;7067;10:00:00;52;2,1309686;0;702,91;482,94;7197,7984;4217,46;4217,46;4165,46;33789;0;0;0;;;;;;;;;
;;;7068;11:00:00;52;2,3684282;0;871,29;296,93;8922,0096;5227,74;5227,74;5175,74;38965;0;0;4140,37;;;;;;;;;
;;;7069;12:00:00;52;2,2496865;0;965,53;263,65;9887,0272;5793,18;5793,18;5741,18;40000;0;0;5741,18;;;;;;;;;
;;;7070;13:00:00;2788;2,3755786;0;908,72;501,45;9305,2928;5452,32;5452,32;2664,32;40000;0;0;2664,32;;;;;;;;;
;;;7071;14:00:00;362;2,788981;0;865,05;677,19;8858,112;5190,3;5190,3;4828,3;40000;0;0;4828,3;;;;;;;;;
;;;7072;15:00:00;492;2,8938527;0;313,75;355,98;3212,8;1882,5;1882,5;1390,5;40000;0;0;1390,5;;;;;;;;;
;;;7073;16:00:00;52;2,7796018;0;230,85;332,32;2363,904;1385,1;1385,1;1333,1;40000;0;0;1333,1;;;;;;;;;
;;;7074;17:00:00;52;2,3643303;0;0;0;0;0;0;0;39948;52;0;0;;;;;;;;;
;;;7075;18:00:00;485,1;1,9928098;0;0;0;0;0;0;0;39463;485,1;0;0;;;;;;;;;
;;;7076;19:00:00;2198,35;1,6573751;0;0;0;0;0;0;0;37265;2198,35;0;0;;;;;;;;;
;;;7077;20:00:00;2562,35;1,4234434;0;0;0;0;0;0;0;34702;2562,35;0;0;;;;;;;;;
;;;7078;21:00:00;3530,05;1,3648186;0;0;0;0;0;0;0;31172;3530,05;0;0;;;;;;;;;
;;;7079;22:00:00;608,35;1,7822486;0;0;0;0;0;0;0;30564;608,35;0;0;;;;;;;;;
;;;7080;23:00:00;798,35;1,8832781;0;0;0;0;0;0;0;29765;798,35;0;0;;;;;;;;;
;;Martes;7081;0:00:00;646,05;1,8084701;0;0;0;0;0;0;0;29119;646,05;0;0;;;;;;;;;
;;;7082;1:00:00;52;1,6430987;0;0;0;0;0;0;0;29067;52;0;0;;;;;;;;;
;;;7083;2:00:00;52;1,3802493;0;0;0;0;0;0;0;29015;52;0;0;;;;;;;;;
;;;7084;3:00:00;52;1,3842154;0;0;0;0;0;0;0;28963;52;0;0;;;;;;;;;
;;;7085;4:00:00;52;1,4031668;0;0;0;0;0;0;0;28911;52;0;0;;;;;;;;;
;;;7086;5:00:00;52;1,5359476;0;0;0;0;0;0;0;28859;52;0;0;;;;;;;;;
;;;7087;6:00:00;1040,73;1,683854;0;0;0;0;0;0;0;27819;1040,73;0;0;;;;;;;;;
;;;7088;7:00:00;1733,35;2,1609418;0;45,84;207,56;469,4016;275,04;275,04;0;26360;1458,31;0;0;;;;;;;;;
;;;7089;8:00:00;1603,35;2,2975597;0;247,94;520,56;2538,9056;1487,64;1487,64;0;26245;115,71;0;0;;;;;;;;;
;;;7090;9:00:00;108,43;3,4051676;0;476,19;564;4876,1856;2857,14;2857,14;2748,71;28993;0;0;0;;;;;;;;;
;;;7091;10:00:00;52;4,701159;0;701,69;477,39;7185,3056;4210,14;4210,14;4158,14;33152;0;0;0;;;;;;;;;
;;;7092;11:00:00;52;5,459842;0;870,22;291,15;8911,0528;5221,32;5221,32;5169,32;38321;0;0;3490,14;;;;;;;;;
;;;7093;12:00:00;52;5,8004956;0;938,28;270,2;9607,9872;5629,68;5629,68;5577,68;40000;0;0;5577,68;;;;;;;;;
;;;7094;13:00:00;2788;6,061839;0;637,81;457,25;6531,1744;3826,86;3826,86;1038,86;40000;0;0;1038,86;;;;;;;;;
;;;7095;14:00:00;362;6,077948;0;226,42;249,2;2318,5408;1358,52;1358,52;996,52;40000;0;0;996,52;;;;;;;;;
;;;7096;15:00:00;492;5,8705487;0;627,22;693,08;6422,7328;3763,32;3763,32;3271,32;40000;0;0;3271,32;;;;;;;;;
;;;7097;16:00:00;52;5,205342;0;476,69;740,28;4881,3056;2860,14;2860,14;2808,14;40000;0;0;2808,14;;;;;;;;;
;;;7098;17:00:00;52;4,807164;0;0;0;0;0;0;0;39948;52;0;0;;;;;;;;;
;;;7099;18:00:00;485,1;4,58513;0;0;0;0;0;0;0;39463;485,1;0;0;;;;;;;;;
;;;7100;19:00:00;2198,35;4,8303432;0;0;0;0;0;0;0;37265;2198,35;0;0;;;;;;;;;
;;;7101;20:00:00;2562,35;4,351599;0;0;0;0;0;0;0;34702;2562,35;0;0;;;;;;;;;
;;;7102;21:00:00;3530,05;4,665088;0;0;0;0;0;0;0;31172;3530,05;0;0;;;;;;;;;
;;;7103;22:00:00;608,35;3,8600955;0;0;0;0;0;0;0;30564;608,35;0;0;;;;;;;;;
;;;7104;23:00:00;798,35;3,8885708;0;0;0;0;0;0;0;29765;798,35;0;0;;;;;;;;;
;;Miércoles;7105;0:00:00;646,05;3,4671118;0;0;0;0;0;0;0;29119;646,05;0;0;;;;;;;;;
;;;7106;1:00:00;52;3,1383553;0;0;0;0;0;0;0;29067;52;0;0;;;;;;;;;
;;;7107;2:00:00;52;2,7762291;0;0;0;0;0;0;0;29015;52;0;0;;;;;;;;;
;;;7108;3:00:00;52;2,8680959;0;0;0;0;0;0;0;28963;52;0;0;;;;;;;;;
;;;7109;4:00:00;52;2,8852155;0;0;0;0;0;0;0;28911;52;0;0;;;;;;;;;
;;;7110;5:00:00;52;3,3522382;0;0;0;0;0;0;0;28859;52;0;0;;;;;;;;;
;;;7111;6:00:00;1040,73;3,4336202;0;0;0;0;0;0;0;27819;1040,73;0;0;;;;;;;;;
;;;7112;7:00:00;1733,35;3,6590521;0;37,78;126,63;386,8672;226,68;226,68;0;26312;1506,67;0;0;;;;;;;;;
;;;7113;8:00:00;1603,35;3,2881255;0;232,26;471,27;2378,3424;1393,56;1393,56;0;26102;209,79;0;0;;;;;;;;;
;;;7114;9:00:00;108,43;2,969429;0;469,51;557,56;4807,7824;2817,06;2817,06;2708,63;28811;0;0;0;;;;;;;;;
;;;7115;10:00:00;52;2,927183;0;697,55;478,06;7142,912;4185,3;4185,3;4133,3;32944;0;0;0;;;;;;;;;
;;;7116;11:00:00;52;3,2754855;0;859,11;296,29;8797,2864;5154,66;5154,66;5102,66;38047;0;0;3149,46;;;;;;;;;
;;;7117;12:00:00;52;3,138554;0;972,76;258,25;9961,0624;5836,56;5836,56;5784,56;40000;0;0;5784,56;;;;;;;;;
;;;7118;13:00:00;2788;2,7832217;0;966,2;495,2;9893,888;5797,2;5797,2;3009,2;40000;0;0;3009,2;;;;;;;;;
;;;7119;14:00:00;362;2,945717;0;905,94;692,01;9276,8256;5435,64;5435,64;5073,64;40000;0;0;5073,64;;;;;;;;;
;;;7120;15:00:00;492;2,7717412;0;747,11;811,62;7650,4064;4482,66;4482,66;3990,66;40000;0;0;3990,66;;;;;;;;;
;;;7121;16:00:00;52;2,3443527;0;516,07;805,63;5284,5568;3096,42;3096,42;3044,42;40000;0;0;3044,42;;;;;;;;;
;;;7122;17:00:00;52;1,6314607;0;0;0;0;0;0;0;39948;52;0;0;;;;;;;;;
;;;7123;18:00:00;485,1;1,565412;0;0;0;0;0;0;0;39463;485,1;0;0;;;;;;;;;
;;;7124;19:00:00;2198,35;1,2727326;0;0;0;0;0;0;0;37265;2198,35;0;0;;;;;;;;;
;;;7125;20:00:00;2562,35;1,2620236;0;0;0;0;0;0;0;34702;2562,35;0;0;;;;;;;;;
;;;7126;21:00:00;3530,05;1,2191535;0;0;0;0;0;0;0;31172;3530,05;0;0;;;;;;;;;
;;;7127;22:00:00;608,35;1,2580819;0;0;0;0;0;0;0;30564;608,35;0;0;;;;;;;;;
;;;7128;23:00:00;798,35;1,0195262;0;0;0;0;0;0;0;29765;798,35;0;0;;;;;;;;;
;;Jueves;7129;0:00:00;646,05;1,3467119;0;0;0;0;0;0;0;29119;646,05;0;0;;;;;;;;;
;;;7130;1:00:00;52;1,8867332;0;0;0;0;0;0;0;29067;52;0;0;;;;;;;;;
;;;7131;2:00:00;52;2,200516;0;0;0;0;0;0;0;29015;52;0;0;;;;;;;;;
;;;7132;3:00:00;52;2,1527338;0;0;0;0;0;0;0;28963;52;0;0;;;;;;;;;
;;;7133;4:00:00;52;1,6034226;0;0;0;0;0;0;0;28911;52;0;0;;;;;;;;;
;;;7134;5:00:00;52;1,2773038;0;0;0;0;0;0;0;28859;52;0;0;;;;;;;;;
;;;7135;6:00:00;1040,73;1,3832381;0;0;0;0;0;0;0;27819;1040,73;0;0;;;;;;;;;
;;;7136;7:00:00;1733,35;1,948515;0;35,52;112,92;363,7248;213,12;213,12;0;26298;1520,23;0;0;;;;;;;;;
;;;7137;8:00:00;1603,35;1,7118994;0;222,11;441,38;2274,4064;1332,66;1332,66;0;26028;270,69;0;0;;;;;;;;;
;;;7138;9:00:00;108,43;1,4656243;0;467,64;554,79;4788,6336;2805,84;2805,84;2697,41;28725;0;0;0;;;;;;;;;
;;;7139;10:00:00;52;0,8861865;0;679,98;474,53;6962,9952;4079,88;4079,88;4027,88;32753;0;0;0;;;;;;;;;
;;;7140;11:00:00;52;0,37452826;0;831,49;308,17;8514,4576;4988,94;4988,94;4936,94;37690;0;0;2626,92;;;;;;;;;
;;;7141;12:00:00;52;0,8312969;0;891,12;294,9;9125,0688;5346,72;5346,72;5294,72;40000;0;0;5294,72;;;;;;;;;
;;;7142;13:00:00;2788;1,7294189;0;949,06;494,67;9718,3744;5694,36;5694,36;2906,36;40000;0;0;2906,36;;;;;;;;;
;;;7143;14:00:00;362;2,2878623;0;792,51;640,42;8115,3024;4755,06;4755,06;4393,06;40000;0;0;4393,06;;;;;;;;;
;;;7144;15:00:00;492;2,5135539;0;670,65;737,29;6867,456;4023,9;4023,9;3531,9;40000;0;0;3531,9;;;;;;;;;
;;;7145;16:00:00;52;2,5212505;0;512,27;800,13;5245,6448;3073,62;3073,62;3021,62;40000;0;0;3021,62;;;;;;;;;
;;;7146;17:00:00;52;2,070584;0;0;0;0;0;0;0;39948;52;0;0;;;;;;;;;
;;;7147;18:00:00;485,1;1,5419267;0;0;0;0;0;0;0;39463;485,1;0;0;;;;;;;;;
;;;7148;19:00:00;2198,35;1,352612;0;0;0;0;0;0;0;37265;2198,35;0;0;;;;;;;;;
;;;7149;20:00:00;2562,35;0,6923326;0;0;0;0;0;0;0;34702;2562,35;0;0;;;;;;;;;
;;;7150;21:00:00;3530,05;0,2374968;0;0;0;0;0;0;0;31172;3530,05;0;0;;;;;;;;;
;;;7151;22:00:00;608,35;1,0094705;0;0;0;0;0;0;0;30564;608,35;0;0;;;;;;;;;
;;;7152;23:00:00;798,35;0,9374135;0;0;0;0;0;0;0;29765;798,35;0;0;;;;;;;;;
;;Viernes;7153;0:00:00;646,05;0,9933962;0;0;0;0;0;0;0;29119;646,05;0;0;;;;;;;;;
;;;7154;1:00:00;52;1,6192986;0;0;0;0;0;0;0;29067;52;0;0;;;;;;;;;
;;;7155;2:00:00;52;1,7140865;0;0;0;0;0;0;0;29015;52;0;0;;;;;;;;;
;;;7156;3:00:00;52;1,724619;0;0;0;0;0;0;0;28963;52;0;0;;;;;;;;;
;;;7157;4:00:00;52;1,9972795;0;0;0;0;0;0;0;28911;52;0;0;;;;;;;;;
;;;7158;5:00:00;52;2,080335;0;0;0;0;0;0;0;28859;52;0;0;;;;;;;;;
;;;7159;6:00:00;1040,73;2,26566;0;0;0;0;0;0;0;27819;1040,73;0;0;;;;;;;;;
;;;7160;7:00:00;1733,35;2,4701679;0;39,74;171,92;406,9376;238,44;238,44;0;26324;1494,91;0;0;;;;;;;;;
;;;7161;8:00:00;1603,35;2,1976204;0;232,93;478,31;2385,2032;1397,58;1397,58;0;26118;205,77;0;0;;;;;;;;;
;;;7162;9:00:00;108,43;1,7826017;0;371,89;446,21;3808,1536;2231,34;2231,34;2122,91;28241;0;0;0;;;;;;;;;
;;;7163;10:00:00;52;1,54848;0;331,7;330,57;3396,608;1990,2;1990,2;1938,2;30179;0;0;0;;;;;;;;;
;;;7164;11:00:00;52;1,6027142;0;645,1;354,72;6605,824;3870,6;3870,6;3818,6;33998;0;0;0;;;;;;;;;
;;;7165;12:00:00;52;1,7416178;0;944,29;264,43;9669,5296;5665,74;5665,74;5613,74;39611;0;0;5225,18;;;;;;;;;
;;;7166;13:00:00;2788;2,3498166;0;957,47;491,24;9804,4928;5744,82;5744,82;2956,82;40000;0;0;2956,82;;;;;;;;;
;;;7167;14:00:00;362;2,6595697;0;896,43;685,43;9179,4432;5378,58;5378,58;5016,58;40000;0;0;5016,58;;;;;;;;;
;;;7168;15:00:00;492;2,73246;0;775,58;838,46;7941,9392;4653,48;4653,48;4161,48;40000;0;0;4161,48;;;;;;;;;
;;;7169;16:00:00;52;2,4007432;0;569,82;894,45;5834,9568;3418,92;3418,92;3366,92;40000;0;0;3366,92;;;;;;;;;
;;;7170;17:00:00;52;1,7933798;0;0;0;0;0;0;0;39948;52;0;0;;;;;;;;;
;;;7171;18:00:00;485,1;1,3643607;0;0;0;0;0;0;0;39463;485,1;0;0;;;;;;;;;
;;;7172;19:00:00;2198,35;0,14546718;0;0;0;0;0;0;0;37265;2198,35;0;0;;;;;;;;;
;;;7173;20:00:00;2562,35;0,8605275;0;0;0;0;0;0;0;34702;2562,35;0;0;;;;;;;;;
;;;7174;21:00:00;3530,05;0,4121706;0;0;0;0;0;0;0;31172;3530,05;0;0;;;;;;;;;
;;;7175;22:00:00;608,35;1,2972395;0;0;0;0;0;0;0;30564;608,35;0;0;;;;;;;;;
;;;7176;23:00:00;798,35;1,031294;0;0;0;0;0;0;0;29765;798,35;0;0;;;;;;;;;
;;Sábado;7177;0:00:00;740,1;0,71127355;0;0;0;0;0;0;0;29025;740,1;0;0;;;;;;;;;
;;;7178;1:00:00;362;0,89551204;0;0;0;0;0;0;0;28663;362;0;0;;;;;;;;;
;;;7179;2:00:00;52;0,33158883;0;0;0;0;0;0;0;28611;52;0;0;;;;;;;;;
;;;7180;3:00:00;52;1,5009362;0;0;0;0;0;0;0;28559;52;0;0;;;;;;;;;
;;;7181;4:00:00;52;2,547506;0;0;0;0;0;0;0;28507;52;0;0;;;;;;;;;
;;;7182;5:00:00;52;3,624042;0;0;0;0;0;0;0;28455;52;0;0;;;;;;;;;
;;;7183;6:00:00;391,05;4,4518743;0;0;0;0;0;0;0;28064;391,05;0;0;;;;;;;;;
;;;7184;7:00:00;1508,35;4,9264903;0;36,64;157,3;375,1936;219,84;219,84;0;26776;1288,51;0;0;;;;;;;;;
;;;7185;8:00:00;1303,35;4,8856783;0;210,88;413,99;2159,4112;1265,28;1265,28;0;26738;38,07;0;0;;;;;;;;;
;;;7186;9:00:00;1306,68;5,593933;0;157,07;181,96;1608,3968;942,42;942,42;0;26373;364,26;0;0;;;;;;;;;
;;;7187;10:00:00;1676,25;5,4856887;0;680,47;468,62;6968,0128;4082,82;4082,82;2406,57;28780;0;0;0;;;;;;;;;
;;;7188;11:00:00;232;5,896299;0;846,37;291,24;8666,8288;5078,22;5078,22;4846,22;33626;0;0;0;;;;;;;;;
;;;7189;12:00:00;52;5,958603;0;923,97;271,78;9461,4528;5543,82;5543,82;5491,82;39118;0;0;4609,89;;;;;;;;;
;;;7190;13:00:00;2755;5,5284743;0;951,29;488,1;9741,2096;5707,74;5707,74;2952,74;40000;0;0;2952,74;;;;;;;;;
;;;7191;14:00:00;2642;5,2492805;0;850,76;663,83;8711,7824;5104,56;5104,56;2462,56;40000;0;0;2462,56;;;;;;;;;
;;;7192;15:00:00;492;5,442346;0;702,28;767,76;7191,3472;4213,68;4213,68;3721,68;40000;0;0;3721,68;;;;;;;;;
;;;7193;16:00:00;52;5,223618;0;492,32;768,91;5041,3568;2953,92;2953,92;2901,92;40000;0;0;2901,92;;;;;;;;;
;;;7194;17:00:00;52;4,8558445;0;0;0;0;0;0;0;39948;52;0;0;;;;;;;;;
;;;7195;18:00:00;615,1;4,5606074;0;0;0;0;0;0;0;39333;615,1;0;0;;;;;;;;;
;;;7196;19:00:00;639,1;3,3039207;0;0;0;0;0;0;0;38694;639,1;0;0;;;;;;;;;
;;;7197;20:00:00;2382,35;1,9858475;0;0;0;0;0;0;0;36311;2382,35;0;0;;;;;;;;;
;;;7198;21:00:00;4638,35;1,5107303;0;0;0;0;0;0;0;31673;4638,35;0;0;;;;;;;;;
;;;7199;22:00:00;608,35;1,4825174;0;0;0;0;0;0;0;31065;608,35;0;0;;;;;;;;;
;;;7200;23:00:00;798,35;1,372118;0;0;0;0;0;0;0;30266;798,35;0;0;;;;;;;;;
;;Domingo;7201;0:00:00;740,1;0,8692472;0;0;0;0;0;0;0;29526;740,1;0;0;;;;;;;;;
;;;7202;1:00:00;362;0,85017467;0;0;0;0;0;0;0;29164;362;0;0;;;;;;;;;
;;;7203;2:00:00;52;0,8545677;0;0;0;0;0;0;0;29112;52;0;0;;;;;;;;;
;;;7204;3:00:00;52;0,68574715;0;0;0;0;0;0;0;29060;52;0;0;;;;;;;;;
;;;7205;4:00:00;52;0,95265687;0;0;0;0;0;0;0;29008;52;0;0;;;;;;;;;
;;;7206;5:00:00;52;1,4189636;0;0;0;0;0;0;0;28956;52;0;0;;;;;;;;;
;;;7207;6:00:00;391,05;1,5652142;0;0;0;0;0;0;0;28565;391,05;0;0;;;;;;;;;
;;;7208;7:00:00;1508,35;1,8373274;0;22,79;46,99;233,3696;136,74;136,74;0;27194;1371,61;0;0;;;;;;;;;
;;;7209;8:00:00;1303,35;2,617588;0;169,94;299,01;1740,1856;1019,64;1019,64;0;26910;283,71;0;0;;;;;;;;;
;;;7210;9:00:00;1306,68;3,857916;0;249,29;294,68;2552,7296;1495,74;1495,74;189,06;27099;0;0;0;;;;;;;;;
;;;7211;10:00:00;1676,25;4,9865646;0;386,27;360,13;3955,4048;2317,62;2317,62;641,37;27740;0;0;0;;;;;;;;;
;;;7212;11:00:00;232;5,698209;0;398,93;331,79;4085,0432;2393,58;2393,58;2161,58;29902;0;0;0;;;;;;;;;
;;;7213;12:00:00;52;5,117715;0;772,39;317,27;7909,2736;4634,34;4634,34;4582,34;34484;0;0;0;;;;;;;;;
;;;7214;13:00:00;2755;4,5455284;0;163,73;188,75;1676,5952;982,38;982,38;0;32712;1772,62;0;0;;;;;;;;;
;;;7215;14:00:00;2642;3,3505354;0;493,58;453,52;5054,2592;2961,48;2961,48;319,48;33031;0;0;0;;;;;;;;;
;;;7216;15:00:00;492;2,194087;0;131,99;151,53;1351,5776;791,94;791,94;299,94;33331;0;0;0;;;;;;;;;
;;;7217;16:00:00;52;2,228704;0;78,83;97,47;807,2192;472,98;472,98;420,98;33752;0;0;0;;;;;;;;;
;;;7218;17:00:00;52;2,5097787;0;0;0;0;0;0;0;33700;52;0;0;;;;;;;;;
;;;7219;18:00:00;615,1;2,4291837;0;0;0;0;0;0;0;33085;615,1;0;0;;;;;;;;;
;;;7220;19:00:00;639,1;1,994973;0;0;0;0;0;0;0;32446;639,1;0;0;;;;;;;;;
;;;7221;20:00:00;2382,35;1,8277189;0;0;0;0;0;0;0;30064;2382,35;0;0;;;;;;;;;
;;;7222;21:00:00;4638,35;1,8913288;0;0;0;0;0;0;0;25425;4638,35;0;0;;;;;;;;;
;;;7223;22:00:00;608,35;1,0744557;0;0;0;0;0;0;0;24817;608,35;0;0;;;;;;;;;
;;;7224;23:00:00;798,35;0,49765486;0;0;0;0;0;0;0;24018;798,35;0;0;;;;;;;;;
;44;Lunes;7225;0:00:00;646,05;0,95773584;0;0;0;0;0;0;0;23372;646,05;0;0;;;;;;;;;
;;;7226;1:00:00;52;0,94889146;0;0;0;0;0;0;0;23320;52;0;0;;;;;;;;;
;;;7227;2:00:00;52;2,094163;0;0;0;0;0;0;0;23268;52;0;0;;;;;;;;;
;;;7228;3:00:00;52;2,1855323;0;0;0;0;0;0;0;23216;52;0;0;;;;;;;;;
;;;7229;4:00:00;52;1,5855083;0;0;0;0;0;0;0;23164;52;0;0;;;;;;;;;
;;;7230;5:00:00;52;1,6266159;0;0;0;0;0;0;0;23112;52;0;0;;;;;;;;;
;;;7231;6:00:00;1040,73;1,3411419;0;0;0;0;0;0;0;22072;1040,73;0;0;;;;;;;;;
;;;7232;7:00:00;1733,35;1,3597902;0;27,45;81,84;281,088;164,7;164,7;0;20503;1568,65;0;0;;;;;;;;;
;;;7233;8:00:00;1603,35;0,89058316;0;208,31;413,06;2133,0944;1249,86;1249,86;0;20150;353,49;0;0;;;;;;;;;
;;;7234;9:00:00;108,43;0,9081164;0;308,82;368,55;3162,3168;1852,92;1852,92;1744,49;21894;0;0;0;;;;;;;;;
;;;7235;10:00:00;52;2,274234;0;375,21;352,63;3842,1504;2251,26;2251,26;2199,26;24093;0;0;0;;;;;;;;;
;;;7236;11:00:00;52;3,264614;0;793,49;301,32;8125,3376;4760,94;4760,94;4708,94;28802;0;0;0;;;;;;;;;
;;;7237;12:00:00;52;3,494405;0;886,71;274,21;9079,9104;5320,26;5320,26;5268,26;34070;0;0;0;;;;;;;;;
;;;7238;13:00:00;2788;3,95213;0;906,08;480,77;9278,2592;5436,48;5436,48;2648,48;36719;0;0;0;;;;;;;;;
;;;7239;14:00:00;362;4,204035;0;820,7;644,96;8403,968;4924,2;4924,2;4562,2;40000;0;0;4562,2;;;;;;;;;
;;;7240;15:00:00;492;4,07214;0;701,05;764,24;7178,752;4206,3;4206,3;3714,3;40000;0;0;3714,3;;;;;;;;;
;;;7241;16:00:00;52;3,930525;0;454,92;708,99;4658,3808;2729,52;2729,52;2677,52;40000;0;0;2677,52;;;;;;;;;
;;;7242;17:00:00;52;4,043793;0;0;0;0;0;0;0;39948;52;0;0;;;;;;;;;
;;;7243;18:00:00;485,1;4,3746552;0;0;0;0;0;0;0;39463;485,1;0;0;;;;;;;;;
;;;7244;19:00:00;2198,35;4,560025;0;0;0;0;0;0;0;37265;2198,35;0;0;;;;;;;;;
;;;7245;20:00:00;2562,35;4,9367943;0;0;0;0;0;0;0;34702;2562,35;0;0;;;;;;;;;
;;;7246;21:00:00;3530,05;5,2855597;0;0;0;0;0;0;0;31172;3530,05;0;0;;;;;;;;;
;;;7247;22:00:00;608,35;5,273531;0;0;0;0;0;0;0;30564;608,35;0;0;;;;;;;;;
;;;7248;23:00:00;798,35;4,864159;0;0;0;0;0;0;0;29765;798,35;0;0;;;;;;;;;
;;Martes;7249;0:00:00;646,05;4,8429585;0;0;0;0;0;0;0;29119;646,05;0;0;;;;;;;;;
;;;7250;1:00:00;52;5,4969234;0;0;0;0;0;0;0;29067;52;0;0;;;;;;;;;
;;;7251;2:00:00;52;6,200906;0;0;0;0;0;0;0;29015;52;0;0;;;;;;;;;
;;;7252;3:00:00;52;6,6325827;0;0;0;0;0;0;0;28963;52;0;0;;;;;;;;;
;;;7253;4:00:00;52;7,07832;0;0;0;0;0;0;0;28911;52;0;0;;;;;;;;;
;;;7254;5:00:00;52;7,15752;0;0;0;0;0;0;0;28859;52;0;0;;;;;;;;;
;;;7255;6:00:00;1040,73;7,5260506;0;0;0;0;0;0;0;27819;1040,73;0;0;;;;;;;;;
;;;7256;7:00:00;1733,35;7,6429005;0;17,42;34,41;178,3808;104,52;104,52;0;26190;1628,83;0;0;;;;;;;;;
;;;7257;8:00:00;1603,35;7,1969066;0;169,89;304,31;1739,6736;1019,34;1019,34;0;25606;584,01;0;0;;;;;;;;;
;;;7258;9:00:00;108,43;6,857432;0;219,88;258,39;2251,5712;1319,28;1319,28;1210,85;26817;0;0;0;;;;;;;;;
;;;7259;10:00:00;52;7,592453;0;439,23;385,13;4497,7152;2635,38;2635,38;2583,38;29400;0;0;0;;;;;;;;;
;;;7260;11:00:00;52;8,467647;0;655,6;336,32;6713,344;3933,6;3933,6;3881,6;33282;0;0;0;;;;;;;;;
;;;7261;12:00:00;52;9,136849;0;636,06;338,39;6513,2544;3816,36;3816,36;3764,36;37046;0;0;810,38;;;;;;;;;
;;;7262;13:00:00;2788;9,279352;0;755,15;466,09;7732,736;4530,9;4530,9;1742,9;38789;0;0;531,82;;;;;;;;;
;;;7263;14:00:00;362;9,204695;0;421,21;400,19;4313,1904;2527,26;2527,26;2165,26;40000;0;0;2165,26;;;;;;;;;
;;;7264;15:00:00;492;8,765899;0;574,1;635,95;5878,784;3444,6;3444,6;2952,6;40000;0;0;2952,6;;;;;;;;;
;;;7265;16:00:00;52;8,636386;0;493,24;772,21;5050,7776;2959,44;2959,44;2907,44;40000;0;0;2907,44;;;;;;;;;
;;;7266;17:00:00;52;8,57688;0;0;0;0;0;0;0;39948;52;0;0;;;;;;;;;
;;;7267;18:00:00;485,1;8,5464735;0;0;0;0;0;0;0;39463;485,1;0;0;;;;;;;;;
;;;7268;19:00:00;2198,35;9,486058;0;0;0;0;0;0;0;37265;2198,35;0;0;;;;;;;;;
;;;7269;20:00:00;2562,35;9,771031;0;0;0;0;0;0;0;34702;2562,35;0;0;;;;;;;;;
;;;7270;21:00:00;3530,05;9,997105;0;0;0;0;0;0;0;31172;3530,05;0;0;;;;;;;;;
;;;7271;22:00:00;608,35;7,0906353;0;0;0;0;0;0;0;30564;608,35;0;0;;;;;;;;;
;;;7272;23:00:00;798,35;7,468095;0;0;0;0;0;0;0;29765;798,35;0;0;;;;;;;;;
;;Miércoles;7273;0:00:00;646,05;7,3790283;0;0;0;0;0;0;0;29119;646,05;0;0;;;;;;;;;
;;;7274;1:00:00;52;6,7864814;0;0;0;0;0;0;0;29067;52;0;0;;;;;;;;;
;;;7275;2:00:00;52;4,1774955;0;0;0;0;0;0;0;29015;52;0;0;;;;;;;;;
;;;7276;3:00:00;52;3,1075754;0;0;0;0;0;0;0;28963;52;0;0;;;;;;;;;
;;;7277;4:00:00;52;3,6304808;0;0;0;0;0;0;0;28911;52;0;0;;;;;;;;;
;;;7278;5:00:00;52;3,2896123;0;0;0;0;0;0;0;28859;52;0;0;;;;;;;;;
;;;7279;6:00:00;1040,73;3,3969376;0;0;0;0;0;0;0;27819;1040,73;0;0;;;;;;;;;
;;;7280;7:00:00;1733,35;3,2655785;0;19,37;44,69;198,3488;116,22;116,22;0;26202;1617,13;0;0;;;;;;;;;
;;;7281;8:00:00;1603,35;2,7297363;0;67,19;79,19;688,0256;403,14;403,14;0;25001;1200,21;0;0;;;;;;;;;
;;;7282;9:00:00;108,43;1,9493533;0;101,53;117,05;1039,6672;609,18;609,18;500,75;25502;0;0;0;;;;;;;;;
;;;7283;10:00:00;52;0,3962511;0;193,38;216,88;1980,2112;1160,28;1160,28;1108,28;26610;0;0;0;;;;;;;;;
;;;7284;11:00:00;52;0,7481022;0;230,55;249,64;2360,832;1383,3;1383,3;1331,3;27942;0;0;0;;;;;;;;;
;;;7285;12:00:00;52;1,4834987;0;763,81;314,79;7821,4144;4582,86;4582,86;4530,86;32473;0;0;0;;;;;;;;;
;;;7286;13:00:00;2788;3,1076374;0;717,72;460,46;7349,4528;4306,32;4306,32;1518,32;33991;0;0;0;;;;;;;;;
;;;7287;14:00:00;362;4,744516;0;255,41;270,81;2615,3984;1532,46;1532,46;1170,46;35161;0;0;0;;;;;;;;;
;;;7288;15:00:00;492;5,93508;0;337,7;381,16;3458,048;2026,2;2026,2;1534,2;36696;0;0;0;;;;;;;;;
;;;7289;16:00:00;52;5,239082;0;492,01;770,41;5038,1824;2952,06;2952,06;2900,06;39596;0;0;2495,62;;;;;;;;;
;;;7290;17:00:00;52;4,2412634;0;0;0;0;0;0;0;39544;52;0;0;;;;;;;;;
;;;7291;18:00:00;485,1;3,8393078;0;0;0;0;0;0;0;39058;485,1;0;0;;;;;;;;;
;;;7292;19:00:00;2198,35;3,4556825;0;0;0;0;0;0;0;36860;2198,35;0;0;;;;;;;;;
;;;7293;20:00:00;2562,35;2,5248013;0;0;0;0;0;0;0;34298;2562,35;0;0;;;;;;;;;
;;;7294;21:00:00;3530,05;2,1417856;0;0;0;0;0;0;0;30768;3530,05;0;0;;;;;;;;;
;;;7295;22:00:00;608,35;1,9463953;0;0;0;0;0;0;0;30159;608,35;0;0;;;;;;;;;
;;;7296;23:00:00;798,35;1,8112411;0;0;0;0;0;0;0;29361;798,35;0;0;;;;;;;;;
Noviembre;;Jueves;7297;0:00:00;646,05;2,0371342;0;0;0;0;0;0;0;28715;646,05;0;0;;;;;;;;;
;;;7298;1:00:00;52;2,7655346;0;0;0;0;0;0;0;28663;52;0;0;;;;;;;;;
;;;7299;2:00:00;52;4,721611;0;0;0;0;0;0;0;28611;52;0;0;;;;;;;;;
;;;7300;3:00:00;52;4,580951;0;0;0;0;0;0;0;28559;52;0;0;;;;;;;;;
;;;7301;4:00:00;52;3,2902343;0;0;0;0;0;0;0;28507;52;0;0;;;;;;;;;
;;;7302;5:00:00;52;2,3038187;0;0;0;0;0;0;0;28455;52;0;0;;;;;;;;;
;;;7303;6:00:00;1040,73;2,2546434;0;0;0;0;0;0;0;27414;1040,73;0;0;;;;;;;;;
;;;7304;7:00:00;1733,35;2,5210216;0;15,63;25,65;160,0512;93,78;93,78;0;25775;1639,57;0;0;;;;;;;;;
;;;7305;8:00:00;1603,35;2,5079913;0;229,65;480,36;2351,616;1377,9;1377,9;0;25549;225,45;0;0;;;;;;;;;
;;;7306;9:00:00;108,43;2,5061128;0;480,19;563,05;4917,1456;2881,14;2881,14;2772,71;28322;0;0;0;;;;;;;;;
;;;7307;10:00:00;52;2,0338235;0;685,87;465,92;7023,3088;4115,22;4115,22;4063,22;32385;0;0;0;;;;;;;;;
;;;7308;11:00:00;52;2,4648986;0;697,69;335,28;7144,3456;4186,14;4186,14;4134,14;36519;0;0;653,42;;;;;;;;;
;;;7309;12:00:00;52;3,32918;0;671,03;340,63;6871,3472;4026,18;4026,18;3974,18;40000;0;0;3974,18;;;;;;;;;
;;;7310;13:00:00;2788;3,2858236;0;660,7;451,63;6765,568;3964,2;3964,2;1176,2;40000;0;0;1176,2;;;;;;;;;
;;;7311;14:00:00;362;3,434278;0;702,21;585,52;7190,6304;4213,26;4213,26;3851,26;40000;0;0;3851,26;;;;;;;;;
;;;7312;15:00:00;492;3,71318;0;793,88;855,08;8129,3312;4763,28;4763,28;4271,28;40000;0;0;4271,28;;;;;;;;;
;;;7313;16:00:00;52;3,6634007;0;238,11;352,11;2438,2464;1428,66;1428,66;1376,66;40000;0;0;1376,66;;;;;;;;;
;;;7314;17:00:00;52;3,411836;0;0;0;0;0;0;0;39948;52;0;0;;;;;;;;;
;;;7315;18:00:00;485,1;3,1706746;0;0;0;0;0;0;0;39463;485,1;0;0;;;;;;;;;
;;;7316;19:00:00;2198,35;3,4048765;0;0;0;0;0;0;0;37265;2198,35;0;0;;;;;;;;;
;;;7317;20:00:00;2562,35;3,3837419;0;0;0;0;0;0;0;34702;2562,35;0;0;;;;;;;;;
;;;7318;21:00:00;3530,05;3,0327241;0;0;0;0;0;0;0;31172;3530,05;0;0;;;;;;;;;
;;;7319;22:00:00;608,35;3,0275166;0;0;0;0;0;0;0;30564;608,35;0;0;;;;;;;;;
;;;7320;23:00:00;798,35;3,7746253;0;0;0;0;0;0;0;29765;798,35;0;0;;;;;;;;;
;;Viernes;7321;0:00:00;646,05;3,056533;0;0;0;0;0;0;0;29119;646,05;0;0;;;;;;;;;
;;;7322;1:00:00;52;2,9608917;0;0;0;0;0;0;0;29067;52;0;0;;;;;;;;;
;;;7323;2:00:00;52;3,2253869;0;0;0;0;0;0;0;29015;52;0;0;;;;;;;;;
;;;7324;3:00:00;52;3,2056932;0;0;0;0;0;0;0;28963;52;0;0;;;;;;;;;
;;;7325;4:00:00;52;3,4615178;0;0;0;0;0;0;0;28911;52;0;0;;;;;;;;;
;;;7326;5:00:00;52;3,1355681;0;0;0;0;0;0;0;28859;52;0;0;;;;;;;;;
;;;7327;6:00:00;1040,73;2,9739122;0;0;0;0;0;0;0;27819;1040,73;0;0;;;;;;;;;
;;;7328;7:00:00;1733,35;3,5074115;0;15,77;33,9;161,4848;94,62;94,62;0;26180;1638,73;0;0;;;;;;;;;
;;;7329;8:00:00;1603,35;3,6143723;0;209,44;425,48;2144,6656;1256,64;1256,64;0;25833;346,71;0;0;;;;;;;;;
;;;7330;9:00:00;108,43;3,7341218;0;439,02;519,81;4495,5648;2634,12;2634,12;2525,69;28359;0;0;0;;;;;;;;;
;;;7331;10:00:00;52;3,6066897;0;687,58;459,01;7040,8192;4125,48;4125,48;4073,48;32432;0;0;0;;;;;;;;;
;;;7332;11:00:00;52;5,3487234;0;822,84;287,96;8425,8816;4937,04;4937,04;4885,04;37317;0;0;2202,48;;;;;;;;;
;;;7333;12:00:00;52;5,020125;0;990,72;231,8;10144,9728;5944,32;5944,32;5892,32;40000;0;0;5892,32;;;;;;;;;
;;;7334;13:00:00;2788;4,61374;0;988,27;480,41;10119,8848;5929,62;5929,62;3141,62;40000;0;0;3141,62;;;;;;;;;
;;;7335;14:00:00;362;4,6315703;0;908,57;683,87;9303,7568;5451,42;5451,42;5089,42;40000;0;0;5089,42;;;;;;;;;
;;;7336;15:00:00;492;4,1097927;0;686,08;749,43;7025,4592;4116,48;4116,48;3624,48;40000;0;0;3624,48;;;;;;;;;
;;;7337;16:00:00;52;3,1447196;0;602,28;949,38;6167,3472;3613,68;3613,68;3561,68;40000;0;0;3561,68;;;;;;;;;
;;;7338;17:00:00;52;2,1192477;0;0;0;0;0;0;0;39948;52;0;0;;;;;;;;;
;;;7339;18:00:00;485,1;1,8501638;0;0;0;0;0;0;0;39463;485,1;0;0;;;;;;;;;
;;;7340;19:00:00;2198,35;2,0832522;0;0;0;0;0;0;0;37265;2198,35;0;0;;;;;;;;;
;;;7341;20:00:00;2562,35;1,9308984;0;0;0;0;0;0;0;34702;2562,35;0;0;;;;;;;;;
;;;7342;21:00:00;3530,05;1,810828;0;0;0;0;0;0;0;31172;3530,05;0;0;;;;;;;;;
;;;7343;22:00:00;608,35;2,5186505;0;0;0;0;0;0;0;30564;608,35;0;0;;;;;;;;;
;;;7344;23:00:00;798,35;2,5153074;0;0;0;0;0;0;0;29765;798,35;0;0;;;;;;;;;
;;Sábado;7345;0:00:00;740,1;1,9874556;0;0;0;0;0;0;0;29025;740,1;0;0;;;;;;;;;
;;;7346;1:00:00;362;1,9951673;0;0;0;0;0;0;0;28663;362;0;0;;;;;;;;;
;;;7347;2:00:00;52;1,4146949;0;0;0;0;0;0;0;28611;52;0;0;;;;;;;;;
;;;7348;3:00:00;52;1,4903619;0;0;0;0;0;0;0;28559;52;0;0;;;;;;;;;
;;;7349;4:00:00;52;1,2620312;0;0;0;0;0;0;0;28507;52;0;0;;;;;;;;;
;;;7350;5:00:00;52;1,245732;0;0;0;0;0;0;0;28455;52;0;0;;;;;;;;;
;;;7351;6:00:00;391,05;1,4992254;0;0;0;0;0;0;0;28064;391,05;0;0;;;;;;;;;
;;;7352;7:00:00;1508,35;1,8442974;0;21,25;89,36;217,6;127,5;127,5;0;26683;1380,85;0;0;;;;;;;;;
;;;7353;8:00:00;1303,35;1,8344315;0;226,41;477,82;2318,4384;1358,46;1358,46;55,11;26739;0;0;0;;;;;;;;;
;;;7354;9:00:00;1306,68;2,2699127;0;461,71;542,59;4727,9104;2770,26;2770,26;1463,58;28202;0;0;0;;;;;;;;;
;;;7355;10:00:00;1676,25;1,5811884;0;636,58;451,63;6518,5792;3819,48;3819,48;2143,23;30345;0;0;0;;;;;;;;;
;;;7356;11:00:00;232;1,9685907;0;554,92;340,99;5682,3808;3329,52;3329,52;3097,52;33443;0;0;0;;;;;;;;;
;;;7357;12:00:00;52;2,0844572;0;927,24;254,54;9494,9376;5563,44;5563,44;5511,44;38954;0;0;4465,77;;;;;;;;;
;;;7358;13:00:00;2755;1,9806654;0;964,68;476,69;9878,3232;5788,08;5788,08;3033,08;40000;0;0;3033,08;;;;;;;;;
;;;7359;14:00:00;2642;2,3627512;0;946,23;699,94;9689,3952;5677,38;5677,38;3035,38;40000;0;0;3035,38;;;;;;;;;
;;;7360;15:00:00;492;1,9918447;0;620,83;683,4;6357,2992;3724,98;3724,98;3232,98;40000;0;0;3232,98;;;;;;;;;
;;;7361;16:00:00;52;1,9884422;0;601,36;947,91;6157,9264;3608,16;3608,16;3556,16;40000;0;0;3556,16;;;;;;;;;
;;;7362;17:00:00;52;2,0415955;0;0;0;0;0;0;0;39948;52;0;0;;;;;;;;;
;;;7363;18:00:00;615,1;1,9042315;0;0;0;0;0;0;0;39333;615,1;0;0;;;;;;;;;
;;;7364;19:00:00;639,1;1,5024391;0;0;0;0;0;0;0;38694;639,1;0;0;;;;;;;;;
;;;7365;20:00:00;2382,35;1,6974765;0;0;0;0;0;0;0;36311;2382,35;0;0;;;;;;;;;
;;;7366;21:00:00;4638,35;1,9326599;0;0;0;0;0;0;0;31673;4638,35;0;0;;;;;;;;;
;;;7367;22:00:00;608,35;1,5317893;0;0;0;0;0;0;0;31065;608,35;0;0;;;;;;;;;
;;;7368;23:00:00;798,35;1,7130469;0;0;0;0;0;0;0;30266;798,35;0;0;;;;;;;;;
;;Domingo;7369;0:00:00;740,1;1,8902622;0;0;0;0;0;0;0;29526;740,1;0;0;;;;;;;;;
;;;7370;1:00:00;362;2,0104823;0;0;0;0;0;0;0;29164;362;0;0;;;;;;;;;
;;;7371;2:00:00;52;2,1359594;0;0;0;0;0;0;0;29112;52;0;0;;;;;;;;;
;;;7372;3:00:00;52;2,3578892;0;0;0;0;0;0;0;29060;52;0;0;;;;;;;;;
;;;7373;4:00:00;52;2,4747553;0;0;0;0;0;0;0;29008;52;0;0;;;;;;;;;
;;;7374;5:00:00;52;2,6988156;0;0;0;0;0;0;0;28956;52;0;0;;;;;;;;;
;;;7375;6:00:00;391,05;2,7588208;0;0;0;0;0;0;0;28565;391,05;0;0;;;;;;;;;
;;;7376;7:00:00;1508,35;2,8011558;0;14,07;32,97;144,0768;84,42;84,42;0;27141;1423,93;0;0;;;;;;;;;
;;;7377;8:00:00;1303,35;3,0079424;0;49,39;56,94;505,7536;296,34;296,34;0;26134;1007,01;0;0;;;;;;;;;
;;;7378;9:00:00;1306,68;3,2193487;0;78,66;90,69;805,4784;471,96;471,96;0;25300;834,72;0;0;;;;;;;;;
;;;7379;10:00:00;1676,25;2,887673;0;100,62;115,99;1030,3488;603,72;603,72;0;24227;1072,53;0;0;;;;;;;;;
;;;7380;11:00:00;232;4,244252;0;338,51;303,57;3466,3424;2031,06;2031,06;1799,06;26026;0;0;0;;;;;;;;;
;;;7381;12:00:00;52;4,324884;0;576,14;333,99;5899,6736;3456,84;3456,84;3404,84;29431;0;0;0;;;;;;;;;
;;;7382;13:00:00;2755;4,7447586;0;278,81;284,61;2855,0144;1672,86;1672,86;0;28349;1082,14;0;0;;;;;;;;;
;;;7383;14:00:00;2642;4,9389315;0;209,82;229,66;2148,5568;1258,92;1258,92;0;26966;1383,08;0;0;;;;;;;;;
;;;7384;15:00:00;492;4,62901;0;408,56;457,83;4183,6544;2451,36;2451,36;1959,36;28925;0;0;0;;;;;;;;;
;;;7385;16:00:00;52;4,6196322;0;170,94;245,32;1750,4256;1025,64;1025,64;973,64;29899;0;0;0;;;;;;;;;
;;;7386;17:00:00;52;4,4797263;0;0;0;0;0;0;0;29847;52;0;0;;;;;;;;;
;;;7387;18:00:00;615,1;4,2318616;0;0;0;0;0;0;0;29232;615,1;0;0;;;;;;;;;
;;;7388;19:00:00;639,1;4,287379;0;0;0;0;0;0;0;28593;639,1;0;0;;;;;;;;;
;;;7389;20:00:00;2382,35;4,292609;0;0;0;0;0;0;0;26210;2382,35;0;0;;;;;;;;;
;;;7390;21:00:00;4638,35;3,82241;0;0;0;0;0;0;0;21572;4638,35;0;0;;;;;;;;;
;;;7391;22:00:00;608,35;2,7524102;0;0;0;0;0;0;0;20963;608,35;0;0;;;;;;;;;
;;;7392;23:00:00;798,35;2,20496;0;0;0;0;0;0;0;20165;798,35;0;0;;;;;;;;;
;45;Lunes;7393;0:00:00;646,05;1,967757;0;0;0;0;0;0;0;19519;646,05;0;0;;;;;;;;;
;;;7394;1:00:00;52;2,1602066;0;0;0;0;0;0;0;19467;52;0;0;;;;;;;;;
;;;7395;2:00:00;52;3,1089988;0;0;0;0;0;0;0;19415;52;0;0;;;;;;;;;
;;;7396;3:00:00;52;3,5282896;0;0;0;0;0;0;0;19363;52;0;0;;;;;;;;;
;;;7397;4:00:00;52;3,5285912;0;0;0;0;0;0;0;19311;52;0;0;;;;;;;;;
;;;7398;5:00:00;52;3,1621492;0;0;0;0;0;0;0;19259;52;0;0;;;;;;;;;
;;;7399;6:00:00;1040,73;2,8679051;0;0;0;0;0;0;0;18218;1040,73;0;0;;;;;;;;;
;;;7400;7:00:00;1733,35;2,6305587;0;20,82;118,61;213,1968;124,92;124,92;0;16610;1608,43;0;0;;;;;;;;;
;;;7401;8:00:00;1603,35;2,7676954;0;247,3;538,5;2532,352;1483,8;1483,8;0;16490;119,55;0;0;;;;;;;;;
;;;7402;9:00:00;108,43;3,6388662;0;491,08;573,28;5028,6592;2946,48;2946,48;2838,05;19328;0;0;0;;;;;;;;;
;;;7403;10:00:00;52;3,5260243;0;674,45;460,16;6906,368;4046,7;4046,7;3994,7;23323;0;0;0;;;;;;;;;
;;;7404;11:00:00;52;3,748387;0;863,17;275,39;8838,8608;5179,02;5179,02;5127,02;28450;0;0;0;;;;;;;;;
;;;7405;12:00:00;52;3,5015743;0;468,92;335,37;4801,7408;2813,52;2813,52;2761,52;31212;0;0;0;;;;;;;;;
;;;7406;13:00:00;2788;2,9215364;0;517,08;401,88;5294,8992;3102,48;3102,48;314,48;31526;0;0;0;;;;;;;;;
;;;7407;14:00:00;362;2,9109368;0;939,53;699,73;9620,7872;5637,18;5637,18;5275,18;36801;0;0;2076,51;;;;;;;;;
;;;7408;15:00:00;492;3,0894456;0;804,22;863,02;8235,2128;4825,32;4825,32;4333,32;40000;0;0;4333,32;;;;;;;;;
;;;7409;16:00:00;52;2,788489;0;625,7;986,69;6407,168;3754,2;3754,2;3702,2;40000;0;0;3702,2;;;;;;;;;
;;;7410;17:00:00;52;1,7822586;0;0;0;0;0;0;0;39948;52;0;0;;;;;;;;;
;;;7411;18:00:00;485,1;1,5233077;0;0;0;0;0;0;0;39463;485,1;0;0;;;;;;;;;
;;;7412;19:00:00;2198,35;1,3922496;0;0;0;0;0;0;0;37265;2198,35;0;0;;;;;;;;;
;;;7413;20:00:00;2562,35;1,3623617;0;0;0;0;0;0;0;34702;2562,35;0;0;;;;;;;;;
;;;7414;21:00:00;3530,05;1,4530591;0;0;0;0;0;0;0;31172;3530,05;0;0;;;;;;;;;
;;;7415;22:00:00;608,35;1,6249883;0;0;0;0;0;0;0;30564;608,35;0;0;;;;;;;;;
;;;7416;23:00:00;798,35;1,7637539;0;0;0;0;0;0;0;29765;798,35;0;0;;;;;;;;;
;;Martes;7417;0:00:00;646,05;1,4296442;0;0;0;0;0;0;0;29119;646,05;0;0;;;;;;;;;
;;;7418;1:00:00;52;1,199689;0;0;0;0;0;0;0;29067;52;0;0;;;;;;;;;
;;;7419;2:00:00;52;1,1517503;0;0;0;0;0;0;0;29015;52;0;0;;;;;;;;;
;;;7420;3:00:00;52;0,96306175;0;0;0;0;0;0;0;28963;52;0;0;;;;;;;;;
;;;7421;4:00:00;52;1,2721791;0;0;0;0;0;0;0;28911;52;0;0;;;;;;;;;
;;;7422;5:00:00;52;1,5652382;0;0;0;0;0;0;0;28859;52;0;0;;;;;;;;;
;;;7423;6:00:00;1040,73;1,5166115;0;0;0;0;0;0;0;27819;1040,73;0;0;;;;;;;;;
;;;7424;7:00:00;1733,35;1,7208488;0;14,44;52,69;147,8656;86,64;86,64;0;26172;1646,71;0;0;;;;;;;;;
;;;7425;8:00:00;1603,35;1,8292089;0;247,48;540,43;2534,1952;1484,88;1484,88;0;26053;118,47;0;0;;;;;;;;;
;;;7426;9:00:00;108,43;1,8558193;0;493,33;576,38;5051,6992;2959,98;2959,98;2851,55;28905;0;0;0;;;;;;;;;
;;;7427;10:00:00;52;1,4418439;0;734,62;471,41;7522,5088;4407,72;4407,72;4355,72;33261;0;0;0;;;;;;;;;
;;;7428;11:00:00;52;1,0829613;0;880,55;271,69;9016,832;5283,3;5283,3;5231,3;38492;0;0;3723,36;;;;;;;;;
;;;7429;12:00:00;52;0,9055677;0;992,53;236,38;10163,5072;5955,18;5955,18;5903,18;40000;0;0;5903,18;;;;;;;;;
;;;7430;13:00:00;2788;0,6880931;0;1004,21;485,33;10283,1104;6025,26;6025,26;3237,26;40000;0;0;3237,26;;;;;;;;;
;;;7431;14:00:00;362;0,81056875;0;945,69;702,52;9683,8656;5674,14;5674,14;5312,14;40000;0;0;5312,14;;;;;;;;;
;;;7432;15:00:00;492;1,7289003;0;811,69;870,26;8311,7056;4870,14;4870,14;4378,14;40000;0;0;4378,14;;;;;;;;;
;;;7433;16:00:00;52;2,5361123;0;524,11;822,66;5366,8864;3144,66;3144,66;3092,66;40000;0;0;3092,66;;;;;;;;;
;;;7434;17:00:00;52;2,5283296;0;0;0;0;0;0;0;39948;52;0;0;;;;;;;;;
;;;7435;18:00:00;485,1;2,1307745;0;0;0;0;0;0;0;39463;485,1;0;0;;;;;;;;;
;;;7436;19:00:00;2198,35;1,7305213;0;0;0;0;0;0;0;37265;2198,35;0;0;;;;;;;;;
;;;7437;20:00:00;2562,35;1,5387721;0;0;0;0;0;0;0;34702;2562,35;0;0;;;;;;;;;
;;;7438;21:00:00;3530,05;1,2730548;0;0;0;0;0;0;0;31172;3530,05;0;0;;;;;;;;;
;;;7439;22:00:00;608,35;1,147478;0;0;0;0;0;0;0;30564;608,35;0;0;;;;;;;;;
;;;7440;23:00:00;798,35;1,6652857;0;0;0;0;0;0;0;29765;798,35;0;0;;;;;;;;;
;;Miércoles;7441;0:00:00;646,05;2,1810505;0;0;0;0;0;0;0;29119;646,05;0;0;;;;;;;;;
;;;7442;1:00:00;52;2,1833637;0;0;0;0;0;0;0;29067;52;0;0;;;;;;;;;
;;;7443;2:00:00;52;1,9757192;0;0;0;0;0;0;0;29015;52;0;0;;;;;;;;;
;;;7444;3:00:00;52;1,9641393;0;0;0;0;0;0;0;28963;52;0;0;;;;;;;;;
;;;7445;4:00:00;52;1,9100078;0;0;0;0;0;0;0;28911;52;0;0;;;;;;;;;
;;;7446;5:00:00;52;1,724534;0;0;0;0;0;0;0;28859;52;0;0;;;;;;;;;
;;;7447;6:00:00;1040,73;1,5826093;0;0;0;0;0;0;0;27819;1040,73;0;0;;;;;;;;;
;;;7448;7:00:00;1733,35;1,434478;0;16,44;92,21;168,3456;98,64;98,64;0;26184;1634,71;0;0;;;;;;;;;
;;;7449;8:00:00;1603,35;1,1969353;0;198,47;402,75;2032,3328;1190,82;1190,82;0;25771;412,53;0;0;;;;;;;;;
;;;7450;9:00:00;108,43;1,6272334;0;461,28;544,19;4723,5072;2767,68;2767,68;2659,25;28431;0;0;0;;;;;;;;;
;;;7451;10:00:00;52;2,078905;0;703,62;464,2;7205,0688;4221,72;4221,72;4169,72;32600;0;0;0;;;;;;;;;
;;;7452;11:00:00;52;1,9952699;0;878,93;271,46;9000,2432;5273,58;5273,58;5221,58;37822;0;0;3043,56;;;;;;;;;
;;;7453;12:00:00;52;2,1260982;0;955,96;247,97;9789,0304;5735,76;5735,76;5683,76;40000;0;0;5683,76;;;;;;;;;
;;;7454;13:00:00;2788;2,5466774;0;1003,11;483,68;10271,8464;6018,66;6018,66;3230,66;40000;0;0;3230,66;;;;;;;;;
;;;7455;14:00:00;362;2,92399;0;944,1;701;9667,584;5664,6;5664,6;5302,6;40000;0;0;5302,6;;;;;;;;;
;;;7456;15:00:00;492;2,6352103;0;809,63;867,74;8290,6112;4857,78;4857,78;4365,78;40000;0;0;4365,78;;;;;;;;;
;;;7457;16:00:00;52;1,8002341;0;625,81;986,18;6408,2944;3754,86;3754,86;3702,86;40000;0;0;3702,86;;;;;;;;;
;;;7458;17:00:00;52;1,4446334;0;0;0;0;0;0;0;39948;52;0;0;;;;;;;;;
;;;7459;18:00:00;485,1;1,4028606;0;0;0;0;0;0;0;39463;485,1;0;0;;;;;;;;;
;;;7460;19:00:00;2198,35;1,7648205;0;0;0;0;0;0;0;37265;2198,35;0;0;;;;;;;;;
;;;7461;20:00:00;2562,35;2,3311827;0;0;0;0;0;0;0;34702;2562,35;0;0;;;;;;;;;
;;;7462;21:00:00;3530,05;2,0032563;0;0;0;0;0;0;0;31172;3530,05;0;0;;;;;;;;;
;;;7463;22:00:00;608,35;1,3376739;0;0;0;0;0;0;0;30564;608,35;0;0;;;;;;;;;
;;;7464;23:00:00;798,35;1,5385077;0;0;0;0;0;0;0;29765;798,35;0;0;;;;;;;;;
;;Jueves;7465;0:00:00;646,05;1,9624802;0;0;0;0;0;0;0;29119;646,05;0;0;;;;;;;;;
;;;7466;1:00:00;52;2,2081409;0;0;0;0;0;0;0;29067;52;0;0;;;;;;;;;
;;;7467;2:00:00;52;2,4410026;0;0;0;0;0;0;0;29015;52;0;0;;;;;;;;;
;;;7468;3:00:00;52;2,352064;0;0;0;0;0;0;0;28963;52;0;0;;;;;;;;;
;;;7469;4:00:00;52;2,2222252;0;0;0;0;0;0;0;28911;52;0;0;;;;;;;;;
;;;7470;5:00:00;52;1,8189129;0;0;0;0;0;0;0;28859;52;0;0;;;;;;;;;
;;;7471;6:00:00;1040,73;1,406942;0;0;0;0;0;0;0;27819;1040,73;0;0;;;;;;;;;
;;;7472;7:00:00;1733,35;1,5335958;0;12,32;61,57;126,1568;73,92;73,92;0;26159;1659,43;0;0;;;;;;;;;
;;;7473;8:00:00;1603,35;1,7365153;0;224,03;482,27;2294,0672;1344,18;1344,18;0;25900;259,17;0;0;;;;;;;;;
;;;7474;9:00:00;108,43;2,3617535;0;477,87;559,85;4893,3888;2867,22;2867,22;2758,79;28659;0;0;0;;;;;;;;;
;;;7475;10:00:00;52;3,1286535;0;715,04;462,03;7322,0096;4290,24;4290,24;4238,24;32897;0;0;0;;;;;;;;;
;;;7476;11:00:00;52;3,3154166;0;865,23;269,7;8859,9552;5191,38;5191,38;5139,38;38036;0;0;3175,86;;;;;;;;;
;;;7477;12:00:00;52;3,267428;0;989,87;229,09;10136,2688;5939,22;5939,22;5887,22;40000;0;0;5887,22;;;;;;;;;
;;;7478;13:00:00;2788;3,051294;0;980,34;476,65;10038,6816;5882,04;5882,04;3094,04;40000;0;0;3094,04;;;;;;;;;
;;;7479;14:00:00;362;3,0363374;0;922,66;687,31;9448,0384;5535,96;5535,96;5173,96;40000;0;0;5173,96;;;;;;;;;
;;;7480;15:00:00;492;3,1976974;0;795,55;852,48;8146,432;4773,3;4773,3;4281,3;40000;0;0;4281,3;;;;;;;;;
;;;7481;16:00:00;52;2,841604;0;608,91;958,63;6235,2384;3653,46;3653,46;3601,46;40000;0;0;3601,46;;;;;;;;;
;;;7482;17:00:00;52;2,3696213;0;0;0;0;0;0;0;39948;52;0;0;;;;;;;;;
;;;7483;18:00:00;485,1;2,353056;0;0;0;0;0;0;0;39463;485,1;0;0;;;;;;;;;
;;;7484;19:00:00;2198,35;1,9691437;0;0;0;0;0;0;0;37265;2198,35;0;0;;;;;;;;;
;;;7485;20:00:00;2562,35;1,5264959;0;0;0;0;0;0;0;34702;2562,35;0;0;;;;;;;;;
;;;7486;21:00:00;3530,05;1,2197434;0;0;0;0;0;0;0;31172;3530,05;0;0;;;;;;;;;
;;;7487;22:00:00;608,35;1,407158;0;0;0;0;0;0;0;30564;608,35;0;0;;;;;;;;;
;;;7488;23:00:00;798,35;1,5279608;0;0;0;0;0;0;0;29765;798,35;0;0;;;;;;;;;
;;Viernes;7489;0:00:00;646,05;1,4868846;0;0;0;0;0;0;0;29119;646,05;0;0;;;;;;;;;
;;;7490;1:00:00;52;1,649601;0;0;0;0;0;0;0;29067;52;0;0;;;;;;;;;
;;;7491;2:00:00;52;1,6049904;0;0;0;0;0;0;0;29015;52;0;0;;;;;;;;;
;;;7492;3:00:00;52;1,6071864;0;0;0;0;0;0;0;28963;52;0;0;;;;;;;;;
;;;7493;4:00:00;52;1,4625747;0;0;0;0;0;0;0;28911;52;0;0;;;;;;;;;
;;;7494;5:00:00;52;1,3539059;0;0;0;0;0;0;0;28859;52;0;0;;;;;;;;;
;;;7495;6:00:00;1040,73;1,3319439;0;0;0;0;0;0;0;27819;1040,73;0;0;;;;;;;;;
;;;7496;7:00:00;1733,35;1,3502504;0;9,18;40,04;94,0032;55,08;55,08;0;26140;1678,27;0;0;;;;;;;;;
;;;7497;8:00:00;1603,35;1,9206538;0;216,16;464,07;2213,4784;1296,96;1296,96;0;25834;306,39;0;0;;;;;;;;;
;;;7498;9:00:00;108,43;1,8974528;0;475,27;556,21;4866,7648;2851,62;2851,62;2743,19;28577;0;0;0;;;;;;;;;
;;;7499;10:00:00;52;1,2914234;0;672,66;449,47;6888,0384;4035,96;4035,96;3983,96;32561;0;0;0;;;;;;;;;
;;;7500;11:00:00;52;0,22982974;0;618,18;325,75;6330,1632;3709,08;3709,08;3657,08;36218;0;0;0;;;;;;;;;
;;;7501;12:00:00;52;0,7509589;0;298,8;283,79;3059,712;1792,8;1792,8;1740,8;37959;0;0;0;;;;;;;;;
;;;7502;13:00:00;2788;0,60067403;0;76,84;88,57;786,8416;461,04;461,04;0;35632;2326,96;0;0;;;;;;;;;
;;;7503;14:00:00;362;1,1988609;0;68,6;79,09;702,464;411,6;411,6;49,6;35682;0;0;0;;;;;;;;;
;;;7504;15:00:00;492;1,9444013;0;79,58;91,74;814,8992;477,48;477,48;0;35667;14,52;0;0;;;;;;;;;
;;;7505;16:00:00;52;2,3424861;0;38,42;44,29;393,4208;230,52;230,52;178,52;35846;0;0;0;;;;;;;;;
;;;7506;17:00:00;52;2,302791;0;0;0;0;0;0;0;35794;52;0;0;;;;;;;;;
;;;7507;18:00:00;485,1;1,8027097;0;0;0;0;0;0;0;35309;485,1;0;0;;;;;;;;;
;;;7508;19:00:00;2198,35;0,9545109;0;0;0;0;0;0;0;33110;2198,35;0;0;;;;;;;;;
;;;7509;20:00:00;2562,35;1,0503749;0;0;0;0;0;0;0;30548;2562,35;0;0;;;;;;;;;
;;;7510;21:00:00;3530,05;1,0586884;0;0;0;0;0;0;0;27018;3530,05;0;0;;;;;;;;;
;;;7511;22:00:00;608,35;0,80550027;0;0;0;0;0;0;0;26409;608,35;0;0;;;;;;;;;
;;;7512;23:00:00;798,35;1,0558325;0;0;0;0;0;0;0;25611;798,35;0;0;;;;;;;;;
;;Sábado;7513;0:00:00;740,1;1,2806851;0;0;0;0;0;0;0;24871;740,1;0;0;;;;;;;;;
;;;7514;1:00:00;362;1,4603062;0;0;0;0;0;0;0;24509;362;0;0;;;;;;;;;
;;;7515;2:00:00;52;1,7522348;0;0;0;0;0;0;0;24457;52;0;0;;;;;;;;;
;;;7516;3:00:00;52;1,9360315;0;0;0;0;0;0;0;24405;52;0;0;;;;;;;;;
;;;7517;4:00:00;52;2,1826718;0;0;0;0;0;0;0;24353;52;0;0;;;;;;;;;
;;;7518;5:00:00;52;2,521729;0;0;0;0;0;0;0;24301;52;0;0;;;;;;;;;
;;;7519;6:00:00;391,05;2,8683634;0;0;0;0;0;0;0;23910;391,05;0;0;;;;;;;;;
;;;7520;7:00:00;1508,35;3,2239747;0;0;0;0;0;0;0;22402;1508,35;0;0;;;;;;;;;
;;;7521;8:00:00;1303,35;3,5838494;0;28,36;32,69;290,4064;170,16;170,16;0;21268;1133,19;0;0;;;;;;;;;
;;;7522;9:00:00;1306,68;3,249673;0;33,84;39,01;346,5216;203,04;203,04;0;20165;1103,64;0;0;;;;;;;;;
;;;7523;10:00:00;1676,25;2,8521047;0;62,2;71,71;636,928;373,2;373,2;0;18862;1303,05;0;0;;;;;;;;;
;;;7524;11:00:00;232;2,2039802;0;50,31;58;515,1744;301,86;301,86;69,86;18932;0;0;0;;;;;;;;;
;;;7525;12:00:00;52;1,4255751;0;436,41;315,98;4468,8384;2618,46;2618,46;2566,46;21498;0;0;0;;;;;;;;;
;;;7526;13:00:00;2755;0,6640337;0;731,37;444,87;7489,2288;4388,22;4388,22;1633,22;23131;0;0;0;;;;;;;;;
;;;7527;14:00:00;2642;0,609184;0;745,64;594,89;7635,3536;4473,84;4473,84;1831,84;24963;0;0;0;;;;;;;;;
;;;7528;15:00:00;492;1,7808468;0;631,59;688,86;6467,4816;3789,54;3789,54;3297,54;28261;0;0;0;;;;;;;;;
;;;7529;16:00:00;52;2,6073496;0;13,72;15,82;140,4928;82,32;82,32;30,32;28291;0;0;0;;;;;;;;;
;;;7530;17:00:00;52;2,7377217;0;0;0;0;0;0;0;28239;52;0;0;;;;;;;;;
;;;7531;18:00:00;615,1;2,694835;0;0;0;0;0;0;0;27624;615,1;0;0;;;;;;;;;
;;;7532;19:00:00;639,1;1,6630907;0;0;0;0;0;0;0;26985;639,1;0;0;;;;;;;;;
;;;7533;20:00:00;2382,35;0,98944837;0;0;0;0;0;0;0;24602;2382,35;0;0;;;;;;;;;
;;;7534;21:00:00;4638,35;1,5617868;0;0;0;0;0;0;0;19964;4638,35;0;0;;;;;;;;;
;;;7535;22:00:00;608,35;1,4032793;0;0;0;0;0;0;0;19356;608,35;0;0;;;;;;;;;
;;;7536;23:00:00;798,35;2,112771;0;0;0;0;0;0;0;18557;798,35;0;0;;;;;;;;;
;;Domingo;7537;0:00:00;740,1;2,3349757;0;0;0;0;0;0;0;17817;740,1;0;0;;;;;;;;;
;;;7538;1:00:00;362;2,6371722;0;0;0;0;0;0;0;17455;362;0;0;;;;;;;;;
;;;7539;2:00:00;52;2,9193308;0;0;0;0;0;0;0;17403;52;0;0;;;;;;;;;
;;;7540;3:00:00;52;2,9190147;0;0;0;0;0;0;0;17351;52;0;0;;;;;;;;;
;;;7541;4:00:00;52;2,9820406;0;0;0;0;0;0;0;17299;52;0;0;;;;;;;;;
;;;7542;5:00:00;52;3,0215106;0;0;0;0;0;0;0;17247;52;0;0;;;;;;;;;
;;;7543;6:00:00;391,05;3,0754457;0;0;0;0;0;0;0;16856;391,05;0;0;;;;;;;;;
;;;7544;7:00:00;1508,35;3,0670815;0;0;0;0;0;0;0;15348;1508,35;0;0;;;;;;;;;
;;;7545;8:00:00;1303,35;2,8808126;0;34,76;40,07;355,9424;208,56;208,56;0;14253;1094,79;0;0;;;;;;;;;
;;;7546;9:00:00;1306,68;2,433333;0;211,97;250,26;2170,5728;1271,82;1271,82;0;14218;34,86;0;0;;;;;;;;;
;;;7547;10:00:00;1676,25;1,9313256;0;169,71;191;1737,8304;1018,26;1018,26;0;13560;657,99;0;0;;;;;;;;;
;;;7548;11:00:00;232;1,5101348;0;42,99;49,56;440,2176;257,94;257,94;25,94;13586;0;0;0;;;;;;;;;
;;;7549;12:00:00;52;1,2446917;0;44,82;51,67;458,9568;268,92;268,92;216,92;13803;0;0;0;;;;;;;;;
;;;7550;13:00:00;2755;1,3792042;0;766,95;447,35;7853,568;4601,7;4601,7;1846,7;15650;0;0;0;;;;;;;;;
;;;7551;14:00:00;2642;1,2305719;0;811,04;625,34;8305,0496;4866,24;4866,24;2224,24;17874;0;0;0;;;;;;;;;
;;;7552;15:00:00;492;1,2801015;0;31,1;35,85;318,464;186,6;186,6;0;17569;305,4;0;0;;;;;;;;;
;;;7553;16:00:00;52;1,3484964;0;48,7;59,14;498,688;292,2;292,2;240,2;17809;0;0;0;;;;;;;;;
;;;7554;17:00:00;52;1,7390592;0;0;0;0;0;0;0;17757;52;0;0;;;;;;;;;
;;;7555;18:00:00;615,1;1,4724021;0;0;0;0;0;0;0;17142;615,1;0;0;;;;;;;;;
;;;7556;19:00:00;639,1;0,9150255;0;0;0;0;0;0;0;16503;639,1;0;0;;;;;;;;;
;;;7557;20:00:00;2382,35;0,3271103;0;0;0;0;0;0;0;14120;2382,35;0;0;;;;;;;;;
;;;7558;21:00:00;4638,35;0,23152879;0;0;0;0;0;0;0;9482;4638,35;0;0;;;;;;;;;
;;;7559;22:00:00;608,35;0,9728583;0;0;0;0;0;0;0;8874;608,35;0;0;;;;;;;;;
;;;7560;23:00:00;798,35;1,0503685;0;0;0;0;0;0;0;8075;798,35;0;0;;;;;;;;;
;46;Lunes;7561;0:00:00;646,05;1,4762915;0;0;0;0;0;0;0;7429;646,05;0;0;;;;;;;;;
;;;7562;1:00:00;52;2,061214;0;0;0;0;0;0;0;7377;52;0;0;;;;;;;;;
;;;7563;2:00:00;52;2,2813845;0;0;0;0;0;0;0;7325;52;0;0;;;;;;;;;
;;;7564;3:00:00;52;2,410776;0;0;0;0;0;0;0;7273;52;0;0;;;;;;;;;
;;;7565;4:00:00;52;2,4701428;0;0;0;0;0;0;0;7221;52;0;0;;;;;;;;;
;;;7566;5:00:00;52;2,660416;0;0;0;0;0;0;0;7169;52;0;0;;;;;;;;;
;;;7567;6:00:00;1040,73;2,8065135;0;0;0;0;0;0;0;6128;1040,73;0;0;;;;;;;;;
;;;7568;7:00:00;1733,35;2,757777;0;0;0;0;0;0;0;4395;1733,35;0;0;;;;;;;;;
;;;7569;8:00:00;1603,35;2,6239758;0;86,03;122,97;880,9472;516,18;516,18;0;3308;1087,17;0;0;;;;;;;;;
;;;7570;9:00:00;108,43;1,9648257;0;165,78;193,66;1697,5872;994,68;994,68;886,25;4194;0;0;0;;;;;;;;;
;;;7571;10:00:00;52;1,388132;0;65,86;75,92;674,4064;395,16;395,16;343,16;4537;0;0;0;;;;;;;;;
;;;7572;11:00:00;52;0,70414984;0;254,95;256,9;2610,688;1529,7;1529,7;1477,7;6015;0;0;0;;;;;;;;;
;;;7573;12:00:00;52;0,3844233;0;865,97;250,33;8867,5328;5195,82;5195,82;5143,82;11159;0;0;0;;;;;;;;;
;;;7574;13:00:00;2788;0,40861163;0;804,52;449,67;8238,2848;4827,12;4827,12;2039,12;13198;0;0;0;;;;;;;;;
;;;7575;14:00:00;362;0,7322653;0;700,41;565,8;7172,1984;4202,46;4202,46;3840,46;17038;0;0;0;;;;;;;;;
;;;7576;15:00:00;492;1,3203886;0;117,8;134,88;1206,272;706,8;706,8;214,8;17253;0;0;0;;;;;;;;;
;;;7577;16:00:00;52;1,5298989;0;425,84;661,62;4360,6016;2555,04;2555,04;2503,04;19756;0;0;0;;;;;;;;;
;;;7578;17:00:00;52;1,5432549;0;0;0;0;0;0;0;19704;52;0;0;;;;;;;;;
;;;7579;18:00:00;485,1;1,3526291;0;0;0;0;0;0;0;19219;485,1;0;0;;;;;;;;;
;;;7580;19:00:00;2198,35;1,0622137;0;0;0;0;0;0;0;17021;2198,35;0;0;;;;;;;;;
;;;7581;20:00:00;2562,35;0,3058426;0;0;0;0;0;0;0;14459;2562,35;0;0;;;;;;;;;
;;;7582;21:00:00;3530,05;0,50268805;0;0;0;0;0;0;0;10928;3530,05;0;0;;;;;;;;;
;;;7583;22:00:00;608,35;1,3567212;0;0;0;0;0;0;0;10320;608,35;0;0;;;;;;;;;
;;;7584;23:00:00;798,35;1,8027494;0;0;0;0;0;0;0;9522;798,35;0;0;;;;;;;;;
;;Martes;7585;0:00:00;646,05;2,3352773;0;0;0;0;0;0;0;8876;646,05;0;0;;;;;;;;;
;;;7586;1:00:00;52;2,6066155;0;0;0;0;0;0;0;8824;52;0;0;;;;;;;;;
;;;7587;2:00:00;52;2,8483238;0;0;0;0;0;0;0;8772;52;0;0;;;;;;;;;
;;;7588;3:00:00;52;2,954927;0;0;0;0;0;0;0;8720;52;0;0;;;;;;;;;
;;;7589;4:00:00;52;3,0734725;0;0;0;0;0;0;0;8668;52;0;0;;;;;;;;;
;;;7590;5:00:00;52;3,1572874;0;0;0;0;0;0;0;8616;52;0;0;;;;;;;;;
;;;7591;6:00:00;1040,73;3,4541059;0;0;0;0;0;0;0;7575;1040,73;0;0;;;;;;;;;
;;;7592;7:00:00;1733,35;3,3077772;0;0;0;0;0;0;0;5842;1733,35;0;0;;;;;;;;;
;;;7593;8:00:00;1603,35;3,4034517;0;38,42;44,29;393,4208;230,52;230,52;0;4469;1372,83;0;0;;;;;;;;;
;;;7594;9:00:00;108,43;3,3396385;0;27,44;31,63;280,9856;164,64;164,64;56,21;4525;0;0;0;;;;;;;;;
;;;7595;10:00:00;52;2,3514464;0;77,75;89,63;796,16;466,5;466,5;414,5;4940;0;0;0;;;;;;;;;
;;;7596;11:00:00;52;1,6937733;0;72,26;83,3;739,9424;433,56;433,56;381,56;5321;0;0;0;;;;;;;;;
;;;7597;12:00:00;52;1,721412;0;58,54;67,48;599,4496;351,24;351,24;299,24;5620;0;0;0;;;;;;;;;
;;;7598;13:00:00;2788;2,4206147;0;60,37;69,6;618,1888;362,22;362,22;0;3195;2425,78;0;0;;;;;;;;;
;;;7599;14:00:00;362;2,6565647;0;33,84;39,01;346,5216;203,04;203,04;0;3036;158,96;0;0;;;;;;;;;
;;;7600;15:00:00;492;2,8991735;0;105,57;121,23;1081,0368;633,42;633,42;141,42;3177;0;0;0;;;;;;;;;
;;;7601;16:00:00;52;2,7305813;0;48,2;58,72;493,568;289,2;289,2;237,2;3414;0;0;0;;;;;;;;;
;;;7602;17:00:00;52;2,360737;0;0;0;0;0;0;0;3362;52;0;0;;;;;;;;;
;;;7603;18:00:00;485,1;3,2784727;0;0;0;0;0;0;0;2877;485,1;0;0;;;;;;;;;
;;;7604;19:00:00;2198,35;4,343643;0;0;0;0;0;0;0;679;2198,35;1519,62;0;;;;;;;;;
;;;7605;20:00:00;2562,35;4,588934;0;0;0;0;0;0;0;0;2562,35;2562,35;0;;;;;;;;;
;;;7606;21:00:00;3530,05;4,6621914;0;0;0;0;0;0;0;0;3530,05;3530,05;0;;;;;;;;;
;;;7607;22:00:00;608,35;4,519195;0;0;0;0;0;0;0;0;608,35;608,35;0;;;;;;;;;
;;;7608;23:00:00;798,35;5,968556;0;0;0;0;0;0;0;0;798,35;798,35;0;;;;;;;;;
;;Miércoles;7609;0:00:00;646,05;5,8646436;0;0;0;0;0;0;0;0;646,05;646,05;0;;;;;;;;;
;;;7610;1:00:00;52;5,5095863;0;0;0;0;0;0;0;0;52;52;0;;;;;;;;;
;;;7611;2:00:00;52;5,3677506;0;0;0;0;0;0;0;0;52;52;0;;;;;;;;;
;;;7612;3:00:00;52;5,8810387;0;0;0;0;0;0;0;0;52;52;0;;;;;;;;;
;;;7613;4:00:00;52;6,428896;0;0;0;0;0;0;0;0;52;52;0;;;;;;;;;
;;;7614;5:00:00;52;7,1821666;0;0;0;0;0;0;0;0;52;52;0;;;;;;;;;
;;;7615;6:00:00;1040,73;7,2893295;0;0;0;0;0;0;0;0;1040,73;1040,73;0;;;;;;;;;
;;;7616;7:00:00;1733,35;7,1358805;0;0;0;0;0;0;0;0;1733,35;1733,35;0;;;;;;;;;
;;;7617;8:00:00;1603,35;6,9553113;0;35,67;41,12;365,2608;214,02;214,02;0;0;1389,33;1389,33;0;;;;;;;;;
;;;7618;9:00:00;108,43;6,610703;0;32,93;37,97;337,2032;197,58;197,58;89,15;89;0;0;0;;;;;;;;;
;;;7619;10:00:00;52;7,123957;0;42,99;49,56;440,2176;257,94;257,94;205,94;295;0;0;0;;;;;;;;;
;;;7620;11:00:00;52;6,884679;0;42,08;48,51;430,8992;252,48;252,48;200,48;496;0;0;0;;;;;;;;;
;;;7621;12:00:00;52;7,6224103;0;52,14;60,1;533,9136;312,84;312,84;260,84;756;0;0;0;;;;;;;;;
;;;7622;13:00:00;2788;6,7494183;0;41,16;47,45;421,4784;246,96;246,96;0;0;2541,04;2541,04;0;;;;;;;;;
;;;7623;14:00:00;362;6,6616383;0;51,22;59,06;524,4928;307,32;307,32;0;0;54,68;54,68;0;;;;;;;;;
;;;7624;15:00:00;492;5,912501;0;55,8;64,33;571,392;334,8;334,8;0;0;157,2;157,2;0;;;;;;;;;
;;;7625;16:00:00;52;5,1247616;0;45,36;55,75;464,4864;272,16;272,16;220,16;220;0;0;0;;;;;;;;;
;;;7626;17:00:00;52;5,071293;0;0;0;0;0;0;0;168;52;0;0;;;;;;;;;
;;;7627;18:00:00;485,1;5,2405014;0;0;0;0;0;0;0;0;485,1;485,1;0;;;;;;;;;
;;;7628;19:00:00;2198,35;5,151576;0;0;0;0;0;0;0;0;2198,35;2198,35;0;;;;;;;;;
;;;7629;20:00:00;2562,35;4,919356;0;0;0;0;0;0;0;0;2562,35;2562,35;0;;;;;;;;;
;;;7630;21:00:00;3530,05;4,7452106;0;0;0;0;0;0;0;0;3530,05;3530,05;0;;;;;;;;;
;;;7631;22:00:00;608,35;4,1114435;0;0;0;0;0;0;0;0;608,35;608,35;0;;;;;;;;;
;;;7632;23:00:00;798,35;4,065512;0;0;0;0;0;0;0;0;798,35;798,35;0;;;;;;;;;
;;Jueves;7633;0:00:00;646,05;3,7268987;0;0;0;0;0;0;0;0;646,05;646,05;0;;;;;;;;;
;;;7634;1:00:00;52;3,1674798;0;0;0;0;0;0;0;0;52;52;0;;;;;;;;;
;;;7635;2:00:00;52;3,214764;0;0;0;0;0;0;0;0;52;52;0;;;;;;;;;
;;;7636;3:00:00;52;3,6361947;0;0;0;0;0;0;0;0;52;52;0;;;;;;;;;
;;;7637;4:00:00;52;3,7501283;0;0;0;0;0;0;0;0;52;52;0;;;;;;;;;
;;;7638;5:00:00;52;4,264081;0;0;0;0;0;0;0;0;52;52;0;;;;;;;;;
;;;7639;6:00:00;1040,73;3,834273;0;0;0;0;0;0;0;0;1040,73;1040,73;0;;;;;;;;;
;;;7640;7:00:00;1733,35;4,114207;0;0;0;0;0;0;0;0;1733,35;1733,35;0;;;;;;;;;
;;;7641;8:00:00;1603,35;4,375309;0;162,29;327,35;1661,8496;973,74;973,74;0;0;629,61;629,61;0;;;;;;;;;
;;;7642;9:00:00;108,43;4,5907803;0;438,97;520,26;4495,0528;2633,82;2633,82;2525,39;2525;0;0;0;;;;;;;;;
;;;7643;10:00:00;52;5,804613;0;690,95;449,94;7075,328;4145,7;4145,7;4093,7;6619;0;0;0;;;;;;;;;
;;;7644;11:00:00;52;5,705322;0;835,64;263,25;8556,9536;5013,84;5013,84;4961,84;11581;0;0;0;;;;;;;;;
;;;7645;12:00:00;52;5,0728955;0;940,74;222,03;9633,1776;5644,44;5644,44;5592,44;17173;0;0;0;;;;;;;;;
;;;7646;13:00:00;2788;4,4636583;0;873,33;454,38;8942,8992;5239,98;5239,98;2451,98;19625;0;0;0;;;;;;;;;
;;;7647;14:00:00;362;4,304837;0;859,93;645,74;8805,6832;5159,58;5159,58;4797,58;24423;0;0;0;;;;;;;;;
;;;7648;15:00:00;492;4,7167506;0;357,47;397,47;3660,4928;2144,82;2144,82;1652,82;26076;0;0;0;;;;;;;;;
;;;7649;16:00:00;52;4,510117;0;79,38;106,98;812,8512;476,28;476,28;424,28;26500;0;0;0;;;;;;;;;
;;;7650;17:00:00;52;4,403789;0;0;0;0;0;0;0;26448;52;0;0;;;;;;;;;
;;;7651;18:00:00;485,1;4,2496324;0;0;0;0;0;0;0;25963;485,1;0;0;;;;;;;;;
;;;7652;19:00:00;2198,35;4,345145;0;0;0;0;0;0;0;23765;2198,35;0;0;;;;;;;;;
;;;7653;20:00:00;2562,35;4,4029217;0;0;0;0;0;0;0;21202;2562,35;0;0;;;;;;;;;
;;;7654;21:00:00;3530,05;4,429305;0;0;0;0;0;0;0;17672;3530,05;0;0;;;;;;;;;
;;;7655;22:00:00;608,35;4,272048;0;0;0;0;0;0;0;17064;608,35;0;0;;;;;;;;;
;;;7656;23:00:00;798,35;3,5736773;0;0;0;0;0;0;0;16265;798,35;0;0;;;;;;;;;
;;Viernes;7657;0:00:00;646,05;3,0319233;0;0;0;0;0;0;0;15619;646,05;0;0;;;;;;;;;
;;;7658;1:00:00;52;2,570672;0;0;0;0;0;0;0;15567;52;0;0;;;;;;;;;
;;;7659;2:00:00;52;2,0493398;0;0;0;0;0;0;0;15515;52;0;0;;;;;;;;;
;;;7660;3:00:00;52;1,9910533;0;0;0;0;0;0;0;15463;52;0;0;;;;;;;;;
;;;7661;4:00:00;52;2,1719031;0;0;0;0;0;0;0;15411;52;0;0;;;;;;;;;
;;;7662;5:00:00;52;2,1344805;0;0;0;0;0;0;0;15359;52;0;0;;;;;;;;;
;;;7663;6:00:00;1040,73;1,9592385;0;0;0;0;0;0;0;14319;1040,73;0;0;;;;;;;;;
;;;7664;7:00:00;1733,35;1,9958572;0;0;0;0;0;0;0;12585;1733,35;0;0;;;;;;;;;
;;;7665;8:00:00;1603,35;2,2026174;0;134,13;251,84;1373,4912;804,78;804,78;0;11787;798,57;0;0;;;;;;;;;
;;;7666;9:00:00;108,43;2,3098705;0;177,37;208,57;1816,2688;1064,22;1064,22;955,79;12743;0;0;0;;;;;;;;;
;;;7667;10:00:00;52;2,986583;0;255;259,26;2611,2;1530;1530;1478;14221;0;0;0;;;;;;;;;
;;;7668;11:00:00;52;3,5701706;0;687,69;301,77;7041,9456;4126,14;4126,14;4074,14;18295;0;0;0;;;;;;;;;
;;;7669;12:00:00;52;3,5775046;0;900,47;231,63;9220,8128;5402,82;5402,82;5350,82;23646;0;0;0;;;;;;;;;
;;;7670;13:00:00;2788;3,5455134;0;933,58;453,06;9559,8592;5601,48;5601,48;2813,48;26459;0;0;0;;;;;;;;;
;;;7671;14:00:00;362;3,5262063;0;439,4;397,55;4499,456;2636,4;2636,4;2274,4;28733;0;0;0;;;;;;;;;
;;;7672;15:00:00;492;3,2909882;0;711,12;761,51;7281,8688;4266,72;4266,72;3774,72;32508;0;0;0;;;;;;;;;
;;;7673;16:00:00;52;2,5467877;0;524,78;845,09;5373,7472;3148,68;3148,68;3096,68;35605;0;0;0;;;;;;;;;
;;;7674;17:00:00;52;1,8201362;0;0;0;0;0;0;0;35553;52;0;0;;;;;;;;;
;;;7675;18:00:00;485,1;1,6935089;0;0;0;0;0;0;0;35068;485,1;0;0;;;;;;;;;
;;;7676;19:00:00;2198,35;1,4095508;0;0;0;0;0;0;0;32869;2198,35;0;0;;;;;;;;;
;;;7677;20:00:00;2562,35;1,3421276;0;0;0;0;0;0;0;30307;2562,35;0;0;;;;;;;;;
;;;7678;21:00:00;3530,05;1,3136604;0;0;0;0;0;0;0;26777;3530,05;0;0;;;;;;;;;
;;;7679;22:00:00;608,35;1,1842395;0;0;0;0;0;0;0;26169;608,35;0;0;;;;;;;;;
;;;7680;23:00:00;798,35;1,4443567;0;0;0;0;0;0;0;25370;798,35;0;0;;;;;;;;;
;;Sábado;7681;0:00:00;740,1;1,5055088;0;0;0;0;0;0;0;24630;740,1;0;0;;;;;;;;;
;;;7682;1:00:00;362;1,4552953;0;0;0;0;0;0;0;24268;362;0;0;;;;;;;;;
;;;7683;2:00:00;52;1,6064167;0;0;0;0;0;0;0;24216;52;0;0;;;;;;;;;
;;;7684;3:00:00;52;1,9218639;0;0;0;0;0;0;0;24164;52;0;0;;;;;;;;;
;;;7685;4:00:00;52;2,1564434;0;0;0;0;0;0;0;24112;52;0;0;;;;;;;;;
;;;7686;5:00:00;52;2,3779943;0;0;0;0;0;0;0;24060;52;0;0;;;;;;;;;
;;;7687;6:00:00;391,05;2,4851665;0;0;0;0;0;0;0;23669;391,05;0;0;;;;;;;;;
;;;7688;7:00:00;1508,35;2,5620668;0;0;0;0;0;0;0;22161;1508,35;0;0;;;;;;;;;
;;;7689;8:00:00;1303,35;2,521648;0;190,14;415,44;1947,0336;1140,84;1140,84;0;21998;162,51;0;0;;;;;;;;;
;;;7690;9:00:00;1306,68;2,1776903;0;428,48;510,24;4387,6352;2570,88;2570,88;1264,2;23262;0;0;0;;;;;;;;;
;;;7691;10:00:00;1676,25;1,8386372;0;664,32;441,47;6802,6368;3985,92;3985,92;2309,67;25572;0;0;0;;;;;;;;;
;;;7692;11:00:00;232;1,9099942;0;823,84;264,46;8436,1216;4943,04;4943,04;4711,04;30283;0;0;0;;;;;;;;;
;;;7693;12:00:00;52;1,5423611;0;933,82;218,19;9562,3168;5602,92;5602,92;5550,92;35834;0;0;1385;;;;;;;;;
;;;7694;13:00:00;2755;1,0424718;0;924,66;450,63;9468,5184;5547,96;5547,96;2792,96;38627;0;0;1420;;;;;;;;;
;;;7695;14:00:00;2642;0,3599279;0;870,05;646,54;8909,312;5220,3;5220,3;2578,3;40000;0;0;2578,3;;;;;;;;;
;;;7696;15:00:00;492;0,18839216;0;702,4;752,08;7192,576;4214,4;4214,4;3722,4;40000;0;0;3722,4;;;;;;;;;
;;;7697;16:00:00;52;0,47469276;0;514,6;826,65;5269,504;3087,6;3087,6;3035,6;40000;0;0;3035,6;;;;;;;;;
;;;7698;17:00:00;52;0,84509623;0;0;0;0;0;0;0;39948;52;0;0;;;;;;;;;
;;;7699;18:00:00;615,1;1,1946301;0;0;0;0;0;0;0;39333;615,1;0;0;;;;;;;;;
;;;7700;19:00:00;639,1;1,4315625;0;0;0;0;0;0;0;38694;639,1;0;0;;;;;;;;;
;;;7701;20:00:00;2382,35;1,3392789;0;0;0;0;0;0;0;36311;2382,35;0;0;;;;;;;;;
;;;7702;21:00:00;4638,35;1,3461604;0;0;0;0;0;0;0;31673;4638,35;0;0;;;;;;;;;
;;;7703;22:00:00;608,35;1,1381156;0;0;0;0;0;0;0;31065;608,35;0;0;;;;;;;;;
;;;7704;23:00:00;798,35;1,7425013;0;0;0;0;0;0;0;30266;798,35;0;0;;;;;;;;;
;;Domingo;7705;0:00:00;740,1;1,8401214;0;0;0;0;0;0;0;29526;740,1;0;0;;;;;;;;;
;;;7706;1:00:00;362;1,81607;0;0;0;0;0;0;0;29164;362;0;0;;;;;;;;;
;;;7707;2:00:00;52;1,8260691;0;0;0;0;0;0;0;29112;52;0;0;;;;;;;;;
;;;7708;3:00:00;52;1,9385384;0;0;0;0;0;0;0;29060;52;0;0;;;;;;;;;
;;;7709;4:00:00;52;2,201092;0;0;0;0;0;0;0;29008;52;0;0;;;;;;;;;
;;;7710;5:00:00;52;2,4831502;0;0;0;0;0;0;0;28956;52;0;0;;;;;;;;;
;;;7711;6:00:00;391,05;2,7625065;0;0;0;0;0;0;0;28565;391,05;0;0;;;;;;;;;
;;;7712;7:00:00;1508,35;2,8147736;0;0;0;0;0;0;0;27057;1508,35;0;0;;;;;;;;;
;;;7713;8:00:00;1303,35;2,6486201;0;94,03;151,82;962,8672;564,18;564,18;0;26318;739,17;0;0;;;;;;;;;
;;;7714;9:00:00;1306,68;2,0124786;0;259,74;312,02;2659,7376;1558,44;1558,44;251,76;26569;0;0;0;;;;;;;;;
;;;7715;10:00:00;1676,25;1,4704044;0;609,27;428,73;6238,9248;3655,62;3655,62;1979,37;28549;0;0;0;;;;;;;;;
;;;7716;11:00:00;232;0,91509604;0;711,25;294,34;7283,2;4267,5;4267,5;4035,5;32584;0;0;0;;;;;;;;;
;;;7717;12:00:00;52;0,26728934;0;647,46;295,37;6629,9904;3884,76;3884,76;3832,76;36417;0;0;249,88;;;;;;;;;
;;;7718;13:00:00;2755;0,7802223;0;282,73;274,39;2895,1552;1696,38;1696,38;0;35359;1058,62;0;0;;;;;;;;;
;;;7719;14:00:00;2642;1,6501808;0;114,34;131,81;1170,8416;686,04;686,04;0;33403;1955,96;0;0;;;;;;;;;
;;;7720;15:00:00;492;2,075831;0;56,71;65,38;580,7104;340,26;340,26;0;33251;151,74;0;0;;;;;;;;;
;;;7721;16:00:00;52;2,0499341;0;67,61;89,68;692,3264;405,66;405,66;353,66;33604;0;0;0;;;;;;;;;
;;;7722;17:00:00;52;1,6805806;0;0;0;0;0;0;0;33552;52;0;0;;;;;;;;;
;;;7723;18:00:00;615,1;1,689765;0;0;0;0;0;0;0;32937;615,1;0;0;;;;;;;;;
;;;7724;19:00:00;639,1;1,0257392;0;0;0;0;0;0;0;32298;639,1;0;0;;;;;;;;;
;;;7725;20:00:00;2382,35;1,0228993;0;0;0;0;0;0;0;29916;2382,35;0;0;;;;;;;;;
;;;7726;21:00:00;4638,35;1,1609861;0;0;0;0;0;0;0;25278;4638,35;0;0;;;;;;;;;
;;;7727;22:00:00;608,35;1,8132635;0;0;0;0;0;0;0;24669;608,35;0;0;;;;;;;;;
;;;7728;23:00:00;798,35;2,2095144;0;0;0;0;0;0;0;23871;798,35;0;0;;;;;;;;;
;47;Lunes;7729;0:00:00;646,05;1,8912904;0;0;0;0;0;0;0;23225;646,05;0;0;;;;;;;;;
;;;7730;1:00:00;52;1,8644712;0;0;0;0;0;0;0;23173;52;0;0;;;;;;;;;
;;;7731;2:00:00;52;1,9838427;0;0;0;0;0;0;0;23121;52;0;0;;;;;;;;;
;;;7732;3:00:00;52;2,0406172;0;0;0;0;0;0;0;23069;52;0;0;;;;;;;;;
;;;7733;4:00:00;52;2,1571329;0;0;0;0;0;0;0;23017;52;0;0;;;;;;;;;
;;;7734;5:00:00;52;2,306097;0;0;0;0;0;0;0;22965;52;0;0;;;;;;;;;
;;;7735;6:00:00;1040,73;2,327039;0;0;0;0;0;0;0;21924;1040,73;0;0;;;;;;;;;
;;;7736;7:00:00;1733,35;1,88704;0;0;0;0;0;0;0;20191;1733,35;0;0;;;;;;;;;
;;;7737;8:00:00;1603,35;2,0423853;0;108,21;190,9;1108,0704;649,26;649,26;0;19237;954,09;0;0;;;;;;;;;
;;;7738;9:00:00;108,43;1,7463858;0;143,88;168,06;1473,3312;863,28;863,28;754,85;19991;0;0;0;;;;;;;;;
;;;7739;10:00:00;52;1,8946127;0;620,89;430,07;6357,9136;3725,34;3725,34;3673,34;23665;0;0;0;;;;;;;;;
;;;7740;11:00:00;52;1,0173128;0;537,63;308,6;5505,3312;3225,78;3225,78;3173,78;26839;0;0;0;;;;;;;;;
;;;7741;12:00:00;52;1,0785761;0;723,92;278,46;7412,9408;4343,52;4343,52;4291,52;31130;0;0;0;;;;;;;;;
;;;7742;13:00:00;2788;1,5707239;0;611,25;400,99;6259,2;3667,5;3667,5;879,5;32010;0;0;0;;;;;;;;;
;;;7743;14:00:00;362;1,8769029;0;460,22;408,49;4712,6528;2761,32;2761,32;2399,32;34409;0;0;0;;;;;;;;;
;;;7744;15:00:00;492;2,0307305;0;252,21;281,53;2582,6304;1513,26;1513,26;1021,26;35430;0;0;0;;;;;;;;;
;;;7745;16:00:00;52;1,1291773;0;98,13;137,91;1004,8512;588,78;588,78;536,78;35967;0;0;0;;;;;;;;;
;;;7746;17:00:00;52;1,6593317;0;0;0;0;0;0;0;35915;52;0;0;;;;;;;;;
;;;7747;18:00:00;485,1;1,3114036;0;0;0;0;0;0;0;35430;485,1;0;0;;;;;;;;;
;;;7748;19:00:00;2198,35;0,6372915;0;0;0;0;0;0;0;33232;2198,35;0;0;;;;;;;;;
;;;7749;20:00:00;2562,35;1,2253861;0;0;0;0;0;0;0;30669;2562,35;0;0;;;;;;;;;
;;;7750;21:00:00;3530,05;1,3564222;0;0;0;0;0;0;0;27139;3530,05;0;0;;;;;;;;;
;;;7751;22:00:00;608,35;1,3990681;0;0;0;0;0;0;0;26531;608,35;0;0;;;;;;;;;
;;;7752;23:00:00;798,35;1,5876622;0;0;0;0;0;0;0;25732;798,35;0;0;;;;;;;;;
;;Martes;7753;0:00:00;646,05;1,595302;0;0;0;0;0;0;0;25086;646,05;0;0;;;;;;;;;
;;;7754;1:00:00;52;1,7646614;0;0;0;0;0;0;0;25034;52;0;0;;;;;;;;;
;;;7755;2:00:00;52;2,0212164;0;0;0;0;0;0;0;24982;52;0;0;;;;;;;;;
;;;7756;3:00:00;52;2,1643422;0;0;0;0;0;0;0;24930;52;0;0;;;;;;;;;
;;;7757;4:00:00;52;2,3417733;0;0;0;0;0;0;0;24878;52;0;0;;;;;;;;;
;;;7758;5:00:00;52;2,5571628;0;0;0;0;0;0;0;24826;52;0;0;;;;;;;;;
;;;7759;6:00:00;1040,73;2,804967;0;0;0;0;0;0;0;23786;1040,73;0;0;;;;;;;;;
;;;7760;7:00:00;1733,35;3,0147607;0;0;0;0;0;0;0;22052;1733,35;0;0;;;;;;;;;
;;;7761;8:00:00;1603,35;3,289257;0;26,53;30,58;271,6672;159,18;159,18;0;20608;1444,17;0;0;;;;;;;;;
;;;7762;9:00:00;108,43;3,0456889;0;50,31;58;515,1744;301,86;301,86;193,43;20802;0;0;0;;;;;;;;;
;;;7763;10:00:00;52;2,7822905;0;122,57;141,3;1255,1168;735,42;735,42;683,42;21485;0;0;0;;;;;;;;;
;;;7764;11:00:00;52;3,118419;0;207,21;220,8;2121,8304;1243,26;1243,26;1191,26;22676;0;0;0;;;;;;;;;
;;;7765;12:00:00;52;3,4484363;0;246,19;245;2520,9856;1477,14;1477,14;1425,14;24101;0;0;0;;;;;;;;;
;;;7766;13:00:00;2788;3,3567798;0;222,01;233,56;2273,3824;1332,06;1332,06;0;22645;1455,94;0;0;;;;;;;;;
;;;7767;14:00:00;362;3,0891175;0;413,75;375,47;4236,8;2482,5;2482,5;2120,5;24766;0;0;0;;;;;;;;;
;;;7768;15:00:00;492;2,6836028;0;202,16;226,79;2070,1184;1212,96;1212,96;720,96;25487;0;0;0;;;;;;;;;
;;;7769;16:00:00;52;2,9693015;0;195,67;297,99;2003,6608;1174,02;1174,02;1122,02;26609;0;0;0;;;;;;;;;
;;;7770;17:00:00;52;3,6873639;0;0;0;0;0;0;0;26557;52;0;0;;;;;;;;;
;;;7771;18:00:00;485,1;4,5447993;0;0;0;0;0;0;0;26072;485,1;0;0;;;;;;;;;
;;;7772;19:00:00;2198,35;5,197141;0;0;0;0;0;0;0;23873;2198,35;0;0;;;;;;;;;
;;;7773;20:00:00;2562,35;5,426246;0;0;0;0;0;0;0;21311;2562,35;0;0;;;;;;;;;
;;;7774;21:00:00;3530,05;5,420553;0;0;0;0;0;0;0;17781;3530,05;0;0;;;;;;;;;
;;;7775;22:00:00;608,35;5,2038846;0;0;0;0;0;0;0;17173;608,35;0;0;;;;;;;;;
;;;7776;23:00:00;798,35;5,203853;0;0;0;0;0;0;0;16374;798,35;0;0;;;;;;;;;
;;Miércoles;7777;0:00:00;646,05;5,3333707;0;0;0;0;0;0;0;15728;646,05;0;0;;;;;;;;;
;;;7778;1:00:00;52;5,315939;0;0;0;0;0;0;0;15676;52;0;0;;;;;;;;;
;;;7779;2:00:00;52;5,472957;0;0;0;0;0;0;0;15624;52;0;0;;;;;;;;;
;;;7780;3:00:00;52;5,552804;0;0;0;0;0;0;0;15572;52;0;0;;;;;;;;;
;;;7781;4:00:00;52;5,709594;0;0;0;0;0;0;0;15520;52;0;0;;;;;;;;;
;;;7782;5:00:00;52;5,7914124;0;0;0;0;0;0;0;15468;52;0;0;;;;;;;;;
;;;7783;6:00:00;1040,73;5,7597756;0;0;0;0;0;0;0;14428;1040,73;0;0;;;;;;;;;
;;;7784;7:00:00;1733,35;5,5496564;0;0;0;0;0;0;0;12694;1733,35;0;0;;;;;;;;;
;;;7785;8:00:00;1603,35;5,3780794;0;127,43;249,5;1304,8832;764,58;764,58;0;11855;838,77;0;0;;;;;;;;;
;;;7786;9:00:00;108,43;4,96044;0;263,84;318,72;2701,7216;1583,04;1583,04;1474,61;13330;0;0;0;;;;;;;;;
;;;7787;10:00:00;52;4,6991706;0;447,19;365,46;4579,2256;2683,14;2683,14;2631,14;15961;0;0;0;;;;;;;;;
;;;7788;11:00:00;52;5,0520225;0;209,31;221,33;2143,3344;1255,86;1255,86;1203,86;17165;0;0;0;;;;;;;;;
;;;7789;12:00:00;52;4,9021916;0;261,95;251,81;2682,368;1571,7;1571,7;1519,7;18685;0;0;0;;;;;;;;;
;;;7790;13:00:00;2788;4,7897196;0;186,97;205,28;1914,5728;1121,82;1121,82;0;17019;1666,18;0;0;;;;;;;;;
;;;7791;14:00:00;362;4,5625315;0;125,26;143,22;1282,6624;751,56;751,56;389,56;17408;0;0;0;;;;;;;;;
;;;7792;15:00:00;492;4,7235413;0;90,54;104,06;927,1296;543,24;543,24;51,24;17459;0;0;0;;;;;;;;;
;;;7793;16:00:00;52;5,0507765;0;41,95;52,12;429,568;251,7;251,7;199,7;17659;0;0;0;;;;;;;;;
;;;7794;17:00:00;52;5,3500447;0;0;0;0;0;0;0;17607;52;0;0;;;;;;;;;
;;;7795;18:00:00;485,1;5,724505;0;0;0;0;0;0;0;17122;485,1;0;0;;;;;;;;;
;;;7796;19:00:00;2198,35;5,8288655;0;0;0;0;0;0;0;14924;2198,35;0;0;;;;;;;;;
;;;7797;20:00:00;2562,35;5,876532;0;0;0;0;0;0;0;12361;2562,35;0;0;;;;;;;;;
;;;7798;21:00:00;3530,05;5,997537;0;0;0;0;0;0;0;8831;3530,05;0;0;;;;;;;;;
;;;7799;22:00:00;608,35;6,096891;0;0;0;0;0;0;0;8223;608,35;0;0;;;;;;;;;
;;;7800;23:00:00;798,35;6,637943;0;0;0;0;0;0;0;7425;798,35;0;0;;;;;;;;;
;;Jueves;7801;0:00:00;646,05;6,782308;0;0;0;0;0;0;0;6779;646,05;0;0;;;;;;;;;
;;;7802;1:00:00;52;6,861211;0;0;0;0;0;0;0;6727;52;0;0;;;;;;;;;
;;;7803;2:00:00;52;6,7574973;0;0;0;0;0;0;0;6675;52;0;0;;;;;;;;;
;;;7804;3:00:00;52;6,481596;0;0;0;0;0;0;0;6623;52;0;0;;;;;;;;;
;;;7805;4:00:00;52;6,3250074;0;0;0;0;0;0;0;6571;52;0;0;;;;;;;;;
;;;7806;5:00:00;52;6,317639;0;0;0;0;0;0;0;6519;52;0;0;;;;;;;;;
;;;7807;6:00:00;1040,73;6,6555586;0;0;0;0;0;0;0;5478;1040,73;0;0;;;;;;;;;
;;;7808;7:00:00;1733,35;7,2734747;0;0;0;0;0;0;0;3744;1733,35;0;0;;;;;;;;;
;;;7809;8:00:00;1603,35;7,826099;0;101,76;181,84;1042,0224;610,56;610,56;0;2752;992,79;0;0;;;;;;;;;
;;;7810;9:00:00;108,43;7,8509436;0;364,33;441,94;3730,7392;2185,98;2185,98;2077,55;4829;0;0;0;;;;;;;;;
;;;7811;10:00:00;52;6,4242125;0;107,02;123,37;1095,8848;642,12;642,12;590,12;5419;0;0;0;;;;;;;;;
;;;7812;11:00:00;52;6,8612614;0;166,85;186,99;1708,544;1001,1;1001,1;949,1;6368;0;0;0;;;;;;;;;
;;;7813;12:00:00;52;6,697331;0;837,64;231,96;8577,4336;5025,84;5025,84;4973,84;11342;0;0;0;;;;;;;;;
;;;7814;13:00:00;2788;7,016066;0;146,83;167,58;1503,5392;880,98;880,98;0;9435;1907,02;0;0;;;;;;;;;
;;;7815;14:00:00;362;7,272649;0;57,63;66,44;590,1312;345,78;345,78;0;9419;16,22;0;0;;;;;;;;;
;;;7816;15:00:00;492;7,1181917;0;44,82;51,67;458,9568;268,92;268,92;0;9196;223,08;0;0;;;;;;;;;
;;;7817;16:00:00;52;7,4902368;0;44,99;55,79;460,6976;269,94;269,94;217,94;9414;0;0;0;;;;;;;;;
;;;7818;17:00:00;52;8,049803;0;0;0;0;0;0;0;9362;52;0;0;;;;;;;;;
;;;7819;18:00:00;485,1;8,599557;0;0;0;0;0;0;0;8877;485,1;0;0;;;;;;;;;
;;;7820;19:00:00;2198,35;8,725592;0;0;0;0;0;0;0;6678;2198,35;0;0;;;;;;;;;
;;;7821;20:00:00;2562,35;8,773208;0;0;0;0;0;0;0;4116;2562,35;0;0;;;;;;;;;
;;;7822;21:00:00;3530,05;9,109571;0;0;0;0;0;0;0;586;3530,05;2944,03;0;;;;;;;;;
;;;7823;22:00:00;608,35;8,060037;0;0;0;0;0;0;0;0;608,35;608,35;0;;;;;;;;;
;;;7824;23:00:00;798,35;8,979038;0;0;0;0;0;0;0;0;798,35;798,35;0;;;;;;;;;
;;Viernes;7825;0:00:00;646,05;9,522551;0;0;0;0;0;0;0;0;646,05;646,05;0;;;;;;;;;
;;;7826;1:00:00;52;9,7993765;0;0;0;0;0;0;0;0;52;52;0;;;;;;;;;
;;;7827;2:00:00;52;9,815258;0;0;0;0;0;0;0;0;52;52;0;;;;;;;;;
;;;7828;3:00:00;52;9,235527;0;0;0;0;0;0;0;0;52;52;0;;;;;;;;;
;;;7829;4:00:00;52;8,623485;0;0;0;0;0;0;0;0;52;52;0;;;;;;;;;
;;;7830;5:00:00;52;8,0525875;0;0;0;0;0;0;0;0;52;52;0;;;;;;;;;
;;;7831;6:00:00;1040,73;7,462857;0;0;0;0;0;0;0;0;1040,73;1040,73;0;;;;;;;;;
;;;7832;7:00:00;1733,35;6,9987035;0;0;0;0;0;0;0;0;1733,35;1733,35;0;;;;;;;;;
;;;7833;8:00:00;1603,35;6,189998;0;62,08;87,09;635,6992;372,48;372,48;0;0;1230,87;1230,87;0;;;;;;;;;
;;;7834;9:00:00;108,43;4,355184;0;108,76;126,09;1113,7024;652,56;652,56;544,13;544;0;0;0;;;;;;;;;
;;;7835;10:00:00;52;1,8544141;0;0;0;0;0;0;0;492;52;0;0;;;;;;;;;
;;;7836;11:00:00;52;1,9947828;0;43,91;50,62;449,6384;263,46;263,46;211,46;704;0;0;0;;;;;;;;;
;;;7837;12:00:00;52;2,044782;0;420,41;287,54;4304,9984;2522,46;2522,46;2470,46;3174;0;0;0;;;;;;;;;
;;;7838;13:00:00;2788;1,5896435;0;777,26;425,72;7959,1424;4663,56;4663,56;1875,56;5050;0;0;0;;;;;;;;;
;;;7839;14:00:00;362;1,2698407;0;590,91;487,02;6050,9184;3545,46;3545,46;3183,46;8233;0;0;0;;;;;;;;;
;;;7840;15:00:00;492;1,1618651;0;708,33;748,96;7253,2992;4249,98;4249,98;3757,98;11991;0;0;0;;;;;;;;;
;;;7841;16:00:00;52;1,9868834;0;474,32;749,52;4857,0368;2845,92;2845,92;2793,92;14785;0;0;0;;;;;;;;;
;;;7842;17:00:00;52;2,904203;0;0;0;0;0;0;0;14733;52;0;0;;;;;;;;;
;;;7843;18:00:00;485,1;3,055263;0;0;0;0;0;0;0;14248;485,1;0;0;;;;;;;;;
;;;7844;19:00:00;2198,35;2,5912762;0;0;0;0;0;0;0;12050;2198,35;0;0;;;;;;;;;
;;;7845;20:00:00;2562,35;2,3685675;0;0;0;0;0;0;0;9487;2562,35;0;0;;;;;;;;;
;;;7846;21:00:00;3530,05;2,4680429;0;0;0;0;0;0;0;5957;3530,05;0;0;;;;;;;;;
;;;7847;22:00:00;608,35;3,2524629;0;0;0;0;0;0;0;5349;608,35;0;0;;;;;;;;;
;;;7848;23:00:00;798,35;2,980273;0;0;0;0;0;0;0;4550;798,35;0;0;;;;;;;;;
;;Sábado;7849;0:00:00;740,1;2,4320374;0;0;0;0;0;0;0;3810;740,1;0;0;;;;;;;;;
;;;7850;1:00:00;362;2,1958468;0;0;0;0;0;0;0;3448;362;0;0;;;;;;;;;
;;;7851;2:00:00;52;2,5414376;0;0;0;0;0;0;0;3396;52;0;0;;;;;;;;;
;;;7852;3:00:00;52;2,7192752;0;0;0;0;0;0;0;3344;52;0;0;;;;;;;;;
;;;7853;4:00:00;52;2,6239479;0;0;0;0;0;0;0;3292;52;0;0;;;;;;;;;
;;;7854;5:00:00;52;2,1800566;0;0;0;0;0;0;0;3240;52;0;0;;;;;;;;;
;;;7855;6:00:00;391,05;1,5157977;0;0;0;0;0;0;0;2849;391,05;0;0;;;;;;;;;
;;;7856;7:00:00;1508,35;1,0648148;0;0;0;0;0;0;0;1341;1508,35;167,43;0;;;;;;;;;
;;;7857;8:00:00;1303,35;0,5988305;0;161,66;356,22;1655,3984;969,96;969,96;0;1008;333,39;0;0;;;;;;;;;
;;;7858;9:00:00;1306,68;0,19553193;0;403,31;489,53;4129,8944;2419,86;2419,86;1113,18;2121;0;0;0;;;;;;;;;
;;;7859;10:00:00;1676,25;0,20701325;0;629,66;434,2;6447,7184;3777,96;3777,96;2101,71;4222;0;0;0;;;;;;;;;
;;;7860;11:00:00;232;0,1139479;0;789,89;272,84;8088,4736;4739,34;4739,34;4507,34;8730;0;0;0;;;;;;;;;
;;;7861;12:00:00;52;0,4740299;0;903,61;215,03;9252,9664;5421,66;5421,66;5369,66;14099;0;0;0;;;;;;;;;
;;;7862;13:00:00;2755;1,0578628;0;917,51;441,39;9395,3024;5505,06;5505,06;2750,06;16849;0;0;0;;;;;;;;;
;;;7863;14:00:00;2642;1,5302647;0;865,42;635,02;8861,9008;5192,52;5192,52;2550,52;19400;0;0;0;;;;;;;;;
;;;7864;15:00:00;492;1,302251;0;693,33;734,44;7099,6992;4159,98;4159,98;3667,98;23068;0;0;0;;;;;;;;;
;;;7865;16:00:00;52;0,8915318;0;498,69;786,7;5106,5856;2992,14;2992,14;2940,14;26008;0;0;0;;;;;;;;;
;;;7866;17:00:00;52;0,974602;0;0;0;0;0;0;0;25956;52;0;0;;;;;;;;;
;;;7867;18:00:00;615,1;0,95984834;0;0;0;0;0;0;0;25341;615,1;0;0;;;;;;;;;
;;;7868;19:00:00;639,1;0,30108625;0;0;0;0;0;0;0;24702;639,1;0;0;;;;;;;;;
;;;7869;20:00:00;2382,35;0,23223007;0;0;0;0;0;0;0;22320;2382,35;0;0;;;;;;;;;
;;;7870;21:00:00;4638,35;0,318206;0;0;0;0;0;0;0;17681;4638,35;0;0;;;;;;;;;
;;;7871;22:00:00;608,35;0,39329535;0;0;0;0;0;0;0;17073;608,35;0;0;;;;;;;;;
;;;7872;23:00:00;798,35;0,3518083;0;0;0;0;0;0;0;16275;798,35;0;0;;;;;;;;;
;;Domingo;7873;0:00:00;740,1;0,31034917;0;0;0;0;0;0;0;15534;740,1;0;0;;;;;;;;;
;;;7874;1:00:00;362;0,27210563;0;0;0;0;0;0;0;15172;362;0;0;;;;;;;;;
;;;7875;2:00:00;52;0,114943705;0;0;0;0;0;0;0;15120;52;0;0;;;;;;;;;
;;;7876;3:00:00;52;0,11803537;0;0;0;0;0;0;0;15068;52;0;0;;;;;;;;;
;;;7877;4:00:00;52;0,43857846;0;0;0;0;0;0;0;15016;52;0;0;;;;;;;;;
;;;7878;5:00:00;52;0,8175347;0;0;0;0;0;0;0;14964;52;0;0;;;;;;;;;
;;;7879;6:00:00;391,05;1,5790714;0;0;0;0;0;0;0;14573;391,05;0;0;;;;;;;;;
;;;7880;7:00:00;1508,35;2,250777;0;0;0;0;0;0;0;13065;1508,35;0;0;;;;;;;;;
;;;7881;8:00:00;1303,35;2,566076;0;142,23;303,77;1456,4352;853,38;853,38;0;12615;449,97;0;0;;;;;;;;;
;;;7882;9:00:00;1306,68;2,6614354;0;165,8;196,56;1697,792;994,8;994,8;0;12303;311,88;0;0;;;;;;;;;
;;;7883;10:00:00;1676,25;2,4549692;0;294,73;281,42;3018,0352;1768,38;1768,38;92,13;12395;0;0;0;;;;;;;;;
;;;7884;11:00:00;232;2,1141126;0;728,94;285,94;7464,3456;4373,64;4373,64;4141,64;16537;0;0;0;;;;;;;;;
;;;7885;12:00:00;52;1,8055185;0;139,04;160,28;1423,7696;834,24;834,24;782,24;17319;0;0;0;;;;;;;;;
;;;7886;13:00:00;2755;1,4935397;0;187,31;205,33;1918,0544;1123,86;1123,86;0;15688;1631,14;0;0;;;;;;;;;
;;;7887;14:00:00;2642;1,5243123;0;38,42;44,29;393,4208;230,52;230,52;0;13277;2411,48;0;0;;;;;;;;;
;;;7888;15:00:00;492;1,7713007;0;94,48;108,19;967,4752;566,88;566,88;74,88;13351;0;0;0;;;;;;;;;
;;;7889;16:00:00;52;1,518652;0;19,21;22,15;196,7104;115,26;115,26;63,26;13415;0;0;0;;;;;;;;;
;;;7890;17:00:00;52;1,4639498;0;0;0;0;0;0;0;13363;52;0;0;;;;;;;;;
;;;7891;18:00:00;615,1;1,1229259;0;0;0;0;0;0;0;12748;615,1;0;0;;;;;;;;;
;;;7892;19:00:00;639,1;1,0874327;0;0;0;0;0;0;0;12109;639,1;0;0;;;;;;;;;
;;;7893;20:00:00;2382,35;0,9289071;0;0;0;0;0;0;0;9726;2382,35;0;0;;;;;;;;;
;;;7894;21:00:00;4638,35;0,6366944;0;0;0;0;0;0;0;5088;4638,35;0;0;;;;;;;;;
;;;7895;22:00:00;608,35;0,9734181;0;0;0;0;0;0;0;4479;608,35;0;0;;;;;;;;;
;;;7896;23:00:00;798,35;1,3964747;0;0;0;0;0;0;0;3681;798,35;0;0;;;;;;;;;
;48;Lunes;7897;0:00:00;646,05;1,2617456;0;0;0;0;0;0;0;3035;646,05;0;0;;;;;;;;;
;;;7898;1:00:00;52;0,8021306;0;0;0;0;0;0;0;2983;52;0;0;;;;;;;;;
;;;7899;2:00:00;52;0,88344705;0;0;0;0;0;0;0;2931;52;0;0;;;;;;;;;
;;;7900;3:00:00;52;1,2674454;0;0;0;0;0;0;0;2879;52;0;0;;;;;;;;;
;;;7901;4:00:00;52;1,8652555;0;0;0;0;0;0;0;2827;52;0;0;;;;;;;;;
;;;7902;5:00:00;52;2,2016046;0;0;0;0;0;0;0;2775;52;0;0;;;;;;;;;
;;;7903;6:00:00;1040,73;1,8933649;0;0;0;0;0;0;0;1734;1040,73;0;0;;;;;;;;;
;;;7904;7:00:00;1733,35;1,7137083;0;0;0;0;0;0;0;1;1733,35;1732,38;0;;;;;;;;;
;;;7905;8:00:00;1603,35;1,8394886;0;155,4;345,29;1591,296;932,4;932,4;0;0;670,95;670,95;0;;;;;;;;;
;;;7906;9:00:00;108,43;0,29837376;0;418,6;509,47;4286,464;2511,6;2511,6;2403,17;2403;0;0;0;;;;;;;;;
;;;7907;10:00:00;52;0,81495017;0;643,16;439,65;6585,9584;3858,96;3858,96;3806,96;6210;0;0;0;;;;;;;;;
;;;7908;11:00:00;52;0,41471264;0;795,71;274,57;8148,0704;4774,26;4774,26;4722,26;10932;0;0;0;;;;;;;;;
;;;7909;12:00:00;52;1,2754028;0;926,48;208,19;9487,1552;5558,88;5558,88;5506,88;16439;0;0;0;;;;;;;;;
;;;7910;13:00:00;2788;1,3063356;0;926,25;441,47;9484,8;5557,5;5557,5;2769,5;19209;0;0;0;;;;;;;;;
;;;7911;14:00:00;362;1,6419109;0;867,96;635,23;8887,9104;5207,76;5207,76;4845,76;24055;0;0;0;;;;;;;;;
;;;7912;15:00:00;492;1,872788;0;737,97;775,19;7556,8128;4427,82;4427,82;3935,82;27990;0;0;0;;;;;;;;;
;;;7913;16:00:00;52;1,3734452;0;508,78;798,95;5209,9072;3052,68;3052,68;3000,68;30991;0;0;0;;;;;;;;;
;;;7914;17:00:00;52;0,92210543;0;0;0;0;0;0;0;30939;52;0;0;;;;;;;;;
;;;7915;18:00:00;485,1;0,85935766;0;0;0;0;0;0;0;30454;485,1;0;0;;;;;;;;;
;;;7916;19:00:00;2198,35;1,6683322;0;0;0;0;0;0;0;28256;2198,35;0;0;;;;;;;;;
;;;7917;20:00:00;2562,35;2,0712287;0;0;0;0;0;0;0;25693;2562,35;0;0;;;;;;;;;
;;;7918;21:00:00;3530,05;2,8521416;0;0;0;0;0;0;0;22163;3530,05;0;0;;;;;;;;;
;;;7919;22:00:00;608,35;3,2091932;0;0;0;0;0;0;0;21555;608,35;0;0;;;;;;;;;
;;;7920;23:00:00;798,35;3,729326;0;0;0;0;0;0;0;20756;798,35;0;0;;;;;;;;;
;;Martes;7921;0:00:00;646,05;3,8954992;0;0;0;0;0;0;0;20110;646,05;0;0;;;;;;;;;
;;;7922;1:00:00;52;4,002517;0;0;0;0;0;0;0;20058;52;0;0;;;;;;;;;
;;;7923;2:00:00;52;3,9881024;0;0;0;0;0;0;0;20006;52;0;0;;;;;;;;;
;;;7924;3:00:00;52;3,698564;0;0;0;0;0;0;0;19954;52;0;0;;;;;;;;;
;;;7925;4:00:00;52;3,4019105;0;0;0;0;0;0;0;19902;52;0;0;;;;;;;;;
;;;7926;5:00:00;52;3,0427186;0;0;0;0;0;0;0;19850;52;0;0;;;;;;;;;
;;;7927;6:00:00;1040,73;2,8481064;0;0;0;0;0;0;0;18810;1040,73;0;0;;;;;;;;;
;;;7928;7:00:00;1733,35;2,59094;0;0;0;0;0;0;0;17076;1733,35;0;0;;;;;;;;;
;;;7929;8:00:00;1603,35;2,3963149;0;166,71;381,86;1707,1104;1000,26;1000,26;0;16473;603,09;0;0;;;;;;;;;
;;;7930;9:00:00;108,43;1,6977378;0;413,7;505,35;4236,288;2482,2;2482,2;2373,77;18847;0;0;0;;;;;;;;;
;;;7931;10:00:00;52;1,1618122;0;657,85;445,85;6736,384;3947,1;3947,1;3895,1;22742;0;0;0;;;;;;;;;
;;;7932;11:00:00;52;1,0023739;0;810,69;270,98;8301,4656;4864,14;4864,14;4812,14;27554;0;0;0;;;;;;;;;
;;;7933;12:00:00;52;0,21909687;0;864,99;229,79;8857,4976;5189,94;5189,94;5137,94;32692;0;0;0;;;;;;;;;
;;;7934;13:00:00;2788;0,45748988;0;919,55;439,67;9416,192;5517,3;5517,3;2729,3;35422;0;0;0;;;;;;;;;
;;;7935;14:00:00;362;0,93088037;0;845,62;624,36;8659,1488;5073,72;5073,72;4711,72;40000;0;0;4711,72;;;;;;;;;
;;;7936;15:00:00;492;1,5251242;0;741,21;776,66;7589,9904;4447,26;4447,26;3955,26;40000;0;0;3955,26;;;;;;;;;
;;;7937;16:00:00;52;1,6258684;0;590,7;924,89;6048,768;3544,2;3544,2;3492,2;40000;0;0;3492,2;;;;;;;;;
;;;7938;17:00:00;52;1,7206707;0;0;0;0;0;0;0;39948;52;0;0;;;;;;;;;
;;;7939;18:00:00;485,1;1,7702279;0;0;0;0;0;0;0;39463;485,1;0;0;;;;;;;;;
;;;7940;19:00:00;2198,35;0,5058074;0;0;0;0;0;0;0;37265;2198,35;0;0;;;;;;;;;
;;;7941;20:00:00;2562,35;0,37239286;0;0;0;0;0;0;0;34702;2562,35;0;0;;;;;;;;;
;;;7942;21:00:00;3530,05;0,5647106;0;0;0;0;0;0;0;31172;3530,05;0;0;;;;;;;;;
;;;7943;22:00:00;608,35;1,0912716;0;0;0;0;0;0;0;30564;608,35;0;0;;;;;;;;;
;;;7944;23:00:00;798,35;1,5238448;0;0;0;0;0;0;0;29765;798,35;0;0;;;;;;;;;
;;Miércoles;7945;0:00:00;646,05;1,8392273;0;0;0;0;0;0;0;29119;646,05;0;0;;;;;;;;;
;;;7946;1:00:00;52;2,1778333;0;0;0;0;0;0;0;29067;52;0;0;;;;;;;;;
;;;7947;2:00:00;52;2,1577342;0;0;0;0;0;0;0;29015;52;0;0;;;;;;;;;
;;;7948;3:00:00;52;2,052113;0;0;0;0;0;0;0;28963;52;0;0;;;;;;;;;
;;;7949;4:00:00;52;1,9852384;0;0;0;0;0;0;0;28911;52;0;0;;;;;;;;;
;;;7950;5:00:00;52;2,005372;0;0;0;0;0;0;0;28859;52;0;0;;;;;;;;;
;;;7951;6:00:00;1040,73;2,1219769;0;0;0;0;0;0;0;27819;1040,73;0;0;;;;;;;;;
;;;7952;7:00:00;1733,35;2,133366;0;0;0;0;0;0;0;26085;1733,35;0;0;;;;;;;;;
;;;7953;8:00:00;1603,35;2,1854491;0;143,49;317,63;1469,3376;860,94;860,94;0;25343;742,41;0;0;;;;;;;;;
;;;7954;9:00:00;108,43;1,5967484;0;401,98;492,65;4116,2752;2411,88;2411,88;2303,45;27646;0;0;0;;;;;;;;;
;;;7955;10:00:00;52;1,1334928;0;591,58;424,07;6057,7792;3549,48;3549,48;3497,48;31144;0;0;0;;;;;;;;;
;;;7956;11:00:00;52;0,56086034;0;740,91;284,17;7586,9184;4445,46;4445,46;4393,46;35537;0;0;0;;;;;;;;;
;;;7957;12:00:00;52;0,38948238;0;865,06;220,61;8858,2144;5190,36;5190,36;5138,36;40000;0;0;5138,36;;;;;;;;;
;;;7958;13:00:00;2788;0,31065845;0;902,57;432,49;9242,3168;5415,42;5415,42;2627,42;40000;0;0;2627,42;;;;;;;;;
;;;7959;14:00:00;362;0,77506083;0;819,34;607,49;8390,0416;4916,04;4916,04;4554,04;40000;0;0;4554,04;;;;;;;;;
;;;7960;15:00:00;492;1,7023016;0;724,45;757,89;7418,368;4346,7;4346,7;3854,7;40000;0;0;3854,7;;;;;;;;;
;;;7961;16:00:00;52;1,9977303;0;485,47;757,43;4971,2128;2912,82;2912,82;2860,82;40000;0;0;2860,82;;;;;;;;;
;;;7962;17:00:00;52;1,8842225;0;0;0;0;0;0;0;39948;52;0;0;;;;;;;;;
;;;7963;18:00:00;485,1;2,187845;0;0;0;0;0;0;0;39463;485,1;0;0;;;;;;;;;
;;;7964;19:00:00;2198,35;1,339728;0;0;0;0;0;0;0;37265;2198,35;0;0;;;;;;;;;
;;;7965;20:00:00;2562,35;0,8145326;0;0;0;0;0;0;0;34702;2562,35;0;0;;;;;;;;;
;;;7966;21:00:00;3530,05;1,07288;0;0;0;0;0;0;0;31172;3530,05;0;0;;;;;;;;;
;;;7967;22:00:00;608,35;1,0671418;0;0;0;0;0;0;0;30564;608,35;0;0;;;;;;;;;
;;;7968;23:00:00;798,35;1,6388966;0;0;0;0;0;0;0;29765;798,35;0;0;;;;;;;;;
;;Jueves;7969;0:00:00;646,05;2,145208;0;0;0;0;0;0;0;29119;646,05;0;0;;;;;;;;;
;;;7970;1:00:00;52;2,399091;0;0;0;0;0;0;0;29067;52;0;0;;;;;;;;;
;;;7971;2:00:00;52;2,3224704;0;0;0;0;0;0;0;29015;52;0;0;;;;;;;;;
;;;7972;3:00:00;52;2,2510602;0;0;0;0;0;0;0;28963;52;0;0;;;;;;;;;
;;;7973;4:00:00;52;2,2153275;0;0;0;0;0;0;0;28911;52;0;0;;;;;;;;;
;;;7974;5:00:00;52;2,2293441;0;0;0;0;0;0;0;28859;52;0;0;;;;;;;;;
;;;7975;6:00:00;1040,73;2,2059736;0;0;0;0;0;0;0;27819;1040,73;0;0;;;;;;;;;
;;;7976;7:00:00;1733,35;2,2309372;0;0;0;0;0;0;0;26085;1733,35;0;0;;;;;;;;;
;;;7977;8:00:00;1603,35;2,2694952;0;74,96;127,63;767,5904;449,76;449,76;0;24932;1153,59;0;0;;;;;;;;;
;;;7978;9:00:00;108,43;1,7094092;0;311,04;384,47;3185,0496;1866,24;1866,24;1757,81;26690;0;0;0;;;;;;;;;
;;;7979;10:00:00;52;1,6402909;0;526,35;401,36;5389,824;3158,1;3158,1;3106,1;29796;0;0;0;;;;;;;;;
;;;7980;11:00:00;52;1,6047801;0;614,81;299,45;6295,6544;3688,86;3688,86;3636,86;33433;0;0;0;;;;;;;;;
;;;7981;12:00:00;52;1,2574323;0;746,72;252,62;7646,4128;4480,32;4480,32;4428,32;37861;0;0;2289,14;;;;;;;;;
;;;7982;13:00:00;2788;0,99892956;0;922,56;429,52;9447,0144;5535,36;5535,36;2747,36;40000;0;0;2747,36;;;;;;;;;
;;;7983;14:00:00;362;0,8949586;0;873,59;630,27;8945,5616;5241,54;5241,54;4879,54;40000;0;0;4879,54;;;;;;;;;
;;;7984;15:00:00;492;1,4517113;0;721,9;753,71;7392,256;4331,4;4331,4;3839,4;40000;0;0;3839,4;;;;;;;;;
;;;7985;16:00:00;52;1,8616817;0;473,78;736,87;4851,5072;2842,68;2842,68;2790,68;40000;0;0;2790,68;;;;;;;;;
;;;7986;17:00:00;52;1,9482967;0;0;0;0;0;0;0;39948;52;0;0;;;;;;;;;
;;;7987;18:00:00;485,1;1,8226925;0;0;0;0;0;0;0;39463;485,1;0;0;;;;;;;;;
;;;7988;19:00:00;2198,35;1,2588698;0;0;0;0;0;0;0;37265;2198,35;0;0;;;;;;;;;
;;;7989;20:00:00;2562,35;0,784399;0;0;0;0;0;0;0;34702;2562,35;0;0;;;;;;;;;
;;;7990;21:00:00;3530,05;1,2162623;0;0;0;0;0;0;0;31172;3530,05;0;0;;;;;;;;;
;;;7991;22:00:00;608,35;1,5366684;0;0;0;0;0;0;0;30564;608,35;0;0;;;;;;;;;
;;;7992;23:00:00;798,35;2,0797842;0;0;0;0;0;0;0;29765;798,35;0;0;;;;;;;;;
;;Viernes;7993;0:00:00;646,05;2,3284473;0;0;0;0;0;0;0;29119;646,05;0;0;;;;;;;;;
;;;7994;1:00:00;52;2,7063825;0;0;0;0;0;0;0;29067;52;0;0;;;;;;;;;
;;;7995;2:00:00;52;2,8998225;0;0;0;0;0;0;0;29015;52;0;0;;;;;;;;;
;;;7996;3:00:00;52;2,990278;0;0;0;0;0;0;0;28963;52;0;0;;;;;;;;;
;;;7997;4:00:00;52;2,970044;0;0;0;0;0;0;0;28911;52;0;0;;;;;;;;;
;;;7998;5:00:00;52;2,892593;0;0;0;0;0;0;0;28859;52;0;0;;;;;;;;;
;;;7999;6:00:00;1040,73;2,8242698;0;0;0;0;0;0;0;27819;1040,73;0;0;;;;;;;;;
;;;8000;7:00:00;1733,35;2,8390198;0;0;0;0;0;0;0;26085;1733,35;0;0;;;;;;;;;
;;;8001;8:00:00;1603,35;3,1984603;0;149,85;344,73;1534,464;899,1;899,1;0;25381;704,25;0;0;;;;;;;;;
;;;8002;9:00:00;108,43;2,8487277;0;410,24;505,12;4200,8576;2461,44;2461,44;2353,01;27734;0;0;0;;;;;;;;;
;;;8003;10:00:00;52;2,639365;0;641,18;440,73;6565,6832;3847,08;3847,08;3795,08;31529;0;0;0;;;;;;;;;
;;;8004;11:00:00;52;2,2132413;0;812,51;268,03;8320,1024;4875,06;4875,06;4823,06;36352;0;0;1175,28;;;;;;;;;
;;;8005;12:00:00;52;1,7700223;0;942,93;190,66;9655,6032;5657,58;5657,58;5605,58;40000;0;0;5605,58;;;;;;;;;
;;;8006;13:00:00;2788;1,8512214;0;948,51;431,55;9712,7424;5691,06;5691,06;2903,06;40000;0;0;2903,06;;;;;;;;;
;;;8007;14:00:00;362;2,0576718;0;878,16;631,24;8992,3584;5268,96;5268,96;4906,96;40000;0;0;4906,96;;;;;;;;;
;;;8008;15:00:00;492;2,0879116;0;757,02;785,78;7751,8848;4542,12;4542,12;4050,12;40000;0;0;4050,12;;;;;;;;;
;;;8009;16:00:00;52;1,7773483;0;571,69;887,66;5854,1056;3430,14;3430,14;3378,14;40000;0;0;3378,14;;;;;;;;;
;;;8010;17:00:00;52;1,0151032;0;0;0;0;0;0;0;39948;52;0;0;;;;;;;;;
;;;8011;18:00:00;485,1;1,3072664;0;0;0;0;0;0;0;39463;485,1;0;0;;;;;;;;;
;;;8012;19:00:00;2198,35;1,4948246;0;0;0;0;0;0;0;37265;2198,35;0;0;;;;;;;;;
;;;8013;20:00:00;2562,35;1,5739212;0;0;0;0;0;0;0;34702;2562,35;0;0;;;;;;;;;
;;;8014;21:00:00;3530,05;1,6857561;0;0;0;0;0;0;0;31172;3530,05;0;0;;;;;;;;;
;;;8015;22:00:00;608,35;1,8584294;0;0;0;0;0;0;0;30564;608,35;0;0;;;;;;;;;
;;;8016;23:00:00;798,35;2,3390543;0;0;0;0;0;0;0;29765;798,35;0;0;;;;;;;;;
Diciembre;;Sábado;8017;0:00:00;757,2;2,4954987;0;0;0;0;0;0;0;29008;757,2;0;0;;;;;;;;;
;;;8018;1:00:00;362;2,391322;0;0;0;0;0;0;0;28646;362;0;0;;;;;;;;;
;;;8019;2:00:00;52;2,0979815;0;0;0;0;0;0;0;28594;52;0;0;;;;;;;;;
;;;8020;3:00:00;52;1,7421294;0;0;0;0;0;0;0;28542;52;0;0;;;;;;;;;
;;;8021;4:00:00;52;1,6040636;0;0;0;0;0;0;0;28490;52;0;0;;;;;;;;;
;;;8022;5:00:00;52;1,5361327;0;0;0;0;0;0;0;28438;52;0;0;;;;;;;;;
;;;8023;6:00:00;399,6;1,4977549;0;0;0;0;0;0;0;28039;399,6;0;0;;;;;;;;;
;;;8024;7:00:00;2365,45;1,5240353;0;0;0;0;0;0;0;25673;2365,45;0;0;;;;;;;;;
;;;8025;8:00:00;2160,45;2,0092797;0;155,82;368,02;1595,5968;934,92;934,92;0;24448;1225,53;0;0;;;;;;;;;
;;;8026;9:00:00;1311,81;1,562037;0;297,82;369,84;3049,6768;1786,92;1786,92;475,11;24923;0;0;0;;;;;;;;;
;;;8027;10:00:00;1676,25;1,2607324;0;598,01;422,99;6123,6224;3588,06;3588,06;1911,81;26835;0;0;0;;;;;;;;;
;;;8028;11:00:00;232;1,0086107;0;791,38;263,76;8103,7312;4748,28;4748,28;4516,28;31351;0;0;0;;;;;;;;;
;;;8029;12:00:00;52;1,1038451;0;847,18;211,85;8675,1232;5083,08;5083,08;5031,08;36382;0;0;1413,03;;;;;;;;;
;;;8030;13:00:00;2755;1,4437975;0;885,12;419,51;9063,6288;5310,72;5310,72;2555,72;38938;0;0;1493,39;;;;;;;;;
;;;8031;14:00:00;2642;1,7707931;0;866,3;619,56;8870,912;5197,8;5197,8;2555,8;40000;0;0;2555,8;;;;;;;;;
;;;8032;15:00:00;492;2,0195749;0;769,3;793,06;7877,632;4615,8;4615,8;4123,8;40000;0;0;4123,8;;;;;;;;;
;;;8033;16:00:00;52;1,6983107;0;604,01;933,88;6185,0624;3624,06;3624,06;3572,06;40000;0;0;3572,06;;;;;;;;;
;;;8034;17:00:00;52;1,9225484;0;0;0;0;0;0;0;39948;52;0;0;;;;;;;;;
;;;8035;18:00:00;632,2;1,4414179;0;0;0;0;0;0;0;39316;632,2;0;0;;;;;;;;;
;;;8036;19:00:00;1343,7;0,61634064;0;0;0;0;0;0;0;37972;1343,7;0;0;;;;;;;;;
;;;8037;20:00:00;3239,45;0,3653992;0;0;0;0;0;0;0;34733;3239,45;0;0;;;;;;;;;
;;;8038;21:00:00;5495,45;0,66659296;0;0;0;0;0;0;0;29237;5495,45;0;0;;;;;;;;;
;;;8039;22:00:00;625,45;1,0129954;0;0;0;0;0;0;0;28612;625,45;0;0;;;;;;;;;
;;;8040;23:00:00;815,45;0,92977667;0;0;0;0;0;0;0;27796;815,45;0;0;;;;;;;;;
;;Domingo;8041;0:00:00;757,2;1,0711302;0;0;0;0;0;0;0;27039;757,2;0;0;;;;;;;;;
;;;8042;1:00:00;362;1,1314249;0;0;0;0;0;0;0;26677;362;0;0;;;;;;;;;
;;;8043;2:00:00;52;1,3449119;0;0;0;0;0;0;0;26625;52;0;0;;;;;;;;;
;;;8044;3:00:00;52;1,233617;0;0;0;0;0;0;0;26573;52;0;0;;;;;;;;;
;;;8045;4:00:00;52;1,05681;0;0;0;0;0;0;0;26521;52;0;0;;;;;;;;;
;;;8046;5:00:00;52;1,2123008;0;0;0;0;0;0;0;26469;52;0;0;;;;;;;;;
;;;8047;6:00:00;399,6;1,3595532;0;0;0;0;0;0;0;26070;399,6;0;0;;;;;;;;;
;;;8048;7:00:00;2365,45;1,5781094;0;0;0;0;0;0;0;23704;2365,45;0;0;;;;;;;;;
;;;8049;8:00:00;2160,45;1,8326411;0;57,23;90,61;586,0352;343,38;343,38;0;21887;1817,07;0;0;;;;;;;;;
;;;8050;9:00:00;1311,81;1,5927093;0;109,53;128,14;1121,5872;657,18;657,18;0;21232;654,63;0;0;;;;;;;;;
;;;8051;10:00:00;1676,25;1,1938269;0;273,4;262,94;2799,616;1640,4;1640,4;0;21197;35,85;0;0;;;;;;;;;
;;;8052;11:00:00;232;0,6506348;0;458,44;287,93;4694,4256;2750,64;2750,64;2518,64;23715;0;0;0;;;;;;;;;
;;;8053;12:00:00;52;0,35877737;0;847,24;198,26;8675,7376;5083,44;5083,44;5031,44;28747;0;0;0;;;;;;;;;
;;;8054;13:00:00;2755;0,41272807;0;397,81;312;4073,5744;2386,86;2386,86;0;28378;368,14;0;0;;;;;;;;;
;;;8055;14:00:00;2642;1,0635531;0;79,58;91,74;814,8992;477,48;477,48;0;26214;2164,52;0;0;;;;;;;;;
;;;8056;15:00:00;492;1,9651595;0;81,67;93,69;836,3008;490,02;490,02;0;26212;1,98;0;0;;;;;;;;;
;;;8057;16:00:00;52;2,0006518;0;11,89;13,71;121,7536;71,34;71,34;19,34;26231;0;0;0;;;;;;;;;
;;;8058;17:00:00;52;1,9442691;0;0;0;0;0;0;0;26179;52;0;0;;;;;;;;;
;;;8059;18:00:00;632,2;1,6444377;0;0;0;0;0;0;0;25547;632,2;0;0;;;;;;;;;
;;;8060;19:00:00;1343,7;1,1246258;0;0;0;0;0;0;0;24203;1343,7;0;0;;;;;;;;;
;;;8061;20:00:00;3239,45;1,0762043;0;0;0;0;0;0;0;20964;3239,45;0;0;;;;;;;;;
;;;8062;21:00:00;5495,45;0,9028768;0;0;0;0;0;0;0;15468;5495,45;0;0;;;;;;;;;
;;;8063;22:00:00;625,45;1,2683742;0;0;0;0;0;0;0;14843;625,45;0;0;;;;;;;;;
;;;8064;23:00:00;815,45;1,5548097;0;0;0;0;0;0;0;14028;815,45;0;0;;;;;;;;;
;49;Lunes;8065;0:00:00;654,6;1,5975797;0;0;0;0;0;0;0;13373;654,6;0;0;;;;;;;;;
;;;8066;1:00:00;52;1,5861461;0;0;0;0;0;0;0;13321;52;0;0;;;;;;;;;
;;;8067;2:00:00;52;2,2837563;0;0;0;0;0;0;0;13269;52;0;0;;;;;;;;;
;;;8068;3:00:00;52;2,4544394;0;0;0;0;0;0;0;13217;52;0;0;;;;;;;;;
;;;8069;4:00:00;52;2,3613656;0;0;0;0;0;0;0;13165;52;0;0;;;;;;;;;
;;;8070;5:00:00;52;2,1839182;0;0;0;0;0;0;0;13113;52;0;0;;;;;;;;;
;;;8071;6:00:00;1894,41;2,1365979;0;0;0;0;0;0;0;11219;1894,41;0;0;;;;;;;;;
;;;8072;7:00:00;2590,45;2,060601;0;0;0;0;0;0;0;8628;2590,45;0;0;;;;;;;;;
;;;8073;8:00:00;1620,45;2,191476;0;145,33;344,52;1488,1792;871,98;871,98;0;7880;748,47;0;0;;;;;;;;;
;;;8074;9:00:00;113,56;2,0986047;0;404,68;502,49;4143,9232;2428,08;2428,08;2314,52;10194;0;0;0;;;;;;;;;
;;;8075;10:00:00;52;2,0678887;0;639;434,93;6543,36;3834;3834;3782;13976;0;0;0;;;;;;;;;
;;;8076;11:00:00;52;1,5377337;0;800,74;260,88;8199,5776;4804,44;4804,44;4752,44;18729;0;0;0;;;;;;;;;
;;;8077;12:00:00;52;0,73574823;0;920,46;178,36;9425,5104;5522,76;5522,76;5470,76;24199;0;0;0;;;;;;;;;
;;;8078;13:00:00;2788;0,33682504;0;962,63;418,89;9857,3312;5775,78;5775,78;2987,78;27187;0;0;0;;;;;;;;;
;;;8079;14:00:00;362;0,71075904;0;881,3;621,76;9024,512;5287,8;5287,8;4925,8;32113;0;0;0;;;;;;;;;
;;;8080;15:00:00;492;0,3261889;0;763,93;783,59;7822,6432;4583,58;4583,58;4091,58;36205;0;0;296,11;;;;;;;;;
;;;8081;16:00:00;52;1,1607798;0;598,88;920,72;6132,5312;3593,28;3593,28;3541,28;39746;0;0;3287,09;;;;;;;;;
;;;8082;17:00:00;52;1,6767728;0;0;0;0;0;0;0;39694;52;0;0;;;;;;;;;
;;;8083;18:00:00;1342,2;1,9811215;0;0;0;0;0;0;0;38352;1342,2;0;0;;;;;;;;;
;;;8084;19:00:00;3055,45;1,7177817;0;0;0;0;0;0;0;35296;3055,45;0;0;;;;;;;;;
;;;8085;20:00:00;3419,45;1,5364531;0;0;0;0;0;0;0;31877;3419,45;0;0;;;;;;;;;
;;;8086;21:00:00;3547,15;1,8734243;0;0;0;0;0;0;0;28330;3547,15;0;0;;;;;;;;;
;;;8087;22:00:00;625,45;2,860931;0;0;0;0;0;0;0;27704;625,45;0;0;;;;;;;;;
;;;8088;23:00:00;815,45;3,0626268;0;0;0;0;0;0;0;26889;815,45;0;0;;;;;;;;;
;;Martes;8089;0:00:00;654,6;2,9916756;0;0;0;0;0;0;0;26234;654,6;0;0;;;;;;;;;
;;;8090;1:00:00;52;2,805847;0;0;0;0;0;0;0;26182;52;0;0;;;;;;;;;
;;;8091;2:00:00;52;2,8116014;0;0;0;0;0;0;0;26130;52;0;0;;;;;;;;;
;;;8092;3:00:00;52;2,7269912;0;0;0;0;0;0;0;26078;52;0;0;;;;;;;;;
;;;8093;4:00:00;52;2,7930143;0;0;0;0;0;0;0;26026;52;0;0;;;;;;;;;
;;;8094;5:00:00;52;2,70992;0;0;0;0;0;0;0;25974;52;0;0;;;;;;;;;
;;;8095;6:00:00;1894,41;2,7372067;0;0;0;0;0;0;0;24080;1894,41;0;0;;;;;;;;;
;;;8096;7:00:00;2590,45;2,4206169;0;0;0;0;0;0;0;21489;2590,45;0;0;;;;;;;;;
;;;8097;8:00:00;1620,45;2,4264586;0;70,03;126,01;717,1072;420,18;420,18;0;20289;1200,27;0;0;;;;;;;;;
;;;8098;9:00:00;113,56;1,9837037;0;57,63;66,44;590,1312;345,78;345,78;232,22;20521;0;0;0;;;;;;;;;
;;;8099;10:00:00;52;1,1990618;0;75,92;87,53;777,4208;455,52;455,52;403,52;20925;0;0;0;;;;;;;;;
;;;8100;11:00:00;52;0,9932686;0;121,66;140,25;1245,7984;729,96;729,96;677,96;21603;0;0;0;;;;;;;;;
;;;8101;12:00:00;52;0,5386223;0;75,92;87,53;777,4208;455,52;455,52;403,52;22006;0;0;0;;;;;;;;;
;;;8102;13:00:00;2788;0,25107482;0;81,41;93,85;833,6384;488,46;488,46;0;19707;2299,54;0;0;;;;;;;;;
;;;8103;14:00:00;362;0,19002537;0;60,37;69,6;618,1888;362,22;362,22;0,22;19707;0;0;0;;;;;;;;;
;;;8104;15:00:00;492;0,6437978;0;187,21;206,88;1917,0304;1123,26;1123,26;631,26;20338;0;0;0;;;;;;;;;
;;;8105;16:00:00;52;1,2794689;0;10,98;12,65;112,4352;65,88;65,88;13,88;20352;0;0;0;;;;;;;;;
;;;8106;17:00:00;52;1,050125;0;0;0;0;0;0;0;20300;52;0;0;;;;;;;;;
;;;8107;18:00:00;1342,2;0,8974788;0;0;0;0;0;0;0;18958;1342,2;0;0;;;;;;;;;
;;;8108;19:00:00;3055,45;0,86465913;0;0;0;0;0;0;0;15902;3055,45;0;0;;;;;;;;;
;;;8109;20:00:00;3419,45;1,0031394;0;0;0;0;0;0;0;12483;3419,45;0;0;;;;;;;;;
;;;8110;21:00:00;3547,15;0,95025676;0;0;0;0;0;0;0;8936;3547,15;0;0;;;;;;;;;
;;;8111;22:00:00;625,45;0,59639895;0;0;0;0;0;0;0;8310;625,45;0;0;;;;;;;;;
;;;8112;23:00:00;815,45;0,6981777;0;0;0;0;0;0;0;7495;815,45;0;0;;;;;;;;;
;;Miércoles;8113;0:00:00;654,6;0,8842432;0;0;0;0;0;0;0;6840;654,6;0;0;;;;;;;;;
;;;8114;1:00:00;52;0,5802461;0;0;0;0;0;0;0;6788;52;0;0;;;;;;;;;
;;;8115;2:00:00;52;0,9673555;0;0;0;0;0;0;0;6736;52;0;0;;;;;;;;;
;;;8116;3:00:00;52;1,3123426;0;0;0;0;0;0;0;6684;52;0;0;;;;;;;;;
;;;8117;4:00:00;52;0,7858414;0;0;0;0;0;0;0;6632;52;0;0;;;;;;;;;
;;;8118;5:00:00;52;1,0962237;0;0;0;0;0;0;0;6580;52;0;0;;;;;;;;;
;;;8119;6:00:00;1894,41;1,0190887;0;0;0;0;0;0;0;4686;1894,41;0;0;;;;;;;;;
;;;8120;7:00:00;2590,45;1,6923462;0;0;0;0;0;0;0;2095;2590,45;495,09;0;;;;;;;;;
;;;8121;8:00:00;1620,45;1,893421;0;136,98;327,3;1402,6752;821,88;821,88;0;1297;798,57;0;0;;;;;;;;;
;;;8122;9:00:00;113,56;1,8854638;0;327,42;412,34;3352,7808;1964,52;1964,52;1850,96;3148;0;0;0;;;;;;;;;
;;;8123;10:00:00;52;2,3149111;0;132,15;149,46;1353,216;792,9;792,9;740,9;3889;0;0;0;;;;;;;;;
;;;8124;11:00:00;52;3,7765436;0;635,13;291,79;6503,7312;3810,78;3810,78;3758,78;7647;0;0;0;;;;;;;;;
;;;8125;12:00:00;52;3,551156;0;611,06;260,21;6257,2544;3666,36;3666,36;3614,36;11262;0;0;0;;;;;;;;;
;;;8126;13:00:00;2788;2,6006076;0;940,52;412,16;9630,9248;5643,12;5643,12;2855,12;14117;0;0;0;;;;;;;;;
;;;8127;14:00:00;362;1,7854098;0;881,73;618,69;9028,9152;5290,38;5290,38;4928,38;19045;0;0;0;;;;;;;;;
;;;8128;15:00:00;492;1,4890318;0;730,07;748,86;7475,9168;4380,42;4380,42;3888,42;22934;0;0;0;;;;;;;;;
;;;8129;16:00:00;52;1,7335962;0;413,66;630,94;4235,8784;2481,96;2481,96;2429,96;25364;0;0;0;;;;;;;;;
;;;8130;17:00:00;52;2,240946;0;0;0;0;0;0;0;25312;52;0;0;;;;;;;;;
;;;8131;18:00:00;1342,2;2,4422343;0;0;0;0;0;0;0;23969;1342,2;0;0;;;;;;;;;
;;;8132;19:00:00;3055,45;2,346928;0;0;0;0;0;0;0;20914;3055,45;0;0;;;;;;;;;
;;;8133;20:00:00;3419,45;2,1707215;0;0;0;0;0;0;0;17495;3419,45;0;0;;;;;;;;;
;;;8134;21:00:00;3547,15;2,0465586;0;0;0;0;0;0;0;13947;3547,15;0;0;;;;;;;;;
;;;8135;22:00:00;625,45;2,4085667;0;0;0;0;0;0;0;13322;625,45;0;0;;;;;;;;;
;;;8136;23:00:00;815,45;3,0180972;0;0;0;0;0;0;0;12507;815,45;0;0;;;;;;;;;
;;Jueves;8137;0:00:00;757,2;3,9396765;0;0;0;0;0;0;0;11749;757,2;0;0;;;;;;;;;
;;;8138;1:00:00;362;4,080474;0;0;0;0;0;0;0;11387;362;0;0;;;;;;;;;
;;;8139;2:00:00;52;3,7474568;0;0;0;0;0;0;0;11335;52;0;0;;;;;;;;;
;;;8140;3:00:00;52;3,5458884;0;0;0;0;0;0;0;11283;52;0;0;;;;;;;;;
;;;8141;4:00:00;52;3,1475167;0;0;0;0;0;0;0;11231;52;0;0;;;;;;;;;
;;;8142;5:00:00;52;3,642821;0;0;0;0;0;0;0;11179;52;0;0;;;;;;;;;
;;;8143;6:00:00;399,6;3,940235;0;0;0;0;0;0;0;10780;399,6;0;0;;;;;;;;;
;;;8144;7:00:00;2365,45;3,675514;0;0;0;0;0;0;0;8414;2365,45;0;0;;;;;;;;;
;;;8145;8:00:00;2160,45;3,7026036;0;134,22;321,88;1374,4128;805,32;805,32;0;7059;1355,13;0;0;;;;;;;;;
;;;8146;9:00:00;1311,81;3,521124;0;394,79;496,06;4042,6496;2368,74;2368,74;1056,93;8116;0;0;0;;;;;;;;;
;;;8147;10:00:00;1676,25;3,1963205;0;630,52;436,03;6456,5248;3783,12;3783,12;2106,87;10223;0;0;0;;;;;;;;;
;;;8148;11:00:00;232;2,9647026;0;810,57;262,36;8300,2368;4863,42;4863,42;4631,42;14854;0;0;0;;;;;;;;;
;;;8149;12:00:00;52;2,9586186;0;913,17;174,13;9350,8608;5479,02;5479,02;5427,02;20281;0;0;0;;;;;;;;;
;;;8150;13:00:00;2755;2,17728;0;942,95;411,37;9655,808;5657,7;5657,7;2902,7;23184;0;0;0;;;;;;;;;
;;;8151;14:00:00;2642;1,0695802;0;905,54;627,94;9272,7296;5433,24;5433,24;2791,24;25975;0;0;0;;;;;;;;;
;;;8152;15:00:00;492;1,1101221;0;736,55;753,52;7542,272;4419,3;4419,3;3927,3;29903;0;0;0;;;;;;;;;
;;;8153;16:00:00;52;1,5830681;0;330,65;500,09;3385,856;1983,9;1983,9;1931,9;31835;0;0;0;;;;;;;;;
;;;8154;17:00:00;52;1,5120038;0;0;0;0;0;0;0;31783;52;0;0;;;;;;;;;
;;;8155;18:00:00;632,2;0,56238586;0;0;0;0;0;0;0;31150;632,2;0;0;;;;;;;;;
;;;8156;19:00:00;1343,7;0,5942631;0;0;0;0;0;0;0;29807;1343,7;0;0;;;;;;;;;
;;;8157;20:00:00;3239,45;1,4674997;0;0;0;0;0;0;0;26567;3239,45;0;0;;;;;;;;;
;;;8158;21:00:00;5495,45;1,9756726;0;0;0;0;0;0;0;21072;5495,45;0;0;;;;;;;;;
;;;8159;22:00:00;625,45;2,2981772;0;0;0;0;0;0;0;20446;625,45;0;0;;;;;;;;;
;;;8160;23:00:00;815,45;2,8694015;0;0;0;0;0;0;0;19631;815,45;0;0;;;;;;;;;
;;Viernes;8161;0:00:00;654,6;3,2439985;0;0;0;0;0;0;0;18976;654,6;0;0;;;;;;;;;
;;;8162;1:00:00;52;3,602509;0;0;0;0;0;0;0;18924;52;0;0;;;;;;;;;
;;;8163;2:00:00;52;3,8434527;0;0;0;0;0;0;0;18872;52;0;0;;;;;;;;;
;;;8164;3:00:00;52;4,1324344;0;0;0;0;0;0;0;18820;52;0;0;;;;;;;;;
;;;8165;4:00:00;52;4,33569;0;0;0;0;0;0;0;18768;52;0;0;;;;;;;;;
;;;8166;5:00:00;52;4,4647245;0;0;0;0;0;0;0;18716;52;0;0;;;;;;;;;
;;;8167;6:00:00;1894,41;4,5769615;0;0;0;0;0;0;0;16822;1894,41;0;0;;;;;;;;;
;;;8168;7:00:00;2590,45;4,31976;0;0;0;0;0;0;0;14231;2590,45;0;0;;;;;;;;;
;;;8169;8:00:00;1620,45;4,3572917;0;127,25;304,93;1303,04;763,5;763,5;0;13374;856,95;0;0;;;;;;;;;
;;;8170;9:00:00;113,56;4,62587;0;387,37;488,75;3966,6688;2324,22;2324,22;2210,66;15585;0;0;0;;;;;;;;;
;;;8171;10:00:00;52;4,658555;0;621,55;432,13;6364,672;3729,3;3729,3;3677,3;19262;0;0;0;;;;;;;;;
;;;8172;11:00:00;52;4,8896747;0;784,48;264,56;8033,0752;4706,88;4706,88;4654,88;23917;0;0;0;;;;;;;;;
;;;8173;12:00:00;52;5,052366;0;922,52;166,77;9446,6048;5535,12;5535,12;5483,12;29400;0;0;0;;;;;;;;;
;;;8174;13:00:00;2788;4,6969533;0;933,5;406,9;9559,04;5601;5601;2813;32213;0;0;0;;;;;;;;;
;;;8175;14:00:00;362;4,0295005;0;896,67;620,94;9181,9008;5380,02;5380,02;5018,02;37231;0;0;2249,41;;;;;;;;;
;;;8176;15:00:00;492;3,186208;0;727,56;742,64;7450,2144;4365,36;4365,36;3873,36;40000;0;0;3873,36;;;;;;;;;
;;;8177;16:00:00;52;2,7462924;0;587,29;892,32;6013,8496;3523,74;3523,74;3471,74;40000;0;0;3471,74;;;;;;;;;
;;;8178;17:00:00;52;2,926735;0;0;0;0;0;0;0;39948;52;0;0;;;;;;;;;
;;;8179;18:00:00;1342,2;2,9206283;0;0;0;0;0;0;0;38606;1342,2;0;0;;;;;;;;;
;;;8180;19:00:00;3055,45;2,9633157;0;0;0;0;0;0;0;35550;3055,45;0;0;;;;;;;;;
;;;8181;20:00:00;3419,45;3,2825687;0;0;0;0;0;0;0;32131;3419,45;0;0;;;;;;;;;
;;;8182;21:00:00;3547,15;3,3682945;0;0;0;0;0;0;0;28584;3547,15;0;0;;;;;;;;;
;;;8183;22:00:00;625,45;3,7879505;0;0;0;0;0;0;0;27958;625,45;0;0;;;;;;;;;
;;;8184;23:00:00;815,45;3,857241;0;0;0;0;0;0;0;27143;815,45;0;0;;;;;;;;;
;;Sábado;8185;0:00:00;757,2;3,7206314;0;0;0;0;0;0;0;26386;757,2;0;0;;;;;;;;;
;;;8186;1:00:00;362;3,6788723;0;0;0;0;0;0;0;26024;362;0;0;;;;;;;;;
;;;8187;2:00:00;52;3,3620536;0;0;0;0;0;0;0;25972;52;0;0;;;;;;;;;
;;;8188;3:00:00;52;3,5988257;0;0;0;0;0;0;0;25920;52;0;0;;;;;;;;;
;;;8189;4:00:00;52;3,6480813;0;0;0;0;0;0;0;25868;52;0;0;;;;;;;;;
;;;8190;5:00:00;52;3,602161;0;0;0;0;0;0;0;25816;52;0;0;;;;;;;;;
;;;8191;6:00:00;399,6;3,7693934;0;0;0;0;0;0;0;25416;399,6;0;0;;;;;;;;;
;;;8192;7:00:00;2365,45;4,3235707;0;0;0;0;0;0;0;23051;2365,45;0;0;;;;;;;;;
;;;8193;8:00:00;2160,45;4,9616437;0;117,99;281,5;1208,2176;707,94;707,94;0;21598;1452,51;0;0;;;;;;;;;
;;;8194;9:00:00;1311,81;5,783176;0;241,19;303,43;2469,7856;1447,14;1447,14;135,33;21733;0;0;0;;;;;;;;;
;;;8195;10:00:00;1676,25;5,49812;0;556,13;409,28;5694,7712;3336,78;3336,78;1660,53;23394;0;0;0;;;;;;;;;
;;;8196;11:00:00;232;6,325671;0;770,69;263,52;7891,8656;4624,14;4624,14;4392,14;27786;0;0;0;;;;;;;;;
;;;8197;12:00:00;52;6,1959634;0;770,48;212,02;7889,7152;4622,88;4622,88;4570,88;32357;0;0;0;;;;;;;;;
;;;8198;13:00:00;2755;5,6789637;0;849,57;398,04;8699,5968;5097,42;5097,42;2342,42;34699;0;0;0;;;;;;;;;
;;;8199;14:00:00;2642;5,5477943;0;831,54;587,1;8514,9696;4989,24;4989,24;2347,24;37047;0;0;0;;;;;;;;;
;;;8200;15:00:00;492;4,687974;0;365,73;389,23;3745,0752;2194,38;2194,38;1702,38;38749;0;0;451,39;;;;;;;;;
;;;8201;16:00:00;52;4,512484;0;236,21;350,58;2418,7904;1417,26;1417,26;1365,26;40000;0;0;1365,26;;;;;;;;;
;;;8202;17:00:00;52;4,4785666;0;0;0;0;0;0;0;39948;52;0;0;;;;;;;;;
;;;8203;18:00:00;632,2;4,2544446;0;0;0;0;0;0;0;39316;632,2;0;0;;;;;;;;;
;;;8204;19:00:00;1343,7;3,424361;0;0;0;0;0;0;0;37972;1343,7;0;0;;;;;;;;;
;;;8205;20:00:00;3239,45;3,0007377;0;0;0;0;0;0;0;34733;3239,45;0;0;;;;;;;;;
;;;8206;21:00:00;5495,45;2,8794172;0;0;0;0;0;0;0;29237;5495,45;0;0;;;;;;;;;
;;;8207;22:00:00;625,45;4,0536494;0;0;0;0;0;0;0;28612;625,45;0;0;;;;;;;;;
;;;8208;23:00:00;815,45;4,068779;0;0;0;0;0;0;0;27796;815,45;0;0;;;;;;;;;
;;Domingo;8209;0:00:00;757,2;3,2307808;0;0;0;0;0;0;0;27039;757,2;0;0;;;;;;;;;
;;;8210;1:00:00;362;3,309076;0;0;0;0;0;0;0;26677;362;0;0;;;;;;;;;
;;;8211;2:00:00;52;3,9270315;0;0;0;0;0;0;0;26625;52;0;0;;;;;;;;;
;;;8212;3:00:00;52;4,463041;0;0;0;0;0;0;0;26573;52;0;0;;;;;;;;;
;;;8213;4:00:00;52;4,603228;0;0;0;0;0;0;0;26521;52;0;0;;;;;;;;;
;;;8214;5:00:00;52;4,8860497;0;0;0;0;0;0;0;26469;52;0;0;;;;;;;;;
;;;8215;6:00:00;399,6;5,293268;0;0;0;0;0;0;0;26070;399,6;0;0;;;;;;;;;
;;;8216;7:00:00;2365,45;5,577732;0;0;0;0;0;0;0;23704;2365,45;0;0;;;;;;;;;
;;;8217;8:00:00;2160,45;5,780383;0;118,99;286,08;1218,4576;713,94;713,94;0;22258;1446,51;0;0;;;;;;;;;
;;;8218;9:00:00;1311,81;5,4735475;0;378,97;482,4;3880,6528;2273,82;2273,82;962,01;23220;0;0;0;;;;;;;;;
;;;8219;10:00:00;1676,25;5,9779453;0;599,52;426,17;6139,0848;3597,12;3597,12;1920,87;25140;0;0;0;;;;;;;;;
;;;8220;11:00:00;232;6,6303935;0;762,67;270,14;7809,7408;4576,02;4576,02;4344,02;29484;0;0;0;;;;;;;;;
;;;8221;12:00:00;52;6,6845875;0;868,25;179,81;8890,88;5209,5;5209,5;5157,5;34642;0;0;0;;;;;;;;;
;;;8222;13:00:00;2755;6,922805;0;912,81;401,6;9347,1744;5476,86;5476,86;2721,86;37364;0;0;85,66;;;;;;;;;
;;;8223;14:00:00;2642;7,2223825;0;847,66;595,34;8680,0384;5085,96;5085,96;2443,96;39808;0;0;2251,72;;;;;;;;;
;;;8224;15:00:00;492;6,8182034;0;727,46;738,73;7449,1904;4364,76;4364,76;3872,76;40000;0;0;3872,76;;;;;;;;;
;;;8225;16:00:00;52;6,3685484;0;587,68;887,11;6017,8432;3526,08;3526,08;3474,08;40000;0;0;3474,08;;;;;;;;;
;;;8226;17:00:00;52;6,4496617;0;0;0;0;0;0;0;39948;52;0;0;;;;;;;;;
;;;8227;18:00:00;632,2;6,6013846;0;0;0;0;0;0;0;39316;632,2;0;0;;;;;;;;;
;;;8228;19:00:00;1343,7;6,4089613;0;0;0;0;0;0;0;37972;1343,7;0;0;;;;;;;;;
;;;8229;20:00:00;3239,45;5,8559036;0;0;0;0;0;0;0;34733;3239,45;0;0;;;;;;;;;
;;;8230;21:00:00;5495,45;5,104416;0;0;0;0;0;0;0;29237;5495,45;0;0;;;;;;;;;
;;;8231;22:00:00;625,45;4,705143;0;0;0;0;0;0;0;28612;625,45;0;0;;;;;;;;;
;;;8232;23:00:00;815,45;5,5259256;0;0;0;0;0;0;0;27796;815,45;0;0;;;;;;;;;
;50;Lunes;8233;0:00:00;654,6;6,315053;0;0;0;0;0;0;0;27142;654,6;0;0;;;;;;;;;
;;;8234;1:00:00;52;6,9687676;0;0;0;0;0;0;0;27090;52;0;0;;;;;;;;;
;;;8235;2:00:00;52;7,146778;0;0;0;0;0;0;0;27038;52;0;0;;;;;;;;;
;;;8236;3:00:00;52;7,2257524;0;0;0;0;0;0;0;26986;52;0;0;;;;;;;;;
;;;8237;4:00:00;52;7,102552;0;0;0;0;0;0;0;26934;52;0;0;;;;;;;;;
;;;8238;5:00:00;52;6,90621;0;0;0;0;0;0;0;26882;52;0;0;;;;;;;;;
;;;8239;6:00:00;1894,41;6,618653;0;0;0;0;0;0;0;24987;1894,41;0;0;;;;;;;;;
;;;8240;7:00:00;2590,45;6,0326905;0;0;0;0;0;0;0;22397;2590,45;0;0;;;;;;;;;
;;;8241;8:00:00;1620,45;5,5550747;0;119,74;292,34;1226,1376;718,44;718,44;0;21495;902,01;0;0;;;;;;;;;
;;;8242;9:00:00;113,56;5,253877;0;387,2;494,86;3964,928;2323,2;2323,2;2209,64;23704;0;0;0;;;;;;;;;
;;;8243;10:00:00;52;6,4951296;0;611,36;434,54;6260,3264;3668,16;3668,16;3616,16;27321;0;0;0;;;;;;;;;
;;;8244;11:00:00;52;6,720647;0;776,82;273,68;7954,6368;4660,92;4660,92;4608,92;31930;0;0;0;;;;;;;;;
;;;8245;12:00:00;52;5,8771267;0;878,21;182,45;8992,8704;5269,26;5269,26;5217,26;37147;0;0;2364,07;;;;;;;;;
;;;8246;13:00:00;2788;5,125565;0;931,39;405,2;9537,4336;5588,34;5588,34;2800,34;39947;0;0;2747,49;;;;;;;;;
;;;8247;14:00:00;362;4,8486457;0;891,27;616,59;9126,6048;5347,62;5347,62;4985,62;40000;0;0;4985,62;;;;;;;;;
;;;8248;15:00:00;492;3,9879506;0;749,31;758,1;7672,9344;4495,86;4495,86;4003,86;40000;0;0;4003,86;;;;;;;;;
;;;8249;16:00:00;52;3,1996038;0;625,14;940,78;6401,4336;3750,84;3750,84;3698,84;40000;0;0;3698,84;;;;;;;;;
;;;8250;17:00:00;52;3,285958;0;0;0;0;0;0;0;39948;52;0;0;;;;;;;;;
;;;8251;18:00:00;1342,2;3,6347713;0;0;0;0;0;0;0;38606;1342,2;0;0;;;;;;;;;
;;;8252;19:00:00;3055,45;3,654568;0;0;0;0;0;0;0;35550;3055,45;0;0;;;;;;;;;
;;;8253;20:00:00;3419,45;3,4555223;0;0;0;0;0;0;0;32131;3419,45;0;0;;;;;;;;;
;;;8254;21:00:00;3547,15;3,2477617;0;0;0;0;0;0;0;28584;3547,15;0;0;;;;;;;;;
;;;8255;22:00:00;625,45;3,3629475;0;0;0;0;0;0;0;27958;625,45;0;0;;;;;;;;;
;;;8256;23:00:00;815,45;3,2138822;0;0;0;0;0;0;0;27143;815,45;0;0;;;;;;;;;
;;Martes;8257;0:00:00;654,6;2,7534225;0;0;0;0;0;0;0;26488;654,6;0;0;;;;;;;;;
;;;8258;1:00:00;52;2,176431;0;0;0;0;0;0;0;26436;52;0;0;;;;;;;;;
;;;8259;2:00:00;52;1,886567;0;0;0;0;0;0;0;26384;52;0;0;;;;;;;;;
;;;8260;3:00:00;52;1,938824;0;0;0;0;0;0;0;26332;52;0;0;;;;;;;;;
;;;8261;4:00:00;52;2,2970622;0;0;0;0;0;0;0;26280;52;0;0;;;;;;;;;
;;;8262;5:00:00;52;2,50685;0;0;0;0;0;0;0;26228;52;0;0;;;;;;;;;
;;;8263;6:00:00;1894,41;2,4073806;0;0;0;0;0;0;0;24334;1894,41;0;0;;;;;;;;;
;;;8264;7:00:00;2590,45;2,3225067;0;0;0;0;0;0;0;21743;2590,45;0;0;;;;;;;;;
;;;8265;8:00:00;1620,45;2,6472812;0;112,18;273,13;1148,7232;673,08;673,08;0;20796;947,37;0;0;;;;;;;;;
;;;8266;9:00:00;113,56;2,3479867;0;360,18;463,31;3688,2432;2161,08;2161,08;2047,52;22844;0;0;0;;;;;;;;;
;;;8267;10:00:00;52;1,8017365;0;582,25;424,69;5962,24;3493,5;3493,5;3441,5;26285;0;0;0;;;;;;;;;
;;;8268;11:00:00;52;1,2681383;0;728,59;282,9;7460,7616;4371,54;4371,54;4319,54;30605;0;0;0;;;;;;;;;
;;;8269;12:00:00;52;0,6658364;0;830,44;195;8503,7056;4982,64;4982,64;4930,64;35535;0;0;465,86;;;;;;;;;
;;;8270;13:00:00;2788;0,7157038;0;873,39;401,31;8943,5136;5240,34;5240,34;2452,34;37988;0;0;439,9;;;;;;;;;
;;;8271;14:00:00;362;1,274557;0;825,27;584,86;8450,7648;4951,62;4951,62;4589,62;40000;0;0;4589,62;;;;;;;;;
;;;8272;15:00:00;492;2,0531025;0;740,33;746,81;7580,9792;4441,98;4441,98;3949,98;40000;0;0;3949,98;;;;;;;;;
;;;8273;16:00:00;52;2,257622;0;332,43;495,74;3404,0832;1994,58;1994,58;1942,58;40000;0;0;1942,58;;;;;;;;;
;;;8274;17:00:00;52;1,7005805;0;0;0;0;0;0;0;39948;52;0;0;;;;;;;;;
;;;8275;18:00:00;1342,2;1,5248721;0;0;0;0;0;0;0;38606;1342,2;0;0;;;;;;;;;
;;;8276;19:00:00;3055,45;1,4498862;0;0;0;0;0;0;0;35550;3055,45;0;0;;;;;;;;;
;;;8277;20:00:00;3419,45;1,4359318;0;0;0;0;0;0;0;32131;3419,45;0;0;;;;;;;;;
;;;8278;21:00:00;3547,15;1,3119841;0;0;0;0;0;0;0;28584;3547,15;0;0;;;;;;;;;
;;;8279;22:00:00;625,45;0,99764585;0;0;0;0;0;0;0;27958;625,45;0;0;;;;;;;;;
;;;8280;23:00:00;815,45;1,1329494;0;0;0;0;0;0;0;27143;815,45;0;0;;;;;;;;;
;;Miércoles;8281;0:00:00;654,6;0,99062973;0;0;0;0;0;0;0;26488;654,6;0;0;;;;;;;;;
;;;8282;1:00:00;52;0,95455515;0;0;0;0;0;0;0;26436;52;0;0;;;;;;;;;
;;;8283;2:00:00;52;0,81764334;0;0;0;0;0;0;0;26384;52;0;0;;;;;;;;;
;;;8284;3:00:00;52;0,77418387;0;0;0;0;0;0;0;26332;52;0;0;;;;;;;;;
;;;8285;4:00:00;52;0,8576758;0;0;0;0;0;0;0;26280;52;0;0;;;;;;;;;
;;;8286;5:00:00;52;1,3021268;0;0;0;0;0;0;0;26228;52;0;0;;;;;;;;;
;;;8287;6:00:00;1894,41;1,6770291;0;0;0;0;0;0;0;24334;1894,41;0;0;;;;;;;;;
;;;8288;7:00:00;2590,45;1,9652759;0;0;0;0;0;0;0;21743;2590,45;0;0;;;;;;;;;
;;;8289;8:00:00;1620,45;1,8561062;0;90,46;207,31;926,3104;542,76;542,76;0;20666;1077,69;0;0;;;;;;;;;
;;;8290;9:00:00;113,56;1,8146116;0;353,75;456,93;3622,4;2122,5;2122,5;2008,94;22675;0;0;0;;;;;;;;;
;;;8291;10:00:00;52;3,1068068;0;256,37;250,83;2625,2288;1538,22;1538,22;1486,22;24161;0;0;0;;;;;;;;;
;;;8292;11:00:00;52;3,9817615;0;720,51;281,58;7378,0224;4323,06;4323,06;4271,06;28432;0;0;0;;;;;;;;;
;;;8293;12:00:00;52;4,6172676;0;340,17;253,89;3483,3408;2041,02;2041,02;1989,02;30421;0;0;0;;;;;;;;;
;;;8294;13:00:00;2788;4,515092;0;253,36;242,33;2594,4064;1520,16;1520,16;0;29153;1267,84;0;0;;;;;;;;;
;;;8295;14:00:00;362;4,606882;0;170,98;184;1750,8352;1025,88;1025,88;663,88;29817;0;0;0;;;;;;;;;
;;;8296;15:00:00;492;4,3807263;0;274,93;294,76;2815,2832;1649,58;1649,58;1157,58;30975;0;0;0;;;;;;;;;
;;;8297;16:00:00;52;3,8403113;0;321,08;476,93;3287,8592;1926,48;1926,48;1874,48;32849;0;0;0;;;;;;;;;
;;;8298;17:00:00;52;3,5637724;0;0;0;0;0;0;0;32797;52;0;0;;;;;;;;;
;;;8299;18:00:00;1342,2;3,7446396;0;0;0;0;0;0;0;31455;1342,2;0;0;;;;;;;;;
;;;8300;19:00:00;3055,45;3,7007987;0;0;0;0;0;0;0;28399;3055,45;0;0;;;;;;;;;
;;;8301;20:00:00;3419,45;3,3808653;0;0;0;0;0;0;0;24980;3419,45;0;0;;;;;;;;;
;;;8302;21:00:00;3547,15;3,1298387;0;0;0;0;0;0;0;21433;3547,15;0;0;;;;;;;;;
;;;8303;22:00:00;625,45;3,1264446;0;0;0;0;0;0;0;20807;625,45;0;0;;;;;;;;;
;;;8304;23:00:00;815,45;2,9793782;0;0;0;0;0;0;0;19992;815,45;0;0;;;;;;;;;
;;Jueves;8305;0:00:00;654,6;2,5968637;0;0;0;0;0;0;0;19337;654,6;0;0;;;;;;;;;
;;;8306;1:00:00;52;2,4926834;0;0;0;0;0;0;0;19285;52;0;0;;;;;;;;;
;;;8307;2:00:00;52;2,5883865;0;0;0;0;0;0;0;19233;52;0;0;;;;;;;;;
;;;8308;3:00:00;52;2,789659;0;0;0;0;0;0;0;19181;52;0;0;;;;;;;;;
;;;8309;4:00:00;52;2,5589468;0;0;0;0;0;0;0;19129;52;0;0;;;;;;;;;
;;;8310;5:00:00;52;2,3279366;0;0;0;0;0;0;0;19077;52;0;0;;;;;;;;;
;;;8311;6:00:00;1894,41;2,256991;0;0;0;0;0;0;0;17183;1894,41;0;0;;;;;;;;;
;;;8312;7:00:00;2590,45;2,3560638;0;0;0;0;0;0;0;14592;2590,45;0;0;;;;;;;;;
;;;8313;8:00:00;1620,45;2,402696;0;100,8;244,57;1032,192;604,8;604,8;0;13577;1015,65;0;0;;;;;;;;;
;;;8314;9:00:00;113,56;2,2254915;0;255,14;327,96;2612,6336;1530,84;1530,84;1417,28;14994;0;0;0;;;;;;;;;
;;;8315;10:00:00;52;2,3521698;0;526,05;402,81;5386,752;3156,3;3156,3;3104,3;18098;0;0;0;;;;;;;;;
;;;8316;11:00:00;52;3,6387258;0;731,03;277,9;7485,7472;4386,18;4386,18;4334,18;22433;0;0;0;;;;;;;;;
;;;8317;12:00:00;52;3,9995277;0;348,78;253,48;3571,5072;2092,68;2092,68;2040,68;24473;0;0;0;;;;;;;;;
;;;8318;13:00:00;2788;3,6333168;0;395,84;303,21;4053,4016;2375,04;2375,04;0;24060;412,96;0;0;;;;;;;;;
;;;8319;14:00:00;362;3,1031244;0;628,15;481,44;6432,256;3768,9;3768,9;3406,9;27467;0;0;0;;;;;;;;;
;;;8320;15:00:00;492;2,5090654;0;220,57;238,76;2258,6368;1323,42;1323,42;831,42;28299;0;0;0;;;;;;;;;
;;;8321;16:00:00;52;1,6155784;0;29,27;33,74;299,7248;175,62;175,62;123,62;28422;0;0;0;;;;;;;;;
;;;8322;17:00:00;52;1,2059064;0;0;0;0;0;0;0;28370;52;0;0;;;;;;;;;
;;;8323;18:00:00;1342,2;1,6372588;0;0;0;0;0;0;0;27028;1342,2;0;0;;;;;;;;;
;;;8324;19:00:00;3055,45;1,8746644;0;0;0;0;0;0;0;23973;3055,45;0;0;;;;;;;;;
;;;8325;20:00:00;3419,45;1,7068652;0;0;0;0;0;0;0;20553;3419,45;0;0;;;;;;;;;
;;;8326;21:00:00;3547,15;1,5160974;0;0;0;0;0;0;0;17006;3547,15;0;0;;;;;;;;;
;;;8327;22:00:00;625,45;1,7062421;0;0;0;0;0;0;0;16381;625,45;0;0;;;;;;;;;
;;;8328;23:00:00;815,45;1,5662777;0;0;0;0;0;0;0;15565;815,45;0;0;;;;;;;;;
;;Viernes;8329;0:00:00;654,6;1,618563;0;0;0;0;0;0;0;14910;654,6;0;0;;;;;;;;;
;;;8330;1:00:00;52;1,7692953;0;0;0;0;0;0;0;14858;52;0;0;;;;;;;;;
;;;8331;2:00:00;52;1,6863804;0;0;0;0;0;0;0;14806;52;0;0;;;;;;;;;
;;;8332;3:00:00;52;2,111718;0;0;0;0;0;0;0;14754;52;0;0;;;;;;;;;
;;;8333;4:00:00;52;2,3702357;0;0;0;0;0;0;0;14702;52;0;0;;;;;;;;;
;;;8334;5:00:00;52;2,3550057;0;0;0;0;0;0;0;14650;52;0;0;;;;;;;;;
;;;8335;6:00:00;1894,41;2,2940242;0;0;0;0;0;0;0;12756;1894,41;0;0;;;;;;;;;
;;;8336;7:00:00;2590,45;2,218618;0;0;0;0;0;0;0;10166;2590,45;0;0;;;;;;;;;
;;;8337;8:00:00;1620,45;2,288297;0;99,28;241,88;1016,6272;595,68;595,68;0;9141;1024,77;0;0;;;;;;;;;
;;;8338;9:00:00;113,56;2,0005853;0;365,2;475,18;3739,648;2191,2;2191,2;2077,64;11218;0;0;0;;;;;;;;;
;;;8339;10:00:00;52;1,2897835;0;587,04;427,8;6011,2896;3522,24;3522,24;3470,24;14689;0;0;0;;;;;;;;;
;;;8340;11:00:00;52;0,72836894;0;655,3;291,58;6710,272;3931,8;3931,8;3879,8;18569;0;0;0;;;;;;;;;
;;;8341;12:00:00;52;1,2150317;0;306,97;247,18;3143,3728;1841,82;1841,82;1789,82;20358;0;0;0;;;;;;;;;
;;;8342;13:00:00;2788;1,7195317;0;604,21;361,59;6187,1104;3625,26;3625,26;837,26;21196;0;0;0;;;;;;;;;
;;;8343;14:00:00;362;1,43039;0;460,89;384,82;4719,5136;2765,34;2765,34;2403,34;23599;0;0;0;;;;;;;;;
;;;8344;15:00:00;492;1,3136061;0;337,42;356,55;3455,1808;2024,52;2024,52;1532,52;25131;0;0;0;;;;;;;;;
;;;8345;16:00:00;52;1,8014863;0;139,39;197,05;1427,3536;836,34;836,34;784,34;25916;0;0;0;;;;;;;;;
;;;8346;17:00:00;52;2,2364097;0;0;0;0;0;0;0;25864;52;0;0;;;;;;;;;
;;;8347;18:00:00;1342,2;1,8854518;0;0;0;0;0;0;0;24522;1342,2;0;0;;;;;;;;;
;;;8348;19:00:00;3055,45;1,946421;0;0;0;0;0;0;0;21466;3055,45;0;0;;;;;;;;;
;;;8349;20:00:00;3419,45;1,7255478;0;0;0;0;0;0;0;18047;3419,45;0;0;;;;;;;;;
;;;8350;21:00:00;3547,15;2,0572088;0;0;0;0;0;0;0;14500;3547,15;0;0;;;;;;;;;
;;;8351;22:00:00;625,45;2,400057;0;0;0;0;0;0;0;13874;625,45;0;0;;;;;;;;;
;;;8352;23:00:00;815,45;3,0085616;0;0;0;0;0;0;0;13059;815,45;0;0;;;;;;;;;
;;Sábado;8353;0:00:00;757,2;3,4692082;0;0;0;0;0;0;0;12301;757,2;0;0;;;;;;;;;
;;;8354;1:00:00;362;3,4956608;0;0;0;0;0;0;0;11939;362;0;0;;;;;;;;;
;;;8355;2:00:00;52;3,5712545;0;0;0;0;0;0;0;11887;52;0;0;;;;;;;;;
;;;8356;3:00:00;52;3,6490817;0;0;0;0;0;0;0;11835;52;0;0;;;;;;;;;
;;;8357;4:00:00;52;3,834173;0;0;0;0;0;0;0;11783;52;0;0;;;;;;;;;
;;;8358;5:00:00;52;4,000271;0;0;0;0;0;0;0;11731;52;0;0;;;;;;;;;
;;;8359;6:00:00;399,6;4,057179;0;0;0;0;0;0;0;11332;399,6;0;0;;;;;;;;;
;;;8360;7:00:00;2365,45;4,137053;0;0;0;0;0;0;0;8966;2365,45;0;0;;;;;;;;;
;;;8361;8:00:00;2160,45;4,3031754;0;110,64;281,19;1132,9536;663,84;663,84;0;7470;1496,61;0;0;;;;;;;;;
;;;8362;9:00:00;1311,81;4,1534553;0;362,35;473,62;3710,464;2174,1;2174,1;862,29;8332;0;0;0;;;;;;;;;
;;;8363;10:00:00;1676,25;3,8057823;0;584,23;427,83;5982,5152;3505,38;3505,38;1829,13;10161;0;0;0;;;;;;;;;
;;;8364;11:00:00;232;3,6496437;0;282,21;245,63;2889,8304;1693,26;1693,26;1461,26;11622;0;0;0;;;;;;;;;
;;;8365;12:00:00;52;3,0275214;0;795,41;195,77;8144,9984;4772,46;4772,46;4720,46;16343;0;0;0;;;;;;;;;
;;;8366;13:00:00;2755;2,4126084;0;682,51;375,35;6988,9024;4095,06;4095,06;1340,06;17683;0;0;0;;;;;;;;;
;;;8367;14:00:00;2642;1,9668676;0;722,82;528,69;7401,6768;4336,92;4336,92;1694,92;19378;0;0;0;;;;;;;;;
;;;8368;15:00:00;492;1,1053208;0;126,56;141,54;1295,9744;759,36;759,36;267,36;19645;0;0;0;;;;;;;;;
;;;8369;16:00:00;52;0,9825664;0;415,3;615,23;4252,672;2491,8;2491,8;2439,8;22085;0;0;0;;;;;;;;;
;;;8370;17:00:00;52;1,7582312;0;0;0;0;0;0;0;22033;52;0;0;;;;;;;;;
;;;8371;18:00:00;632,2;1,733653;0;0;0;0;0;0;0;21401;632,2;0;0;;;;;;;;;
;;;8372;19:00:00;1343,7;1,7958395;0;0;0;0;0;0;0;20057;1343,7;0;0;;;;;;;;;
;;;8373;20:00:00;3239,45;2,553833;0;0;0;0;0;0;0;16818;3239,45;0;0;;;;;;;;;
;;;8374;21:00:00;5495,45;3,2055328;0;0;0;0;0;0;0;11322;5495,45;0;0;;;;;;;;;
;;;8375;22:00:00;625,45;3,6305125;0;0;0;0;0;0;0;10697;625,45;0;0;;;;;;;;;
;;;8376;23:00:00;815,45;3,9722402;0;0;0;0;0;0;0;9881;815,45;0;0;;;;;;;;;
;;Domingo;8377;0:00:00;757,2;4,203453;0;0;0;0;0;0;0;9124;757,2;0;0;;;;;;;;;
;;;8378;1:00:00;362;4,3831983;0;0;0;0;0;0;0;8762;362;0;0;;;;;;;;;
;;;8379;2:00:00;52;4,3924565;0;0;0;0;0;0;0;8710;52;0;0;;;;;;;;;
;;;8380;3:00:00;52;4,262636;0;0;0;0;0;0;0;8658;52;0;0;;;;;;;;;
;;;8381;4:00:00;52;3,9713979;0;0;0;0;0;0;0;8606;52;0;0;;;;;;;;;
;;;8382;5:00:00;52;3,601848;0;0;0;0;0;0;0;8554;52;0;0;;;;;;;;;
;;;8383;6:00:00;399,6;3,2511272;0;0;0;0;0;0;0;8155;399,6;0;0;;;;;;;;;
;;;8384;7:00:00;2365,45;3,081587;0;0;0;0;0;0;0;5789;2365,45;0;0;;;;;;;;;
;;;8385;8:00:00;2160,45;3,4148242;0;96,03;235,78;983,3472;576,18;576,18;0;4205;1584,27;0;0;;;;;;;;;
;;;8386;9:00:00;1311,81;3,392208;0;365,16;479,59;3739,2384;2190,96;2190,96;879,15;5084;0;0;0;;;;;;;;;
;;;8387;10:00:00;1676,25;3,4965956;0;593,13;435,18;6073,6512;3558,78;3558,78;1882,53;6967;0;0;0;;;;;;;;;
;;;8388;11:00:00;232;3,3861723;0;779,43;278,48;7981,3632;4676,58;4676,58;4444,58;11411;0;0;0;;;;;;;;;
;;;8389;12:00:00;52;2,7513978;0;893,31;161,17;9147,4944;5359,86;5359,86;5307,86;16719;0;0;0;;;;;;;;;
;;;8390;13:00:00;2755;2,0697172;0;948,41;394,1;9711,7184;5690,46;5690,46;2935,46;19654;0;0;0;;;;;;;;;
;;;8391;14:00:00;2642;1,5777625;0;867,61;595,03;8884,3264;5205,66;5205,66;2563,66;22218;0;0;0;;;;;;;;;
;;;8392;15:00:00;492;1,174039;0;751,59;747,56;7696,2816;4509,54;4509,54;4017,54;26236;0;0;0;;;;;;;;;
;;;8393;16:00:00;52;1,3112423;0;624,07;922,56;6390,4768;3744,42;3744,42;3692,42;29928;0;0;0;;;;;;;;;
;;;8394;17:00:00;52;1,8393868;0;0;0;0;0;0;0;29876;52;0;0;;;;;;;;;
;;;8395;18:00:00;632,2;1,4819087;0;0;0;0;0;0;0;29244;632,2;0;0;;;;;;;;;
;;;8396;19:00:00;1343,7;0,71539855;0;0;0;0;0;0;0;27900;1343,7;0;0;;;;;;;;;
;;;8397;20:00:00;3239,45;0,8304179;0;0;0;0;0;0;0;24661;3239,45;0;0;;;;;;;;;
;;;8398;21:00:00;5495,45;1,2098198;0;0;0;0;0;0;0;19165;5495,45;0;0;;;;;;;;;
;;;8399;22:00:00;625,45;1,65255;0;0;0;0;0;0;0;18540;625,45;0;0;;;;;;;;;
;;;8400;23:00:00;815,45;2,1168427;0;0;0;0;0;0;0;17724;815,45;0;0;;;;;;;;;
;51;Lunes;8401;0:00:00;654,6;2,5507438;0;0;0;0;0;0;0;17070;654,6;0;0;;;;;;;;;
;;;8402;1:00:00;52;2,799395;0;0;0;0;0;0;0;17018;52;0;0;;;;;;;;;
;;;8403;2:00:00;52;2,7321754;0;0;0;0;0;0;0;16966;52;0;0;;;;;;;;;
;;;8404;3:00:00;52;2,640635;0;0;0;0;0;0;0;16914;52;0;0;;;;;;;;;
;;;8405;4:00:00;52;2,4199321;0;0;0;0;0;0;0;16862;52;0;0;;;;;;;;;
;;;8406;5:00:00;52;2,240978;0;0;0;0;0;0;0;16810;52;0;0;;;;;;;;;
;;;8407;6:00:00;1894,41;2,5089605;0;0;0;0;0;0;0;14915;1894,41;0;0;;;;;;;;;
;;;8408;7:00:00;2590,45;2,586278;0;0;0;0;0;0;0;12325;2590,45;0;0;;;;;;;;;
;;;8409;8:00:00;1620,45;2,7709634;0;101,92;261,11;1043,6608;611,52;611,52;0;11316;1008,93;0;0;;;;;;;;;
;;;8410;9:00:00;113,56;2,610295;0;349,91;461,52;3583,0784;2099,46;2099,46;1985,9;13302;0;0;0;;;;;;;;;
;;;8411;10:00:00;52;2,2009652;0;587,19;429,84;6012,8256;3523,14;3523,14;3471,14;16773;0;0;0;;;;;;;;;
;;;8412;11:00:00;52;1,7794925;0;757,76;276,03;7759,4624;4546,56;4546,56;4494,56;21268;0;0;0;;;;;;;;;
;;;8413;12:00:00;52;1,8026104;0;887,03;152,13;9083,1872;5322,18;5322,18;5270,18;26538;0;0;0;;;;;;;;;
;;;8414;13:00:00;2788;1,9177927;0;922,7;384,74;9448,448;5536,2;5536,2;2748,2;29286;0;0;0;;;;;;;;;
;;;8415;14:00:00;362;1,9362774;0;864,79;587,33;8855,4496;5188,74;5188,74;4826,74;34113;0;0;0;;;;;;;;;
;;;8416;15:00:00;492;1,7155644;0;724,76;720,17;7421,5424;4348,56;4348,56;3856,56;37969;0;0;1825,78;;;;;;;;;
;;;8417;16:00:00;52;1,6097891;0;492,52;726,66;5043,4048;2955,12;2955,12;2903,12;40000;0;0;2903,12;;;;;;;;;
;;;8418;17:00:00;52;2,3511317;0;0;0;0;0;0;0;39948;52;0;0;;;;;;;;;
;;;8419;18:00:00;1342,2;2,4904394;0;0;0;0;0;0;0;38606;1342,2;0;0;;;;;;;;;
;;;8420;19:00:00;3055,45;2,2011585;0;0;0;0;0;0;0;35550;3055,45;0;0;;;;;;;;;
;;;8421;20:00:00;3419,45;1,6700408;0;0;0;0;0;0;0;32131;3419,45;0;0;;;;;;;;;
;;;8422;21:00:00;3547,15;1,5870669;0;0;0;0;0;0;0;28584;3547,15;0;0;;;;;;;;;
;;;8423;22:00:00;625,45;1,473756;0;0;0;0;0;0;0;27958;625,45;0;0;;;;;;;;;
;;;8424;23:00:00;815,45;2,0453916;0;0;0;0;0;0;0;27143;815,45;0;0;;;;;;;;;
;;Martes;8425;0:00:00;654,6;2,435241;0;0;0;0;0;0;0;26488;654,6;0;0;;;;;;;;;
;;;8426;1:00:00;52;2,441776;0;0;0;0;0;0;0;26436;52;0;0;;;;;;;;;
;;;8427;2:00:00;52;2,3250096;0;0;0;0;0;0;0;26384;52;0;0;;;;;;;;;
;;;8428;3:00:00;52;2,5337164;0;0;0;0;0;0;0;26332;52;0;0;;;;;;;;;
;;;8429;4:00:00;52;2,7577164;0;0;0;0;0;0;0;26280;52;0;0;;;;;;;;;
;;;8430;5:00:00;52;2,7563472;0;0;0;0;0;0;0;26228;52;0;0;;;;;;;;;
;;;8431;6:00:00;1894,41;2,7455995;0;0;0;0;0;0;0;24334;1894,41;0;0;;;;;;;;;
;;;8432;7:00:00;2590,45;2,8388205;0;0;0;0;0;0;0;21743;2590,45;0;0;;;;;;;;;
;;;8433;8:00:00;1620,45;2,8922868;0;82,37;200,17;843,4688;494,22;494,22;0;20617;1126,23;0;0;;;;;;;;;
;;;8434;9:00:00;113,56;2,7466767;0;346,69;459,35;3550,1056;2080,14;2080,14;1966,58;22584;0;0;0;;;;;;;;;
;;;8435;10:00:00;52;2,5046754;0;509,51;400,08;5217,3824;3057,06;3057,06;3005,06;25589;0;0;0;;;;;;;;;
;;;8436;11:00:00;52;2,5518057;0;284,93;245,6;2917,6832;1709,58;1709,58;1657,58;27246;0;0;0;;;;;;;;;
;;;8437;12:00:00;52;2,3924363;0;757,22;197,6;7753,9328;4543,32;4543,32;4491,32;31738;0;0;0;;;;;;;;;
;;;8438;13:00:00;2788;2,6318774;0;851,74;382,37;8721,8176;5110,44;5110,44;2322,44;34060;0;0;0;;;;;;;;;
;;;8439;14:00:00;362;2,4282324;0;805,05;560,09;8243,712;4830,3;4830,3;4468,3;38528;0;0;2996,74;;;;;;;;;
;;;8440;15:00:00;492;1,8010064;0;723,39;716,8;7407,5136;4340,34;4340,34;3848,34;40000;0;0;3848,34;;;;;;;;;
;;;8441;16:00:00;52;1,4934849;0;147,96;207,9;1515,1104;887,76;887,76;835,76;40000;0;0;835,76;;;;;;;;;
;;;8442;17:00:00;52;1,3699241;0;0;0;0;0;0;0;39948;52;0;0;;;;;;;;;
;;;8443;18:00:00;1342,2;1,0612895;0;0;0;0;0;0;0;38606;1342,2;0;0;;;;;;;;;
;;;8444;19:00:00;3055,45;1,135364;0;0;0;0;0;0;0;35550;3055,45;0;0;;;;;;;;;
;;;8445;20:00:00;3419,45;1,7044808;0;0;0;0;0;0;0;32131;3419,45;0;0;;;;;;;;;
;;;8446;21:00:00;3547,15;1,9047982;0;0;0;0;0;0;0;28584;3547,15;0;0;;;;;;;;;
;;;8447;22:00:00;625,45;2,6836693;0;0;0;0;0;0;0;27958;625,45;0;0;;;;;;;;;
;;;8448;23:00:00;815,45;2,7408855;0;0;0;0;0;0;0;27143;815,45;0;0;;;;;;;;;
;;Miércoles;8449;0:00:00;654,6;2,8062234;0;0;0;0;0;0;0;26488;654,6;0;0;;;;;;;;;
;;;8450;1:00:00;52;2,9055977;0;0;0;0;0;0;0;26436;52;0;0;;;;;;;;;
;;;8451;2:00:00;52;2,9611032;0;0;0;0;0;0;0;26384;52;0;0;;;;;;;;;
;;;8452;3:00:00;52;2,8949583;0;0;0;0;0;0;0;26332;52;0;0;;;;;;;;;
;;;8453;4:00:00;52;2,80174;0;0;0;0;0;0;0;26280;52;0;0;;;;;;;;;
;;;8454;5:00:00;52;2,8910453;0;0;0;0;0;0;0;26228;52;0;0;;;;;;;;;
;;;8455;6:00:00;1894,41;3,107988;0;0;0;0;0;0;0;24334;1894,41;0;0;;;;;;;;;
;;;8456;7:00:00;2590,45;3,2165153;0;0;0;0;0;0;0;21743;2590,45;0;0;;;;;;;;;
;;;8457;8:00:00;1620,45;3,3394685;0;41,58;77,13;425,7792;249,48;249,48;0;20372;1370,97;0;0;;;;;;;;;
;;;8458;9:00:00;113,56;3,3390892;0;81,09;94,91;830,3616;486,54;486,54;372,98;20745;0;0;0;;;;;;;;;
;;;8459;10:00:00;52;3,3149028;0;99,7;114,94;1020,928;598,2;598,2;546,2;21292;0;0;0;;;;;;;;;
;;;8460;11:00:00;52;3,3266826;0;157,57;174,4;1613,5168;945,42;945,42;893,42;22185;0;0;0;;;;;;;;;
;;;8461;12:00:00;52;3,3141468;0;70,43;81,19;721,2032;422,58;422,58;370,58;22556;0;0;0;;;;;;;;;
;;;8462;13:00:00;2788;3,556447;0;35,67;41,12;365,2608;214,02;214,02;0;19982;2573,98;0;0;;;;;;;;;
;;;8463;14:00:00;362;3,3399663;0;48,48;55,89;496,4352;290,88;290,88;0;19911;71,12;0;0;;;;;;;;;
;;;8464;15:00:00;492;2,965554;0;92,31;105,08;945,2544;553,86;553,86;61,86;19972;0;0;0;;;;;;;;;
;;;8465;16:00:00;52;2,8213327;0;111,91;153,87;1145,9584;671,46;671,46;619,46;20592;0;0;0;;;;;;;;;
;;;8466;17:00:00;52;2,9299426;0;0;0;0;0;0;0;20540;52;0;0;;;;;;;;;
;;;8467;18:00:00;1342,2;3,269228;0;0;0;0;0;0;0;19198;1342,2;0;0;;;;;;;;;
;;;8468;19:00:00;3055,45;3,6939697;0;0;0;0;0;0;0;16142;3055,45;0;0;;;;;;;;;
;;;8469;20:00:00;3419,45;4,1206665;0;0;0;0;0;0;0;12723;3419,45;0;0;;;;;;;;;
;;;8470;21:00:00;3547,15;4,385297;0;0;0;0;0;0;0;9176;3547,15;0;0;;;;;;;;;
;;;8471;22:00:00;625,45;4,4613223;0;0;0;0;0;0;0;8550;625,45;0;0;;;;;;;;;
;;;8472;23:00:00;815,45;4,6819153;0;0;0;0;0;0;0;7735;815,45;0;0;;;;;;;;;
;;Jueves;8473;0:00:00;654,6;4,886033;0;0;0;0;0;0;0;7080;654,6;0;0;;;;;;;;;
;;;8474;1:00:00;52;5,1971183;0;0;0;0;0;0;0;7028;52;0;0;;;;;;;;;
;;;8475;2:00:00;52;5,6235538;0;0;0;0;0;0;0;6976;52;0;0;;;;;;;;;
;;;8476;3:00:00;52;5,589967;0;0;0;0;0;0;0;6924;52;0;0;;;;;;;;;
;;;8477;4:00:00;52;5,5078764;0;0;0;0;0;0;0;6872;52;0;0;;;;;;;;;
;;;8478;5:00:00;52;5,4657607;0;0;0;0;0;0;0;6820;52;0;0;;;;;;;;;
;;;8479;6:00:00;1894,41;5,0269365;0;0;0;0;0;0;0;4926;1894,41;0;0;;;;;;;;;
;;;8480;7:00:00;2590,45;4,797579;0;0;0;0;0;0;0;2335;2590,45;255,24;0;;;;;;;;;
;;;8481;8:00:00;1620,45;4,9464264;0;18,29;21,09;187,2896;109,74;109,74;0;825;1510,71;686,21;0;;;;;;;;;
;;;8482;9:00:00;113,56;5,5245075;0;32,01;36,91;327,7824;192,06;192,06;78,5;903;0;0;0;;;;;;;;;
;;;8483;10:00:00;52;5,0103927;0;93,3;107,56;955,392;559,8;559,8;507,8;1411;0;0;0;;;;;;;;;
;;;8484;11:00:00;52;6,3231254;0;189,23;197,96;1937,7152;1135,38;1135,38;1083,38;2494;0;0;0;;;;;;;;;
;;;8485;12:00:00;52;6,6592803;0;67,69;78,03;693,1456;406,14;406,14;354,14;2848;0;0;0;;;;;;;;;
;;;8486;13:00:00;2788;6,3472457;0;121,66;140,25;1245,7984;729,96;729,96;0;790;2058,04;1267,76;0;;;;;;;;;
;;;8487;14:00:00;362;6,6563487;0;157,35;170,89;1611,264;944,1;944,1;582,1;1372;0;0;0;;;;;;;;;
;;;8488;15:00:00;492;6,2695904;0;370,14;384,24;3790,2336;2220,84;2220,84;1728,84;3101;0;0;0;;;;;;;;;
;;;8489;16:00:00;52;5,5783687;0;56,44;71,75;577,9456;338,64;338,64;286,64;3388;0;0;0;;;;;;;;;
;;;8490;17:00:00;52;5,1316032;0;0;0;0;0;0;0;3336;52;0;0;;;;;;;;;
;;;8491;18:00:00;1342,2;4,9024425;0;0;0;0;0;0;0;1994;1342,2;0;0;;;;;;;;;
;;;8492;19:00:00;3055,45;4,3246126;0;0;0;0;0;0;0;0;3055,45;3055,45;0;;;;;;;;;
;;;8493;20:00:00;3419,45;3,3036695;0;0;0;0;0;0;0;0;3419,45;3419,45;0;;;;;;;;;
;;;8494;21:00:00;3547,15;2,6398568;0;0;0;0;0;0;0;0;3547,15;3547,15;0;;;;;;;;;
;;;8495;22:00:00;625,45;2,2797763;0;0;0;0;0;0;0;0;625,45;625,45;0;;;;;;;;;
;;;8496;23:00:00;815,45;2,402325;0;0;0;0;0;0;0;0;815,45;815,45;0;;;;;;;;;
;;Viernes;8497;0:00:00;757,2;3,032862;0;0;0;0;0;0;0;0;757,2;757,2;0;;;;;;;;;
;;;8498;1:00:00;362;3,1511264;0;0;0;0;0;0;0;0;362;362;0;;;;;;;;;
;;;8499;2:00:00;52;3,2230215;0;0;0;0;0;0;0;0;52;52;0;;;;;;;;;
;;;8500;3:00:00;52;3,4254386;0;0;0;0;0;0;0;0;52;52;0;;;;;;;;;
;;;8501;4:00:00;52;3,853955;0;0;0;0;0;0;0;0;52;52;0;;;;;;;;;
;;;8502;5:00:00;52;4,3095837;0;0;0;0;0;0;0;0;52;52;0;;;;;;;;;
;;;8503;6:00:00;399,6;4,5600486;0;0;0;0;0;0;0;0;399,6;399,6;0;;;;;;;;;
;;;8504;7:00:00;2365,45;4,554886;0;0;0;0;0;0;0;0;2365,45;2365,45;0;;;;;;;;;
;;;8505;8:00:00;2160,45;4,808369;0;49,65;100,71;508,416;297,9;297,9;0;0;1862,55;1862,55;0;;;;;;;;;
;;;8506;9:00:00;1311,81;4,8533373;0;342,79;460,5;3510,1696;2056,74;2056,74;744,93;745;0;0;0;;;;;;;;;
;;;8507;10:00:00;1676,25;4,915123;0;586,8;437,6;6008,832;3520,8;3520,8;1844,55;2589;0;0;0;;;;;;;;;
;;;8508;11:00:00;232;4,2070374;0;776,09;281,48;7947,1616;4656,54;4656,54;4424,54;7014;0;0;0;;;;;;;;;
;;;8509;12:00:00;52;3,4813237;0;886,15;146,55;9074,176;5316,9;5316,9;5264,9;12279;0;0;0;;;;;;;;;
;;;8510;13:00:00;2755;2,7082317;0;932,82;380,99;9552,0768;5596,92;5596,92;2841,92;15121;0;0;0;;;;;;;;;
;;;8511;14:00:00;2642;1,8950344;0;875,86;586,16;8968,8064;5255,16;5255,16;2613,16;17734;0;0;0;;;;;;;;;
;;;8512;15:00:00;492;1,1415724;0;773,27;755,24;7918,2848;4639,62;4639,62;4147,62;21882;0;0;0;;;;;;;;;
;;;8513;16:00:00;52;1,5731418;0;525,38;766,18;5379,8912;3152,28;3152,28;3100,28;24982;0;0;0;;;;;;;;;
;;;8514;17:00:00;52;1,8149114;0;0;0;0;0;0;0;24930;52;0;0;;;;;;;;;
;;;8515;18:00:00;632,2;1,7307899;0;0;0;0;0;0;0;24298;632,2;0;0;;;;;;;;;
;;;8516;19:00:00;1343,7;1,3748335;0;0;0;0;0;0;0;22954;1343,7;0;0;;;;;;;;;
;;;8517;20:00:00;3239,45;1,5178599;0;0;0;0;0;0;0;19715;3239,45;0;0;;;;;;;;;
;;;8518;21:00:00;5495,45;1,891185;0;0;0;0;0;0;0;14219;5495,45;0;0;;;;;;;;;
;;;8519;22:00:00;625,45;2,5749226;0;0;0;0;0;0;0;13594;625,45;0;0;;;;;;;;;
;;;8520;23:00:00;815,45;3,1011689;0;0;0;0;0;0;0;12778;815,45;0;0;;;;;;;;;
;;Sábado;8521;0:00:00;757,2;3,426401;0;0;0;0;0;0;0;12021;757,2;0;0;;;;;;;;;
;;;8522;1:00:00;362;3,3693666;0;0;0;0;0;0;0;11659;362;0;0;;;;;;;;;
;;;8523;2:00:00;52;3,24628;0;0;0;0;0;0;0;11607;52;0;0;;;;;;;;;
;;;8524;3:00:00;52;3,1535153;0;0;0;0;0;0;0;11555;52;0;0;;;;;;;;;
;;;8525;4:00:00;52;3,1575377;0;0;0;0;0;0;0;11503;52;0;0;;;;;;;;;
;;;8526;5:00:00;52;3,2029402;0;0;0;0;0;0;0;11451;52;0;0;;;;;;;;;
;;;8527;6:00:00;399,6;3,1146948;0;0;0;0;0;0;0;11051;399,6;0;0;;;;;;;;;
;;;8528;7:00:00;2365,45;3,2652357;0;0;0;0;0;0;0;8686;2365,45;0;0;;;;;;;;;
;;;8529;8:00:00;2160,45;3,4493368;0;94,91;252,32;971,8784;569,46;569,46;0;7095;1590,99;0;0;;;;;;;;;
;;;8530;9:00:00;1311,81;3,1147053;0;368,36;497,17;3772,0064;2210,16;2210,16;898,35;7993;0;0;0;;;;;;;;;
;;;8531;10:00:00;1676,25;2,818877;0;598,64;447,3;6130,0736;3591,84;3591,84;1915,59;9909;0;0;0;;;;;;;;;
;;;8532;11:00:00;232;2,230742;0;774,89;288,33;7934,8736;4649,34;4649,34;4417,34;14326;0;0;0;;;;;;;;;
;;;8533;12:00:00;52;1,7131516;0;904,6;145,12;9263,104;5427,6;5427,6;5375,6;19702;0;0;0;;;;;;;;;
;;;8534;13:00:00;2755;1,4674424;0;951,07;383,9;9738,9568;5706,42;5706,42;2951,42;22653;0;0;0;;;;;;;;;
;;;8535;14:00:00;2642;1,3400985;0;896,66;596,53;9181,7984;5379,96;5379,96;2737,96;25391;0;0;0;;;;;;;;;
;;;8536;15:00:00;492;1,5971258;0;761,26;744,49;7795,3024;4567,56;4567,56;4075,56;29467;0;0;0;;;;;;;;;
;;;8537;16:00:00;52;1,6578184;0;646,49;938,42;6620,0576;3878,94;3878,94;3826,94;33294;0;0;0;;;;;;;;;
;;;8538;17:00:00;52;2,2238426;0;0;0;0;0;0;0;33242;52;0;0;;;;;;;;;
;;;8539;18:00:00;632,2;2,2360559;0;0;0;0;0;0;0;32610;632,2;0;0;;;;;;;;;
;;;8540;19:00:00;1343,7;1,9944134;0;0;0;0;0;0;0;31266;1343,7;0;0;;;;;;;;;
;;;8541;20:00:00;3239,45;2,0666943;0;0;0;0;0;0;0;28026;3239,45;0;0;;;;;;;;;
;;;8542;21:00:00;5495,45;2,6606116;0;0;0;0;0;0;0;22531;5495,45;0;0;;;;;;;;;
;;;8543;22:00:00;625,45;3,1904123;0;0;0;0;0;0;0;21905;625,45;0;0;;;;;;;;;
;;;8544;23:00:00;815,45;3,4731762;0;0;0;0;0;0;0;21090;815,45;0;0;;;;;;;;;
;;Domingo;8545;0:00:00;757,2;3,6578496;0;0;0;0;0;0;0;20333;757,2;0;0;;;;;;;;;
;;;8546;1:00:00;362;3,8818512;0;0;0;0;0;0;0;19971;362;0;0;;;;;;;;;
;;;8547;2:00:00;52;3,930188;0;0;0;0;0;0;0;19919;52;0;0;;;;;;;;;
;;;8548;3:00:00;52;3,8319964;0;0;0;0;0;0;0;19867;52;0;0;;;;;;;;;
;;;8549;4:00:00;52;3,8314817;0;0;0;0;0;0;0;19815;52;0;0;;;;;;;;;
;;;8550;5:00:00;52;3,9442875;0;0;0;0;0;0;0;19763;52;0;0;;;;;;;;;
;;;8551;6:00:00;399,6;4,055729;0;0;0;0;0;0;0;19363;399,6;0;0;;;;;;;;;
;;;8552;7:00:00;2365,45;4,1315074;0;0;0;0;0;0;0;16998;2365,45;0;0;;;;;;;;;
;;;8553;8:00:00;2160,45;4,25453;0;92,89;248,02;951,1936;557,34;557,34;0;15395;1603,11;0;0;;;;;;;;;
;;;8554;9:00:00;1311,81;4,087008;0;349,55;474,2;3579,392;2097,3;2097,3;785,49;16180;0;0;0;;;;;;;;;
;;;8555;10:00:00;1676,25;3,85615;0;598,97;449,1;6133,4528;3593,82;3593,82;1917,57;18098;0;0;0;;;;;;;;;
;;;8556;11:00:00;232;3,7917223;0;774,98;289,49;7935,7952;4649,88;4649,88;4417,88;22516;0;0;0;;;;;;;;;
;;;8557;12:00:00;52;3,4224434;0;906,01;143,38;9277,5424;5436,06;5436,06;5384,06;27900;0;0;0;;;;;;;;;
;;;8558;13:00:00;2755;3,6773832;0;932,39;381,55;9547,6736;5594,34;5594,34;2839,34;30739;0;0;0;;;;;;;;;
;;;8559;14:00:00;2642;4,0227003;0;900,33;596,85;9219,3792;5401,98;5401,98;2759,98;33499;0;0;0;;;;;;;;;
;;;8560;15:00:00;492;3,9812412;0;765,64;746,51;7840,1536;4593,84;4593,84;4101,84;37601;0;0;1702,66;;;;;;;;;
;;;8561;16:00:00;52;4,2021956;0;566,23;821,57;5798,1952;3397,38;3397,38;3345,38;40000;0;0;3345,38;;;;;;;;;
;;;8562;17:00:00;52;4,726548;0;0;0;0;0;0;0;39948;52;0;0;;;;;;;;;
;;;8563;18:00:00;632,2;5,3093762;0;0;0;0;0;0;0;39316;632,2;0;0;;;;;;;;;
;;;8564;19:00:00;1343,7;5,2827444;0;0;0;0;0;0;0;37972;1343,7;0;0;;;;;;;;;
;;;8565;20:00:00;3239,45;4,92885;0;0;0;0;0;0;0;34733;3239,45;0;0;;;;;;;;;
;;;8566;21:00:00;5495,45;4,7410393;0;0;0;0;0;0;0;29237;5495,45;0;0;;;;;;;;;
;;;8567;22:00:00;625,45;4,295906;0;0;0;0;0;0;0;28612;625,45;0;0;;;;;;;;;
;;;8568;23:00:00;815,45;4,7068324;0;0;0;0;0;0;0;27796;815,45;0;0;;;;;;;;;
;52;Lunes;8569;0:00:00;757,2;4,720949;0;0;0;0;0;0;0;27039;757,2;0;0;;;;;;;;;
;;;8570;1:00:00;362;4,303986;0;0;0;0;0;0;0;26677;362;0;0;;;;;;;;;
;;;8571;2:00:00;52;4,2176185;0;0;0;0;0;0;0;26625;52;0;0;;;;;;;;;
;;;8572;3:00:00;52;4,3257217;0;0;0;0;0;0;0;26573;52;0;0;;;;;;;;;
;;;8573;4:00:00;52;4,414269;0;0;0;0;0;0;0;26521;52;0;0;;;;;;;;;
;;;8574;5:00:00;52;4,3090634;0;0;0;0;0;0;0;26469;52;0;0;;;;;;;;;
;;;8575;6:00:00;399,6;4,3633447;0;0;0;0;0;0;0;26070;399,6;0;0;;;;;;;;;
;;;8576;7:00:00;2365,45;4,523424;0;0;0;0;0;0;0;23704;2365,45;0;0;;;;;;;;;
;;;8577;8:00:00;2160,45;4,8371525;0;20,56;28,04;210,5344;123,36;123,36;0;21667;2037,09;0;0;;;;;;;;;
;;;8578;9:00:00;1311,81;5,3155003;0;262,47;353,67;2687,6928;1574,82;1574,82;263,01;21930;0;0;0;;;;;;;;;
;;;8579;10:00:00;1676,25;5,6491427;0;543,25;424,2;5562,88;3259,5;3259,5;1583,25;23513;0;0;0;;;;;;;;;
;;;8580;11:00:00;232;6,34303;0;758,06;288,06;7762,5344;4548,36;4548,36;4316,36;27830;0;0;0;;;;;;;;;
;;;8581;12:00:00;52;6,854779;0;873,33;145,53;8942,8992;5239,98;5239,98;5187,98;33018;0;0;0;;;;;;;;;
;;;8582;13:00:00;2755;6,8148084;0;934,27;376,07;9566,9248;5605,62;5605,62;2850,62;35868;0;0;0;;;;;;;;;
;;;8583;14:00:00;2642;6,132917;0;855,86;573,58;8764,0064;5135,16;5135,16;2493,16;38361;0;0;854,5;;;;;;;;;
;;;8584;15:00:00;492;5,4794135;0;812,15;782,4;8316,416;4872,9;4872,9;4380,9;40000;0;0;4380,9;;;;;;;;;
;;;8585;16:00:00;52;4,784621;0;78,23;102,49;801,0752;469,38;469,38;417,38;40000;0;0;417,38;;;;;;;;;
;;;8586;17:00:00;52;4,2823644;0;0;0;0;0;0;0;39948;52;0;0;;;;;;;;;
;;;8587;18:00:00;632,2;3,7831557;0;0;0;0;0;0;0;39316;632,2;0;0;;;;;;;;;
;;;8588;19:00:00;1343,7;3,3036273;0;0;0;0;0;0;0;37972;1343,7;0;0;;;;;;;;;
;;;8589;20:00:00;3239,45;2,7030673;0;0;0;0;0;0;0;34733;3239,45;0;0;;;;;;;;;
;;;8590;21:00:00;5495,45;2,5471306;0;0;0;0;0;0;0;29237;5495,45;0;0;;;;;;;;;
;;;8591;22:00:00;625,45;1,324759;0;0;0;0;0;0;0;28612;625,45;0;0;;;;;;;;;
;;;8592;23:00:00;815,45;1,6913122;0;0;0;0;0;0;0;27796;815,45;0;0;;;;;;;;;
;;Martes;8593;0:00:00;757,2;2,0137973;0;0;0;0;0;0;0;27039;757,2;0;0;;;;;;;;;
;;;8594;1:00:00;362;3,3461199;0;0;0;0;0;0;0;26677;362;0;0;;;;;;;;;
;;;8595;2:00:00;52;3,6710248;0;0;0;0;0;0;0;26625;52;0;0;;;;;;;;;
;;;8596;3:00:00;52;3,8647559;0;0;0;0;0;0;0;26573;52;0;0;;;;;;;;;
;;;8597;4:00:00;52;4,0877333;0;0;0;0;0;0;0;26521;52;0;0;;;;;;;;;
;;;8598;5:00:00;52;3,733929;0;0;0;0;0;0;0;26469;52;0;0;;;;;;;;;
;;;8599;6:00:00;399,6;3,4093642;0;0;0;0;0;0;0;26070;399,6;0;0;;;;;;;;;
;;;8600;7:00:00;2365,45;3,515867;0;0;0;0;0;0;0;23704;2365,45;0;0;;;;;;;;;
;;;8601;8:00:00;2160,45;3,774575;0;63,36;154,11;648,8064;380,16;380,16;0;21924;1780,29;0;0;;;;;;;;;
;;;8602;9:00:00;1311,81;3,8003345;0;308,28;421,17;3156,7872;1849,68;1849,68;537,87;22462;0;0;0;;;;;;;;;
;;;8603;10:00:00;1676,25;3,9555252;0;550,81;425,68;5640,2944;3304,86;3304,86;1628,61;24090;0;0;0;;;;;;;;;
;;;8604;11:00:00;232;4,0516973;0;741,4;285,86;7591,936;4448,4;4448,4;4216,4;28307;0;0;0;;;;;;;;;
;;;8605;12:00:00;52;3,6310594;0;855,43;143,61;8759,6032;5132,58;5132,58;5080,58;33387;0;0;0;;;;;;;;;
;;;8606;13:00:00;2755;2,9463627;0;914,3;368,39;9362,432;5485,8;5485,8;2730,8;36118;0;0;0;;;;;;;;;
;;;8607;14:00:00;2642;2,0485406;0;866,94;572,63;8877,4656;5201,64;5201,64;2559,64;38678;0;0;1237,3;;;;;;;;;
;;;8608;15:00:00;492;1,4221213;0;732,64;710,97;7502,2336;4395,84;4395,84;3903,84;40000;0;0;3903,84;;;;;;;;;
;;;8609;16:00:00;52;1,9056057;0;596,93;859,33;6112,5632;3581,58;3581,58;3529,58;40000;0;0;3529,58;;;;;;;;;
;;;8610;17:00:00;52;2,3981724;0;0;0;0;0;0;0;39948;52;0;0;;;;;;;;;
;;;8611;18:00:00;632,2;2,076591;0;0;0;0;0;0;0;39316;632,2;0;0;;;;;;;;;
;;;8612;19:00:00;1343,7;1,7718806;0;0;0;0;0;0;0;37972;1343,7;0;0;;;;;;;;;
;;;8613;20:00:00;3239,45;2,4050596;0;0;0;0;0;0;0;34733;3239,45;0;0;;;;;;;;;
;;;8614;21:00:00;5495,45;2,7300599;0;0;0;0;0;0;0;29237;5495,45;0;0;;;;;;;;;
;;;8615;22:00:00;625,45;3,068486;0;0;0;0;0;0;0;28612;625,45;0;0;;;;;;;;;
;;;8616;23:00:00;815,45;3,337328;0;0;0;0;0;0;0;27796;815,45;0;0;;;;;;;;;
;;Miércoles;8617;0:00:00;757,2;3,5718236;0;0;0;0;0;0;0;27039;757,2;0;0;;;;;;;;;
;;;8618;1:00:00;362;3,5842996;0;0;0;0;0;0;0;26677;362;0;0;;;;;;;;;
;;;8619;2:00:00;52;3,44226;0;0;0;0;0;0;0;26625;52;0;0;;;;;;;;;
;;;8620;3:00:00;52;3,1322393;0;0;0;0;0;0;0;26573;52;0;0;;;;;;;;;
;;;8621;4:00:00;52;3,2004158;0;0;0;0;0;0;0;26521;52;0;0;;;;;;;;;
;;;8622;5:00:00;52;2,917704;0;0;0;0;0;0;0;26469;52;0;0;;;;;;;;;
;;;8623;6:00:00;399,6;2,4730043;0;0;0;0;0;0;0;26070;399,6;0;0;;;;;;;;;
;;;8624;7:00:00;2365,45;2,261329;0;0;0;0;0;0;0;23704;2365,45;0;0;;;;;;;;;
;;;8625;8:00:00;2160,45;2,0425227;0;37,69;71,17;385,9456;226,14;226,14;0;21770;1934,31;0;0;;;;;;;;;
;;;8626;9:00:00;1311,81;1,6121159;0;300,2;411,61;3074,048;1801,2;1801,2;489,39;22259;0;0;0;;;;;;;;;
;;;8627;10:00:00;1676,25;2,0517824;0;562,44;431,13;5759,3856;3374,64;3374,64;1698,39;23958;0;0;0;;;;;;;;;
;;;8628;11:00:00;232;2,9755943;0;657,38;296,14;6731,5712;3944,28;3944,28;3712,28;27670;0;0;0;;;;;;;;;
;;;8629;12:00:00;52;3,2898245;0;781,12;170,89;7998,6688;4686,72;4686,72;4634,72;32305;0;0;0;;;;;;;;;
;;;8630;13:00:00;2755;2,6237938;0;887,38;364,33;9086,7712;5324,28;5324,28;2569,28;34874;0;0;0;;;;;;;;;
;;;8631;14:00:00;2642;2,5168219;0;772,95;532,73;7915,008;4637,7;4637,7;1995,7;36870;0;0;0;;;;;;;;;
;;;8632;15:00:00;492;2,6627352;0;758,74;731,06;7769,4976;4552,44;4552,44;4060,44;40000;0;0;4060,44;;;;;;;;;
;;;8633;16:00:00;52;2,1042867;0;188,22;262,88;1927,3728;1129,32;1129,32;1077,32;40000;0;0;1077,32;;;;;;;;;
;;;8634;17:00:00;52;1,9678127;0;0;0;0;0;0;0;39948;52;0;0;;;;;;;;;
;;;8635;18:00:00;632,2;1,8205281;0;0;0;0;0;0;0;39316;632,2;0;0;;;;;;;;;
;;;8636;19:00:00;1343,7;0,6628643;0;0;0;0;0;0;0;37972;1343,7;0;0;;;;;;;;;
;;;8637;20:00:00;3239,45;0,45043775;0;0;0;0;0;0;0;34733;3239,45;0;0;;;;;;;;;
;;;8638;21:00:00;5495,45;0,7110257;0;0;0;0;0;0;0;29237;5495,45;0;0;;;;;;;;;
;;;8639;22:00:00;625,45;0,9411541;0;0;0;0;0;0;0;28612;625,45;0;0;;;;;;;;;
;;;8640;23:00:00;815,45;1,3787215;0;0;0;0;0;0;0;27796;815,45;0;0;;;;;;;;;
;;Jueves;8641;0:00:00;757,2;1,7293074;0;0;0;0;0;0;0;27039;757,2;0;0;;;;;;;;;
;;;8642;1:00:00;362;2,0239787;0;0;0;0;0;0;0;26677;362;0;0;;;;;;;;;
;;;8643;2:00:00;52;1,4189949;0;0;0;0;0;0;0;26625;52;0;0;;;;;;;;;
;;;8644;3:00:00;52;1,3015707;0;0;0;0;0;0;0;26573;52;0;0;;;;;;;;;
;;;8645;4:00:00;52;1,8583921;0;0;0;0;0;0;0;26521;52;0;0;;;;;;;;;
;;;8646;5:00:00;52;2,3820217;0;0;0;0;0;0;0;26469;52;0;0;;;;;;;;;
;;;8647;6:00:00;399,6;2,5394578;0;0;0;0;0;0;0;26070;399,6;0;0;;;;;;;;;
;;;8648;7:00:00;2365,45;2,5713346;0;0;0;0;0;0;0;23704;2365,45;0;0;;;;;;;;;
;;;8649;8:00:00;2160,45;2,5160816;0;3,66;4,21;37,4784;21,96;21,96;0;21566;2138,49;0;0;;;;;;;;;
;;;8650;9:00:00;1311,81;2,0108004;0;121,92;150,91;1248,4608;731,52;731,52;0;20985;580,29;0;0;;;;;;;;;
;;;8651;10:00:00;1676,25;1,4271355;0;357,24;322,99;3658,1376;2143,44;2143,44;467,19;21452;0;0;0;;;;;;;;;
;;;8652;11:00:00;232;0,6026489;0;570,74;299,61;5844,3776;3424,44;3424,44;3192,44;24645;0;0;0;;;;;;;;;
;;;8653;12:00:00;52;0,51503843;0;721,34;192,33;7386,5216;4328,04;4328,04;4276,04;28921;0;0;0;;;;;;;;;
;;;8654;13:00:00;2755;1,4592758;0;866,94;364,82;8877,4656;5201,64;5201,64;2446,64;31368;0;0;0;;;;;;;;;
;;;8655;14:00:00;2642;1,9213285;0;833,95;556,05;8539,648;5003,7;5003,7;2361,7;33729;0;0;0;;;;;;;;;
;;;8656;15:00:00;492;2,0555859;0;730,68;705,47;7482,1632;4384,08;4384,08;3892,08;37621;0;0;1513,44;;;;;;;;;
;;;8657;16:00:00;52;1,4955505;0;242,77;342,54;2485,9648;1456,62;1456,62;1404,62;39026;0;0;430,6;;;;;;;;;
;;;8658;17:00:00;52;1,2932575;0;0;0;0;0;0;0;38974;52;0;0;;;;;;;;;
;;;8659;18:00:00;632,2;1,1470233;0;0;0;0;0;0;0;38342;632,2;0;0;;;;;;;;;
;;;8660;19:00:00;1343,7;0,91884655;0;0;0;0;0;0;0;36998;1343,7;0;0;;;;;;;;;
;;;8661;20:00:00;3239,45;1,0064945;0;0;0;0;0;0;0;33759;3239,45;0;0;;;;;;;;;
;;;8662;21:00:00;5495,45;1,1346247;0;0;0;0;0;0;0;28263;5495,45;0;0;;;;;;;;;
;;;8663;22:00:00;625,45;1,5110514;0;0;0;0;0;0;0;27638;625,45;0;0;;;;;;;;;
;;;8664;23:00:00;815,45;1,7963237;0;0;0;0;0;0;0;26822;815,45;0;0;;;;;;;;;
;;Viernes;8665;0:00:00;757,2;2,366372;0;0;0;0;0;0;0;26065;757,2;0;0;;;;;;;;;
;;;8666;1:00:00;362;2,540324;0;0;0;0;0;0;0;25703;362;0;0;;;;;;;;;
;;;8667;2:00:00;52;2,5106018;0;0;0;0;0;0;0;25651;52;0;0;;;;;;;;;
;;;8668;3:00:00;52;2,3505895;0;0;0;0;0;0;0;25599;52;0;0;;;;;;;;;
;;;8669;4:00:00;52;2,1663702;0;0;0;0;0;0;0;25547;52;0;0;;;;;;;;;
;;;8670;5:00:00;52;1,91765;0;0;0;0;0;0;0;25495;52;0;0;;;;;;;;;
;;;8671;6:00:00;399,6;1,778642;0;0;0;0;0;0;0;25095;399,6;0;0;;;;;;;;;
;;;8672;7:00:00;2365,45;1,6753857;0;0;0;0;0;0;0;22730;2365,45;0;0;;;;;;;;;
;;;8673;8:00:00;2160,45;2,1068168;0;15,55;17,92;159,232;93,3;93,3;0;20663;2067,15;0;0;;;;;;;;;
;;;8674;9:00:00;1311,81;2,0549672;0;32,01;36,91;327,7824;192,06;192,06;0;19543;1119,75;0;0;;;;;;;;;
;;;8675;10:00:00;1676,25;2,0274765;0;41,16;47,45;421,4784;246,96;246,96;0;18114;1429,29;0;0;;;;;;;;;
;;;8676;11:00:00;232;2,230924;0;46,65;53,78;477,696;279,9;279,9;47,9;18162;0;0;0;;;;;;;;;
;;;8677;12:00:00;52;2,165299;0;53,05;61,16;543,232;318,3;318,3;266,3;18428;0;0;0;;;;;;;;;
;;;8678;13:00:00;2755;2,2049806;0;62,2;71,71;636,928;373,2;373,2;0;16046;2381,8;0;0;;;;;;;;;
;;;8679;14:00:00;2642;2,3888762;0;67,69;78,03;693,1456;406,14;406,14;0;13810;2235,86;0;0;;;;;;;;;
;;;8680;15:00:00;492;2,288937;0;68,6;79,09;702,464;411,6;411,6;0;13730;80,4;0;0;;;;;;;;;
;;;8681;16:00:00;52;1,6637334;0;471,07;674,58;4823,7568;2826,42;2826,42;2774,42;16504;0;0;0;;;;;;;;;
;;;8682;17:00:00;52;1,6146195;0;0;0;0;0;0;0;16452;52;0;0;;;;;;;;;
;;;8683;18:00:00;632,2;1,2153214;0;0;0;0;0;0;0;15820;632,2;0;0;;;;;;;;;
;;;8684;19:00:00;1343,7;0,68995506;0;0;0;0;0;0;0;14477;1343,7;0;0;;;;;;;;;
;;;8685;20:00:00;3239,45;0,95077616;0;0;0;0;0;0;0;11237;3239,45;0;0;;;;;;;;;
;;;8686;21:00:00;5495,45;1,0930623;0;0;0;0;0;0;0;5742;5495,45;0;0;;;;;;;;;
;;;8687;22:00:00;625,45;1,8435745;0;0;0;0;0;0;0;5116;625,45;0;0;;;;;;;;;
;;;8688;23:00:00;815,45;2,6519866;0;0;0;0;0;0;0;4301;815,45;0;0;;;;;;;;;
;;Sábado;8689;0:00:00;757,2;3,1023304;0;0;0;0;0;0;0;3544;757,2;0;0;;;;;;;;;
;;;8690;1:00:00;362;3,358953;0;0;0;0;0;0;0;3182;362;0;0;;;;;;;;;
;;;8691;2:00:00;52;3,3601143;0;0;0;0;0;0;0;3130;52;0;0;;;;;;;;;
;;;8692;3:00:00;52;3,2198803;0;0;0;0;0;0;0;3078;52;0;0;;;;;;;;;
;;;8693;4:00:00;52;3,2536533;0;0;0;0;0;0;0;3026;52;0;0;;;;;;;;;
;;;8694;5:00:00;52;3,1829126;0;0;0;0;0;0;0;2974;52;0;0;;;;;;;;;
;;;8695;6:00:00;399,6;3,1108563;0;0;0;0;0;0;0;2574;399,6;0;0;;;;;;;;;
;;;8696;7:00:00;2365,45;3,039535;0;0;0;0;0;0;0;208;2365,45;2157;0;;;;;;;;;
;;;8697;8:00:00;2160,45;3,0328655;0;77,19;209,12;790,4256;463,14;463,14;0;0;1697,31;1697,31;0;;;;;;;;;
;;;8698;9:00:00;1311,81;2,7917318;0;174,49;228,6;1786,7776;1046,94;1046,94;0;0;264,87;264,87;0;;;;;;;;;
;;;8699;10:00:00;1676,25;2,0660336;0;560,52;439,31;5739,7248;3363,12;3363,12;1686,87;1687;0;0;0;;;;;;;;;
;;;8700;11:00:00;232;1,6690702;0;736,58;299,26;7542,5792;4419,48;4419,48;4187,48;5874;0;0;0;;;;;;;;;
;;;8701;12:00:00;52;1,387501;0;853,84;148,32;8743,3216;5123,04;5123,04;5071,04;10945;0;0;0;;;;;;;;;
;;;8702;13:00:00;2755;1,0922697;0;869,6;370,71;8904,704;5217,6;5217,6;2462,6;13408;0;0;0;;;;;;;;;
;;;8703;14:00:00;2642;0,7114565;0;839,58;561,36;8597,2992;5037,48;5037,48;2395,48;15803;0;0;0;;;;;;;;;
;;;8704;15:00:00;492;0,721723;0;318,06;329,3;3256,9344;1908,36;1908,36;1416,36;17220;0;0;0;;;;;;;;;
;;;8705;16:00:00;52;1,0625775;0;130,43;175,93;1335,6032;782,58;782,58;730,58;17950;0;0;0;;;;;;;;;
;;;8706;17:00:00;52;1,7914114;0;0;0;0;0;0;0;17898;52;0;0;;;;;;;;;
;;;8707;18:00:00;632,2;1,4524741;0;0;0;0;0;0;0;17266;632,2;0;0;;;;;;;;;
;;;8708;19:00:00;1343,7;0,99263495;0;0;0;0;0;0;0;15923;1343,7;0;0;;;;;;;;;
;;;8709;20:00:00;3239,45;1,0624897;0;0;0;0;0;0;0;12683;3239,45;0;0;;;;;;;;;
;;;8710;21:00:00;5495,45;0,9507646;0;0;0;0;0;0;0;7188;5495,45;0;0;;;;;;;;;
;;;8711;22:00:00;625,45;1,5117815;0;0;0;0;0;0;0;6562;625,45;0;0;;;;;;;;;
;;;8712;23:00:00;815,45;1,8124284;0;0;0;0;0;0;0;5747;815,45;0;0;;;;;;;;;
;;Domingo;8713;0:00:00;757,2;1,9325539;0;0;0;0;0;0;0;4990;757,2;0;0;;;;;;;;;
;;;8714;1:00:00;362;1,9094085;0;0;0;0;0;0;0;4628;362;0;0;;;;;;;;;
;;;8715;2:00:00;52;1,7712353;0;0;0;0;0;0;0;4576;52;0;0;;;;;;;;;
;;;8716;3:00:00;52;1,8358268;0;0;0;0;0;0;0;4524;52;0;0;;;;;;;;;
;;;8717;4:00:00;52;1,9635259;0;0;0;0;0;0;0;4472;52;0;0;;;;;;;;;
;;;8718;5:00:00;52;2,1690114;0;0;0;0;0;0;0;4420;52;0;0;;;;;;;;;
;;;8719;6:00:00;399,6;2,2978802;0;0;0;0;0;0;0;4020;399,6;0;0;;;;;;;;;
;;;8720;7:00:00;2365,45;2,3389137;0;0;0;0;0;0;0;1654;2365,45;710,99;0;;;;;;;;;
;;;8721;8:00:00;2160,45;2,4647849;0;10,06;11,6;103,0144;60,36;60,36;0;0;2100,09;2100,09;0;;;;;;;;;
;;;8722;9:00:00;1311,81;2,160817;0;165,03;215,87;1689,9072;990,18;990,18;0;0;321,63;321,63;0;;;;;;;;;
;;;8723;10:00:00;1676,25;1,7612706;0;98,79;113,89;1011,6096;592,74;592,74;0;0;1083,51;1083,51;0;;;;;;;;;
;;;8724;11:00:00;232;1,3811193;0;486,36;295,1;4980,3264;2918,16;2918,16;2686,16;2686;0;0;0;;;;;;;;;
;;;8725;12:00:00;52;0,84772766;0;798,65;156,77;8178,176;4791,9;4791,9;4739,9;7426;0;0;0;;;;;;;;;
;;;8726;13:00:00;2755;0,30092475;0;668,03;351,26;6840,6272;4008,18;4008,18;1253,18;8679;0;0;0;;;;;;;;;
;;;8727;14:00:00;2642;0,77100796;0;695,9;494,05;7126,016;4175,4;4175,4;1533,4;10213;0;0;0;;;;;;;;;
;;;8728;15:00:00;492;1,3578752;0;652,75;633,57;6684,16;3916,5;3916,5;3424,5;13637;0;0;0;;;;;;;;;
;;;8729;16:00:00;52;1,4048384;0;208,08;289,27;2130,7392;1248,48;1248,48;1196,48;14834;0;0;0;;;;;;;;;
;;;8730;17:00:00;52;2,2740314;0;0;0;0;0;0;0;14782;52;0;0;;;;;;;;;
;;;8731;18:00:00;632,2;1,7384888;0;0;0;0;0;0;0;14149;632,2;0;0;;;;;;;;;
;;;8732;19:00:00;1343,7;0,93702614;0;0;0;0;0;0;0;12806;1343,7;0;0;;;;;;;;;
;;;8733;20:00:00;3239,45;0,81236684;0;0;0;0;0;0;0;9566;3239,45;0;0;;;;;;;;;
;;;8734;21:00:00;5495,45;0,8949645;0;0;0;0;0;0;0;4071;5495,45;1424,63;0;;;;;;;;;
;;;8735;22:00:00;625,45;1,5923337;0;0;0;0;0;0;0;3445;625,45;0;0;;;;;;;;;
;;;8736;23:00:00;815,45;2,068169;0;0;0;0;0;0;0;2630;815,45;0;0;;;;;;;;;
;53;Lunes;8737;0:00:00;757,2;2,163926;0;0;0;0;0;0;0;1873;757,2;0;0;;;;;;;;;
;;;8738;1:00:00;362;2,312152;0;0;0;0;0;0;0;1511;362;0;0;;;;;;;;;
;;;8739;2:00:00;52;2,4379494;0;0;0;0;0;0;0;1459;52;0;0;;;;;;;;;
;;;8740;3:00:00;52;2,423494;0;0;0;0;0;0;0;1407;52;0;0;;;;;;;;;
;;;8741;4:00:00;52;2,5253863;0;0;0;0;0;0;0;1355;52;0;0;;;;;;;;;
;;;8742;5:00:00;52;2,465071;0;0;0;0;0;0;0;1303;52;0;0;;;;;;;;;
;;;8743;6:00:00;399,6;2,4224885;0;0;0;0;0;0;0;903;399,6;0;0;;;;;;;;;
;;;8744;7:00:00;2365,45;2,3972464;0;0;0;0;0;0;0;0;2365,45;2365,45;0;;;;;;;;;
;;;8745;8:00:00;2160,45;2,4172704;0;35,66;70,03;365,1584;213,96;213,96;0;0;1946,49;1946,49;0;;;;;;;;;
;;;8746;9:00:00;1311,81;2,0588727;0;110,57;135,85;1132,2368;663,42;663,42;0;0;648,39;648,39;0;;;;;;;;;
;;;8747;10:00:00;1676,25;1,971322;0;165,94;180,28;1699,2256;995,64;995,64;0;0;680,61;680,61;0;;;;;;;;;
;;;8748;11:00:00;232;1,670996;0;76,84;88,57;786,8416;461,04;461,04;229,04;229;0;0;0;;;;;;;;;
;;;8749;12:00:00;52;1,2069366;0;78,66;90,69;805,4784;471,96;471,96;419,96;649;0;0;0;;;;;;;;;
;;;8750;13:00:00;2755;0,72458994;0;154;173,57;1576,96;924;924;0;0;1831;1831;0;;;;;;;;;
;;;8751;14:00:00;2642;0,3198375;0;50,31;58;515,1744;301,86;301,86;0;0;2340,14;2340,14;0;;;;;;;;;
;;;8752;15:00:00;492;0,28125092;0;61,29;70,65;627,6096;367,74;367,74;0;0;124,26;124,26;0;;;;;;;;;
;;;8753;16:00:00;52;0,92862403;0;34,76;40,07;355,9424;208,56;208,56;156,56;157;0;0;0;;;;;;;;;
;;;8754;17:00:00;52;2,0306954;0;0;0;0;0;0;0;105;52;0;0;;;;;;;;;
;;;8755;18:00:00;632,2;1,9943603;0;0;0;0;0;0;0;0;632,2;632,2;0;;;;;;;;;
;;;8756;19:00:00;1343,7;1,2493528;0;0;0;0;0;0;0;0;1343,7;1343,7;0;;;;;;;;;
;;;8757;20:00:00;3239,45;0,6655789;0;0;0;0;0;0;0;0;3239,45;3239,45;0;;;;;;;;;
;;;8758;21:00:00;5495,45;1,0992533;0;0;0;0;0;0;0;0;5495,45;5495,45;0;;;;;;;;;
;;;8759;22:00:00;625,45;1,5886757;0;0;0;0;0;0;0;0;625,45;625,45;0;;;;;;;;;
;;;8760;23:00:00;815,45;2,0279894;0;0;0;0;0;0;0;0;815,45;815,45;0;;;;;;;;;
;;;;;;2,2521234;0;;;;;;;;;;;;;;;;;;;
;;;;;;2,6455116;0;;;;;;;;;;;;;;;;;;;
;;;;;;2,6369538;0;;;;;;;;;;;;;;;;;;;
;;;;;;2,3433418;0;;;;;;;;;;;;;;;;;;;
;;;;;;2,2579165;0;;;;;;;;;;;;;;;;;;;
;;;;;;2,1811256;0;;;;;;;;;;;;;;;;;;;
;;;;;;2,368804;0;;;;;;;;;;;;;;;;;;;
;;;;;;2,4880805;0;;;;;;;;;;;;;;;;;;;
;;;;;;2,5452876;0;;;;;;;;;;;;;;;;;;;
;;;;;;2,254653;0;;;;;;;;;;;;;;;;;;;
;;;;;;2,631394;0;;;;;;;;;;;;;;;;;;;
;;;;;;3,25296;0;;;;;;;;;;;;;;;;;;;
;;;;;;3,8477488;0;;;;;;;;;;;;;;;;;;;
;;;;;;3,899289;0;;;;;;;;;;;;;;;;;;;
;;;;;;3,7589664;0;;;;;;;;;;;;;;;;;;;
;;;;;;3,8397741;0;;;;;;;;;;;;;;;;;;;
;;;;;;3,5130236;0;;;;;;;;;;;;;;;;;;;
;;;;;;3,18505;0;;;;;;;;;;;;;;;;;;;
;;;;;;2,6345334;0;;;;;;;;;;;;;;;;;;;
;;;;;;2,3031213;0;;;;;;;;;;;;;;;;;;;
;;;;;;2,290261;0;;;;;;;;;;;;;;;;;;;
;;;;;;2,1771567;0;;;;;;;;;;;;;;;;;;;
;;;;;;2,7220602;0;;;;;;;;;;;;;;;;;;;
;;;;;;2,3882267;0;;;;;;;;;;;;;;;;;;;
;;;;;;;;;;;;;;;;;;;;;;;;;;
;;;;;;;;;;;;;;;;;;;;;;;;;;
;;;;;;;;;;;;;;;;;;;;;;;;;;
;;;;;;;;;;;;;;;;;;;;;;;;;;
;;;;;;;;;;;;;;;;;;;;;;;;;;
;;;;;;;;;;;;;;;;;;;;;;;;;;
;;;;;;;;;;;;;;;;;;;;;;;;;;
;;;;;;;;;;;;;;;;;;;;;;;;;;
;;;;;;;;;;;;;;;;;;;;;;;;;;
;;;;;;;;;;;;;;;;;;;;;;;;;;
;;;;;;;;;;;;;;;;;;;;;;;;;;
;;;;;;;;;;;;;;;;;;;;;;;;;;
;;;;;;;;;;;;;;;;;;;;;;;;;;
;;;;;;;;;;;;;;;;;;;;;;;;;;
;;;;;;;;;;;;;;;;;;;;;;;;;;
;;;;;;;;;;;;;;;;;;;;;;;;;;
;;;;;;;;;;;;;;;;;;;;;;;;;;
;;;;;;;;;;;;;;;;;;;;;;;;;;
;;;;;;;;;;;;;;;;;;;;;;;;;;
;;;;;;;;;;;;;;;;;;;;;;;;;;
;;;;;;;;;;;;;;;;;;;;;;;;;;
;;;;;;;;;;;;;;;;;;;;;;;;;;
;;;;;;;;;;;;;;;;;;;;;;;;;;
;;;;;;;;;;;;;;;;;;;;;;;;;;
;;;;;;;;;;;;;;;;;;;;;;;;;;
;;;;;;;;;;;;;;;;;;;;;;;;;;
;;;;;;;;;;;;;;;;;;;;;;;;;;
;;;;;;;;;;;;;;;;;;;;;;;;;;
;;;;;;;;;;;;;;;;;;;;;;;;;;
;;;;;;;;;;;;;;;;;;;;;;;;;;
;;;;;;;;;;;;;;;;;;;;;;;;;;
;;;;;;;;;;;;;;;;;;;;;;;;;;
;;;;;;;;;;;;;;;;;;;;;;;;;;
;;;;;;;;;;;;;;;;;;;;;;;;;;
;;;;;;;;;;;;;;;;;;;;;;;;;;
;;;;;;;;;;;;;;;;;;;;;;;;;;
;;;;;;;;;;;;;;;;;;;;;;;;;;
;;;;;;;;;;;;;;;;;;;;;;;;;;
;;;;;;;;;;;;;;;;;;;;;;;;;;
;;;;;;;;;;;;;;;;;;;;;;;;;;
;;;;;;;;;;;;;;;;;;;;;;;;;;
;;;;;;;;;;;;;;;;;;;;;;;;;;
;;;;;;;;;;;;;;;;;;;;;;;;;;
;;;;;;;;;;;;;;;;;;;;;;;;;;
;;;;;;;;;;;;;;;;;;;;;;;;;;
;;;;;;;;;;;;;;;;;;;;;;;;;;
;;;;;;;;;;;;;;;;;;;;;;;;;;
;;;;;;;;;;;;;;;;;;;;;;;;;;
;;;;;;;;;;;;;;;;;;;;;;;;;;
;;;;;;;;;;;;;;;;;;;;;;;;;;
;;;;;;;;;;;;;;;;;;;;;;;;;;
;;;;;;;;;;;;;;;;;;;;;;;;;;
;;;;;;;;;;;;;;;;;;;;;;;;;;
;;;;;;;;;;;;;;;;;;;;;;;;;;
;;;;;;;;;;;;;;;;;;;;;;;;;;
;;;;;;;;;;;;;;;;;;;;;;;;;;
;;;;;;;;;;;;;;;;;;;;;;;;;;
;;;;;;;;;;;;;;;;;;;;;;;;;;
;;;;;;;;;;;;;;;;;;;;;;;;;;
;;;;;;;;;;;;;;;;;;;;;;;;;;
;;;;;;;;;;;;;;;;;;;;;;;;;;
;;;;;;;;;;;;;;;;;;;;;;;;;;
;;;;;;;;;;;;;;;;;;;;;;;;;;
;;;;;;;;;;;;;;;;;;;;;;;;;;
;;;;;;;;;;;;;;;;;;;;;;;;;;
;;;;;;;;;;;;;;;;;;;;;;;;;;
;;;;;;;;;;;;;;;;;;;;;;;;;;
;;;;;;;;;;;;;;;;;;;;;;;;;;
;;;;;;;;;;;;;;;;;;;;;;;;;;
;;;;;;;;;;;;;;;;;;;;;;;;;;
;;;;;;;;;;;;;;;;;;;;;;;;;;
;;;;;;;;;;;;;;;;;;;;;;;;;;
;;;;;;;;;;;;;;;;;;;;;;;;;;
;;;;;;;;;;;;;;;;;;;;;;;;;;
;;;;;;;;;;;;;;;;;;;;;;;;;;
;;;;;;;;;;;;;;;;;;;;;;;;;;
;;;;;;;;;;;;;;;;;;;;;;;;;;
;;;;;;;;;;;;;;;;;;;;;;;;;;
;;;;;;;;;;;;;;;;;;;;;;;;;;
;;;;;;;;;;;;;;;;;;;;;;;;;;
;;;;;;;;;;;;;;;;;;;;;;;;;;
;;;;;;;;;;;;;;;;;;;;;;;;;;
;;;;;;;;;;;;;;;;;;;;;;;;;;
;;;;;;;;;;;;;;;;;;;;;;;;;;
;;;;;;;;;;;;;;;;;;;;;;;;;;
;;;;;;;;;;;;;;;;;;;;;;;;;;
;;;;;;;;;;;;;;;;;;;;;;;;;;
;;;;;;;;;;;;;;;;;;;;;;;;;;
;;;;;;;;;;;;;;;;;;;;;;;;;;
;;;;;;;;;;;;;;;;;;;;;;;;;;
;;;;;;;;;;;;;;;;;;;;;;;;;;
;;;;;;;;;;;;;;;;;;;;;;;;;;
;;;;;;;;;;;;;;;;;;;;;;;;;;
;;;;;;;;;;;;;;;;;;;;;;;;;;
;;;;;;;;;;;;;;;;;;;;;;;;;;
;;;;;;;;;;;;;;;;;;;;;;;;;;
;;;;;;;;;;;;;;;;;;;;;;;;;;
;;;;;;;;;;;;;;;;;;;;;;;;;;
;;;;;;;;;;;;;;;;;;;;;;;;;;
;;;;;;;;;;;;;;;;;;;;;;;;;;
;;;;;;;;;;;;;;;;;;;;;;;;;;
;;;;;;;;;;;;;;;;;;;;;;;;;;
;;;;;;;;;;;;;;;;;;;;;;;;;;
;;;;;;;;;;;;;;;;;;;;;;;;;;
;;;;;;;;;;;;;;;;;;;;;;;;;;
;;;;;;;;;;;;;;;;;;;;;;;;;;
;;;;;;;;;;;;;;;;;;;;;;;;;;
;;;;;;;;;;;;;;;;;;;;;;;;;;
;;;;;;;;;;;;;;;;;;;;;;;;;;
;;;;;;;;;;;;;;;;;;;;;;;;;;
;;;;;;;;;;;;;;;;;;;;;;;;;;
;;;;;;;;;;;;;;;;;;;;;;;;;;
;;;;;;;;;;;;;;;;;;;;;;;;;;
;;;;;;;;;;;;;;;;;;;;;;;;;;
;;;;;;;;;;;;;;;;;;;;;;;;;;
;;;;;;;;;;;;;;;;;;;;;;;;;;
;;;;;;;;;;;;;;;;;;;;;;;;;;
;;;;;;;;;;;;;;;;;;;;;;;;;;
;;;;;;;;;;;;;;;;;;;;;;;;;;
;;;;;;;;;;;;;;;;;;;;;;;;;;
