fecha,hora_del_dia,mes,produccion_w,consumo_w,balance_w,bateria_soc_pct,temp_exterior,consumo_agua_lh,nivel_agua_litres,nivel_agua_pct
2023-01-01 00:00:00,0,1,0,514.09,-514.09,44.86,9.4,2.55,237.45,79.15
2023-01-01 01:00:00,1,1,0,696.57,-696.57,37.89,14.3,3.65,233.8,77.93
2023-01-01 02:00:00,2,1,0,506.96,-506.96,32.82,15.0,3.23,230.56,76.85
2023-01-01 03:00:00,3,1,0,442.8,-442.8,28.4,14.0,1.76,228.8,76.27
2023-01-01 04:00:00,4,1,0,533.11,-533.11,23.06,13.6,4.73,224.07,74.69
2023-01-01 05:00:00,5,1,0,539.65,-539.65,17.67,20.0,2.14,221.94,73.98
2023-01-01 06:00:00,6,1,0,556.23,-556.23,12.11,16.1,3.82,218.12,72.71
2023-01-01 07:00:00,7,1,0,1284.05,-1284.05,5.0,20.6,32.84,185.28,61.76
2023-01-01 08:00:00,8,1,263.73,2082.98,-1819.25,5.0,19.2,43.84,141.44,47.15
2023-01-01 09:00:00,9,1,646.41,2030.93,-1384.52,5.0,19.4,30.01,111.43,37.14
2023-01-01 10:00:00,10,1,949.82,533.17,416.65,9.17,22.4,4.7,106.73,35.58
2023-01-01 11:00:00,11,1,1247.06,600.95,646.11,15.63,24.8,2.67,104.06,34.69
2023-01-01 12:00:00,12,1,1396.4,558.05,838.34,24.01,25.3,4.44,99.62,33.21
2023-01-01 13:00:00,13,1,1881.23,548.69,1332.54,37.34,25.7,3.58,96.04,32.01
2023-01-01 14:00:00,14,1,1440.05,466.9,973.15,47.07,20.6,1.53,94.51,31.5
2023-01-01 15:00:00,15,1,190.04,317.23,-127.19,45.8,22.5,2.7,91.81,30.6
2023-01-01 16:00:00,16,1,932.46,556.66,375.79,49.55,24.6,3.39,88.42,29.47
2023-01-01 17:00:00,17,1,514.54,513.9,0.64,49.56,21.7,3.15,85.27,28.42
2023-01-01 18:00:00,18,1,264.6,681.5,-416.9,45.39,21.4,3.4,81.87,27.29
2023-01-01 19:00:00,19,1,48.95,1883.32,-1834.37,27.05,22.1,4.66,77.22,25.74
2023-01-01 20:00:00,20,1,0,2182.09,-2182.09,5.23,20.3,15.64,61.57,20.52
2023-01-01 21:00:00,21,1,0,2704.54,-2704.54,5.0,16.0,28.24,33.33,11.11
2023-01-01 22:00:00,22,1,0,2086.39,-2086.39,5.0,13.9,28.13,5.2,1.73
2023-01-01 23:00:00,23,1,0,499.73,-499.73,5.0,17.0,1.47,3.73,1.24
2023-01-02 00:00:00,0,1,0,542.7,-542.7,5.0,9.5,1.91,1.81,0.6
2023-01-02 01:00:00,1,1,0,535.23,-535.23,5.0,12.1,2.76,0.0,0.0
2023-01-02 02:00:00,2,1,0,679.92,-679.92,5.0,13.9,3.73,0.0,0.0
2023-01-02 03:00:00,3,1,0,442.03,-442.03,5.0,10.6,2.92,0.0,0.0
2023-01-02 04:00:00,4,1,0,473.84,-473.84,5.0,17.5,3.02,0.0,0.0
2023-01-02 05:00:00,5,1,0,301.05,-301.05,5.0,16.8,4.77,0.0,0.0
2023-01-02 06:00:00,6,1,0,648.52,-648.52,5.0,18.1,3.69,0.0,0.0
2023-01-02 07:00:00,7,1,38.55,2672.58,-2634.03,5.0,20.8,23.56,0.0,0.0
2023-01-02 08:00:00,8,1,255.16,1530.94,-1275.78,5.0,21.9,39.61,0.0,0.0
2023-01-02 09:00:00,9,1,578.16,2748.8,-2170.63,5.0,21.8,48.57,0.0,0.0
2023-01-02 10:00:00,10,1,832.97,331.9,501.07,10.01,20.2,2.69,0.0,0.0
2023-01-02 11:00:00,11,1,1271.87,311.78,960.09,19.61,23.2,2.38,0.0,0.0
2023-01-02 12:00:00,12,1,1486.7,385.34,1101.35,30.63,24.0,2.92,0.0,0.0
2023-01-02 13:00:00,13,1,1780.75,443.7,1337.06,44.0,24.2,4.25,0.0,0.0
2023-01-02 14:00:00,14,1,1525.24,527.41,997.83,53.97,25.1,4.77,0.0,0.0
2023-01-02 15:00:00,15,1,1164.94,477.37,687.57,60.85,20.5,4.77,0.0,0.0
2023-01-02 16:00:00,16,1,142.65,384.29,-241.65,58.43,19.8,2.78,0.0,0.0
2023-01-02 17:00:00,17,1,668.17,575.35,92.82,59.36,23.3,2.67,0.0,0.0
2023-01-02 18:00:00,18,1,344.45,525.99,-181.54,57.55,25.2,2.05,0.0,0.0
2023-01-02 19:00:00,19,1,14.02,1493.27,-1479.25,42.75,19.4,1.58,0.0,0.0
2023-01-02 20:00:00,20,1,0,2540.38,-2540.38,17.35,20.0,21.29,0.0,0.0
2023-01-02 21:00:00,21,1,0,1978.15,-1978.15,5.0,14.2,22.81,0.0,0.0
2023-01-02 22:00:00,22,1,0,1431.1,-1431.1,5.0,15.3,16.58,0.0,0.0
2023-01-02 23:00:00,23,1,0,443.64,-443.64,5.0,15.6,2.25,0.0,0.0
2023-01-03 00:00:00,0,1,0,716.31,-716.31,5.0,10.8,4.44,0.0,0.0
2023-01-03 01:00:00,1,1,0,385.01,-385.01,5.0,11.6,3.76,0.0,0.0
2023-01-03 02:00:00,2,1,0,293.57,-293.57,5.0,14.7,3.16,0.0,0.0
2023-01-03 03:00:00,3,1,0,358.24,-358.24,5.0,12.1,2.83,0.0,0.0
2023-01-03 04:00:00,4,1,0,646.16,-646.16,5.0,13.0,2.46,0.0,0.0
2023-01-03 05:00:00,5,1,0,397.72,-397.72,5.0,14.9,1.52,0.0,0.0
2023-01-03 06:00:00,6,1,0,253.32,-253.32,5.0,16.8,3.57,0.0,0.0
2023-01-03 07:00:00,7,1,17.6,1477.78,-1460.18,5.0,16.7,44.5,0.0,0.0
2023-01-03 08:00:00,8,1,319.37,2101.92,-1782.55,5.0,18.6,25.86,0.0,0.0
2023-01-03 09:00:00,9,1,642.45,1830.83,-1188.38,5.0,20.1,39.11,0.0,0.0
2023-01-03 10:00:00,10,1,904.51,580.04,324.47,8.24,25.0,2.87,0.0,0.0
2023-01-03 11:00:00,11,1,1234.27,618.11,616.16,14.41,21.0,3.13,0.0,0.0
2023-01-03 12:00:00,12,1,1442.13,396.5,1045.62,24.86,25.6,1.05,0.0,0.0
2023-01-03 13:00:00,13,1,1747.79,468.87,1278.93,37.65,24.8,1.64,0.0,0.0
2023-01-03 14:00:00,14,1,1488.08,424.87,1063.21,48.28,24.8,3.58,0.0,0.0
2023-01-03 15:00:00,15,1,1211.88,453.86,758.01,55.86,26.8,1.17,0.0,0.0
2023-01-03 16:00:00,16,1,925.18,663.55,261.63,58.48,23.8,2.03,0.0,0.0
2023-01-03 17:00:00,17,1,668.71,241.93,426.78,62.75,23.3,1.4,0.0,0.0
2023-01-03 18:00:00,18,1,261.33,277.91,-16.58,62.58,20.3,4.16,0.0,0.0
2023-01-03 19:00:00,19,1,0,2203.73,-2203.73,40.55,19.9,1.08,0.0,0.0
2023-01-03 20:00:00,20,1,0,2592.01,-2592.01,14.62,17.4,19.82,0.0,0.0
2023-01-03 21:00:00,21,1,0,1874.77,-1874.77,5.0,19.6,29.17,0.0,0.0
2023-01-03 22:00:00,22,1,0,1885.54,-1885.54,5.0,17.0,21.7,0.0,0.0
2023-01-03 23:00:00,23,1,0,471.21,-471.21,5.0,16.5,3.61,0.0,0.0
2023-01-04 00:00:00,0,1,0,491.44,-491.44,5.0,6.9,3.17,0.0,0.0
2023-01-04 01:00:00,1,1,0,557.38,-557.38,5.0,13.1,2.58,0.0,0.0
2023-01-04 02:00:00,2,1,0,628.14,-628.14,5.0,11.8,1.87,0.0,0.0
2023-01-04 03:00:00,3,1,0,236.33,-236.33,5.0,17.1,2.92,0.0,0.0
2023-01-04 04:00:00,4,1,0,550.78,-550.78,5.0,17.9,3.11,0.0,0.0
2023-01-04 05:00:00,5,1,0,454.05,-454.05,5.0,16.8,2.29,0.0,0.0
2023-01-04 06:00:00,6,1,0,623.69,-623.69,5.0,19.9,2.19,0.0,0.0
2023-01-04 07:00:00,7,1,27.56,2535.69,-2508.13,5.0,18.8,26.95,0.0,0.0
2023-01-04 08:00:00,8,1,317.88,1419.19,-1101.3,5.0,17.9,48.63,0.0,0.0
2023-01-04 09:00:00,9,1,613.42,1486.58,-873.16,5.0,21.5,22.35,0.0,0.0
2023-01-04 10:00:00,10,1,960.83,489.85,470.98,9.71,16.1,2.54,0.0,0.0
2023-01-04 11:00:00,11,1,1205.95,528.51,677.45,16.48,20.8,1.99,0.0,0.0
2023-01-04 12:00:00,12,1,1495.68,479.57,1016.11,26.65,22.5,4.81,0.0,0.0
2023-01-04 13:00:00,13,1,1800.43,614.53,1185.89,38.5,23.3,4.52,0.0,0.0
2023-01-04 14:00:00,14,1,1474.24,489.21,985.03,48.35,24.7,1.56,0.0,0.0
2023-01-04 15:00:00,15,1,1116.25,451.34,664.91,55.0,26.5,3.83,0.0,0.0
2023-01-04 16:00:00,16,1,880.27,469.52,410.75,59.11,22.1,2.83,0.0,0.0
2023-01-04 17:00:00,17,1,565.61,544.52,21.09,59.32,19.7,3.53,0.0,0.0
2023-01-04 18:00:00,18,1,236.73,612.97,-376.25,55.56,16.5,2.51,0.0,0.0
2023-01-04 19:00:00,19,1,0,1652.04,-1652.04,39.04,18.0,2.78,0.0,0.0
2023-01-04 20:00:00,20,1,0,2485.44,-2485.44,14.18,19.3,17.76,0.0,0.0
2023-01-04 21:00:00,21,1,0,1859.82,-1859.82,5.0,13.6,30.51,0.0,0.0
2023-01-04 22:00:00,22,1,0,2688.19,-2688.19,5.0,16.3,32.05,0.0,0.0
2023-01-04 23:00:00,23,1,0,394.02,-394.02,5.0,14.5,4.16,0.0,0.0
2023-01-05 00:00:00,0,1,0,457.5,-457.5,5.0,11.9,1.31,0.0,0.0
2023-01-05 01:00:00,1,1,0,261.63,-261.63,5.0,12.4,1.51,0.0,0.0
2023-01-05 02:00:00,2,1,0,662.67,-662.67,5.0,15.3,3.8,0.0,0.0
2023-01-05 03:00:00,3,1,0,653.27,-653.27,5.0,12.3,1.99,0.0,0.0
2023-01-05 04:00:00,4,1,0,418.45,-418.45,5.0,19.4,1.17,0.0,0.0
2023-01-05 05:00:00,5,1,0,433.54,-433.54,5.0,16.1,4.48,0.0,0.0
2023-01-05 06:00:00,6,1,0,500.06,-500.06,5.0,19.3,4.28,0.0,0.0
2023-01-05 07:00:00,7,1,10.8,1811.18,-1800.38,5.0,15.2,37.13,0.0,0.0
2023-01-05 08:00:00,8,1,322.95,2163.99,-1841.04,5.0,19.6,36.56,0.0,0.0
2023-01-05 09:00:00,9,1,592.66,2562.67,-1970.01,5.0,20.5,26.7,0.0,0.0
2023-01-05 10:00:00,10,1,915.79,448.42,467.37,9.67,20.6,2.44,0.0,0.0
2023-01-05 11:00:00,11,1,1126.74,641.26,485.47,14.53,22.5,1.61,0.0,0.0
2023-01-05 12:00:00,12,1,1476.07,529.66,946.41,23.99,24.8,3.62,0.0,0.0
2023-01-05 13:00:00,13,1,1813.23,486.31,1326.92,37.26,21.7,1.09,0.0,0.0
2023-01-05 14:00:00,14,1,1499.7,697.1,802.6,45.29,21.8,3.94,0.0,0.0
2023-01-05 15:00:00,15,1,169.08,281.35,-112.27,44.17,23.8,1.53,0.0,0.0
2023-01-05 16:00:00,16,1,863.7,593.42,270.28,46.87,23.8,4.34,0.0,0.0
2023-01-05 17:00:00,17,1,78.18,636.37,-558.2,41.29,23.2,1.22,0.0,0.0
2023-01-05 18:00:00,18,1,438.59,535.98,-97.4,40.31,19.3,3.97,0.0,0.0
2023-01-05 19:00:00,19,1,0,2041.7,-2041.7,19.89,21.3,3.51,0.0,0.0
2023-01-05 20:00:00,20,1,0,1844.69,-1844.69,5.0,20.1,26.62,0.0,0.0
2023-01-05 21:00:00,21,1,0,2643.32,-2643.32,5.0,18.3,28.51,0.0,0.0
2023-01-05 22:00:00,22,1,0,1700.19,-1700.19,5.0,18.8,29.35,0.0,0.0
2023-01-05 23:00:00,23,1,0,360.39,-360.39,5.0,19.2,3.45,0.0,0.0
2023-01-06 00:00:00,0,1,0,629.71,-629.71,5.0,6.1,4.43,0.0,0.0
2023-01-06 01:00:00,1,1,0,342.98,-342.98,5.0,10.3,3.09,0.0,0.0
2023-01-06 02:00:00,2,1,0,431.74,-431.74,5.0,16.2,4.19,0.0,0.0
2023-01-06 03:00:00,3,1,0,445.68,-445.68,5.0,16.0,4.38,0.0,0.0
2023-01-06 04:00:00,4,1,0,365.76,-365.76,5.0,15.3,4.47,0.0,0.0
2023-01-06 05:00:00,5,1,0,522.61,-522.61,5.0,17.0,3.78,0.0,0.0
2023-01-06 06:00:00,6,1,0,330.7,-330.7,5.0,13.5,2.97,0.0,0.0
2023-01-06 07:00:00,7,1,3.55,2928.86,-2925.31,5.0,17.3,38.53,0.0,0.0
2023-01-06 08:00:00,8,1,378.87,2832.52,-2453.66,5.0,18.7,45.25,0.0,0.0
2023-01-06 09:00:00,9,1,601.34,1900.52,-1299.18,5.0,21.1,42.59,0.0,0.0
2023-01-06 10:00:00,10,1,872.19,373.05,499.14,9.99,19.4,2.72,0.0,0.0
2023-01-06 11:00:00,11,1,1183.48,670.65,512.83,15.12,20.4,4.91,0.0,0.0
2023-01-06 12:00:00,12,1,1472.56,629.42,843.14,23.55,24.6,4.37,0.0,0.0
2023-01-06 13:00:00,13,1,1865.0,549.21,1315.78,36.71,22.7,4.94,0.0,0.0
2023-01-06 14:00:00,14,1,219.86,513.23,-293.37,33.78,25.7,4.73,0.0,0.0
2023-01-06 15:00:00,15,1,179.71,615.66,-435.94,29.42,25.8,1.3,0.0,0.0
2023-01-06 16:00:00,16,1,949.96,673.26,276.7,32.18,22.4,3.44,0.0,0.0
2023-01-06 17:00:00,17,1,591.15,445.9,145.25,33.64,25.6,2.99,0.0,0.0
2023-01-06 18:00:00,18,1,359.68,765.87,-406.19,29.57,18.5,1.34,0.0,0.0
2023-01-06 19:00:00,19,1,2.12,1979.63,-1977.51,9.8,22.0,4.83,0.0,0.0
2023-01-06 20:00:00,20,1,0,1743.21,-1743.21,5.0,19.7,27.86,0.0,0.0
2023-01-06 21:00:00,21,1,0,1412.48,-1412.48,5.0,17.2,30.33,0.0,0.0
2023-01-06 22:00:00,22,1,0,2389.65,-2389.65,5.0,16.0,25.71,0.0,0.0
2023-01-06 23:00:00,23,1,0,258.51,-258.51,5.0,18.2,2.42,0.0,0.0
2023-01-07 00:00:00,0,1,0,367.98,-367.98,5.0,13.7,3.3,0.0,0.0
2023-01-07 01:00:00,1,1,0,558.12,-558.12,5.0,10.9,2.22,0.0,0.0
2023-01-07 02:00:00,2,1,0,481.06,-481.06,5.0,11.8,1.71,0.0,0.0
2023-01-07 03:00:00,3,1,0,558.89,-558.89,5.0,12.0,4.58,0.0,0.0
2023-01-07 04:00:00,4,1,0,310.18,-310.18,5.0,14.9,2.5,0.0,0.0
2023-01-07 05:00:00,5,1,0,582.68,-582.68,5.0,16.0,4.48,0.0,0.0
2023-01-07 06:00:00,6,1,0,363.93,-363.93,5.0,17.5,3.02,0.0,0.0
2023-01-07 07:00:00,7,1,4.64,1558.09,-1553.45,5.0,18.7,41.39,0.0,0.0
2023-01-07 08:00:00,8,1,286.5,1399.93,-1113.42,5.0,19.4,33.81,0.0,0.0
2023-01-07 09:00:00,9,1,639.31,1718.85,-1079.53,5.0,17.5,42.17,0.0,0.0
2023-01-07 10:00:00,10,1,959.86,502.63,457.23,9.57,22.8,2.72,0.0,0.0
2023-01-07 11:00:00,11,1,1136.15,351.1,785.05,17.42,21.8,1.45,0.0,0.0
2023-01-07 12:00:00,12,1,1559.0,300.06,1258.94,30.01,21.1,2.08,0.0,0.0
2023-01-07 13:00:00,13,1,1920.43,517.59,1402.83,44.04,25.0,2.18,0.0,0.0
2023-01-07 14:00:00,14,1,1573.27,318.72,1254.56,56.59,28.0,3.73,0.0,0.0
2023-01-07 15:00:00,15,1,1180.07,533.76,646.3,63.05,22.5,4.42,0.0,0.0
2023-01-07 16:00:00,16,1,914.1,317.41,596.69,69.02,21.4,4.69,0.0,0.0
2023-01-07 17:00:00,17,1,494.44,587.15,-92.71,68.09,20.4,1.64,0.0,0.0
2023-01-07 18:00:00,18,1,462.27,535.9,-73.63,67.35,20.8,2.48,0.0,0.0
2023-01-07 19:00:00,19,1,34.78,2928.61,-2893.83,38.41,21.0,2.08,0.0,0.0
2023-01-07 20:00:00,20,1,0,2194.03,-2194.03,16.47,18.0,32.33,0.0,0.0
2023-01-07 21:00:00,21,1,0,2161.59,-2161.59,5.0,16.6,16.74,0.0,0.0
2023-01-07 22:00:00,22,1,0,2550.57,-2550.57,5.0,19.4,32.91,0.0,0.0
2023-01-07 23:00:00,23,1,0,424.91,-424.91,5.0,16.2,3.44,0.0,0.0
2023-01-08 00:00:00,0,1,0,631.36,-631.36,5.0,10.1,3.67,0.0,0.0
2023-01-08 01:00:00,1,1,0,744.07,-744.07,5.0,9.8,1.39,0.0,0.0
2023-01-08 02:00:00,2,1,0,475.43,-475.43,5.0,10.2,2.94,0.0,0.0
2023-01-08 03:00:00,3,1,0,500.02,-500.02,5.0,14.9,4.4,0.0,0.0
2023-01-08 04:00:00,4,1,0,627.74,-627.74,5.0,18.7,2.7,0.0,0.0
2023-01-08 05:00:00,5,1,0,689.39,-689.39,5.0,14.0,3.89,0.0,0.0
2023-01-08 06:00:00,6,1,0,611.72,-611.72,5.0,16.2,4.39,0.0,0.0
2023-01-08 07:00:00,7,1,0,1964.5,-1964.5,5.0,19.6,38.52,0.0,0.0
2023-01-08 08:00:00,8,1,295.44,1676.57,-1381.13,5.0,14.8,29.87,0.0,0.0
2023-01-08 09:00:00,9,1,641.99,2111.25,-1469.26,5.0,22.5,27.62,0.0,0.0
2023-01-08 10:00:00,10,1,818.64,707.59,111.05,6.11,21.6,4.15,0.0,0.0
2023-01-08 11:00:00,11,1,1193.07,580.86,612.21,12.23,22.1,3.71,0.0,0.0
2023-01-08 12:00:00,12,1,1541.62,572.27,969.35,21.93,25.7,1.16,0.0,0.0
2023-01-08 13:00:00,13,1,1781.35,500.21,1281.14,34.74,23.9,2.51,0.0,0.0
2023-01-08 14:00:00,14,1,223.09,682.0,-458.91,30.15,26.6,1.93,0.0,0.0
2023-01-08 15:00:00,15,1,1186.79,443.87,742.92,37.58,20.6,3.42,0.0,0.0
2023-01-08 16:00:00,16,1,938.6,655.38,283.22,40.41,22.4,4.78,0.0,0.0
2023-01-08 17:00:00,17,1,677.45,447.67,229.78,42.71,19.5,2.67,0.0,0.0
2023-01-08 18:00:00,18,1,361.39,463.84,-102.45,41.68,17.0,4.44,0.0,0.0
2023-01-08 19:00:00,19,1,30.44,1882.64,-1852.2,23.16,20.5,2.58,0.0,0.0
2023-01-08 20:00:00,20,1,0,1891.84,-1891.84,5.0,19.2,15.07,0.0,0.0
2023-01-08 21:00:00,21,1,0,1493.29,-1493.29,5.0,21.2,28.01,0.0,0.0
2023-01-08 22:00:00,22,1,0,1629.99,-1629.99,5.0,15.3,34.12,0.0,0.0
2023-01-08 23:00:00,23,1,0,570.18,-570.18,5.0,13.9,1.31,0.0,0.0
2023-01-09 00:00:00,0,1,0,427.17,-427.17,5.0,8.9,3.31,0.0,0.0
2023-01-09 01:00:00,1,1,0,721.6,-721.6,5.0,14.4,3.2,0.0,0.0
2023-01-09 02:00:00,2,1,0,398.42,-398.42,5.0,14.2,3.27,0.0,0.0
2023-01-09 03:00:00,3,1,0,406.9,-406.9,5.0,16.0,2.31,0.0,0.0
2023-01-09 04:00:00,4,1,0,216.76,-216.76,5.0,15.1,4.49,0.0,0.0
2023-01-09 05:00:00,5,1,0,289.5,-289.5,5.0,14.5,2.34,0.0,0.0
2023-01-09 06:00:00,6,1,0,485.68,-485.68,5.0,13.8,2.16,0.0,0.0
2023-01-09 07:00:00,7,1,0,2336.86,-2336.86,5.0,18.7,48.08,0.0,0.0
2023-01-09 08:00:00,8,1,302.76,2336.29,-2033.53,5.0,17.1,22.44,0.0,0.0
2023-01-09 09:00:00,9,1,525.7,1534.03,-1008.33,5.0,20.2,40.83,0.0,0.0
2023-01-09 10:00:00,10,1,877.29,569.97,307.32,8.07,19.3,2.67,0.0,0.0
2023-01-09 11:00:00,11,1,1194.55,455.57,738.98,15.46,23.3,4.23,0.0,0.0
2023-01-09 12:00:00,12,1,1421.33,229.99,1191.33,27.38,22.1,2.68,0.0,0.0
2023-01-09 13:00:00,13,1,1765.9,492.85,1273.04,40.11,24.2,4.29,0.0,0.0
2023-01-09 14:00:00,14,1,1517.86,548.84,969.02,49.8,23.4,3.2,0.0,0.0
2023-01-09 15:00:00,15,1,1216.49,513.39,703.1,56.83,23.9,4.11,0.0,0.0
2023-01-09 16:00:00,16,1,941.7,517.46,424.24,61.07,23.1,1.53,0.0,0.0
2023-01-09 17:00:00,17,1,98.33,611.46,-513.13,55.94,20.3,1.26,0.0,0.0
2023-01-09 18:00:00,18,1,396.16,655.43,-259.27,53.35,22.4,3.3,0.0,0.0
2023-01-09 19:00:00,19,1,0,1692.83,-1692.83,36.42,19.5,1.76,0.0,0.0
2023-01-09 20:00:00,20,1,0,2910.11,-2910.11,7.32,15.3,25.61,0.0,0.0
2023-01-09 21:00:00,21,1,0,1593.84,-1593.84,5.0,17.9,23.74,0.0,0.0
2023-01-09 22:00:00,22,1,0,1603.0,-1603.0,5.0,14.2,28.98,0.0,0.0
2023-01-09 23:00:00,23,1,0,566.79,-566.79,5.0,13.3,4.6,0.0,0.0
2023-01-10 00:00:00,0,1,0,359.47,-359.47,5.0,10.2,4.0,0.0,0.0
2023-01-10 01:00:00,1,1,0,685.35,-685.35,5.0,10.2,2.77,0.0,0.0
2023-01-10 02:00:00,2,1,0,450.41,-450.41,5.0,11.4,1.82,0.0,0.0
2023-01-10 03:00:00,3,1,0,599.28,-599.28,5.0,14.7,2.62,0.0,0.0
2023-01-10 04:00:00,4,1,0,578.29,-578.29,5.0,13.1,4.74,0.0,0.0
2023-01-10 05:00:00,5,1,0,267.19,-267.19,5.0,13.8,4.78,0.0,0.0
2023-01-10 06:00:00,6,1,0,309.16,-309.16,5.0,20.7,3.67,0.0,0.0
2023-01-10 07:00:00,7,1,24.26,1938.5,-1914.24,5.0,13.0,49.1,0.0,0.0
2023-01-10 08:00:00,8,1,322.49,2329.4,-2006.92,5.0,20.4,36.96,0.0,0.0
2023-01-10 09:00:00,9,1,591.84,1451.14,-859.29,5.0,18.6,31.29,0.0,0.0
2023-01-10 10:00:00,10,1,977.51,348.18,629.33,11.29,22.4,4.08,0.0,0.0
2023-01-10 11:00:00,11,1,1085.35,446.21,639.13,17.68,21.4,2.67,0.0,0.0
2023-01-10 12:00:00,12,1,220.61,403.78,-183.17,15.85,22.3,3.37,0.0,0.0
2023-01-10 13:00:00,13,1,1805.87,426.6,1379.27,29.65,24.7,3.63,0.0,0.0
2023-01-10 14:00:00,14,1,1479.24,540.9,938.34,39.03,27.6,3.35,0.0,0.0
2023-01-10 15:00:00,15,1,1108.81,479.8,629.01,45.32,25.6,1.78,0.0,0.0
2023-01-10 16:00:00,16,1,882.83,520.41,362.42,48.94,25.8,4.45,0.0,0.0
2023-01-10 17:00:00,17,1,479.93,557.28,-77.35,48.17,26.2,4.7,0.0,0.0
2023-01-10 18:00:00,18,1,253.5,426.43,-172.93,46.44,19.2,1.67,0.0,0.0
2023-01-10 19:00:00,19,1,0,2470.43,-2470.43,21.74,20.0,2.26,0.0,0.0
2023-01-10 20:00:00,20,1,0,2176.45,-2176.45,5.0,20.4,28.45,0.0,0.0
2023-01-10 21:00:00,21,1,0,2303.11,-2303.11,5.0,16.3,29.58,0.0,0.0
2023-01-10 22:00:00,22,1,0,1313.23,-1313.23,5.0,17.7,19.17,0.0,0.0
2023-01-10 23:00:00,23,1,0,523.41,-523.41,5.0,14.4,4.05,0.0,0.0
2023-01-11 00:00:00,0,1,0,337.37,-337.37,5.0,10.6,2.09,0.0,0.0
2023-01-11 01:00:00,1,1,0,520.96,-520.96,5.0,12.1,3.39,0.0,0.0
2023-01-11 02:00:00,2,1,0,468.25,-468.25,5.0,10.5,2.94,0.0,0.0
2023-01-11 03:00:00,3,1,0,440.1,-440.1,5.0,16.2,3.17,0.0,0.0
2023-01-11 04:00:00,4,1,0,665.47,-665.47,5.0,14.7,4.58,0.0,0.0
2023-01-11 05:00:00,5,1,0,639.04,-639.04,5.0,14.5,1.6,0.0,0.0
2023-01-11 06:00:00,6,1,0,506.5,-506.5,5.0,13.7,3.17,0.0,0.0
2023-01-11 07:00:00,7,1,0,2843.72,-2843.72,5.0,22.0,35.31,0.0,0.0
2023-01-11 08:00:00,8,1,240.39,2354.65,-2114.26,5.0,19.2,22.47,0.0,0.0
2023-01-11 09:00:00,9,1,545.92,1888.2,-1342.28,5.0,22.0,48.06,0.0,0.0
2023-01-11 10:00:00,10,1,942.3,429.72,512.58,10.13,22.2,2.81,0.0,0.0
2023-01-11 11:00:00,11,1,1345.82,561.6,784.22,17.97,19.8,2.76,0.0,0.0
2023-01-11 12:00:00,12,1,1586.91,595.67,991.25,27.88,21.3,2.8,0.0,0.0
2023-01-11 13:00:00,13,1,1822.21,616.48,1205.73,39.94,25.2,2.36,0.0,0.0
2023-01-11 14:00:00,14,1,1471.15,579.9,891.25,48.85,23.4,4.38,0.0,0.0
2023-01-11 15:00:00,15,1,1211.92,413.98,797.94,56.83,23.4,3.57,0.0,0.0
2023-01-11 16:00:00,16,1,825.36,616.98,208.38,58.91,23.1,2.14,0.0,0.0
2023-01-11 17:00:00,17,1,592.2,538.52,53.68,59.45,20.2,2.61,0.0,0.0
2023-01-11 18:00:00,18,1,350.3,376.97,-26.68,59.18,18.7,1.25,0.0,0.0
2023-01-11 19:00:00,19,1,82.48,1857.9,-1775.42,41.43,17.5,1.04,0.0,0.0
2023-01-11 20:00:00,20,1,0,2560.15,-2560.15,15.83,19.3,31.27,0.0,0.0
2023-01-11 21:00:00,21,1,0,1874.94,-1874.94,5.0,15.2,16.74,0.0,0.0
2023-01-11 22:00:00,22,1,0,2113.78,-2113.78,5.0,18.2,30.17,0.0,0.0
2023-01-11 23:00:00,23,1,0,658.21,-658.21,5.0,19.7,2.4,0.0,0.0
2023-01-12 00:00:00,0,1,0,390.95,-390.95,5.0,14.5,1.19,0.0,0.0
2023-01-12 01:00:00,1,1,0,331.08,-331.08,5.0,11.7,2.7,0.0,0.0
2023-01-12 02:00:00,2,1,0,541.37,-541.37,5.0,14.2,3.78,0.0,0.0
2023-01-12 03:00:00,3,1,0,247.89,-247.89,5.0,13.4,1.2,0.0,0.0
2023-01-12 04:00:00,4,1,0,622.51,-622.51,5.0,15.7,2.34,0.0,0.0
2023-01-12 05:00:00,5,1,0,372.69,-372.69,5.0,15.5,4.02,0.0,0.0
2023-01-12 06:00:00,6,1,0,434.46,-434.46,5.0,16.8,3.69,0.0,0.0
2023-01-12 07:00:00,7,1,46.3,1782.48,-1736.18,5.0,20.9,22.59,0.0,0.0
2023-01-12 08:00:00,8,1,260.25,2397.35,-2137.1,5.0,19.5,47.93,0.0,0.0
2023-01-12 09:00:00,9,1,733.93,1743.79,-1009.86,5.0,20.9,35.37,0.0,0.0
2023-01-12 10:00:00,10,1,879.15,450.72,428.43,9.28,20.6,3.8,0.0,0.0
2023-01-12 11:00:00,11,1,1332.45,523.23,809.22,17.38,20.6,2.8,0.0,0.0
2023-01-12 12:00:00,12,1,1498.14,476.95,1021.19,27.59,21.3,2.87,0.0,0.0
2023-01-12 13:00:00,13,1,1805.23,533.74,1271.5,40.3,23.9,1.73,0.0,0.0
2023-01-12 14:00:00,14,1,1549.94,491.13,1058.82,50.89,25.7,4.17,0.0,0.0
2023-01-12 15:00:00,15,1,1262.05,491.78,770.27,58.59,23.7,1.1,0.0,0.0
2023-01-12 16:00:00,16,1,901.09,578.07,323.03,61.82,26.1,4.71,0.0,0.0
2023-01-12 17:00:00,17,1,751.68,606.84,144.84,63.27,20.2,3.47,0.0,0.0
2023-01-12 18:00:00,18,1,262.04,420.0,-157.96,61.69,17.3,2.65,0.0,0.0
2023-01-12 19:00:00,19,1,58.32,2303.2,-2244.88,39.24,22.4,3.83,0.0,0.0
2023-01-12 20:00:00,20,1,0,2073.12,-2073.12,18.51,17.8,17.99,0.0,0.0
2023-01-12 21:00:00,21,1,0,1219.53,-1219.53,6.32,18.7,33.26,0.0,0.0
2023-01-12 22:00:00,22,1,0,2353.04,-2353.04,5.0,19.4,31.49,0.0,0.0
2023-01-12 23:00:00,23,1,0,472.75,-472.75,5.0,13.9,4.82,0.0,0.0
2023-01-13 00:00:00,0,1,0,405.21,-405.21,5.0,10.1,4.01,0.0,0.0
2023-01-13 01:00:00,1,1,0,652.21,-652.21,5.0,9.8,4.12,0.0,0.0
2023-01-13 02:00:00,2,1,0,553.3,-553.3,5.0,14.8,4.72,0.0,0.0
2023-01-13 03:00:00,3,1,0,407.47,-407.47,5.0,14.3,3.43,0.0,0.0
2023-01-13 04:00:00,4,1,0,544.58,-544.58,5.0,19.2,2.17,0.0,0.0
2023-01-13 05:00:00,5,1,0,370.75,-370.75,5.0,18.9,4.13,0.0,0.0
2023-01-13 06:00:00,6,1,0,540.37,-540.37,5.0,16.0,2.2,0.0,0.0
2023-01-13 07:00:00,7,1,0,1937.06,-1937.06,5.0,17.5,33.84,0.0,0.0
2023-01-13 08:00:00,8,1,48.61,1927.45,-1878.84,5.0,18.6,45.17,0.0,0.0
2023-01-13 09:00:00,9,1,586.42,1752.09,-1165.67,5.0,20.3,31.58,0.0,0.0
2023-01-13 10:00:00,10,1,946.88,659.43,287.45,7.87,24.0,3.7,0.0,0.0
2023-01-13 11:00:00,11,1,1175.89,529.59,646.29,14.34,21.6,4.43,0.0,0.0
2023-01-13 12:00:00,12,1,228.84,241.25,-12.42,14.21,20.4,3.06,0.0,0.0
2023-01-13 13:00:00,13,1,1839.99,497.58,1342.41,27.64,24.4,1.63,0.0,0.0
2023-01-13 14:00:00,14,1,1392.29,624.16,768.13,35.32,21.6,3.35,0.0,0.0
2023-01-13 15:00:00,15,1,1180.87,411.94,768.92,43.01,24.8,3.71,0.0,0.0
2023-01-13 16:00:00,16,1,784.03,680.95,103.09,44.04,23.7,2.13,0.0,0.0
2023-01-13 17:00:00,17,1,577.61,514.42,63.19,44.67,23.3,4.11,0.0,0.0
2023-01-13 18:00:00,18,1,261.34,713.84,-452.5,40.15,19.5,3.48,0.0,0.0
2023-01-13 19:00:00,19,1,0,2470.88,-2470.88,15.44,21.4,4.77,0.0,0.0
2023-01-13 20:00:00,20,1,0,2287.39,-2287.39,5.0,19.8,18.7,0.0,0.0
2023-01-13 21:00:00,21,1,0,1370.33,-1370.33,5.0,17.5,28.0,0.0,0.0
2023-01-13 22:00:00,22,1,0,2587.92,-2587.92,5.0,17.5,21.45,0.0,0.0
2023-01-13 23:00:00,23,1,0,280.03,-280.03,5.0,15.6,1.71,0.0,0.0
2023-01-14 00:00:00,0,1,0,237.17,-237.17,5.0,6.9,2.84,0.0,0.0
2023-01-14 01:00:00,1,1,0,528.42,-528.42,5.0,13.8,3.43,0.0,0.0
2023-01-14 02:00:00,2,1,0,512.71,-512.71,5.0,12.7,2.17,0.0,0.0
2023-01-14 03:00:00,3,1,0,615.26,-615.26,5.0,14.9,3.3,0.0,0.0
2023-01-14 04:00:00,4,1,0,677.72,-677.72,5.0,11.8,1.04,0.0,0.0
2023-01-14 05:00:00,5,1,0,675.57,-675.57,5.0,16.4,3.91,0.0,0.0
2023-01-14 06:00:00,6,1,0,355.44,-355.44,5.0,18.5,4.85,0.0,0.0
2023-01-14 07:00:00,7,1,16.84,2116.78,-2099.94,5.0,19.1,21.22,0.0,0.0
2023-01-14 08:00:00,8,1,180.4,2440.24,-2259.84,5.0,13.4,27.18,0.0,0.0
2023-01-14 09:00:00,9,1,574.56,1388.93,-814.37,5.0,23.2,47.71,0.0,0.0
2023-01-14 10:00:00,10,1,838.9,624.29,214.6,7.15,20.8,2.14,0.0,0.0
2023-01-14 11:00:00,11,1,1125.08,461.95,663.13,13.78,23.5,2.68,0.0,0.0
2023-01-14 12:00:00,12,1,224.27,605.55,-381.28,9.96,24.8,4.47,0.0,0.0
2023-01-14 13:00:00,13,1,1775.02,597.96,1177.06,21.74,26.4,1.33,0.0,0.0
2023-01-14 14:00:00,14,1,1422.57,372.39,1050.17,32.24,21.5,3.96,0.0,0.0
2023-01-14 15:00:00,15,1,1229.71,629.76,599.95,38.24,20.4,4.95,0.0,0.0
2023-01-14 16:00:00,16,1,855.86,293.44,562.42,43.86,21.5,4.15,0.0,0.0
2023-01-14 17:00:00,17,1,737.9,595.36,142.54,45.29,22.2,4.21,0.0,0.0
2023-01-14 18:00:00,18,1,385.46,215.31,170.15,46.99,22.5,3.47,0.0,0.0
2023-01-14 19:00:00,19,1,0,1825.86,-1825.86,28.73,19.8,3.49,0.0,0.0
2023-01-14 20:00:00,20,1,0,2540.56,-2540.56,5.0,19.6,33.75,0.0,0.0
2023-01-14 21:00:00,21,1,0,2360.52,-2360.52,5.0,15.7,15.98,0.0,0.0
2023-01-14 22:00:00,22,1,0,2015.57,-2015.57,5.0,14.3,33.22,0.0,0.0
2023-01-14 23:00:00,23,1,0,556.21,-556.21,5.0,15.5,4.16,0.0,0.0
2023-01-15 00:00:00,0,1,0,438.69,-438.69,5.0,11.2,2.54,0.0,0.0
2023-01-15 01:00:00,1,1,0,542.17,-542.17,5.0,14.1,3.31,0.0,0.0
2023-01-15 02:00:00,2,1,0,382.39,-382.39,5.0,13.6,3.45,0.0,0.0
2023-01-15 03:00:00,3,1,0,426.35,-426.35,5.0,17.4,1.55,0.0,0.0
2023-01-15 04:00:00,4,1,0,381.32,-381.32,5.0,17.7,3.59,0.0,0.0
2023-01-15 05:00:00,5,1,0,336.07,-336.07,5.0,12.8,3.0,0.0,0.0
2023-01-15 06:00:00,6,1,0,417.01,-417.01,5.0,16.9,4.2,0.0,0.0
2023-01-15 07:00:00,7,1,0,1774.54,-1774.54,5.0,20.4,27.18,0.0,0.0
2023-01-15 08:00:00,8,1,49.03,2020.97,-1971.94,5.0,18.0,41.63,0.0,0.0
2023-01-15 09:00:00,9,1,548.32,1592.84,-1044.53,5.0,16.6,44.05,0.0,0.0
2023-01-15 10:00:00,10,1,134.95,597.12,-462.17,5.0,22.9,1.04,0.0,0.0
2023-01-15 11:00:00,11,1,1196.51,606.8,589.71,10.9,21.1,2.42,0.0,0.0
2023-01-15 12:00:00,12,1,236.52,440.02,-203.5,8.86,20.3,4.04,0.0,0.0
2023-01-15 13:00:00,13,1,262.19,395.8,-133.61,7.53,24.0,4.23,0.0,0.0
2023-01-15 14:00:00,14,1,1570.44,629.66,940.78,16.93,25.8,1.18,0.0,0.0
2023-01-15 15:00:00,15,1,1165.47,626.94,538.53,22.32,23.2,4.48,0.0,0.0
2023-01-15 16:00:00,16,1,915.4,579.48,335.93,25.68,24.6,1.92,0.0,0.0
2023-01-15 17:00:00,17,1,564.86,771.44,-206.58,23.61,20.8,4.64,0.0,0.0
2023-01-15 18:00:00,18,1,337.42,733.77,-396.35,19.65,18.8,4.5,0.0,0.0
2023-01-15 19:00:00,19,1,0,2004.49,-2004.49,5.0,19.5,4.88,0.0,0.0
2023-01-15 20:00:00,20,1,0,1599.26,-1599.26,5.0,21.1,23.7,0.0,0.0
2023-01-15 21:00:00,21,1,0,2427.31,-2427.31,5.0,17.9,18.67,0.0,0.0
2023-01-15 22:00:00,22,1,0,2613.27,-2613.27,5.0,17.3,29.31,0.0,0.0
2023-01-15 23:00:00,23,1,0,408.22,-408.22,5.0,14.7,1.99,0.0,0.0
2023-01-16 00:00:00,0,1,0,637.02,-637.02,5.0,9.7,1.88,0.0,0.0
2023-01-16 01:00:00,1,1,0,321.89,-321.89,5.0,8.5,4.38,0.0,0.0
2023-01-16 02:00:00,2,1,0,647.93,-647.93,5.0,12.5,1.52,0.0,0.0
2023-01-16 03:00:00,3,1,0,353.8,-353.8,5.0,14.8,3.8,0.0,0.0
2023-01-16 04:00:00,4,1,0,431.9,-431.9,5.0,15.4,3.27,0.0,0.0
2023-01-16 05:00:00,5,1,0,511.23,-511.23,5.0,18.0,3.21,0.0,0.0
2023-01-16 06:00:00,6,1,0,725.58,-725.58,5.0,16.0,2.77,0.0,0.0
2023-01-16 07:00:00,7,1,38.78,2064.21,-2025.43,5.0,13.4,33.2,0.0,0.0
2023-01-16 08:00:00,8,1,279.29,1647.64,-1368.35,5.0,22.3,22.97,0.0,0.0
2023-01-16 09:00:00,9,1,96.03,2290.08,-2194.06,5.0,22.6,34.9,0.0,0.0
2023-01-16 10:00:00,10,1,893.67,480.49,413.18,9.13,16.7,3.77,0.0,0.0
2023-01-16 11:00:00,11,1,1255.48,790.34,465.13,13.78,24.9,2.42,0.0,0.0
2023-01-16 12:00:00,12,1,1456.78,654.28,802.5,21.81,22.0,4.89,0.0,0.0
2023-01-16 13:00:00,13,1,1857.89,431.68,1426.22,36.07,22.2,4.29,0.0,0.0
2023-01-16 14:00:00,14,1,1482.81,478.3,1004.51,46.12,24.9,3.58,0.0,0.0
2023-01-16 15:00:00,15,1,1168.52,452.33,716.19,53.28,26.9,2.89,0.0,0.0
2023-01-16 16:00:00,16,1,933.69,255.53,678.16,60.06,24.3,2.52,0.0,0.0
2023-01-16 17:00:00,17,1,539.72,584.61,-44.88,59.61,22.4,3.29,0.0,0.0
2023-01-16 18:00:00,18,1,406.19,496.62,-90.44,58.71,23.8,3.61,0.0,0.0
2023-01-16 19:00:00,19,1,78.44,2813.87,-2735.43,31.35,20.1,3.79,0.0,0.0
2023-01-16 20:00:00,20,1,0,1514.56,-1514.56,16.21,14.4,15.57,0.0,0.0
2023-01-16 21:00:00,21,1,0,1479.57,-1479.57,5.0,15.9,31.97,0.0,0.0
2023-01-16 22:00:00,22,1,0,1952.51,-1952.51,5.0,19.4,27.08,0.0,0.0
2023-01-16 23:00:00,23,1,0,346.07,-346.07,5.0,18.1,2.87,0.0,0.0
2023-01-17 00:00:00,0,1,0,434.84,-434.84,5.0,10.7,1.25,0.0,0.0
2023-01-17 01:00:00,1,1,0,435.1,-435.1,5.0,14.6,2.84,0.0,0.0
2023-01-17 02:00:00,2,1,0,398.87,-398.87,5.0,10.2,4.13,0.0,0.0
2023-01-17 03:00:00,3,1,0,607.71,-607.71,5.0,12.0,4.29,0.0,0.0
2023-01-17 04:00:00,4,1,0,416.51,-416.51,5.0,16.2,2.89,0.0,0.0
2023-01-17 05:00:00,5,1,0,589.87,-589.87,5.0,19.1,1.34,0.0,0.0
2023-01-17 06:00:00,6,1,0,462.08,-462.08,5.0,21.0,2.36,0.0,0.0
2023-01-17 07:00:00,7,1,0,2126.24,-2126.24,5.0,18.3,40.87,0.0,0.0
2023-01-17 08:00:00,8,1,286.7,1873.4,-1586.7,5.0,16.2,27.16,0.0,0.0
2023-01-17 09:00:00,9,1,639.1,2047.72,-1408.62,5.0,21.3,40.46,0.0,0.0
2023-01-17 10:00:00,10,1,962.94,603.06,359.88,8.6,18.8,4.16,0.0,0.0
2023-01-17 11:00:00,11,1,1256.11,401.48,854.62,17.15,19.9,1.49,0.0,0.0
2023-01-17 12:00:00,12,1,1482.7,426.43,1056.27,27.71,21.6,4.7,0.0,0.0
2023-01-17 13:00:00,13,1,1789.91,571.6,1218.31,39.89,25.2,4.2,0.0,0.0
2023-01-17 14:00:00,14,1,1489.35,398.28,1091.07,50.8,22.8,4.25,0.0,0.0
2023-01-17 15:00:00,15,1,1195.67,779.79,415.88,54.96,25.1,1.23,0.0,0.0
2023-01-17 16:00:00,16,1,964.85,553.22,411.64,59.08,24.0,3.62,0.0,0.0
2023-01-17 17:00:00,17,1,537.36,473.5,63.86,59.72,21.1,4.39,0.0,0.0
2023-01-17 18:00:00,18,1,212.28,367.74,-155.45,58.16,21.3,4.42,0.0,0.0
2023-01-17 19:00:00,19,1,0,1770.47,-1770.47,40.46,21.7,3.18,0.0,0.0
2023-01-17 20:00:00,20,1,0,1642.79,-1642.79,24.03,21.9,27.69,0.0,0.0
2023-01-17 21:00:00,21,1,0,2089.13,-2089.13,5.0,18.1,19.46,0.0,0.0
2023-01-17 22:00:00,22,1,0,1934.05,-1934.05,5.0,18.1,20.81,0.0,0.0
2023-01-17 23:00:00,23,1,0,379.76,-379.76,5.0,15.0,2.93,0.0,0.0
2023-01-18 00:00:00,0,1,0,471.02,-471.02,5.0,7.7,4.14,0.0,0.0
2023-01-18 01:00:00,1,1,0,533.47,-533.47,5.0,10.3,2.33,0.0,0.0
2023-01-18 02:00:00,2,1,0,633.08,-633.08,5.0,16.1,1.89,0.0,0.0
2023-01-18 03:00:00,3,1,0,571.29,-571.29,5.0,13.5,1.57,0.0,0.0
2023-01-18 04:00:00,4,1,0,430.82,-430.82,5.0,15.0,4.45,0.0,0.0
2023-01-18 05:00:00,5,1,0,710.35,-710.35,5.0,15.5,4.25,0.0,0.0
2023-01-18 06:00:00,6,1,0,516.26,-516.26,5.0,15.9,4.56,0.0,0.0
2023-01-18 07:00:00,7,1,8.68,2126.09,-2117.41,5.0,18.9,32.73,0.0,0.0
2023-01-18 08:00:00,8,1,302.13,2623.76,-2321.63,5.0,22.5,37.35,0.0,0.0
2023-01-18 09:00:00,9,1,667.24,1653.37,-986.13,5.0,18.1,26.98,0.0,0.0
2023-01-18 10:00:00,10,1,1019.65,458.64,561.01,10.61,22.2,3.68,0.0,0.0
2023-01-18 11:00:00,11,1,171.32,656.23,-484.91,5.76,18.8,3.79,0.0,0.0
2023-01-18 12:00:00,12,1,1477.88,666.53,811.35,13.87,25.2,3.8,0.0,0.0
2023-01-18 13:00:00,13,1,1922.66,459.85,1462.81,28.5,27.0,4.81,0.0,0.0
2023-01-18 14:00:00,14,1,1405.11,648.47,756.64,36.07,23.7,4.41,0.0,0.0
2023-01-18 15:00:00,15,1,1301.76,734.21,567.55,41.74,22.8,1.47,0.0,0.0
2023-01-18 16:00:00,16,1,920.58,610.92,309.65,44.84,27.6,3.6,0.0,0.0
2023-01-18 17:00:00,17,1,570.18,548.34,21.84,45.06,20.9,2.6,0.0,0.0
2023-01-18 18:00:00,18,1,382.47,528.65,-146.19,43.6,21.4,4.99,0.0,0.0
2023-01-18 19:00:00,19,1,0,2333.33,-2333.33,20.26,21.8,4.55,0.0,0.0
2023-01-18 20:00:00,20,1,0,1965.0,-1965.0,5.0,18.9,22.4,0.0,0.0
2023-01-18 21:00:00,21,1,0,2238.32,-2238.32,5.0,17.1,33.93,0.0,0.0
2023-01-18 22:00:00,22,1,0,2206.59,-2206.59,5.0,18.3,16.84,0.0,0.0
2023-01-18 23:00:00,23,1,0,253.36,-253.36,5.0,16.4,4.93,0.0,0.0
2023-01-19 00:00:00,0,1,0,322.79,-322.79,5.0,7.2,3.41,0.0,0.0
2023-01-19 01:00:00,1,1,0,489.61,-489.61,5.0,13.5,3.14,0.0,0.0
2023-01-19 02:00:00,2,1,0,637.46,-637.46,5.0,12.8,2.82,0.0,0.0
2023-01-19 03:00:00,3,1,0,596.09,-596.09,5.0,16.1,1.52,0.0,0.0
2023-01-19 04:00:00,4,1,0,383.14,-383.14,5.0,18.9,2.47,0.0,0.0
2023-01-19 05:00:00,5,1,0,650.07,-650.07,5.0,14.4,2.74,0.0,0.0
2023-01-19 06:00:00,6,1,0,793.22,-793.22,5.0,16.2,3.42,0.0,0.0
2023-01-19 07:00:00,7,1,0,2073.06,-2073.06,5.0,18.8,34.82,0.0,0.0
2023-01-19 08:00:00,8,1,41.05,2182.88,-2141.83,5.0,15.9,47.52,0.0,0.0
2023-01-19 09:00:00,9,1,675.51,1777.41,-1101.9,5.0,17.7,36.09,0.0,0.0
2023-01-19 10:00:00,10,1,754.53,674.07,80.46,5.8,22.7,2.9,0.0,0.0
2023-01-19 11:00:00,11,1,1219.9,558.18,661.72,12.42,24.8,2.95,0.0,0.0
2023-01-19 12:00:00,12,1,1448.46,378.24,1070.22,23.12,20.7,4.04,0.0,0.0
2023-01-19 13:00:00,13,1,1752.19,350.42,1401.77,37.14,23.5,4.23,0.0,0.0
2023-01-19 14:00:00,14,1,1583.73,673.33,910.4,46.25,26.5,1.17,0.0,0.0
2023-01-19 15:00:00,15,1,181.59,401.12,-219.53,44.05,22.7,4.83,0.0,0.0
2023-01-19 16:00:00,16,1,781.03,708.19,72.84,44.78,22.5,2.76,0.0,0.0
2023-01-19 17:00:00,17,1,663.06,325.86,337.2,48.15,24.0,3.36,0.0,0.0
2023-01-19 18:00:00,18,1,156.09,435.21,-279.12,45.36,19.5,1.2,0.0,0.0
2023-01-19 19:00:00,19,1,8.06,1539.82,-1531.76,30.04,20.3,1.08,0.0,0.0
2023-01-19 20:00:00,20,1,0,1859.76,-1859.76,11.44,21.1,18.05,0.0,0.0
2023-01-19 21:00:00,21,1,0,2174.26,-2174.26,5.0,16.6,15.42,0.0,0.0
2023-01-19 22:00:00,22,1,0,2244.35,-2244.35,5.0,15.9,17.87,0.0,0.0
2023-01-19 23:00:00,23,1,0,512.01,-512.01,5.0,17.5,1.53,0.0,0.0
2023-01-20 00:00:00,0,1,0,435.06,-435.06,5.0,11.6,1.73,0.0,0.0
2023-01-20 01:00:00,1,1,0,588.11,-588.11,5.0,12.8,2.03,0.0,0.0
2023-01-20 02:00:00,2,1,0,337.31,-337.31,5.0,13.5,1.64,0.0,0.0
2023-01-20 03:00:00,3,1,0,365.38,-365.38,5.0,15.4,4.28,0.0,0.0
2023-01-20 04:00:00,4,1,0,513.69,-513.69,5.0,15.1,2.24,0.0,0.0
2023-01-20 05:00:00,5,1,0,400.96,-400.96,5.0,21.4,3.61,0.0,0.0
2023-01-20 06:00:00,6,1,0,460.07,-460.07,5.0,19.1,3.99,0.0,0.0
2023-01-20 07:00:00,7,1,0,2424.34,-2424.34,5.0,13.3,38.34,0.0,0.0
2023-01-20 08:00:00,8,1,254.07,2826.36,-2572.29,5.0,18.6,29.35,0.0,0.0
2023-01-20 09:00:00,9,1,593.73,2431.06,-1837.33,5.0,20.9,39.74,0.0,0.0
2023-01-20 10:00:00,10,1,890.18,718.13,172.05,6.72,21.1,4.65,0.0,0.0
2023-01-20 11:00:00,11,1,1199.84,482.98,716.86,13.89,19.8,4.44,0.0,0.0
2023-01-20 12:00:00,12,1,1517.41,505.79,1011.62,24.01,22.4,4.72,0.0,0.0
2023-01-20 13:00:00,13,1,1875.31,587.33,1287.99,36.89,23.8,2.1,0.0,0.0
2023-01-20 14:00:00,14,1,1431.97,606.44,825.53,45.14,25.2,2.92,0.0,0.0
2023-01-20 15:00:00,15,1,1138.75,526.59,612.17,51.26,21.0,1.93,0.0,0.0
2023-01-20 16:00:00,16,1,840.89,640.51,200.38,53.27,28.0,1.17,0.0,0.0
2023-01-20 17:00:00,17,1,680.81,486.89,193.92,55.21,24.6,1.2,0.0,0.0
2023-01-20 18:00:00,18,1,270.97,268.2,2.77,55.23,20.2,2.5,0.0,0.0
2023-01-20 19:00:00,19,1,144.21,1516.03,-1371.82,41.51,18.4,2.09,0.0,0.0
2023-01-20 20:00:00,20,1,0,1895.76,-1895.76,22.56,22.2,15.44,0.0,0.0
2023-01-20 21:00:00,21,1,0,2666.02,-2666.02,5.0,19.8,18.35,0.0,0.0
2023-01-20 22:00:00,22,1,0,1998.4,-1998.4,5.0,19.7,22.43,0.0,0.0
2023-01-20 23:00:00,23,1,0,550.38,-550.38,5.0,13.8,4.02,0.0,0.0
2023-01-21 00:00:00,0,1,0,427.18,-427.18,5.0,13.6,3.08,0.0,0.0
2023-01-21 01:00:00,1,1,0,367.91,-367.91,5.0,13.8,3.77,0.0,0.0
2023-01-21 02:00:00,2,1,0,664.72,-664.72,5.0,10.7,2.7,0.0,0.0
2023-01-21 03:00:00,3,1,0,446.54,-446.54,5.0,14.5,3.7,0.0,0.0
2023-01-21 04:00:00,4,1,0,423.57,-423.57,5.0,16.8,4.55,0.0,0.0
2023-01-21 05:00:00,5,1,0,574.02,-574.02,5.0,18.1,3.75,0.0,0.0
2023-01-21 06:00:00,6,1,0,559.58,-559.58,5.0,17.9,1.74,0.0,0.0
2023-01-21 07:00:00,7,1,0,2126.6,-2126.6,5.0,16.9,47.67,0.0,0.0
2023-01-21 08:00:00,8,1,13.7,2274.84,-2261.14,5.0,18.6,31.82,0.0,0.0
2023-01-21 09:00:00,9,1,614.7,2417.78,-1803.07,5.0,20.7,44.31,0.0,0.0
2023-01-21 10:00:00,10,1,108.08,515.38,-407.3,5.0,20.2,3.06,0.0,0.0
2023-01-21 11:00:00,11,1,1134.87,439.89,694.98,11.95,24.3,3.81,0.0,0.0
2023-01-21 12:00:00,12,1,1452.35,482.81,969.54,21.65,22.0,2.92,0.0,0.0
2023-01-21 13:00:00,13,1,1835.34,470.33,1365.01,35.3,25.1,2.71,0.0,0.0
2023-01-21 14:00:00,14,1,1493.04,275.35,1217.7,47.47,21.6,2.69,0.0,0.0
2023-01-21 15:00:00,15,1,1274.32,600.48,673.84,54.21,24.9,1.12,0.0,0.0
2023-01-21 16:00:00,16,1,141.45,531.24,-389.79,50.31,21.7,1.57,0.0,0.0
2023-01-21 17:00:00,17,1,583.04,607.88,-24.84,50.06,23.0,2.39,0.0,0.0
2023-01-21 18:00:00,18,1,336.06,239.83,96.23,51.03,19.6,1.08,0.0,0.0
2023-01-21 19:00:00,19,1,11.4,1919.6,-1908.2,31.94,19.3,4.83,0.0,0.0
2023-01-21 20:00:00,20,1,0,1921.54,-1921.54,12.73,17.7,21.63,0.0,0.0
2023-01-21 21:00:00,21,1,0,2062.78,-2062.78,5.0,18.8,25.92,0.0,0.0
2023-01-21 22:00:00,22,1,0,1754.51,-1754.51,5.0,20.2,18.09,0.0,0.0
2023-01-21 23:00:00,23,1,0,373.33,-373.33,5.0,16.2,4.27,0.0,0.0
2023-01-22 00:00:00,0,1,0,404.39,-404.39,5.0,11.6,2.26,0.0,0.0
2023-01-22 01:00:00,1,1,0,533.12,-533.12,5.0,14.0,1.88,0.0,0.0
2023-01-22 02:00:00,2,1,0,456.72,-456.72,5.0,13.2,4.7,0.0,0.0
2023-01-22 03:00:00,3,1,0,649.67,-649.67,5.0,11.8,2.48,0.0,0.0
2023-01-22 04:00:00,4,1,0,473.82,-473.82,5.0,15.9,2.77,0.0,0.0
2023-01-22 05:00:00,5,1,0,514.15,-514.15,5.0,14.4,3.94,0.0,0.0
2023-01-22 06:00:00,6,1,0,514.88,-514.88,5.0,17.6,3.72,0.0,0.0
2023-01-22 07:00:00,7,1,0,2003.42,-2003.42,5.0,19.2,31.24,0.0,0.0
2023-01-22 08:00:00,8,1,298.3,2482.34,-2184.04,5.0,21.2,33.69,0.0,0.0
2023-01-22 09:00:00,9,1,508.98,1822.43,-1313.45,5.0,20.9,49.19,0.0,0.0
2023-01-22 10:00:00,10,1,118.27,504.14,-385.87,5.0,24.2,4.87,0.0,0.0
2023-01-22 11:00:00,11,1,1212.51,442.81,769.7,12.7,18.7,4.36,0.0,0.0
2023-01-22 12:00:00,12,1,1458.92,623.01,835.9,21.06,23.8,2.39,0.0,0.0
2023-01-22 13:00:00,13,1,1697.22,473.33,1223.89,33.29,23.1,2.89,0.0,0.0
2023-01-22 14:00:00,14,1,230.77,421.31,-190.54,31.39,26.3,4.31,0.0,0.0
2023-01-22 15:00:00,15,1,1196.83,511.7,685.13,38.24,23.6,4.0,0.0,0.0
2023-01-22 16:00:00,16,1,928.23,284.23,643.99,44.68,25.4,1.38,0.0,0.0
2023-01-22 17:00:00,17,1,565.13,560.57,4.56,44.73,21.2,1.89,0.0,0.0
2023-01-22 18:00:00,18,1,323.06,490.42,-167.36,43.05,18.0,3.15,0.0,0.0
2023-01-22 19:00:00,19,1,11.5,2070.3,-2058.81,22.46,19.1,4.95,0.0,0.0
2023-01-22 20:00:00,20,1,0,2768.25,-2768.25,5.0,19.7,17.55,0.0,0.0
2023-01-22 21:00:00,21,1,0,1752.52,-1752.52,5.0,20.6,28.65,0.0,0.0
2023-01-22 22:00:00,22,1,0,1868.94,-1868.94,5.0,18.2,33.52,0.0,0.0
2023-01-22 23:00:00,23,1,0,383.23,-383.23,5.0,14.8,4.95,0.0,0.0
2023-01-23 00:00:00,0,1,0,456.58,-456.58,5.0,10.5,2.56,0.0,0.0
2023-01-23 01:00:00,1,1,0,522.31,-522.31,5.0,11.2,1.81,0.0,0.0
2023-01-23 02:00:00,2,1,0,546.75,-546.75,5.0,13.2,1.12,0.0,0.0
2023-01-23 03:00:00,3,1,0,511.77,-511.77,5.0,13.8,4.6,0.0,0.0
2023-01-23 04:00:00,4,1,0,506.04,-506.04,5.0,13.3,2.95,0.0,0.0
2023-01-23 05:00:00,5,1,0,453.24,-453.24,5.0,12.4,2.45,0.0,0.0
2023-01-23 06:00:00,6,1,0,507.02,-507.02,5.0,15.5,3.64,0.0,0.0
2023-01-23 07:00:00,7,1,0,2125.55,-2125.55,5.0,14.9,31.87,0.0,0.0
2023-01-23 08:00:00,8,1,303.77,2186.9,-1883.14,5.0,21.7,38.96,0.0,0.0
2023-01-23 09:00:00,9,1,622.03,1651.7,-1029.67,5.0,21.7,21.29,0.0,0.0
2023-01-23 10:00:00,10,1,112.44,409.86,-297.42,5.0,20.4,1.89,0.0,0.0
2023-01-23 11:00:00,11,1,1206.34,346.59,859.76,13.6,22.9,4.92,0.0,0.0
2023-01-23 12:00:00,12,1,222.37,476.0,-253.64,11.06,25.7,1.35,0.0,0.0
2023-01-23 13:00:00,13,1,1805.07,626.15,1178.92,22.85,24.8,3.16,0.0,0.0
2023-01-23 14:00:00,14,1,1550.29,641.98,908.31,31.93,25.3,2.64,0.0,0.0
2023-01-23 15:00:00,15,1,1225.96,602.78,623.18,38.17,19.1,2.42,0.0,0.0
2023-01-23 16:00:00,16,1,890.58,696.42,194.17,40.11,23.5,1.47,0.0,0.0
2023-01-23 17:00:00,17,1,103.1,373.09,-269.98,37.41,23.1,1.05,0.0,0.0
2023-01-23 18:00:00,18,1,322.75,481.53,-158.78,35.82,20.8,4.13,0.0,0.0
2023-01-23 19:00:00,19,1,112.47,2528.51,-2416.03,11.66,22.3,3.6,0.0,0.0
2023-01-23 20:00:00,20,1,0,1983.24,-1983.24,5.0,17.3,19.01,0.0,0.0
2023-01-23 21:00:00,21,1,0,2530.02,-2530.02,5.0,21.3,21.39,0.0,0.0
2023-01-23 22:00:00,22,1,0,2674.71,-2674.71,5.0,13.4,30.76,0.0,0.0
2023-01-23 23:00:00,23,1,0,560.83,-560.83,5.0,13.5,4.85,0.0,0.0
2023-01-24 00:00:00,0,1,0,437.9,-437.9,5.0,12.7,3.35,0.0,0.0
2023-01-24 01:00:00,1,1,0,431.72,-431.72,5.0,10.5,3.13,0.0,0.0
2023-01-24 02:00:00,2,1,0,610.21,-610.21,5.0,14.2,2.27,0.0,0.0
2023-01-24 03:00:00,3,1,0,699.55,-699.55,5.0,13.6,1.38,0.0,0.0
2023-01-24 04:00:00,4,1,0,525.03,-525.03,5.0,12.6,2.66,0.0,0.0
2023-01-24 05:00:00,5,1,0,536.65,-536.65,5.0,14.3,4.46,0.0,0.0
2023-01-24 06:00:00,6,1,0,651.7,-651.7,5.0,12.9,3.57,0.0,0.0
2023-01-24 07:00:00,7,1,77.24,2507.11,-2429.87,5.0,18.7,21.46,0.0,0.0
2023-01-24 08:00:00,8,1,319.57,2380.61,-2061.04,5.0,21.9,50.0,0.0,0.0
2023-01-24 09:00:00,9,1,595.71,2545.2,-1949.49,5.0,19.5,27.29,0.0,0.0
2023-01-24 10:00:00,10,1,881.7,689.56,192.14,6.92,17.8,2.57,0.0,0.0
2023-01-24 11:00:00,11,1,1181.5,693.45,488.05,11.8,22.6,4.75,0.0,0.0
2023-01-24 12:00:00,12,1,1502.53,557.49,945.04,21.25,19.8,1.51,0.0,0.0
2023-01-24 13:00:00,13,1,256.18,567.84,-311.66,18.14,25.2,2.95,0.0,0.0
2023-01-24 14:00:00,14,1,1519.74,737.06,782.68,25.96,28.3,2.7,0.0,0.0
2023-01-24 15:00:00,15,1,1180.3,410.13,770.18,33.66,26.8,1.8,0.0,0.0
2023-01-24 16:00:00,16,1,915.81,457.45,458.36,38.25,23.6,3.89,0.0,0.0
2023-01-24 17:00:00,17,1,655.92,450.9,205.02,40.3,22.2,2.82,0.0,0.0
2023-01-24 18:00:00,18,1,265.33,624.65,-359.32,36.7,19.6,1.84,0.0,0.0
2023-01-24 19:00:00,19,1,5.47,1720.8,-1715.33,19.55,20.9,2.6,0.0,0.0
2023-01-24 20:00:00,20,1,0,2272.16,-2272.16,5.0,17.4,22.53,0.0,0.0
2023-01-24 21:00:00,21,1,0,2250.12,-2250.12,5.0,17.0,26.68,0.0,0.0
2023-01-24 22:00:00,22,1,0,2457.64,-2457.64,5.0,16.1,31.68,0.0,0.0
2023-01-24 23:00:00,23,1,0,573.09,-573.09,5.0,14.1,3.69,0.0,0.0
2023-01-25 00:00:00,0,1,0,606.76,-606.76,5.0,7.9,3.51,0.0,0.0
2023-01-25 01:00:00,1,1,0,515.99,-515.99,5.0,10.4,1.05,0.0,0.0
2023-01-25 02:00:00,2,1,0,608.04,-608.04,5.0,10.4,2.69,0.0,0.0
2023-01-25 03:00:00,3,1,0,555.8,-555.8,5.0,13.2,2.24,0.0,0.0
2023-01-25 04:00:00,4,1,0,408.15,-408.15,5.0,16.3,1.55,0.0,0.0
2023-01-25 05:00:00,5,1,0,666.57,-666.57,5.0,15.0,1.77,0.0,0.0
2023-01-25 06:00:00,6,1,0,453.24,-453.24,5.0,14.3,3.63,0.0,0.0
2023-01-25 07:00:00,7,1,7.05,2651.76,-2644.71,5.0,15.3,40.19,0.0,0.0
2023-01-25 08:00:00,8,1,57.86,2479.97,-2422.11,5.0,17.8,20.9,0.0,0.0
2023-01-25 09:00:00,9,1,590.46,1531.5,-941.04,5.0,20.5,36.03,0.0,0.0
2023-01-25 10:00:00,10,1,832.01,548.69,283.32,7.83,20.0,2.85,0.0,0.0
2023-01-25 11:00:00,11,1,1188.83,511.02,677.8,14.61,20.2,3.71,0.0,0.0
2023-01-25 12:00:00,12,1,1512.4,520.73,991.66,24.53,22.0,2.73,0.0,0.0
2023-01-25 13:00:00,13,1,1687.75,363.4,1324.35,37.77,22.0,2.17,0.0,0.0
2023-01-25 14:00:00,14,1,1510.78,537.52,973.26,47.5,22.3,4.46,0.0,0.0
2023-01-25 15:00:00,15,1,173.48,507.93,-334.46,44.16,21.3,3.13,0.0,0.0
2023-01-25 16:00:00,16,1,931.12,446.88,484.25,49.0,21.5,2.26,0.0,0.0
2023-01-25 17:00:00,17,1,633.59,436.28,197.31,50.98,23.8,4.42,0.0,0.0
2023-01-25 18:00:00,18,1,343.1,618.16,-275.06,48.22,21.6,3.13,0.0,0.0
2023-01-25 19:00:00,19,1,59.67,1931.29,-1871.62,29.51,22.0,2.07,0.0,0.0
2023-01-25 20:00:00,20,1,0,2234.53,-2234.53,7.16,19.3,16.9,0.0,0.0
2023-01-25 21:00:00,21,1,0,1378.55,-1378.55,5.0,19.7,18.09,0.0,0.0
2023-01-25 22:00:00,22,1,0,2598.45,-2598.45,5.0,16.1,18.34,0.0,0.0
2023-01-25 23:00:00,23,1,0,398.82,-398.82,5.0,16.4,1.79,0.0,0.0
2023-01-26 00:00:00,0,1,0,451.66,-451.66,5.0,11.3,3.55,0.0,0.0
2023-01-26 01:00:00,1,1,0,565.17,-565.17,5.0,10.8,1.66,0.0,0.0
2023-01-26 02:00:00,2,1,0,494.93,-494.93,5.0,15.2,3.45,0.0,0.0
2023-01-26 03:00:00,3,1,0,400.63,-400.63,5.0,15.4,3.48,0.0,0.0
2023-01-26 04:00:00,4,1,0,446.29,-446.29,5.0,15.6,3.82,0.0,0.0
2023-01-26 05:00:00,5,1,0,637.16,-637.16,5.0,14.6,4.33,0.0,0.0
2023-01-26 06:00:00,6,1,0,382.52,-382.52,5.0,15.0,2.82,0.0,0.0
2023-01-26 07:00:00,7,1,0,1849.46,-1849.46,5.0,20.7,40.62,0.0,0.0
2023-01-26 08:00:00,8,1,263.53,2256.11,-1992.58,5.0,19.7,30.8,0.0,0.0
2023-01-26 09:00:00,9,1,627.27,2307.38,-1680.12,5.0,21.7,41.62,0.0,0.0
2023-01-26 10:00:00,10,1,891.49,557.31,334.18,8.34,21.8,1.25,0.0,0.0
2023-01-26 11:00:00,11,1,1363.8,526.11,837.69,16.72,24.5,3.42,0.0,0.0
2023-01-26 12:00:00,12,1,1573.38,544.42,1028.95,27.01,26.9,4.39,0.0,0.0
2023-01-26 13:00:00,13,1,1761.51,699.37,1062.14,37.63,24.6,3.13,0.0,0.0
2023-01-26 14:00:00,14,1,1480.06,449.58,1030.48,47.93,20.8,3.05,0.0,0.0
2023-01-26 15:00:00,15,1,1269.76,506.18,763.59,55.57,21.7,1.75,0.0,0.0
2023-01-26 16:00:00,16,1,837.7,698.63,139.07,56.96,23.7,2.73,0.0,0.0
2023-01-26 17:00:00,17,1,560.2,486.28,73.92,57.7,22.9,4.79,0.0,0.0
2023-01-26 18:00:00,18,1,286.64,555.61,-268.97,55.01,24.6,2.79,0.0,0.0
2023-01-26 19:00:00,19,1,114.11,2256.61,-2142.5,33.59,22.9,3.77,0.0,0.0
2023-01-26 20:00:00,20,1,0,2825.61,-2825.61,5.33,18.6,29.84,0.0,0.0
2023-01-26 21:00:00,21,1,0,1381.18,-1381.18,5.0,20.9,23.28,0.0,0.0
2023-01-26 22:00:00,22,1,0,1851.32,-1851.32,5.0,17.2,32.07,0.0,0.0
2023-01-26 23:00:00,23,1,0,336.71,-336.71,5.0,15.2,2.81,0.0,0.0
2023-01-27 00:00:00,0,1,0,513.11,-513.11,5.0,12.6,1.83,0.0,0.0
2023-01-27 01:00:00,1,1,0,672.4,-672.4,5.0,10.7,1.82,0.0,0.0
2023-01-27 02:00:00,2,1,0,499.99,-499.99,5.0,13.9,1.85,0.0,0.0
2023-01-27 03:00:00,3,1,0,630.31,-630.31,5.0,14.6,3.26,0.0,0.0
2023-01-27 04:00:00,4,1,0,438.45,-438.45,5.0,15.7,3.08,0.0,0.0
2023-01-27 05:00:00,5,1,0,720.42,-720.42,5.0,14.4,1.73,0.0,0.0
2023-01-27 06:00:00,6,1,0,355.83,-355.83,5.0,14.0,1.19,0.0,0.0
2023-01-27 07:00:00,7,1,4.55,1819.11,-1814.56,5.0,20.8,42.47,0.0,0.0
2023-01-27 08:00:00,8,1,366.25,2544.37,-2178.12,5.0,20.4,26.53,0.0,0.0
2023-01-27 09:00:00,9,1,540.97,2230.07,-1689.1,5.0,17.7,21.8,0.0,0.0
2023-01-27 10:00:00,10,1,879.5,686.3,193.2,6.93,16.8,2.79,0.0,0.0
2023-01-27 11:00:00,11,1,1194.66,435.99,758.67,14.52,21.2,1.68,0.0,0.0
2023-01-27 12:00:00,12,1,1439.9,419.16,1020.73,24.73,21.6,4.38,0.0,0.0
2023-01-27 13:00:00,13,1,1946.03,435.51,1510.51,39.83,25.7,2.2,0.0,0.0
2023-01-27 14:00:00,14,1,1566.18,620.56,945.62,49.29,29.6,4.29,0.0,0.0
2023-01-27 15:00:00,15,1,1108.97,459.6,649.36,55.78,22.5,3.98,0.0,0.0
2023-01-27 16:00:00,16,1,145.73,388.85,-243.12,53.35,23.8,4.5,0.0,0.0
2023-01-27 17:00:00,17,1,612.83,610.44,2.39,53.37,22.8,4.57,0.0,0.0
2023-01-27 18:00:00,18,1,243.04,397.12,-154.08,51.83,21.2,1.09,0.0,0.0
2023-01-27 19:00:00,19,1,68.03,1501.39,-1433.37,37.5,23.4,4.83,0.0,0.0
2023-01-27 20:00:00,20,1,0,1467.5,-1467.5,22.82,17.0,32.7,0.0,0.0
2023-01-27 21:00:00,21,1,0,2099.37,-2099.37,5.0,19.4,24.87,0.0,0.0
2023-01-27 22:00:00,22,1,0,2732.36,-2732.36,5.0,17.2,33.65,0.0,0.0
2023-01-27 23:00:00,23,1,0,461.27,-461.27,5.0,17.8,1.64,0.0,0.0
2023-01-28 00:00:00,0,1,0,292.83,-292.83,5.0,11.4,1.35,0.0,0.0
2023-01-28 01:00:00,1,1,0,371.15,-371.15,5.0,14.2,4.78,0.0,0.0
2023-01-28 02:00:00,2,1,0,406.73,-406.73,5.0,13.8,4.48,0.0,0.0
2023-01-28 03:00:00,3,1,0,385.31,-385.31,5.0,13.5,1.33,0.0,0.0
2023-01-28 04:00:00,4,1,0,241.41,-241.41,5.0,13.7,4.07,0.0,0.0
2023-01-28 05:00:00,5,1,0,412.21,-412.21,5.0,14.1,2.71,0.0,0.0
2023-01-28 06:00:00,6,1,0,403.94,-403.94,5.0,18.9,3.24,0.0,0.0
2023-01-28 07:00:00,7,1,0,2701.95,-2701.95,5.0,21.4,48.51,0.0,0.0
2023-01-28 08:00:00,8,1,348.19,2139.28,-1791.09,5.0,22.0,49.26,0.0,0.0
2023-01-28 09:00:00,9,1,514.74,2906.64,-2391.9,5.0,19.2,22.67,0.0,0.0
2023-01-28 10:00:00,10,1,880.98,594.32,286.66,7.87,17.6,3.51,0.0,0.0
2023-01-28 11:00:00,11,1,1133.41,470.16,663.25,14.5,25.2,1.58,0.0,0.0
2023-01-28 12:00:00,12,1,1398.93,462.3,936.63,23.87,23.9,2.75,0.0,0.0
2023-01-28 13:00:00,13,1,1805.43,528.25,1277.18,36.64,27.4,2.24,0.0,0.0
2023-01-28 14:00:00,14,1,232.81,578.29,-345.47,33.18,25.1,4.65,0.0,0.0
2023-01-28 15:00:00,15,1,1189.77,498.45,691.32,40.1,23.4,3.36,0.0,0.0
2023-01-28 16:00:00,16,1,822.55,254.71,567.84,45.77,25.0,4.91,0.0,0.0
2023-01-28 17:00:00,17,1,554.81,413.21,141.6,47.19,21.8,1.53,0.0,0.0
2023-01-28 18:00:00,18,1,352.82,459.23,-106.41,46.13,19.6,3.58,0.0,0.0
2023-01-28 19:00:00,19,1,22.86,2196.2,-2173.35,24.39,21.9,1.68,0.0,0.0
2023-01-28 20:00:00,20,1,0,1415.63,-1415.63,10.24,17.4,20.48,0.0,0.0
2023-01-28 21:00:00,21,1,0,1687.9,-1687.9,5.0,18.2,19.79,0.0,0.0
2023-01-28 22:00:00,22,1,0,2124.31,-2124.31,5.0,18.9,28.68,0.0,0.0
2023-01-28 23:00:00,23,1,0,409.47,-409.47,5.0,16.0,3.94,0.0,0.0
2023-01-29 00:00:00,0,1,0,394.12,-394.12,5.0,9.0,3.47,0.0,0.0
2023-01-29 01:00:00,1,1,0,638.45,-638.45,5.0,16.2,4.46,0.0,0.0
2023-01-29 02:00:00,2,1,0,517.39,-517.39,5.0,14.5,4.23,0.0,0.0
2023-01-29 03:00:00,3,1,0,616.02,-616.02,5.0,13.4,1.47,0.0,0.0
2023-01-29 04:00:00,4,1,0,634.52,-634.52,5.0,16.1,3.81,0.0,0.0
2023-01-29 05:00:00,5,1,0,683.22,-683.22,5.0,18.4,4.67,0.0,0.0
2023-01-29 06:00:00,6,1,0,450.86,-450.86,5.0,17.4,1.96,0.0,0.0
2023-01-29 07:00:00,7,1,60.32,1882.09,-1821.77,5.0,18.4,26.78,0.0,0.0
2023-01-29 08:00:00,8,1,232.07,2756.04,-2523.97,5.0,19.5,24.25,0.0,0.0
2023-01-29 09:00:00,9,1,552.02,1638.96,-1086.94,5.0,20.1,40.66,0.0,0.0
2023-01-29 10:00:00,10,1,808.71,656.14,152.57,6.53,22.1,3.76,0.0,0.0
2023-01-29 11:00:00,11,1,1153.87,733.89,419.98,10.73,21.2,2.38,0.0,0.0
2023-01-29 12:00:00,12,1,1427.22,541.42,885.8,19.58,23.2,4.87,0.0,0.0
2023-01-29 13:00:00,13,1,1813.52,588.37,1225.15,31.83,24.8,3.81,0.0,0.0
2023-01-29 14:00:00,14,1,1413.01,573.43,839.59,40.23,27.2,4.15,0.0,0.0
2023-01-29 15:00:00,15,1,1171.35,502.93,668.43,46.92,25.4,2.67,0.0,0.0
2023-01-29 16:00:00,16,1,868.22,349.53,518.7,52.1,26.4,3.33,0.0,0.0
2023-01-29 17:00:00,17,1,566.37,692.26,-125.89,50.84,20.6,4.74,0.0,0.0
2023-01-29 18:00:00,18,1,336.96,486.91,-149.96,49.34,21.6,4.88,0.0,0.0
2023-01-29 19:00:00,19,1,0,2358.85,-2358.85,25.76,22.5,4.73,0.0,0.0
2023-01-29 20:00:00,20,1,0,1454.02,-1454.02,11.21,18.7,18.61,0.0,0.0
2023-01-29 21:00:00,21,1,0,1236.59,-1236.59,5.0,17.3,29.55,0.0,0.0
2023-01-29 22:00:00,22,1,0,2684.51,-2684.51,5.0,18.1,22.92,0.0,0.0
2023-01-29 23:00:00,23,1,0,410.71,-410.71,5.0,13.6,4.4,0.0,0.0
2023-01-30 00:00:00,0,1,0,543.5,-543.5,5.0,10.5,1.66,0.0,0.0
2023-01-30 01:00:00,1,1,0,666.58,-666.58,5.0,10.8,2.46,0.0,0.0
2023-01-30 02:00:00,2,1,0,511.33,-511.33,5.0,13.1,4.56,0.0,0.0
2023-01-30 03:00:00,3,1,0,310.13,-310.13,5.0,14.5,2.47,0.0,0.0
2023-01-30 04:00:00,4,1,0,551.32,-551.32,5.0,16.2,3.04,0.0,0.0
2023-01-30 05:00:00,5,1,0,509.9,-509.9,5.0,16.8,4.4,0.0,0.0
2023-01-30 06:00:00,6,1,0,332.91,-332.91,5.0,17.6,2.19,0.0,0.0
2023-01-30 07:00:00,7,1,0,2027.99,-2027.99,5.0,19.1,29.1,0.0,0.0
2023-01-30 08:00:00,8,1,45.16,2099.16,-2054.0,5.0,17.1,32.46,0.0,0.0
2023-01-30 09:00:00,9,1,589.7,2616.5,-2026.8,5.0,21.6,37.78,0.0,0.0
2023-01-30 10:00:00,10,1,858.88,545.89,312.99,8.13,20.7,2.75,0.0,0.0
2023-01-30 11:00:00,11,1,1084.63,544.16,540.47,13.53,20.6,4.36,0.0,0.0
2023-01-30 12:00:00,12,1,1408.83,342.23,1066.6,24.2,20.3,2.92,0.0,0.0
2023-01-30 13:00:00,13,1,1795.38,521.96,1273.42,36.93,25.4,3.73,0.0,0.0
2023-01-30 14:00:00,14,1,217.84,610.14,-392.3,33.01,26.0,1.81,0.0,0.0
2023-01-30 15:00:00,15,1,1119.79,273.89,845.89,41.47,24.6,3.43,0.0,0.0
2023-01-30 16:00:00,16,1,822.5,356.93,465.57,46.13,24.4,2.75,0.0,0.0
2023-01-30 17:00:00,17,1,665.41,679.21,-13.8,45.99,20.6,4.44,0.0,0.0
2023-01-30 18:00:00,18,1,190.24,486.11,-295.87,43.03,21.8,2.32,0.0,0.0
2023-01-30 19:00:00,19,1,22.14,1568.38,-1546.25,27.57,19.6,2.21,0.0,0.0
2023-01-30 20:00:00,20,1,0,2026.27,-2026.27,7.3,19.4,32.61,0.0,0.0
2023-01-30 21:00:00,21,1,0,2575.66,-2575.66,5.0,19.7,25.25,0.0,0.0
2023-01-30 22:00:00,22,1,0,2111.91,-2111.91,5.0,15.9,33.13,0.0,0.0
2023-01-30 23:00:00,23,1,0,381.43,-381.43,5.0,14.3,2.71,0.0,0.0
2023-01-31 00:00:00,0,1,0,584.32,-584.32,5.0,13.6,2.34,0.0,0.0
2023-01-31 01:00:00,1,1,0,393.62,-393.62,5.0,10.8,3.1,0.0,0.0
2023-01-31 02:00:00,2,1,0,423.48,-423.48,5.0,11.4,2.06,0.0,0.0
2023-01-31 03:00:00,3,1,0,463.81,-463.81,5.0,14.9,4.29,0.0,0.0
2023-01-31 04:00:00,4,1,0,504.01,-504.01,5.0,19.3,2.6,0.0,0.0
2023-01-31 05:00:00,5,1,0,546.03,-546.03,5.0,16.7,1.34,0.0,0.0
2023-01-31 06:00:00,6,1,0,452.99,-452.99,5.0,17.1,1.55,0.0,0.0
2023-01-31 07:00:00,7,1,0,2569.01,-2569.01,5.0,16.7,23.07,0.0,0.0
2023-01-31 08:00:00,8,1,297.25,1996.08,-1698.83,5.0,14.2,32.22,0.0,0.0
2023-01-31 09:00:00,9,1,605.62,2505.99,-1900.37,5.0,17.2,37.7,0.0,0.0
2023-01-31 10:00:00,10,1,830.43,541.89,288.54,7.89,21.7,1.81,0.0,0.0
2023-01-31 11:00:00,11,1,1157.16,495.97,661.19,14.5,22.1,2.99,0.0,0.0
2023-01-31 12:00:00,12,1,1563.98,534.72,1029.26,24.79,25.1,2.39,0.0,0.0
2023-01-31 13:00:00,13,1,1756.88,718.83,1038.05,35.17,22.4,1.87,0.0,0.0
2023-01-31 14:00:00,14,1,1593.23,546.88,1046.35,45.63,22.2,3.56,0.0,0.0
2023-01-31 15:00:00,15,1,1237.39,481.81,755.58,53.19,22.9,4.55,0.0,0.0
2023-01-31 16:00:00,16,1,815.96,525.0,290.96,56.1,24.7,3.25,0.0,0.0
2023-01-31 17:00:00,17,1,538.7,491.4,47.3,56.57,22.4,2.02,0.0,0.0
2023-01-31 18:00:00,18,1,284.3,418.47,-134.17,55.23,20.6,4.35,0.0,0.0
2023-01-31 19:00:00,19,1,0,2852.26,-2852.26,26.71,18.9,4.13,0.0,0.0
2023-01-31 20:00:00,20,1,0,1675.65,-1675.65,9.95,16.9,30.27,0.0,0.0
2023-01-31 21:00:00,21,1,0,2771.81,-2771.81,5.0,19.0,15.98,0.0,0.0
2023-01-31 22:00:00,22,1,0,1542.2,-1542.2,5.0,17.6,20.54,0.0,0.0
2023-01-31 23:00:00,23,1,0,337.47,-337.47,5.0,16.4,4.16,0.0,0.0
2023-02-01 00:00:00,0,2,0,660.75,-660.75,5.0,9.4,3.69,0.0,0.0
2023-02-01 01:00:00,1,2,0,623.46,-623.46,5.0,15.6,3.71,0.0,0.0
2023-02-01 02:00:00,2,2,0,528.52,-528.52,5.0,15.6,4.0,0.0,0.0
2023-02-01 03:00:00,3,2,0,289.12,-289.12,5.0,13.5,4.73,0.0,0.0
2023-02-01 04:00:00,4,2,0,720.18,-720.18,5.0,15.7,4.04,0.0,0.0
2023-02-01 05:00:00,5,2,0,647.12,-647.12,5.0,17.2,1.89,0.0,0.0
2023-02-01 06:00:00,6,2,0,353.76,-353.76,5.0,20.5,4.45,0.0,0.0
2023-02-01 07:00:00,7,2,0,1995.35,-1995.35,5.0,21.6,41.68,0.0,0.0
2023-02-01 08:00:00,8,2,291.56,2590.63,-2299.07,5.0,20.3,23.93,0.0,0.0
2023-02-01 09:00:00,9,2,584.57,2112.99,-1528.41,5.0,19.1,39.4,0.0,0.0
2023-02-01 10:00:00,10,2,1035.61,350.64,684.97,11.85,16.3,1.79,0.0,0.0
2023-02-01 11:00:00,11,2,1175.9,385.31,790.59,19.76,20.9,2.11,0.0,0.0
2023-02-01 12:00:00,12,2,1508.58,667.47,841.11,28.17,20.1,2.63,0.0,0.0
2023-02-01 13:00:00,13,2,1769.46,457.33,1312.13,41.29,23.8,3.4,0.0,0.0
2023-02-01 14:00:00,14,2,210.1,519.54,-309.44,38.19,25.1,1.16,0.0,0.0
2023-02-01 15:00:00,15,2,1065.1,654.71,410.39,42.3,26.2,2.4,0.0,0.0
2023-02-01 16:00:00,16,2,870.9,585.68,285.21,45.15,22.6,1.83,0.0,0.0
2023-02-01 17:00:00,17,2,632.07,500.78,131.29,46.46,22.0,3.12,0.0,0.0
2023-02-01 18:00:00,18,2,260.88,579.86,-318.99,43.27,23.0,3.86,0.0,0.0
2023-02-01 19:00:00,19,2,0,1661.04,-1661.04,26.66,18.7,2.36,0.0,0.0
2023-02-01 20:00:00,20,2,0,1432.01,-1432.01,12.34,17.7,21.24,0.0,0.0
2023-02-01 21:00:00,21,2,0,2854.19,-2854.19,5.0,17.4,16.39,0.0,0.0
2023-02-01 22:00:00,22,2,0,2156.26,-2156.26,5.0,18.6,27.79,0.0,0.0
2023-02-01 23:00:00,23,2,0,509.92,-509.92,5.0,17.2,3.41,0.0,0.0
2023-02-02 00:00:00,0,2,0,534.85,-534.85,5.0,9.0,2.46,0.0,0.0
2023-02-02 01:00:00,1,2,0,375.71,-375.71,5.0,12.3,3.37,0.0,0.0
2023-02-02 02:00:00,2,2,0,438.52,-438.52,5.0,11.6,3.92,0.0,0.0
2023-02-02 03:00:00,3,2,0,418.9,-418.9,5.0,14.2,3.91,0.0,0.0
2023-02-02 04:00:00,4,2,0,444.9,-444.9,5.0,19.8,3.13,0.0,0.0
2023-02-02 05:00:00,5,2,0,408.31,-408.31,5.0,17.8,3.5,0.0,0.0
2023-02-02 06:00:00,6,2,0,598.48,-598.48,5.0,16.0,4.73,0.0,0.0
2023-02-02 07:00:00,7,2,0,1484.88,-1484.88,5.0,20.1,20.07,0.0,0.0
2023-02-02 08:00:00,8,2,243.28,2552.12,-2308.84,5.0,18.0,47.94,0.0,0.0
2023-02-02 09:00:00,9,2,643.82,1913.99,-1270.16,5.0,21.5,37.0,0.0,0.0
2023-02-02 10:00:00,10,2,862.3,578.05,284.25,7.84,21.2,1.64,0.0,0.0
2023-02-02 11:00:00,11,2,1193.57,495.22,698.35,14.83,25.2,2.38,0.0,0.0
2023-02-02 12:00:00,12,2,1517.89,299.19,1218.69,27.01,25.5,2.96,0.0,0.0
2023-02-02 13:00:00,13,2,1817.5,386.87,1430.63,41.32,23.2,4.47,0.0,0.0
2023-02-02 14:00:00,14,2,1581.3,472.99,1108.31,52.4,21.5,1.42,0.0,0.0
2023-02-02 15:00:00,15,2,1262.32,557.81,704.51,59.45,28.2,1.75,0.0,0.0
2023-02-02 16:00:00,16,2,770.59,519.35,251.24,61.96,22.6,3.39,0.0,0.0
2023-02-02 17:00:00,17,2,683.99,467.72,216.27,64.12,22.7,2.6,0.0,0.0
2023-02-02 18:00:00,18,2,353.52,484.76,-131.24,62.81,22.6,4.11,0.0,0.0
2023-02-02 19:00:00,19,2,0,1563.44,-1563.44,47.18,20.8,3.8,0.0,0.0
2023-02-02 20:00:00,20,2,0,1872.64,-1872.64,28.45,17.9,17.26,0.0,0.0
2023-02-02 21:00:00,21,2,0,1747.73,-1747.73,10.97,17.7,22.68,0.0,0.0
2023-02-02 22:00:00,22,2,0,2264.35,-2264.35,5.0,17.9,25.13,0.0,0.0
2023-02-02 23:00:00,23,2,0,648.46,-648.46,5.0,17.7,1.41,0.0,0.0
2023-02-03 00:00:00,0,2,0,449.13,-449.13,5.0,9.0,2.68,0.0,0.0
2023-02-03 01:00:00,1,2,0,534.98,-534.98,5.0,10.2,3.4,0.0,0.0
2023-02-03 02:00:00,2,2,0,420.24,-420.24,5.0,12.0,4.38,0.0,0.0
2023-02-03 03:00:00,3,2,0,585.2,-585.2,5.0,13.7,1.73,0.0,0.0
2023-02-03 04:00:00,4,2,0,236.64,-236.64,5.0,14.5,4.27,0.0,0.0
2023-02-03 05:00:00,5,2,0,502.55,-502.55,5.0,21.3,1.66,0.0,0.0
2023-02-03 06:00:00,6,2,0,663.32,-663.32,5.0,17.2,4.53,0.0,0.0
2023-02-03 07:00:00,7,2,0,1844.47,-1844.47,5.0,15.3,22.13,0.0,0.0
2023-02-03 08:00:00,8,2,201.57,2329.75,-2128.19,5.0,14.7,39.92,0.0,0.0
2023-02-03 09:00:00,9,2,531.86,2322.59,-1790.74,5.0,21.5,38.3,0.0,0.0
2023-02-03 10:00:00,10,2,829.29,438.38,390.91,8.91,22.8,2.12,0.0,0.0
2023-02-03 11:00:00,11,2,1207.52,512.99,694.53,15.85,25.2,3.87,0.0,0.0
2023-02-03 12:00:00,12,2,1474.05,684.59,789.47,23.75,22.5,4.66,0.0,0.0
2023-02-03 13:00:00,13,2,1888.47,648.05,1240.42,36.15,21.6,1.45,0.0,0.0
2023-02-03 14:00:00,14,2,1357.81,348.74,1009.07,46.24,24.4,1.29,0.0,0.0
2023-02-03 15:00:00,15,2,1273.04,494.13,778.91,54.03,25.0,2.54,0.0,0.0
2023-02-03 16:00:00,16,2,907.51,691.8,215.71,56.19,24.5,2.5,0.0,0.0
2023-02-03 17:00:00,17,2,657.69,362.69,295.0,59.14,21.3,4.38,0.0,0.0
2023-02-03 18:00:00,18,2,437.22,610.06,-172.85,57.41,22.7,2.44,0.0,0.0
2023-02-03 19:00:00,19,2,27.31,2774.87,-2747.56,29.94,17.0,2.8,0.0,0.0
2023-02-03 20:00:00,20,2,0,2172.7,-2172.7,8.21,20.6,31.59,0.0,0.0
2023-02-03 21:00:00,21,2,0,1556.81,-1556.81,5.0,15.1,28.15,0.0,0.0
2023-02-03 22:00:00,22,2,0,2280.08,-2280.08,5.0,17.1,20.02,0.0,0.0
2023-02-03 23:00:00,23,2,0,690.75,-690.75,5.0,18.5,4.55,0.0,0.0
2023-02-04 00:00:00,0,2,0,566.15,-566.15,5.0,10.9,3.21,0.0,0.0
2023-02-04 01:00:00,1,2,0,435.0,-435.0,5.0,10.7,3.07,0.0,0.0
2023-02-04 02:00:00,2,2,0,637.06,-637.06,5.0,11.1,3.32,0.0,0.0
2023-02-04 03:00:00,3,2,0,530.7,-530.7,5.0,17.5,1.78,0.0,0.0
2023-02-04 04:00:00,4,2,0,356.43,-356.43,5.0,15.0,2.17,0.0,0.0
2023-02-04 05:00:00,5,2,0,282.19,-282.19,5.0,14.0,4.45,0.0,0.0
2023-02-04 06:00:00,6,2,0,652.04,-652.04,5.0,18.6,1.7,0.0,0.0
2023-02-04 07:00:00,7,2,7.36,1581.24,-1573.88,5.0,18.5,33.69,0.0,0.0
2023-02-04 08:00:00,8,2,290.43,2084.16,-1793.73,5.0,18.1,36.39,0.0,0.0
2023-02-04 09:00:00,9,2,658.6,2624.55,-1965.95,5.0,18.5,34.84,0.0,0.0
2023-02-04 10:00:00,10,2,878.26,498.59,379.67,8.8,20.3,4.98,0.0,0.0
2023-02-04 11:00:00,11,2,1132.47,345.59,786.88,16.67,23.9,2.58,0.0,0.0
2023-02-04 12:00:00,12,2,1579.58,750.13,829.45,24.96,23.9,3.94,0.0,0.0
2023-02-04 13:00:00,13,2,1768.75,372.26,1396.5,38.92,21.2,2.98,0.0,0.0
2023-02-04 14:00:00,14,2,1538.51,496.28,1042.24,49.35,25.5,3.07,0.0,0.0
2023-02-04 15:00:00,15,2,1163.72,388.44,775.28,57.1,27.4,2.02,0.0,0.0
2023-02-04 16:00:00,16,2,948.84,629.92,318.92,60.29,22.5,4.89,0.0,0.0
2023-02-04 17:00:00,17,2,86.73,412.72,-325.99,57.03,22.1,2.67,0.0,0.0
2023-02-04 18:00:00,18,2,308.45,650.07,-341.62,53.61,21.0,1.39,0.0,0.0
2023-02-04 19:00:00,19,2,0,2581.87,-2581.87,27.79,23.2,2.07,0.0,0.0
2023-02-04 20:00:00,20,2,0,2782.18,-2782.18,5.0,20.4,17.3,0.0,0.0
2023-02-04 21:00:00,21,2,0,2174.23,-2174.23,5.0,19.3,25.13,0.0,0.0
2023-02-04 22:00:00,22,2,0,2716.73,-2716.73,5.0,16.6,20.76,0.0,0.0
2023-02-04 23:00:00,23,2,0,352.78,-352.78,5.0,14.7,1.51,0.0,0.0
2023-02-05 00:00:00,0,2,0,660.87,-660.87,5.0,14.7,3.01,0.0,0.0
2023-02-05 01:00:00,1,2,0,263.97,-263.97,5.0,16.5,3.56,0.0,0.0
2023-02-05 02:00:00,2,2,0,711.68,-711.68,5.0,13.6,3.44,0.0,0.0
2023-02-05 03:00:00,3,2,0,511.78,-511.78,5.0,10.7,1.92,0.0,0.0
2023-02-05 04:00:00,4,2,0,708.39,-708.39,5.0,15.0,4.9,0.0,0.0
2023-02-05 05:00:00,5,2,0,462.96,-462.96,5.0,16.2,2.4,0.0,0.0
2023-02-05 06:00:00,6,2,0,534.95,-534.95,5.0,17.1,4.13,0.0,0.0
2023-02-05 07:00:00,7,2,0,2847.49,-2847.49,5.0,16.4,44.14,0.0,0.0
2023-02-05 08:00:00,8,2,307.73,1719.56,-1411.83,5.0,17.9,41.85,0.0,0.0
2023-02-05 09:00:00,9,2,545.27,1845.1,-1299.84,5.0,19.8,20.12,0.0,0.0
2023-02-05 10:00:00,10,2,135.09,349.79,-214.7,5.0,21.6,4.95,0.0,0.0
2023-02-05 11:00:00,11,2,1174.47,483.17,691.3,11.91,21.5,3.14,0.0,0.0
2023-02-05 12:00:00,12,2,1492.56,466.27,1026.28,22.18,24.1,2.71,0.0,0.0
2023-02-05 13:00:00,13,2,1844.37,557.35,1287.02,35.05,26.3,2.86,0.0,0.0
2023-02-05 14:00:00,14,2,1571.79,281.92,1289.87,47.94,22.8,1.22,0.0,0.0
2023-02-05 15:00:00,15,2,1245.69,598.61,647.08,54.42,18.7,4.23,0.0,0.0
2023-02-05 16:00:00,16,2,861.33,734.38,126.95,55.69,26.2,3.21,0.0,0.0
2023-02-05 17:00:00,17,2,641.7,621.79,19.9,55.88,23.8,1.18,0.0,0.0
2023-02-05 18:00:00,18,2,57.95,504.15,-446.2,51.42,24.2,3.69,0.0,0.0
2023-02-05 19:00:00,19,2,61.3,1705.18,-1643.88,34.98,18.4,2.3,0.0,0.0
2023-02-05 20:00:00,20,2,0,2365.39,-2365.39,11.33,21.5,19.19,0.0,0.0
2023-02-05 21:00:00,21,2,0,1489.29,-1489.29,5.0,18.3,28.21,0.0,0.0
2023-02-05 22:00:00,22,2,0,2891.1,-2891.1,5.0,16.2,23.14,0.0,0.0
2023-02-05 23:00:00,23,2,0,615.43,-615.43,5.0,18.8,3.77,0.0,0.0
2023-02-06 00:00:00,0,2,0,574.54,-574.54,5.0,9.9,3.31,0.0,0.0
2023-02-06 01:00:00,1,2,0,372.11,-372.11,5.0,9.2,4.39,0.0,0.0
2023-02-06 02:00:00,2,2,0,530.71,-530.71,5.0,12.7,3.32,0.0,0.0
2023-02-06 03:00:00,3,2,0,715.07,-715.07,5.0,15.0,4.55,0.0,0.0
2023-02-06 04:00:00,4,2,0,669.13,-669.13,5.0,15.1,2.06,0.0,0.0
2023-02-06 05:00:00,5,2,0,529.52,-529.52,5.0,14.5,4.79,0.0,0.0
2023-02-06 06:00:00,6,2,0,471.91,-471.91,5.0,17.3,4.43,0.0,0.0
2023-02-06 07:00:00,7,2,66.23,1659.43,-1593.21,5.0,21.6,32.82,0.0,0.0
2023-02-06 08:00:00,8,2,276.01,1572.96,-1296.95,5.0,16.2,28.23,0.0,0.0
2023-02-06 09:00:00,9,2,625.94,2446.28,-1820.33,5.0,20.5,39.83,0.0,0.0
2023-02-06 10:00:00,10,2,896.37,609.81,286.56,7.87,19.8,3.35,0.0,0.0
2023-02-06 11:00:00,11,2,1148.32,406.82,741.5,15.28,25.4,3.19,0.0,0.0
2023-02-06 12:00:00,12,2,1460.54,494.78,965.76,24.94,21.9,4.92,0.0,0.0
2023-02-06 13:00:00,13,2,1774.08,403.05,1371.02,38.65,23.6,1.58,0.0,0.0
2023-02-06 14:00:00,14,2,1477.0,618.05,858.96,47.24,24.4,3.31,0.0,0.0
2023-02-06 15:00:00,15,2,193.83,492.33,-298.5,44.25,25.7,4.65,0.0,0.0
2023-02-06 16:00:00,16,2,843.64,572.89,270.75,46.96,24.6,1.43,0.0,0.0
2023-02-06 17:00:00,17,2,545.88,585.62,-39.74,46.56,23.9,1.13,0.0,0.0
2023-02-06 18:00:00,18,2,39.52,504.08,-464.56,41.92,19.2,1.85,0.0,0.0
2023-02-06 19:00:00,19,2,12.03,2463.23,-2451.2,17.41,21.0,2.67,0.0,0.0
2023-02-06 20:00:00,20,2,0,1993.38,-1993.38,5.0,16.7,19.6,0.0,0.0
2023-02-06 21:00:00,21,2,0,2706.52,-2706.52,5.0,18.7,15.17,0.0,0.0
2023-02-06 22:00:00,22,2,0,2884.65,-2884.65,5.0,14.2,21.23,0.0,0.0
2023-02-06 23:00:00,23,2,0,535.2,-535.2,5.0,17.4,4.37,0.0,0.0
2023-02-07 00:00:00,0,2,0,571.9,-571.9,5.0,11.1,2.45,0.0,0.0
2023-02-07 01:00:00,1,2,0,568.48,-568.48,5.0,8.0,1.25,0.0,0.0
2023-02-07 02:00:00,2,2,0,491.56,-491.56,5.0,14.4,3.78,0.0,0.0
2023-02-07 03:00:00,3,2,0,344.9,-344.9,5.0,14.5,3.43,0.0,0.0
2023-02-07 04:00:00,4,2,0,508.66,-508.66,5.0,12.1,1.49,0.0,0.0
2023-02-07 05:00:00,5,2,0,659.4,-659.4,5.0,14.3,3.79,0.0,0.0
2023-02-07 06:00:00,6,2,0,714.05,-714.05,5.0,17.3,3.07,0.0,0.0
2023-02-07 07:00:00,7,2,8.41,1784.35,-1775.93,5.0,19.2,20.98,0.0,0.0
2023-02-07 08:00:00,8,2,278.61,2495.99,-2217.38,5.0,18.5,25.97,0.0,0.0
2023-02-07 09:00:00,9,2,687.79,1763.61,-1075.82,5.0,22.6,46.95,0.0,0.0
2023-02-07 10:00:00,10,2,786.0,548.53,237.47,7.37,21.3,3.41,0.0,0.0
2023-02-07 11:00:00,11,2,1254.6,458.52,796.08,15.34,20.8,4.42,0.0,0.0
2023-02-07 12:00:00,12,2,1514.39,547.34,967.05,25.01,20.4,4.45,0.0,0.0
2023-02-07 13:00:00,13,2,1781.9,457.38,1324.53,38.25,23.5,2.8,0.0,0.0
2023-02-07 14:00:00,14,2,1477.89,374.81,1103.08,49.28,22.6,2.58,0.0,0.0
2023-02-07 15:00:00,15,2,1153.06,396.37,756.7,56.85,23.9,2.56,0.0,0.0
2023-02-07 16:00:00,16,2,1000.48,682.03,318.45,60.03,24.6,3.49,0.0,0.0
2023-02-07 17:00:00,17,2,645.1,485.82,159.27,61.63,21.6,1.02,0.0,0.0
2023-02-07 18:00:00,18,2,391.76,747.12,-355.36,58.07,20.9,2.56,0.0,0.0
2023-02-07 19:00:00,19,2,0,1833.42,-1833.42,39.74,18.0,4.96,0.0,0.0
2023-02-07 20:00:00,20,2,0,1652.65,-1652.65,23.21,18.6,25.02,0.0,0.0
2023-02-07 21:00:00,21,2,0,1784.96,-1784.96,5.36,15.8,20.71,0.0,0.0
2023-02-07 22:00:00,22,2,0,2253.77,-2253.77,5.0,19.0,24.15,0.0,0.0
2023-02-07 23:00:00,23,2,0,678.74,-678.74,5.0,17.7,3.98,0.0,0.0
2023-02-08 00:00:00,0,2,0,468.72,-468.72,5.0,14.2,1.82,0.0,0.0
2023-02-08 01:00:00,1,2,0,428.54,-428.54,5.0,16.1,3.13,0.0,0.0
2023-02-08 02:00:00,2,2,0,526.48,-526.48,5.0,11.4,3.7,0.0,0.0
2023-02-08 03:00:00,3,2,0,276.1,-276.1,5.0,13.7,3.13,0.0,0.0
2023-02-08 04:00:00,4,2,0,245.85,-245.85,5.0,18.2,4.85,0.0,0.0
2023-02-08 05:00:00,5,2,0,552.26,-552.26,5.0,18.3,4.92,0.0,0.0
2023-02-08 06:00:00,6,2,0,715.31,-715.31,5.0,12.7,2.45,0.0,0.0
2023-02-08 07:00:00,7,2,60.61,1755.89,-1695.28,5.0,16.3,41.85,0.0,0.0
2023-02-08 08:00:00,8,2,287.58,1491.23,-1203.65,5.0,19.1,29.19,0.0,0.0
2023-02-08 09:00:00,9,2,91.59,2164.8,-2073.21,5.0,19.4,24.35,0.0,0.0
2023-02-08 10:00:00,10,2,901.65,569.65,332.0,8.32,19.1,3.49,0.0,0.0
2023-02-08 11:00:00,11,2,1174.46,461.46,713.0,15.45,21.2,3.77,0.0,0.0
2023-02-08 12:00:00,12,2,1448.09,610.32,837.77,23.83,24.2,4.51,0.0,0.0
2023-02-08 13:00:00,13,2,1791.49,320.21,1471.28,38.54,24.9,1.32,0.0,0.0
2023-02-08 14:00:00,14,2,223.39,441.83,-218.44,36.36,24.6,4.94,0.0,0.0
2023-02-08 15:00:00,15,2,1141.32,630.23,511.09,41.47,23.5,1.11,0.0,0.0
2023-02-08 16:00:00,16,2,908.91,615.27,293.64,44.4,23.9,2.3,0.0,0.0
2023-02-08 17:00:00,17,2,626.02,639.59,-13.57,44.27,22.7,1.31,0.0,0.0
2023-02-08 18:00:00,18,2,402.38,570.16,-167.78,42.59,19.6,3.19,0.0,0.0
2023-02-08 19:00:00,19,2,0,1538.07,-1538.07,27.21,21.9,4.81,0.0,0.0
2023-02-08 20:00:00,20,2,0,2620.13,-2620.13,5.0,16.6,15.17,0.0,0.0
2023-02-08 21:00:00,21,2,0,1529.32,-1529.32,5.0,19.9,29.09,0.0,0.0
2023-02-08 22:00:00,22,2,0,1722.82,-1722.82,5.0,17.7,24.74,0.0,0.0
2023-02-08 23:00:00,23,2,0,433.91,-433.91,5.0,13.1,2.07,0.0,0.0
2023-02-09 00:00:00,0,2,0,757.7,-757.7,5.0,14.0,3.73,0.0,0.0
2023-02-09 01:00:00,1,2,0,406.18,-406.18,5.0,10.6,1.65,0.0,0.0
2023-02-09 02:00:00,2,2,0,549.79,-549.79,5.0,12.6,3.12,0.0,0.0
2023-02-09 03:00:00,3,2,0,440.43,-440.43,5.0,11.2,2.6,0.0,0.0
2023-02-09 04:00:00,4,2,0,615.8,-615.8,5.0,20.4,4.64,0.0,0.0
2023-02-09 05:00:00,5,2,0,309.94,-309.94,5.0,16.6,1.91,0.0,0.0
2023-02-09 06:00:00,6,2,0,476.78,-476.78,5.0,16.3,1.31,0.0,0.0
2023-02-09 07:00:00,7,2,0,2018.51,-2018.51,5.0,19.4,45.03,0.0,0.0
2023-02-09 08:00:00,8,2,258.1,2476.06,-2217.96,5.0,18.0,21.81,0.0,0.0
2023-02-09 09:00:00,9,2,608.04,2252.84,-1644.8,5.0,18.8,33.27,0.0,0.0
2023-02-09 10:00:00,10,2,866.78,590.32,276.47,7.76,22.6,1.54,0.0,0.0
2023-02-09 11:00:00,11,2,1242.37,495.58,746.8,15.23,20.9,3.09,0.0,0.0
2023-02-09 12:00:00,12,2,1506.67,524.79,981.88,25.05,24.9,4.8,0.0,0.0
2023-02-09 13:00:00,13,2,1898.38,466.43,1431.95,39.37,26.0,2.32,0.0,0.0
2023-02-09 14:00:00,14,2,1445.18,289.69,1155.49,50.93,23.1,1.49,0.0,0.0
2023-02-09 15:00:00,15,2,1214.84,518.94,695.91,57.88,21.5,4.45,0.0,0.0
2023-02-09 16:00:00,16,2,935.57,570.14,365.42,61.54,23.0,3.97,0.0,0.0
2023-02-09 17:00:00,17,2,548.73,287.67,261.07,64.15,23.8,3.8,0.0,0.0
2023-02-09 18:00:00,18,2,453.73,570.65,-116.93,62.98,22.8,2.21,0.0,0.0
2023-02-09 19:00:00,19,2,0,1805.98,-1805.98,44.92,20.6,1.5,0.0,0.0
2023-02-09 20:00:00,20,2,0,2882.76,-2882.76,16.09,17.7,33.41,0.0,0.0
2023-02-09 21:00:00,21,2,0,1982.72,-1982.72,5.0,19.6,33.32,0.0,0.0
2023-02-09 22:00:00,22,2,0,2760.0,-2760.0,5.0,17.9,21.66,0.0,0.0
2023-02-09 23:00:00,23,2,0,762.24,-762.24,5.0,14.5,3.12,0.0,0.0
2023-02-10 00:00:00,0,2,0,594.9,-594.9,5.0,11.5,1.64,0.0,0.0
2023-02-10 01:00:00,1,2,0,708.33,-708.33,5.0,12.8,2.02,0.0,0.0
2023-02-10 02:00:00,2,2,0,732.81,-732.81,5.0,14.1,2.18,0.0,0.0
2023-02-10 03:00:00,3,2,0,668.02,-668.02,5.0,12.2,4.41,0.0,0.0
2023-02-10 04:00:00,4,2,0,617.86,-617.86,5.0,15.6,3.9,0.0,0.0
2023-02-10 05:00:00,5,2,0,670.64,-670.64,5.0,13.6,4.71,0.0,0.0
2023-02-10 06:00:00,6,2,0,514.27,-514.27,5.0,17.2,4.43,0.0,0.0
2023-02-10 07:00:00,7,2,0,2759.75,-2759.75,5.0,19.8,45.5,0.0,0.0
2023-02-10 08:00:00,8,2,371.43,2197.29,-1825.86,5.0,23.4,31.46,0.0,0.0
2023-02-10 09:00:00,9,2,609.77,1376.14,-766.38,5.0,20.7,26.15,0.0,0.0
2023-02-10 10:00:00,10,2,897.75,397.1,500.65,10.01,20.6,2.84,0.0,0.0
2023-02-10 11:00:00,11,2,1155.32,468.33,686.99,16.88,21.1,1.34,0.0,0.0
2023-02-10 12:00:00,12,2,1394.42,584.81,809.61,24.97,22.9,3.55,0.0,0.0
2023-02-10 13:00:00,13,2,1807.96,469.52,1338.44,38.36,26.8,3.63,0.0,0.0
2023-02-10 14:00:00,14,2,1564.79,355.24,1209.55,50.45,23.5,4.75,0.0,0.0
2023-02-10 15:00:00,15,2,1133.03,321.47,811.56,58.57,22.1,3.19,0.0,0.0
2023-02-10 16:00:00,16,2,910.64,426.93,483.71,63.41,23.2,4.49,0.0,0.0
2023-02-10 17:00:00,17,2,587.81,382.41,205.4,65.46,24.3,1.13,0.0,0.0
2023-02-10 18:00:00,18,2,322.47,727.89,-405.42,61.4,23.3,3.2,0.0,0.0
2023-02-10 19:00:00,19,2,89.04,1552.11,-1463.06,46.77,20.1,4.78,0.0,0.0
2023-02-10 20:00:00,20,2,0,1586.54,-1586.54,30.91,15.2,16.45,0.0,0.0
2023-02-10 21:00:00,21,2,0,1958.49,-1958.49,11.32,23.1,15.46,0.0,0.0
2023-02-10 22:00:00,22,2,0,1910.45,-1910.45,5.0,15.8,25.57,0.0,0.0
2023-02-10 23:00:00,23,2,0,437.61,-437.61,5.0,15.2,1.08,0.0,0.0
2023-02-11 00:00:00,0,2,0,570.05,-570.05,5.0,8.4,4.86,0.0,0.0
2023-02-11 01:00:00,1,2,0,436.03,-436.03,5.0,12.3,4.39,0.0,0.0
2023-02-11 02:00:00,2,2,0,434.72,-434.72,5.0,13.8,1.55,0.0,0.0
2023-02-11 03:00:00,3,2,0,635.87,-635.87,5.0,11.4,3.86,0.0,0.0
2023-02-11 04:00:00,4,2,0,423.98,-423.98,5.0,16.1,4.49,0.0,0.0
2023-02-11 05:00:00,5,2,0,386.06,-386.06,5.0,15.9,3.71,0.0,0.0
2023-02-11 06:00:00,6,2,0,440.88,-440.88,5.0,15.9,3.48,0.0,0.0
2023-02-11 07:00:00,7,2,87.14,1698.53,-1611.39,5.0,17.3,24.7,0.0,0.0
2023-02-11 08:00:00,8,2,368.55,1703.13,-1334.57,5.0,17.5,40.42,0.0,0.0
2023-02-11 09:00:00,9,2,543.11,2870.68,-2327.57,5.0,21.7,25.61,0.0,0.0
2023-02-11 10:00:00,10,2,856.54,689.46,167.08,6.67,19.7,3.42,0.0,0.0
2023-02-11 11:00:00,11,2,1223.65,651.85,571.8,12.39,22.1,1.33,0.0,0.0
2023-02-11 12:00:00,12,2,1508.26,592.25,916.02,21.55,22.9,1.64,0.0,0.0
2023-02-11 13:00:00,13,2,1836.42,401.21,1435.21,35.9,24.3,1.67,0.0,0.0
2023-02-11 14:00:00,14,2,1592.23,367.63,1224.6,48.15,28.0,1.79,0.0,0.0
2023-02-11 15:00:00,15,2,1083.1,367.55,715.55,55.3,24.2,1.53,0.0,0.0
2023-02-11 16:00:00,16,2,900.89,514.76,386.12,59.16,24.1,4.3,0.0,0.0
2023-02-11 17:00:00,17,2,611.81,587.4,24.41,59.41,22.7,3.77,0.0,0.0
2023-02-11 18:00:00,18,2,305.52,505.17,-199.65,57.41,22.0,3.88,0.0,0.0
2023-02-11 19:00:00,19,2,164.68,2304.1,-2139.42,36.02,16.2,1.4,0.0,0.0
2023-02-11 20:00:00,20,2,0,2291.96,-2291.96,13.1,17.3,28.9,0.0,0.0
2023-02-11 21:00:00,21,2,0,2259.2,-2259.2,5.0,16.2,26.13,0.0,0.0
2023-02-11 22:00:00,22,2,0,2348.26,-2348.26,5.0,16.3,23.74,0.0,0.0
2023-02-11 23:00:00,23,2,0,636.82,-636.82,5.0,16.6,4.84,0.0,0.0
2023-02-12 00:00:00,0,2,0,656.64,-656.64,5.0,11.3,3.44,0.0,0.0
2023-02-12 01:00:00,1,2,0,542.74,-542.74,5.0,12.8,3.9,0.0,0.0
2023-02-12 02:00:00,2,2,0,679.74,-679.74,5.0,13.5,2.44,0.0,0.0
2023-02-12 03:00:00,3,2,0,498.02,-498.02,5.0,12.9,3.76,0.0,0.0
2023-02-12 04:00:00,4,2,0,637.13,-637.13,5.0,15.2,2.65,0.0,0.0
2023-02-12 05:00:00,5,2,0,637.36,-637.36,5.0,16.9,3.05,0.0,0.0
2023-02-12 06:00:00,6,2,0,601.86,-601.86,5.0,14.1,1.13,0.0,0.0
2023-02-12 07:00:00,7,2,72.07,1507.05,-1434.97,5.0,18.1,42.72,0.0,0.0
2023-02-12 08:00:00,8,2,351.91,2508.36,-2156.45,5.0,16.5,47.96,0.0,0.0
2023-02-12 09:00:00,9,2,84.43,2516.91,-2432.48,5.0,17.6,42.79,0.0,0.0
2023-02-12 10:00:00,10,2,924.39,573.87,350.52,8.51,21.3,1.48,0.0,0.0
2023-02-12 11:00:00,11,2,1222.99,647.63,575.36,14.26,21.4,1.65,0.0,0.0
2023-02-12 12:00:00,12,2,1528.85,392.87,1135.98,25.62,18.0,4.56,0.0,0.0
2023-02-12 13:00:00,13,2,1871.51,501.49,1370.02,39.32,19.6,3.94,0.0,0.0
2023-02-12 14:00:00,14,2,1546.04,652.77,893.26,48.25,24.1,4.4,0.0,0.0
2023-02-12 15:00:00,15,2,1162.55,530.19,632.36,54.58,24.2,2.41,0.0,0.0
2023-02-12 16:00:00,16,2,840.61,390.93,449.68,59.07,24.8,2.93,0.0,0.0
2023-02-12 17:00:00,17,2,665.56,542.96,122.6,60.3,24.2,4.45,0.0,0.0
2023-02-12 18:00:00,18,2,298.2,375.24,-77.04,59.53,22.3,1.53,0.0,0.0
2023-02-12 19:00:00,19,2,0,2229.19,-2229.19,37.24,24.3,2.91,0.0,0.0
2023-02-12 20:00:00,20,2,0,2802.93,-2802.93,9.21,18.6,33.71,0.0,0.0
2023-02-12 21:00:00,21,2,0,1717.87,-1717.87,5.0,14.5,17.89,0.0,0.0
2023-02-12 22:00:00,22,2,0,1611.77,-1611.77,5.0,15.9,29.16,0.0,0.0
2023-02-12 23:00:00,23,2,0,438.23,-438.23,5.0,16.7,4.15,0.0,0.0
2023-02-13 00:00:00,0,2,0,491.49,-491.49,5.0,7.8,4.78,0.0,0.0
2023-02-13 01:00:00,1,2,0,572.13,-572.13,5.0,14.6,2.57,0.0,0.0
2023-02-13 02:00:00,2,2,0,392.57,-392.57,5.0,15.2,4.69,0.0,0.0
2023-02-13 03:00:00,3,2,0,468.94,-468.94,5.0,14.1,2.61,0.0,0.0
2023-02-13 04:00:00,4,2,0,596.16,-596.16,5.0,17.3,4.71,0.0,0.0
2023-02-13 05:00:00,5,2,0,697.27,-697.27,5.0,15.6,2.07,0.0,0.0
2023-02-13 06:00:00,6,2,0,587.37,-587.37,5.0,17.7,1.15,0.0,0.0
2023-02-13 07:00:00,7,2,14.59,1711.82,-1697.23,5.0,18.4,34.94,0.0,0.0
2023-02-13 08:00:00,8,2,359.65,2662.59,-2302.95,5.0,22.9,33.5,0.0,0.0
2023-02-13 09:00:00,9,2,607.58,1998.58,-1391.0,5.0,21.4,22.41,0.0,0.0
2023-02-13 10:00:00,10,2,977.33,609.44,367.9,8.68,22.1,2.25,0.0,0.0
2023-02-13 11:00:00,11,2,182.29,581.67,-399.38,5.0,24.2,1.42,0.0,0.0
2023-02-13 12:00:00,12,2,1416.09,763.82,652.27,11.52,19.7,4.6,0.0,0.0
2023-02-13 13:00:00,13,2,1815.08,653.3,1161.78,23.14,21.8,2.59,0.0,0.0
2023-02-13 14:00:00,14,2,1572.04,604.52,967.52,32.82,25.5,3.68,0.0,0.0
2023-02-13 15:00:00,15,2,1219.83,574.4,645.43,39.27,25.1,1.59,0.0,0.0
2023-02-13 16:00:00,16,2,969.66,629.75,339.92,42.67,22.7,1.28,0.0,0.0
2023-02-13 17:00:00,17,2,697.28,491.55,205.73,44.73,25.9,2.62,0.0,0.0
2023-02-13 18:00:00,18,2,321.91,525.8,-203.89,42.69,20.2,1.65,0.0,0.0
2023-02-13 19:00:00,19,2,0,1481.75,-1481.75,27.87,19.6,1.89,0.0,0.0
2023-02-13 20:00:00,20,2,0,2622.58,-2622.58,5.0,22.6,33.66,0.0,0.0
2023-02-13 21:00:00,21,2,0,2484.46,-2484.46,5.0,21.9,26.45,0.0,0.0
2023-02-13 22:00:00,22,2,0,2540.19,-2540.19,5.0,18.5,24.02,0.0,0.0
2023-02-13 23:00:00,23,2,0,609.2,-609.2,5.0,16.8,1.28,0.0,0.0
2023-02-14 00:00:00,0,2,0,389.89,-389.89,5.0,14.7,1.93,0.0,0.0
2023-02-14 01:00:00,1,2,0,613.8,-613.8,5.0,14.8,4.36,0.0,0.0
2023-02-14 02:00:00,2,2,0,434.31,-434.31,5.0,13.5,4.29,0.0,0.0
2023-02-14 03:00:00,3,2,0,543.78,-543.78,5.0,16.6,3.75,0.0,0.0
2023-02-14 04:00:00,4,2,0,654.8,-654.8,5.0,14.9,2.17,0.0,0.0
2023-02-14 05:00:00,5,2,0,441.7,-441.7,5.0,13.4,2.58,0.0,0.0
2023-02-14 06:00:00,6,2,0,510.27,-510.27,5.0,15.3,4.74,0.0,0.0
2023-02-14 07:00:00,7,2,0,1739.31,-1739.31,5.0,22.9,24.69,0.0,0.0
2023-02-14 08:00:00,8,2,262.68,1678.3,-1415.62,5.0,15.9,49.4,0.0,0.0
2023-02-14 09:00:00,9,2,547.34,1395.49,-848.15,5.0,18.9,31.66,0.0,0.0
2023-02-14 10:00:00,10,2,852.24,278.91,573.33,10.73,21.2,4.77,0.0,0.0
2023-02-14 11:00:00,11,2,1250.32,568.98,681.34,17.55,25.0,4.86,0.0,0.0
2023-02-14 12:00:00,12,2,227.17,345.67,-118.49,16.36,23.1,4.22,0.0,0.0
2023-02-14 13:00:00,13,2,1702.7,541.24,1161.46,27.98,23.5,3.19,0.0,0.0
2023-02-14 14:00:00,14,2,1504.77,320.81,1183.96,39.82,25.1,1.6,0.0,0.0
2023-02-14 15:00:00,15,2,1249.5,681.3,568.2,45.5,23.9,2.83,0.0,0.0
2023-02-14 16:00:00,16,2,824.12,653.1,171.02,47.21,24.9,3.77,0.0,0.0
2023-02-14 17:00:00,17,2,637.7,578.49,59.21,47.8,21.6,4.62,0.0,0.0
2023-02-14 18:00:00,18,2,235.14,734.47,-499.33,42.81,23.3,1.27,0.0,0.0
2023-02-14 19:00:00,19,2,0,1471.3,-1471.3,28.09,21.9,4.53,0.0,0.0
2023-02-14 20:00:00,20,2,0,2402.92,-2402.92,5.0,21.3,29.19,0.0,0.0
2023-02-14 21:00:00,21,2,0,2639.64,-2639.64,5.0,17.2,27.98,0.0,0.0
2023-02-14 22:00:00,22,2,0,1946.55,-1946.55,5.0,18.9,22.12,0.0,0.0
2023-02-14 23:00:00,23,2,0,543.12,-543.12,5.0,15.9,1.93,0.0,0.0
2023-02-15 00:00:00,0,2,0,623.38,-623.38,5.0,7.6,3.92,0.0,0.0
2023-02-15 01:00:00,1,2,0,369.15,-369.15,5.0,11.3,2.51,0.0,0.0
2023-02-15 02:00:00,2,2,0,589.4,-589.4,5.0,15.1,1.35,0.0,0.0
2023-02-15 03:00:00,3,2,0,698.99,-698.99,5.0,14.3,4.13,0.0,0.0
2023-02-15 04:00:00,4,2,0,544.88,-544.88,5.0,15.9,2.57,0.0,0.0
2023-02-15 05:00:00,5,2,0,264.02,-264.02,5.0,15.2,3.16,0.0,0.0
2023-02-15 06:00:00,6,2,0,300.34,-300.34,5.0,16.6,2.57,0.0,0.0
2023-02-15 07:00:00,7,2,108.71,1407.98,-1299.28,5.0,19.3,45.31,0.0,0.0
2023-02-15 08:00:00,8,2,215.67,2039.59,-1823.92,5.0,16.7,27.39,0.0,0.0
2023-02-15 09:00:00,9,2,82.2,1791.32,-1709.12,5.0,17.3,31.24,0.0,0.0
2023-02-15 10:00:00,10,2,798.91,414.91,384.0,8.84,19.3,2.35,0.0,0.0
2023-02-15 11:00:00,11,2,1219.19,435.09,784.1,16.68,23.5,3.76,0.0,0.0
2023-02-15 12:00:00,12,2,1577.99,574.09,1003.9,26.72,26.3,1.16,0.0,0.0
2023-02-15 13:00:00,13,2,1810.76,462.44,1348.32,40.2,20.8,1.38,0.0,0.0
2023-02-15 14:00:00,14,2,1520.73,655.1,865.62,48.86,22.3,1.12,0.0,0.0
2023-02-15 15:00:00,15,2,1175.86,566.71,609.16,54.95,23.4,1.6,0.0,0.0
2023-02-15 16:00:00,16,2,988.14,507.67,480.47,59.76,23.2,4.27,0.0,0.0
2023-02-15 17:00:00,17,2,441.96,511.55,-69.6,59.06,22.7,2.05,0.0,0.0
2023-02-15 18:00:00,18,2,297.32,517.93,-220.61,56.85,23.0,3.9,0.0,0.0
2023-02-15 19:00:00,19,2,27.03,2463.03,-2436.0,32.49,18.8,4.01,0.0,0.0
2023-02-15 20:00:00,20,2,0,1578.07,-1578.07,16.71,16.6,29.59,0.0,0.0
2023-02-15 21:00:00,21,2,0,1657.81,-1657.81,5.0,16.0,22.76,0.0,0.0
2023-02-15 22:00:00,22,2,0,1278.46,-1278.46,5.0,17.1,16.31,0.0,0.0
2023-02-15 23:00:00,23,2,0,567.95,-567.95,5.0,14.8,3.23,0.0,0.0
2023-02-16 00:00:00,0,2,0,491.24,-491.24,5.0,11.4,1.57,0.0,0.0
2023-02-16 01:00:00,1,2,0,331.65,-331.65,5.0,10.8,1.25,0.0,0.0
2023-02-16 02:00:00,2,2,0,705.38,-705.38,5.0,14.2,3.39,0.0,0.0
2023-02-16 03:00:00,3,2,0,437.41,-437.41,5.0,11.7,1.32,0.0,0.0
2023-02-16 04:00:00,4,2,0,400.2,-400.2,5.0,19.0,4.1,0.0,0.0
2023-02-16 05:00:00,5,2,0,250.79,-250.79,5.0,14.6,4.85,0.0,0.0
2023-02-16 06:00:00,6,2,0,627.61,-627.61,5.0,18.9,2.68,0.0,0.0
2023-02-16 07:00:00,7,2,0.24,2576.92,-2576.68,5.0,18.3,35.89,0.0,0.0
2023-02-16 08:00:00,8,2,437.08,1596.99,-1159.91,5.0,21.4,36.47,0.0,0.0
2023-02-16 09:00:00,9,2,527.53,2560.34,-2032.81,5.0,22.3,43.46,0.0,0.0
2023-02-16 10:00:00,10,2,962.07,588.25,373.82,8.74,23.6,1.07,0.0,0.0
2023-02-16 11:00:00,11,2,1242.46,554.47,687.99,15.62,23.4,4.69,0.0,0.0
2023-02-16 12:00:00,12,2,1571.14,594.49,976.65,25.38,22.5,1.89,0.0,0.0
2023-02-16 13:00:00,13,2,257.83,247.14,10.68,25.49,23.7,3.67,0.0,0.0
2023-02-16 14:00:00,14,2,1459.7,585.53,874.17,34.23,24.1,4.47,0.0,0.0
2023-02-16 15:00:00,15,2,1163.99,595.01,568.99,39.92,28.0,4.57,0.0,0.0
2023-02-16 16:00:00,16,2,768.31,358.86,409.44,44.02,21.8,1.99,0.0,0.0
2023-02-16 17:00:00,17,2,572.79,601.5,-28.71,43.73,21.9,3.36,0.0,0.0
2023-02-16 18:00:00,18,2,43.44,398.27,-354.83,40.18,19.0,2.32,0.0,0.0
2023-02-16 19:00:00,19,2,0,1520.3,-1520.3,24.98,22.2,4.77,0.0,0.0
2023-02-16 20:00:00,20,2,0,1620.42,-1620.42,8.77,20.0,15.13,0.0,0.0
2023-02-16 21:00:00,21,2,0,1496.39,-1496.39,5.0,21.3,29.32,0.0,0.0
2023-02-16 22:00:00,22,2,0,2578.97,-2578.97,5.0,19.0,20.63,0.0,0.0
2023-02-16 23:00:00,23,2,0,388.38,-388.38,5.0,18.3,2.16,0.0,0.0
2023-02-17 00:00:00,0,2,0,548.18,-548.18,5.0,8.9,4.72,0.0,0.0
2023-02-17 01:00:00,1,2,0,381.11,-381.11,5.0,13.9,1.3,0.0,0.0
2023-02-17 02:00:00,2,2,0,441.32,-441.32,5.0,13.7,1.88,0.0,0.0
2023-02-17 03:00:00,3,2,0,415.2,-415.2,5.0,15.6,2.01,0.0,0.0
2023-02-17 04:00:00,4,2,0,243.47,-243.47,5.0,14.9,4.6,0.0,0.0
2023-02-17 05:00:00,5,2,0,366.02,-366.02,5.0,16.9,2.27,0.0,0.0
2023-02-17 06:00:00,6,2,0,592.95,-592.95,5.0,21.6,1.84,0.0,0.0
2023-02-17 07:00:00,7,2,0.35,1557.11,-1556.76,5.0,19.6,49.39,0.0,0.0
2023-02-17 08:00:00,8,2,317.03,2679.87,-2362.84,5.0,19.0,46.85,0.0,0.0
2023-02-17 09:00:00,9,2,94.25,1965.78,-1871.52,5.0,20.5,48.12,0.0,0.0
2023-02-17 10:00:00,10,2,950.61,591.24,359.37,8.59,20.9,3.82,0.0,0.0
2023-02-17 11:00:00,11,2,1267.15,530.87,736.28,15.96,23.3,2.16,0.0,0.0
2023-02-17 12:00:00,12,2,1538.23,597.36,940.87,25.37,21.4,2.69,0.0,0.0
2023-02-17 13:00:00,13,2,1768.88,336.92,1431.96,39.68,21.9,4.22,0.0,0.0
2023-02-17 14:00:00,14,2,1522.03,448.76,1073.28,50.42,22.8,3.41,0.0,0.0
2023-02-17 15:00:00,15,2,1199.65,462.9,736.75,57.79,22.1,1.47,0.0,0.0
2023-02-17 16:00:00,16,2,913.16,426.23,486.92,62.65,21.1,1.52,0.0,0.0
2023-02-17 17:00:00,17,2,686.68,582.85,103.83,63.69,20.6,1.19,0.0,0.0
2023-02-17 18:00:00,18,2,370.14,352.01,18.13,63.87,22.3,2.52,0.0,0.0
2023-02-17 19:00:00,19,2,91.36,1793.95,-1702.59,46.85,16.5,2.04,0.0,0.0
2023-02-17 20:00:00,20,2,0,1942.2,-1942.2,27.43,18.0,16.18,0.0,0.0
2023-02-17 21:00:00,21,2,0,2373.23,-2373.23,5.0,20.6,18.49,0.0,0.0
2023-02-17 22:00:00,22,2,0,2447.8,-2447.8,5.0,19.4,33.11,0.0,0.0
2023-02-17 23:00:00,23,2,0,382.14,-382.14,5.0,15.0,4.5,0.0,0.0
2023-02-18 00:00:00,0,2,0,592.18,-592.18,5.0,11.2,1.54,0.0,0.0
2023-02-18 01:00:00,1,2,0,413.77,-413.77,5.0,10.5,1.6,0.0,0.0
2023-02-18 02:00:00,2,2,0,624.84,-624.84,5.0,6.6,3.19,0.0,0.0
2023-02-18 03:00:00,3,2,0,594.87,-594.87,5.0,15.6,2.83,0.0,0.0
2023-02-18 04:00:00,4,2,0,440.47,-440.47,5.0,16.4,3.81,0.0,0.0
2023-02-18 05:00:00,5,2,0,460.23,-460.23,5.0,17.7,4.05,0.0,0.0
2023-02-18 06:00:00,6,2,0,598.35,-598.35,5.0,14.2,2.82,0.0,0.0
2023-02-18 07:00:00,7,2,115.34,1622.31,-1506.97,5.0,14.9,21.2,0.0,0.0
2023-02-18 08:00:00,8,2,46.88,2558.46,-2511.57,5.0,22.8,22.22,0.0,0.0
2023-02-18 09:00:00,9,2,674.36,1341.89,-667.53,5.0,15.9,40.69,0.0,0.0
2023-02-18 10:00:00,10,2,914.12,635.39,278.74,7.79,22.4,2.14,0.0,0.0
2023-02-18 11:00:00,11,2,1218.03,350.21,867.82,16.47,21.2,2.73,0.0,0.0
2023-02-18 12:00:00,12,2,1571.7,564.42,1007.29,26.54,25.9,4.08,0.0,0.0
2023-02-18 13:00:00,13,2,1858.97,644.03,1214.94,38.69,26.2,2.84,0.0,0.0
2023-02-18 14:00:00,14,2,1605.73,570.56,1035.17,49.04,23.1,4.49,0.0,0.0
2023-02-18 15:00:00,15,2,1273.86,501.87,771.99,56.76,26.7,4.56,0.0,0.0
2023-02-18 16:00:00,16,2,841.47,683.6,157.87,58.34,22.4,4.09,0.0,0.0
2023-02-18 17:00:00,17,2,580.16,595.65,-15.49,58.18,25.6,2.18,0.0,0.0
2023-02-18 18:00:00,18,2,36.63,518.61,-481.99,53.36,20.8,1.59,0.0,0.0
2023-02-18 19:00:00,19,2,31.75,1405.68,-1373.92,39.62,22.9,3.13,0.0,0.0
2023-02-18 20:00:00,20,2,0,2757.45,-2757.45,12.05,18.5,27.5,0.0,0.0
2023-02-18 21:00:00,21,2,0,2078.63,-2078.63,5.0,20.6,18.08,0.0,0.0
2023-02-18 22:00:00,22,2,0,2009.46,-2009.46,5.0,14.7,28.16,0.0,0.0
2023-02-18 23:00:00,23,2,0,687.46,-687.46,5.0,17.5,1.18,0.0,0.0
2023-02-19 00:00:00,0,2,0,493.53,-493.53,5.0,10.2,4.62,0.0,0.0
2023-02-19 01:00:00,1,2,0,394.1,-394.1,5.0,13.1,3.79,0.0,0.0
2023-02-19 02:00:00,2,2,0,348.55,-348.55,5.0,10.3,2.11,0.0,0.0
2023-02-19 03:00:00,3,2,0,462.14,-462.14,5.0,15.8,2.73,0.0,0.0
2023-02-19 04:00:00,4,2,0,509.58,-509.58,5.0,14.7,3.69,0.0,0.0
2023-02-19 05:00:00,5,2,0,622.14,-622.14,5.0,14.6,1.99,0.0,0.0
2023-02-19 06:00:00,6,2,0,584.23,-584.23,5.0,19.1,2.09,0.0,0.0
2023-02-19 07:00:00,7,2,0,2719.15,-2719.15,5.0,19.1,41.6,0.0,0.0
2023-02-19 08:00:00,8,2,169.02,2690.78,-2521.76,5.0,19.0,43.11,0.0,0.0
2023-02-19 09:00:00,9,2,604.6,1564.17,-959.57,5.0,18.3,25.92,0.0,0.0
2023-02-19 10:00:00,10,2,930.57,307.06,623.5,11.24,22.4,3.48,0.0,0.0
2023-02-19 11:00:00,11,2,1158.5,354.29,804.21,19.28,23.5,2.69,0.0,0.0
2023-02-19 12:00:00,12,2,1408.53,588.16,820.37,27.48,23.6,1.13,0.0,0.0
2023-02-19 13:00:00,13,2,1749.63,485.33,1264.3,40.12,24.1,2.04,0.0,0.0
2023-02-19 14:00:00,14,2,1483.87,616.11,867.76,48.8,21.9,3.17,0.0,0.0
2023-02-19 15:00:00,15,2,1061.77,355.19,706.57,55.87,22.7,2.99,0.0,0.0
2023-02-19 16:00:00,16,2,837.67,516.31,321.35,59.08,19.5,1.92,0.0,0.0
2023-02-19 17:00:00,17,2,534.07,628.08,-94.01,58.14,18.6,4.25,0.0,0.0
2023-02-19 18:00:00,18,2,358.91,519.4,-160.49,56.54,24.4,3.85,0.0,0.0
2023-02-19 19:00:00,19,2,0,2126.5,-2126.5,35.27,22.9,4.29,0.0,0.0
2023-02-19 20:00:00,20,2,0,1815.83,-1815.83,17.11,17.3,31.18,0.0,0.0
2023-02-19 21:00:00,21,2,0,1524.72,-1524.72,5.0,15.9,22.71,0.0,0.0
2023-02-19 22:00:00,22,2,0,1418.81,-1418.81,5.0,18.6,34.1,0.0,0.0
2023-02-19 23:00:00,23,2,0,593.93,-593.93,5.0,15.8,3.64,0.0,0.0
2023-02-20 00:00:00,0,2,0,623.51,-623.51,5.0,12.9,1.17,0.0,0.0
2023-02-20 01:00:00,1,2,0,477.14,-477.14,5.0,12.6,4.02,0.0,0.0
2023-02-20 02:00:00,2,2,0,471.9,-471.9,5.0,12.7,3.29,0.0,0.0
2023-02-20 03:00:00,3,2,0,665.67,-665.67,5.0,13.5,2.03,0.0,0.0
2023-02-20 04:00:00,4,2,0,356.31,-356.31,5.0,13.8,2.12,0.0,0.0
2023-02-20 05:00:00,5,2,0,492.13,-492.13,5.0,15.0,3.66,0.0,0.0
2023-02-20 06:00:00,6,2,0,512.17,-512.17,5.0,21.3,3.53,0.0,0.0
2023-02-20 07:00:00,7,2,29.43,1885.45,-1856.02,5.0,15.9,37.92,0.0,0.0
2023-02-20 08:00:00,8,2,55.52,2460.81,-2405.3,5.0,16.9,28.59,0.0,0.0
2023-02-20 09:00:00,9,2,614.9,1991.06,-1376.16,5.0,19.9,49.34,0.0,0.0
2023-02-20 10:00:00,10,2,934.77,427.66,507.11,10.07,19.9,4.54,0.0,0.0
2023-02-20 11:00:00,11,2,1215.87,562.97,652.9,16.6,22.5,1.72,0.0,0.0
2023-02-20 12:00:00,12,2,1498.07,303.56,1194.51,28.55,20.5,1.65,0.0,0.0
2023-02-20 13:00:00,13,2,1794.21,650.34,1143.87,39.98,26.9,1.87,0.0,0.0
2023-02-20 14:00:00,14,2,1378.32,601.17,777.16,47.76,25.0,4.35,0.0,0.0
2023-02-20 15:00:00,15,2,1179.69,266.49,913.2,56.89,23.5,1.97,0.0,0.0
2023-02-20 16:00:00,16,2,135.8,428.05,-292.24,53.97,22.4,3.82,0.0,0.0
2023-02-20 17:00:00,17,2,541.59,468.03,73.56,54.7,23.5,3.79,0.0,0.0
2023-02-20 18:00:00,18,2,402.71,512.81,-110.1,53.6,20.3,2.84,0.0,0.0
2023-02-20 19:00:00,19,2,0.04,1816.21,-1816.17,35.44,22.3,3.53,0.0,0.0
2023-02-20 20:00:00,20,2,0,2183.24,-2183.24,13.61,18.7,30.82,0.0,0.0
2023-02-20 21:00:00,21,2,0,2891.6,-2891.6,5.0,18.1,25.19,0.0,0.0
2023-02-20 22:00:00,22,2,0,2650.11,-2650.11,5.0,18.5,22.98,0.0,0.0
2023-02-20 23:00:00,23,2,0,471.97,-471.97,5.0,19.5,4.79,0.0,0.0
2023-02-21 00:00:00,0,2,0,549.46,-549.46,5.0,8.0,4.11,0.0,0.0
2023-02-21 01:00:00,1,2,0,568.93,-568.93,5.0,14.0,2.55,0.0,0.0
2023-02-21 02:00:00,2,2,0,367.21,-367.21,5.0,14.4,2.18,0.0,0.0
2023-02-21 03:00:00,3,2,0,566.79,-566.79,5.0,9.8,4.35,0.0,0.0
2023-02-21 04:00:00,4,2,0,649.36,-649.36,5.0,11.9,1.23,0.0,0.0
2023-02-21 05:00:00,5,2,0,572.58,-572.58,5.0,10.1,3.1,0.0,0.0
2023-02-21 06:00:00,6,2,0,619.66,-619.66,5.0,20.0,2.6,0.0,0.0
2023-02-21 07:00:00,7,2,0,1739.2,-1739.2,5.0,19.6,40.6,0.0,0.0
2023-02-21 08:00:00,8,2,44.62,2026.14,-1981.52,5.0,18.7,39.81,0.0,0.0
2023-02-21 09:00:00,9,2,649.86,1547.43,-897.57,5.0,18.2,22.29,0.0,0.0
2023-02-21 10:00:00,10,2,913.18,504.04,409.14,9.09,20.8,1.69,0.0,0.0
2023-02-21 11:00:00,11,2,1152.35,677.59,474.76,13.84,24.1,2.25,0.0,0.0
2023-02-21 12:00:00,12,2,1534.83,452.88,1081.95,24.66,23.0,3.34,0.0,0.0
2023-02-21 13:00:00,13,2,1792.38,446.85,1345.53,38.11,24.4,2.2,0.0,0.0
2023-02-21 14:00:00,14,2,1438.59,423.3,1015.3,48.27,25.2,4.25,0.0,0.0
2023-02-21 15:00:00,15,2,1265.46,585.08,680.37,55.07,24.1,3.1,0.0,0.0
2023-02-21 16:00:00,16,2,799.08,484.33,314.74,58.22,24.3,1.54,0.0,0.0
2023-02-21 17:00:00,17,2,533.63,514.57,19.06,58.41,19.2,2.62,0.0,0.0
2023-02-21 18:00:00,18,2,305.32,417.61,-112.29,57.29,21.5,4.67,0.0,0.0
2023-02-21 19:00:00,19,2,0,1661.09,-1661.09,40.67,17.1,3.88,0.0,0.0
2023-02-21 20:00:00,20,2,0,2447.58,-2447.58,16.2,21.1,31.02,0.0,0.0
2023-02-21 21:00:00,21,2,0,1634.2,-1634.2,5.0,19.7,22.41,0.0,0.0
2023-02-21 22:00:00,22,2,0,2115.66,-2115.66,5.0,13.8,25.81,0.0,0.0
2023-02-21 23:00:00,23,2,0,508.1,-508.1,5.0,17.7,2.67,0.0,0.0
2023-02-22 00:00:00,0,2,0,382.49,-382.49,5.0,9.6,2.24,0.0,0.0
2023-02-22 01:00:00,1,2,0,639.14,-639.14,5.0,10.3,4.71,0.0,0.0
2023-02-22 02:00:00,2,2,0,320.38,-320.38,5.0,14.4,3.58,0.0,0.0
2023-02-22 03:00:00,3,2,0,394.03,-394.03,5.0,18.3,1.87,0.0,0.0
2023-02-22 04:00:00,4,2,0,356.03,-356.03,5.0,15.4,2.1,0.0,0.0
2023-02-22 05:00:00,5,2,0,332.04,-332.04,5.0,19.3,3.87,0.0,0.0
2023-02-22 06:00:00,6,2,0,594.48,-594.48,5.0,16.3,4.52,0.0,0.0
2023-02-22 07:00:00,7,2,12.84,2908.82,-2895.98,5.0,18.0,40.38,0.0,0.0
2023-02-22 08:00:00,8,2,48.87,1447.95,-1399.08,5.0,19.6,38.52,0.0,0.0
2023-02-22 09:00:00,9,2,609.12,2525.99,-1916.87,5.0,20.7,35.48,0.0,0.0
2023-02-22 10:00:00,10,2,870.8,377.64,493.16,9.93,19.5,3.54,0.0,0.0
2023-02-22 11:00:00,11,2,1239.57,478.61,760.95,17.54,22.1,3.11,0.0,0.0
2023-02-22 12:00:00,12,2,1523.17,460.29,1062.88,28.17,22.7,2.1,0.0,0.0
2023-02-22 13:00:00,13,2,1779.62,439.61,1340.01,41.57,23.6,3.52,0.0,0.0
2023-02-22 14:00:00,14,2,209.61,580.71,-371.11,37.86,23.8,1.1,0.0,0.0
2023-02-22 15:00:00,15,2,1190.64,622.27,568.37,43.54,26.8,4.49,0.0,0.0
2023-02-22 16:00:00,16,2,899.57,635.41,264.16,46.18,24.2,4.51,0.0,0.0
2023-02-22 17:00:00,17,2,462.4,462.46,-0.06,46.18,20.9,3.42,0.0,0.0
2023-02-22 18:00:00,18,2,404.11,379.31,24.8,46.43,22.8,1.82,0.0,0.0
2023-02-22 19:00:00,19,2,0,1689.41,-1689.41,29.54,19.5,4.08,0.0,0.0
2023-02-22 20:00:00,20,2,0,1641.92,-1641.92,13.12,16.5,28.19,0.0,0.0
2023-02-22 21:00:00,21,2,0,1821.44,-1821.44,5.0,14.5,17.24,0.0,0.0
2023-02-22 22:00:00,22,2,0,2806.16,-2806.16,5.0,16.2,29.09,0.0,0.0
2023-02-22 23:00:00,23,2,0,573.01,-573.01,5.0,12.7,1.73,0.0,0.0
2023-02-23 00:00:00,0,2,0,522.95,-522.95,5.0,12.6,3.32,0.0,0.0
2023-02-23 01:00:00,1,2,0,470.6,-470.6,5.0,12.0,4.81,0.0,0.0
2023-02-23 02:00:00,2,2,0,541.58,-541.58,5.0,12.5,3.42,0.0,0.0
2023-02-23 03:00:00,3,2,0,621.83,-621.83,5.0,11.9,4.29,0.0,0.0
2023-02-23 04:00:00,4,2,0,524.9,-524.9,5.0,16.4,4.95,0.0,0.0
2023-02-23 05:00:00,5,2,0,479.13,-479.13,5.0,14.9,4.12,0.0,0.0
2023-02-23 06:00:00,6,2,0,641.18,-641.18,5.0,19.0,4.01,0.0,0.0
2023-02-23 07:00:00,7,2,6.31,2183.52,-2177.21,5.0,17.9,38.62,0.0,0.0
2023-02-23 08:00:00,8,2,273.61,1671.0,-1397.4,5.0,18.1,25.62,0.0,0.0
2023-02-23 09:00:00,9,2,592.77,2002.13,-1409.36,5.0,21.4,36.09,0.0,0.0
2023-02-23 10:00:00,10,2,918.17,424.19,493.98,9.94,18.9,2.33,0.0,0.0
2023-02-23 11:00:00,11,2,1149.71,463.5,686.21,16.8,23.1,2.53,0.0,0.0
2023-02-23 12:00:00,12,2,1568.15,575.98,992.18,26.72,18.8,4.76,0.0,0.0
2023-02-23 13:00:00,13,2,1847.7,357.12,1490.58,41.63,23.4,1.24,0.0,0.0
2023-02-23 14:00:00,14,2,1499.0,528.14,970.87,51.34,23.8,3.47,0.0,0.0
2023-02-23 15:00:00,15,2,1307.22,343.97,963.26,60.97,25.0,2.15,0.0,0.0
2023-02-23 16:00:00,16,2,920.45,468.72,451.73,65.49,21.4,3.82,0.0,0.0
2023-02-23 17:00:00,17,2,621.19,579.49,41.71,65.91,23.1,1.03,0.0,0.0
2023-02-23 18:00:00,18,2,223.71,408.69,-184.99,64.06,22.5,1.9,0.0,0.0
2023-02-23 19:00:00,19,2,0,1399.9,-1399.9,50.06,19.9,2.86,0.0,0.0
2023-02-23 20:00:00,20,2,0,2033.8,-2033.8,29.72,17.0,28.65,0.0,0.0
2023-02-23 21:00:00,21,2,0,1571.01,-1571.01,14.01,18.3,28.59,0.0,0.0
2023-02-23 22:00:00,22,2,0,2488.96,-2488.96,5.0,17.9,18.0,0.0,0.0
2023-02-23 23:00:00,23,2,0,411.79,-411.79,5.0,11.8,2.89,0.0,0.0
2023-02-24 00:00:00,0,2,0,560.24,-560.24,5.0,12.4,1.03,0.0,0.0
2023-02-24 01:00:00,1,2,0,398.84,-398.84,5.0,10.0,3.45,0.0,0.0
2023-02-24 02:00:00,2,2,0,456.8,-456.8,5.0,13.0,2.44,0.0,0.0
2023-02-24 03:00:00,3,2,0,668.49,-668.49,5.0,12.2,3.22,0.0,0.0
2023-02-24 04:00:00,4,2,0,447.32,-447.32,5.0,15.2,3.5,0.0,0.0
2023-02-24 05:00:00,5,2,0,494.61,-494.61,5.0,15.9,2.44,0.0,0.0
2023-02-24 06:00:00,6,2,0,354.96,-354.96,5.0,13.5,4.64,0.0,0.0
2023-02-24 07:00:00,7,2,38.74,2099.24,-2060.5,5.0,14.4,45.05,0.0,0.0
2023-02-24 08:00:00,8,2,311.88,1457.46,-1145.58,5.0,18.9,38.74,0.0,0.0
2023-02-24 09:00:00,9,2,633.36,2576.23,-1942.87,5.0,20.0,42.97,0.0,0.0
2023-02-24 10:00:00,10,2,892.81,510.33,382.49,8.82,20.6,3.74,0.0,0.0
2023-02-24 11:00:00,11,2,1187.22,379.06,808.16,16.91,24.4,2.44,0.0,0.0
2023-02-24 12:00:00,12,2,1452.98,583.9,869.08,25.6,26.7,3.93,0.0,0.0
2023-02-24 13:00:00,13,2,1843.81,440.56,1403.24,39.63,24.1,4.46,0.0,0.0
2023-02-24 14:00:00,14,2,210.03,445.99,-235.96,37.27,25.6,3.64,0.0,0.0
2023-02-24 15:00:00,15,2,1271.4,608.99,662.41,43.89,21.6,2.79,0.0,0.0
2023-02-24 16:00:00,16,2,936.96,484.78,452.19,48.42,23.2,2.47,0.0,0.0
2023-02-24 17:00:00,17,2,546.01,501.85,44.16,48.86,23.2,3.33,0.0,0.0
2023-02-24 18:00:00,18,2,329.5,486.43,-156.93,47.29,21.2,3.01,0.0,0.0
2023-02-24 19:00:00,19,2,5.89,2246.15,-2240.25,24.89,23.0,1.09,0.0,0.0
2023-02-24 20:00:00,20,2,0,2590.56,-2590.56,5.0,19.2,33.03,0.0,0.0
2023-02-24 21:00:00,21,2,0,2813.82,-2813.82,5.0,17.9,17.47,0.0,0.0
2023-02-24 22:00:00,22,2,0,1832.09,-1832.09,5.0,19.9,19.08,0.0,0.0
2023-02-24 23:00:00,23,2,0,636.67,-636.67,5.0,14.2,3.49,0.0,0.0
2023-02-25 00:00:00,0,2,0,583.6,-583.6,5.0,13.8,4.52,0.0,0.0
2023-02-25 01:00:00,1,2,0,361.43,-361.43,5.0,11.0,1.55,0.0,0.0
2023-02-25 02:00:00,2,2,0,346.61,-346.61,5.0,10.8,3.62,0.0,0.0
2023-02-25 03:00:00,3,2,0,552.99,-552.99,5.0,15.0,2.64,0.0,0.0
2023-02-25 04:00:00,4,2,0,441.31,-441.31,5.0,14.5,1.61,0.0,0.0
2023-02-25 05:00:00,5,2,0,458.09,-458.09,5.0,15.1,3.02,0.0,0.0
2023-02-25 06:00:00,6,2,0,711.25,-711.25,5.0,18.1,1.29,0.0,0.0
2023-02-25 07:00:00,7,2,0,2412.74,-2412.74,5.0,19.0,33.56,0.0,0.0
2023-02-25 08:00:00,8,2,273.78,1649.55,-1375.78,5.0,23.2,43.71,0.0,0.0
2023-02-25 09:00:00,9,2,96.68,2551.4,-2454.72,5.0,20.7,43.27,0.0,0.0
2023-02-25 10:00:00,10,2,927.17,660.72,266.45,7.66,19.5,3.66,0.0,0.0
2023-02-25 11:00:00,11,2,1300.78,260.37,1040.4,18.07,19.8,2.31,0.0,0.0
2023-02-25 12:00:00,12,2,1518.83,402.36,1116.47,29.23,25.4,2.2,0.0,0.0
2023-02-25 13:00:00,13,2,1836.53,460.91,1375.62,42.99,24.0,4.15,0.0,0.0
2023-02-25 14:00:00,14,2,1576.34,671.55,904.79,52.04,25.6,1.29,0.0,0.0
2023-02-25 15:00:00,15,2,1220.5,416.01,804.5,60.08,22.0,3.39,0.0,0.0
2023-02-25 16:00:00,16,2,841.16,589.17,251.99,62.6,22.1,4.79,0.0,0.0
2023-02-25 17:00:00,17,2,633.63,420.84,212.79,64.73,17.3,4.81,0.0,0.0
2023-02-25 18:00:00,18,2,211.24,468.55,-257.31,62.16,22.9,1.56,0.0,0.0
2023-02-25 19:00:00,19,2,29.86,1949.66,-1919.8,42.96,19.4,4.09,0.0,0.0
2023-02-25 20:00:00,20,2,0,2200.91,-2200.91,20.95,19.4,29.64,0.0,0.0
2023-02-25 21:00:00,21,2,0,1581.18,-1581.18,5.14,17.1,33.51,0.0,0.0
2023-02-25 22:00:00,22,2,0,2753.21,-2753.21,5.0,14.8,17.51,0.0,0.0
2023-02-25 23:00:00,23,2,0,368.75,-368.75,5.0,14.6,3.44,0.0,0.0
2023-02-26 00:00:00,0,2,0,457.45,-457.45,5.0,10.4,1.33,0.0,0.0
2023-02-26 01:00:00,1,2,0,452.76,-452.76,5.0,8.1,3.62,0.0,0.0
2023-02-26 02:00:00,2,2,0,533.34,-533.34,5.0,13.0,2.61,0.0,0.0
2023-02-26 03:00:00,3,2,0,686.71,-686.71,5.0,17.2,4.06,0.0,0.0
2023-02-26 04:00:00,4,2,0,567.35,-567.35,5.0,12.4,4.92,0.0,0.0
2023-02-26 05:00:00,5,2,0,577.82,-577.82,5.0,12.9,3.42,0.0,0.0
2023-02-26 06:00:00,6,2,0,489.69,-489.69,5.0,19.4,4.25,0.0,0.0
2023-02-26 07:00:00,7,2,45.33,1848.99,-1803.66,5.0,15.4,28.46,0.0,0.0
2023-02-26 08:00:00,8,2,348.81,2762.19,-2413.38,5.0,19.2,42.73,0.0,0.0
2023-02-26 09:00:00,9,2,512.83,1650.76,-1137.93,5.0,21.5,42.33,0.0,0.0
2023-02-26 10:00:00,10,2,873.2,509.74,363.46,8.63,24.9,2.66,0.0,0.0
2023-02-26 11:00:00,11,2,1185.62,396.55,789.07,16.53,18.9,2.12,0.0,0.0
2023-02-26 12:00:00,12,2,1468.21,478.85,989.36,26.42,22.4,3.57,0.0,0.0
2023-02-26 13:00:00,13,2,1691.63,299.9,1391.73,40.34,24.8,2.71,0.0,0.0
2023-02-26 14:00:00,14,2,1392.81,673.26,719.55,47.53,27.6,3.18,0.0,0.0
2023-02-26 15:00:00,15,2,1250.74,484.77,765.97,55.19,25.3,1.19,0.0,0.0
2023-02-26 16:00:00,16,2,847.03,433.49,413.54,59.33,18.4,3.51,0.0,0.0
2023-02-26 17:00:00,17,2,680.62,670.36,10.26,59.43,21.2,2.22,0.0,0.0
2023-02-26 18:00:00,18,2,328.28,579.85,-251.57,56.91,25.9,3.14,0.0,0.0
2023-02-26 19:00:00,19,2,0,2417.9,-2417.9,32.73,19.4,2.22,0.0,0.0
2023-02-26 20:00:00,20,2,0,2029.87,-2029.87,12.44,21.4,26.77,0.0,0.0
2023-02-26 21:00:00,21,2,0,1589.3,-1589.3,5.0,17.7,27.7,0.0,0.0
2023-02-26 22:00:00,22,2,0,2361.52,-2361.52,5.0,16.2,22.27,0.0,0.0
2023-02-26 23:00:00,23,2,0,584.0,-584.0,5.0,16.6,2.73,0.0,0.0
2023-02-27 00:00:00,0,2,0,738.49,-738.49,5.0,11.0,3.86,0.0,0.0
2023-02-27 01:00:00,1,2,0,339.63,-339.63,5.0,11.8,1.09,0.0,0.0
2023-02-27 02:00:00,2,2,0,666.34,-666.34,5.0,18.0,2.08,0.0,0.0
2023-02-27 03:00:00,3,2,0,538.82,-538.82,5.0,14.0,4.68,0.0,0.0
2023-02-27 04:00:00,4,2,0,622.77,-622.77,5.0,16.0,4.69,0.0,0.0
2023-02-27 05:00:00,5,2,0,494.37,-494.37,5.0,15.8,3.0,0.0,0.0
2023-02-27 06:00:00,6,2,0,538.01,-538.01,5.0,19.3,1.22,0.0,0.0
2023-02-27 07:00:00,7,2,6.77,2828.1,-2821.33,5.0,20.0,45.84,0.0,0.0
2023-02-27 08:00:00,8,2,220.58,2165.54,-1944.96,5.0,14.8,27.62,0.0,0.0
2023-02-27 09:00:00,9,2,595.69,2463.81,-1868.13,5.0,19.7,36.27,0.0,0.0
2023-02-27 10:00:00,10,2,1001.17,490.23,510.95,10.11,20.5,1.62,0.0,0.0
2023-02-27 11:00:00,11,2,1106.77,442.63,664.13,16.75,20.9,2.76,0.0,0.0
2023-02-27 12:00:00,12,2,1493.78,447.2,1046.58,27.22,23.6,2.44,0.0,0.0
2023-02-27 13:00:00,13,2,274.09,453.49,-179.39,25.42,25.6,2.61,0.0,0.0
2023-02-27 14:00:00,14,2,1591.45,355.25,1236.2,37.78,23.7,3.81,0.0,0.0
2023-02-27 15:00:00,15,2,1175.0,415.5,759.5,45.38,24.4,4.63,0.0,0.0
2023-02-27 16:00:00,16,2,981.46,679.45,302.01,48.4,23.9,2.85,0.0,0.0
2023-02-27 17:00:00,17,2,647.06,622.69,24.36,48.64,23.9,1.55,0.0,0.0
2023-02-27 18:00:00,18,2,366.67,451.17,-84.5,47.8,21.4,3.31,0.0,0.0
2023-02-27 19:00:00,19,2,0.82,1363.01,-1362.19,34.18,16.2,4.44,0.0,0.0
2023-02-27 20:00:00,20,2,0,1432.1,-1432.1,19.86,16.2,28.2,0.0,0.0
2023-02-27 21:00:00,21,2,0,2601.77,-2601.77,5.0,16.3,26.17,0.0,0.0
2023-02-27 22:00:00,22,2,0,2269.39,-2269.39,5.0,14.6,25.24,0.0,0.0
2023-02-27 23:00:00,23,2,0,548.04,-548.04,5.0,13.1,1.12,0.0,0.0
2023-02-28 00:00:00,0,2,0,390.31,-390.31,5.0,11.4,2.03,0.0,0.0
2023-02-28 01:00:00,1,2,0,411.01,-411.01,5.0,14.9,2.0,0.0,0.0
2023-02-28 02:00:00,2,2,0,526.42,-526.42,5.0,12.7,3.36,0.0,0.0
2023-02-28 03:00:00,3,2,0,332.6,-332.6,5.0,14.6,4.56,0.0,0.0
2023-02-28 04:00:00,4,2,0,343.63,-343.63,5.0,18.1,4.51,0.0,0.0
2023-02-28 05:00:00,5,2,0,312.53,-312.53,5.0,14.1,3.18,0.0,0.0
2023-02-28 06:00:00,6,2,0,476.92,-476.92,5.0,16.7,3.44,0.0,0.0
2023-02-28 07:00:00,7,2,0,1864.03,-1864.03,5.0,14.8,23.17,0.0,0.0
2023-02-28 08:00:00,8,2,336.73,1545.61,-1208.88,5.0,20.2,37.49,0.0,0.0
2023-02-28 09:00:00,9,2,82.05,2353.56,-2271.5,5.0,22.4,42.8,0.0,0.0
2023-02-28 10:00:00,10,2,886.44,251.17,635.27,11.35,22.2,1.96,0.0,0.0
2023-02-28 11:00:00,11,2,1194.78,481.6,713.18,18.48,23.1,3.93,0.0,0.0
2023-02-28 12:00:00,12,2,214.28,451.04,-236.76,16.12,24.4,1.4,0.0,0.0
2023-02-28 13:00:00,13,2,1829.81,605.39,1224.43,28.36,24.1,1.88,0.0,0.0
2023-02-28 14:00:00,14,2,1534.12,636.01,898.11,37.34,25.5,1.36,0.0,0.0
2023-02-28 15:00:00,15,2,1192.95,495.2,697.76,44.32,24.9,2.52,0.0,0.0
2023-02-28 16:00:00,16,2,852.87,496.11,356.76,47.89,21.2,3.67,0.0,0.0
2023-02-28 17:00:00,17,2,652.51,402.47,250.05,50.39,23.9,2.14,0.0,0.0
2023-02-28 18:00:00,18,2,281.69,269.74,11.95,50.51,23.4,3.41,0.0,0.0
2023-02-28 19:00:00,19,2,0,1627.58,-1627.58,34.23,18.5,2.21,0.0,0.0
2023-02-28 20:00:00,20,2,0,2160.39,-2160.39,12.63,18.1,17.65,0.0,0.0
2023-02-28 21:00:00,21,2,0,1771.4,-1771.4,5.0,17.8,23.35,0.0,0.0
2023-02-28 22:00:00,22,2,0,2628.12,-2628.12,5.0,17.5,17.15,0.0,0.0
2023-02-28 23:00:00,23,2,0,633.26,-633.26,5.0,14.0,1.18,0.0,0.0
2023-03-01 00:00:00,0,3,0,737.83,-737.83,5.0,15.0,4.28,0.0,0.0
2023-03-01 01:00:00,1,3,0,401.43,-401.43,5.0,10.7,2.27,0.0,0.0
2023-03-01 02:00:00,2,3,0,421.4,-421.4,5.0,12.5,2.37,0.0,0.0
2023-03-01 03:00:00,3,3,0,467.16,-467.16,5.0,15.0,4.31,0.0,0.0
2023-03-01 04:00:00,4,3,0,463.32,-463.32,5.0,10.7,4.65,0.0,0.0
2023-03-01 05:00:00,5,3,0,506.97,-506.97,5.0,15.7,3.0,0.0,0.0
2023-03-01 06:00:00,6,3,0,520.83,-520.83,5.0,16.0,4.83,0.0,0.0
2023-03-01 07:00:00,7,3,207.89,2519.26,-2311.36,5.0,18.0,20.73,0.0,0.0
2023-03-01 08:00:00,8,3,360.4,1361.6,-1001.2,5.0,19.1,40.4,0.0,0.0
2023-03-01 09:00:00,9,3,877.27,1861.21,-983.94,5.0,19.7,30.54,0.0,0.0
2023-03-01 10:00:00,10,3,1491.5,474.29,1017.22,15.17,21.1,1.4,0.0,0.0
2023-03-01 11:00:00,11,3,1837.36,278.26,1559.1,30.76,25.4,3.75,0.0,0.0
2023-03-01 12:00:00,12,3,2434.47,463.4,1971.07,50.47,24.1,4.2,0.0,0.0
2023-03-01 13:00:00,13,3,3005.0,303.62,2701.39,77.49,24.3,2.07,0.0,0.0
2023-03-01 14:00:00,14,3,2484.42,507.14,1977.28,97.26,26.5,4.97,0.0,0.0
2023-03-01 15:00:00,15,3,1965.06,720.7,1244.36,100.0,20.0,2.81,0.0,0.0
2023-03-01 16:00:00,16,3,1307.0,320.46,986.54,100.0,23.9,1.64,0.0,0.0
2023-03-01 17:00:00,17,3,918.07,375.66,542.41,100.0,20.3,2.19,0.0,0.0
2023-03-01 18:00:00,18,3,437.01,560.17,-123.16,98.77,20.7,4.89,0.0,0.0
2023-03-01 19:00:00,19,3,0,1966.47,-1966.47,79.1,18.1,1.91,0.0,0.0
2023-03-01 20:00:00,20,3,0,2474.2,-2474.2,54.36,19.9,30.23,0.0,0.0
2023-03-01 21:00:00,21,3,0,1774.34,-1774.34,36.62,19.7,25.08,0.0,0.0
2023-03-01 22:00:00,22,3,0,1958.28,-1958.28,17.04,19.3,33.24,0.0,0.0
2023-03-01 23:00:00,23,3,0,332.01,-332.01,13.72,18.5,1.51,0.0,0.0
2023-03-02 00:00:00,0,3,0,696.83,-696.83,6.75,13.6,2.17,0.0,0.0
2023-03-02 01:00:00,1,3,0,562.54,-562.54,5.0,12.4,2.96,0.0,0.0
2023-03-02 02:00:00,2,3,0,442.0,-442.0,5.0,14.3,4.59,0.0,0.0
2023-03-02 03:00:00,3,3,0,786.1,-786.1,5.0,14.5,2.35,0.0,0.0
2023-03-02 04:00:00,4,3,0,529.47,-529.47,5.0,13.4,1.52,0.0,0.0
2023-03-02 05:00:00,5,3,0,489.77,-489.77,5.0,14.6,2.45,0.0,0.0
2023-03-02 06:00:00,6,3,0,501.98,-501.98,5.0,20.3,1.01,0.0,0.0
2023-03-02 07:00:00,7,3,0,1876.17,-1876.17,5.0,18.5,27.25,0.0,0.0
2023-03-02 08:00:00,8,3,583.21,1831.8,-1248.59,5.0,19.0,20.98,0.0,0.0
2023-03-02 09:00:00,9,3,1028.81,1334.44,-305.62,5.0,20.9,49.24,0.0,0.0
2023-03-02 10:00:00,10,3,200.53,565.16,-364.63,5.0,19.5,3.65,0.0,0.0
2023-03-02 11:00:00,11,3,1934.43,415.6,1518.83,20.19,23.8,1.17,0.0,0.0
2023-03-02 12:00:00,12,3,2440.32,411.37,2028.95,40.48,25.1,1.28,0.0,0.0
2023-03-02 13:00:00,13,3,3155.81,584.16,2571.65,66.19,27.1,2.18,0.0,0.0
2023-03-02 14:00:00,14,3,2547.61,700.43,1847.19,84.67,25.4,3.78,0.0,0.0
2023-03-02 15:00:00,15,3,2119.63,297.19,1822.44,100.0,23.5,4.42,0.0,0.0
2023-03-02 16:00:00,16,3,1631.5,414.75,1216.75,100.0,21.1,2.41,0.0,0.0
2023-03-02 17:00:00,17,3,928.16,625.06,303.1,100.0,22.2,3.42,0.0,0.0
2023-03-02 18:00:00,18,3,376.26,706.85,-330.59,96.69,21.1,1.51,0.0,0.0
2023-03-02 19:00:00,19,3,0,1877.12,-1877.12,77.92,19.4,2.29,0.0,0.0
2023-03-02 20:00:00,20,3,0,2203.1,-2203.1,55.89,18.5,15.31,0.0,0.0
2023-03-02 21:00:00,21,3,0,1580.4,-1580.4,40.09,24.3,24.3,0.0,0.0
2023-03-02 22:00:00,22,3,0,1892.82,-1892.82,21.16,19.6,23.84,0.0,0.0
2023-03-02 23:00:00,23,3,0,693.75,-693.75,14.22,15.2,3.53,0.0,0.0
2023-03-03 00:00:00,0,3,0,446.21,-446.21,9.76,11.0,3.19,0.0,0.0
2023-03-03 01:00:00,1,3,0,374.79,-374.79,6.01,13.2,1.22,0.0,0.0
2023-03-03 02:00:00,2,3,0,288.91,-288.91,5.0,11.4,4.07,0.0,0.0
2023-03-03 03:00:00,3,3,0,409.8,-409.8,5.0,10.7,2.92,0.0,0.0
2023-03-03 04:00:00,4,3,0,630.07,-630.07,5.0,15.0,1.07,0.0,0.0
2023-03-03 05:00:00,5,3,0,413.22,-413.22,5.0,16.7,3.28,0.0,0.0
2023-03-03 06:00:00,6,3,0,419.01,-419.01,5.0,17.2,4.17,0.0,0.0
2023-03-03 07:00:00,7,3,5.8,2278.74,-2272.94,5.0,17.9,32.56,0.0,0.0
2023-03-03 08:00:00,8,3,396.37,2324.48,-1928.11,5.0,17.9,35.47,0.0,0.0
2023-03-03 09:00:00,9,3,1093.17,2669.33,-1576.17,5.0,19.7,35.6,0.0,0.0
2023-03-03 10:00:00,10,3,1435.44,481.77,953.67,14.54,20.8,3.01,0.0,0.0
2023-03-03 11:00:00,11,3,2121.14,537.39,1583.75,30.37,21.6,3.02,0.0,0.0
2023-03-03 12:00:00,12,3,2414.36,317.26,2097.09,51.35,18.5,1.63,0.0,0.0
2023-03-03 13:00:00,13,3,3094.97,490.67,2604.3,77.39,23.3,1.43,0.0,0.0
2023-03-03 14:00:00,14,3,2480.93,365.46,2115.47,98.54,26.7,1.39,0.0,0.0
2023-03-03 15:00:00,15,3,2005.63,703.81,1301.83,100.0,24.3,1.11,0.0,0.0
2023-03-03 16:00:00,16,3,227.42,634.13,-406.71,95.93,23.5,3.75,0.0,0.0
2023-03-03 17:00:00,17,3,1144.57,513.5,631.06,100.0,18.3,4.17,0.0,0.0
2023-03-03 18:00:00,18,3,510.0,576.25,-66.26,99.34,22.2,1.08,0.0,0.0
2023-03-03 19:00:00,19,3,0,1360.43,-1360.43,85.73,17.9,2.61,0.0,0.0
2023-03-03 20:00:00,20,3,0,2188.84,-2188.84,63.84,20.1,34.66,0.0,0.0
2023-03-03 21:00:00,21,3,0,2094.69,-2094.69,42.9,16.0,29.42,0.0,0.0
2023-03-03 22:00:00,22,3,0,2352.81,-2352.81,19.37,17.4,22.11,0.0,0.0
2023-03-03 23:00:00,23,3,0,652.92,-652.92,12.84,13.7,3.09,0.0,0.0
2023-03-04 00:00:00,0,3,0,622.82,-622.82,6.61,14.4,4.15,0.0,0.0
2023-03-04 01:00:00,1,3,0,695.94,-695.94,5.0,11.6,2.72,0.0,0.0
2023-03-04 02:00:00,2,3,0,581.39,-581.39,5.0,17.8,1.3,0.0,0.0
2023-03-04 03:00:00,3,3,0,360.6,-360.6,5.0,14.6,1.08,0.0,0.0
2023-03-04 04:00:00,4,3,0,499.0,-499.0,5.0,15.0,2.92,0.0,0.0
2023-03-04 05:00:00,5,3,0,512.14,-512.14,5.0,14.9,3.21,0.0,0.0
2023-03-04 06:00:00,6,3,0,461.0,-461.0,5.0,16.3,1.36,0.0,0.0
2023-03-04 07:00:00,7,3,0,2766.86,-2766.86,5.0,17.2,27.52,0.0,0.0
2023-03-04 08:00:00,8,3,84.84,1592.22,-1507.37,5.0,17.5,29.6,0.0,0.0
2023-03-04 09:00:00,9,3,969.1,2669.09,-1699.99,5.0,21.5,36.78,0.0,0.0
2023-03-04 10:00:00,10,3,1287.82,544.74,743.09,12.43,17.5,3.69,0.0,0.0
2023-03-04 11:00:00,11,3,303.12,546.51,-243.38,10.0,20.0,1.66,0.0,0.0
2023-03-04 12:00:00,12,3,389.17,405.33,-16.15,9.84,23.0,4.23,0.0,0.0
2023-03-04 13:00:00,13,3,2874.03,516.86,2357.17,33.41,24.5,1.82,0.0,0.0
2023-03-04 14:00:00,14,3,381.66,561.85,-180.19,31.61,25.4,3.99,0.0,0.0
2023-03-04 15:00:00,15,3,1968.1,454.59,1513.51,46.74,26.0,2.83,0.0,0.0
2023-03-04 16:00:00,16,3,1433.7,556.16,877.53,55.52,22.4,4.67,0.0,0.0
2023-03-04 17:00:00,17,3,1118.06,710.73,407.33,59.59,22.4,1.62,0.0,0.0
2023-03-04 18:00:00,18,3,436.06,517.92,-81.86,58.77,20.2,2.94,0.0,0.0
2023-03-04 19:00:00,19,3,41.63,2040.11,-1998.47,38.79,19.8,3.65,0.0,0.0
2023-03-04 20:00:00,20,3,0,1701.32,-1701.32,21.77,19.0,34.7,0.0,0.0
2023-03-04 21:00:00,21,3,0,2309.95,-2309.95,5.0,16.8,21.46,0.0,0.0
2023-03-04 22:00:00,22,3,0,2533.44,-2533.44,5.0,19.1,21.5,0.0,0.0
2023-03-04 23:00:00,23,3,0,587.89,-587.89,5.0,14.0,2.06,0.0,0.0
2023-03-05 00:00:00,0,3,0,662.65,-662.65,5.0,12.0,3.23,0.0,0.0
2023-03-05 01:00:00,1,3,0,460.18,-460.18,5.0,14.9,2.73,0.0,0.0
2023-03-05 02:00:00,2,3,0,519.67,-519.67,5.0,14.1,1.72,0.0,0.0
2023-03-05 03:00:00,3,3,0,464.09,-464.09,5.0,14.3,4.7,0.0,0.0
2023-03-05 04:00:00,4,3,0,414.32,-414.32,5.0,14.9,1.5,0.0,0.0
2023-03-05 05:00:00,5,3,0,316.73,-316.73,5.0,15.7,4.36,0.0,0.0
2023-03-05 06:00:00,6,3,0,528.37,-528.37,5.0,19.3,4.05,0.0,0.0
2023-03-05 07:00:00,7,3,118.1,2224.65,-2106.55,5.0,16.4,40.63,0.0,0.0
2023-03-05 08:00:00,8,3,405.12,2885.88,-2480.76,5.0,20.3,37.09,0.0,0.0
2023-03-05 09:00:00,9,3,810.21,1975.15,-1164.94,5.0,21.9,20.43,0.0,0.0
2023-03-05 10:00:00,10,3,1402.16,400.64,1001.52,15.02,22.5,2.07,0.0,0.0
2023-03-05 11:00:00,11,3,289.49,622.63,-333.14,11.68,21.3,1.69,0.0,0.0
2023-03-05 12:00:00,12,3,2524.47,624.91,1899.56,30.68,23.8,3.08,0.0,0.0
2023-03-05 13:00:00,13,3,2934.72,567.43,2367.29,54.35,23.4,1.8,0.0,0.0
2023-03-05 14:00:00,14,3,2559.47,359.99,2199.48,76.35,26.2,1.09,0.0,0.0
2023-03-05 15:00:00,15,3,2032.1,622.63,1409.47,90.44,24.3,2.04,0.0,0.0
2023-03-05 16:00:00,16,3,1399.71,357.25,1042.47,100.0,24.0,1.13,0.0,0.0
2023-03-05 17:00:00,17,3,933.68,680.1,253.58,100.0,21.9,3.45,0.0,0.0
2023-03-05 18:00:00,18,3,512.88,458.34,54.53,100.0,20.1,2.06,0.0,0.0
2023-03-05 19:00:00,19,3,11.69,2956.49,-2944.8,70.55,21.0,4.66,0.0,0.0
2023-03-05 20:00:00,20,3,0,2033.87,-2033.87,50.21,20.3,24.81,0.0,0.0
2023-03-05 21:00:00,21,3,0,2661.5,-2661.5,23.6,20.2,22.43,0.0,0.0
2023-03-05 22:00:00,22,3,0,1950.11,-1950.11,5.0,15.5,27.89,0.0,0.0
2023-03-05 23:00:00,23,3,0,664.39,-664.39,5.0,15.0,4.32,0.0,0.0
2023-03-06 00:00:00,0,3,0,628.44,-628.44,5.0,10.2,1.9,0.0,0.0
2023-03-06 01:00:00,1,3,0,288.2,-288.2,5.0,11.9,1.27,0.0,0.0
2023-03-06 02:00:00,2,3,0,566.42,-566.42,5.0,12.4,3.98,0.0,0.0
2023-03-06 03:00:00,3,3,0,438.73,-438.73,5.0,15.9,1.36,0.0,0.0
2023-03-06 04:00:00,4,3,0,593.62,-593.62,5.0,15.5,4.71,0.0,0.0
2023-03-06 05:00:00,5,3,0,504.78,-504.78,5.0,15.8,3.08,0.0,0.0
2023-03-06 06:00:00,6,3,0,546.29,-546.29,5.0,18.8,4.83,0.0,0.0
2023-03-06 07:00:00,7,3,154.3,1470.94,-1316.65,5.0,14.3,41.08,0.0,0.0
2023-03-06 08:00:00,8,3,636.52,2568.55,-1932.03,5.0,18.4,29.28,0.0,0.0
2023-03-06 09:00:00,9,3,937.58,2665.75,-1728.16,5.0,21.9,42.29,0.0,0.0
2023-03-06 10:00:00,10,3,205.35,607.66,-402.32,5.0,24.5,2.49,0.0,0.0
2023-03-06 11:00:00,11,3,1754.6,424.57,1330.04,18.3,20.9,4.98,0.0,0.0
2023-03-06 12:00:00,12,3,2280.16,674.05,1606.11,34.36,24.8,2.66,0.0,0.0
2023-03-06 13:00:00,13,3,3002.31,315.79,2686.52,61.23,23.0,1.98,0.0,0.0
2023-03-06 14:00:00,14,3,2473.53,547.56,1925.96,80.49,24.8,4.87,0.0,0.0
2023-03-06 15:00:00,15,3,2096.12,594.87,1501.25,95.5,26.9,1.12,0.0,0.0
2023-03-06 16:00:00,16,3,1400.89,289.41,1111.47,100.0,25.7,1.61,0.0,0.0
2023-03-06 17:00:00,17,3,886.08,402.03,484.05,100.0,22.8,2.03,0.0,0.0
2023-03-06 18:00:00,18,3,624.74,622.61,2.12,100.0,19.7,4.41,0.0,0.0
2023-03-06 19:00:00,19,3,1.95,1897.98,-1896.03,81.04,19.5,2.14,0.0,0.0
2023-03-06 20:00:00,20,3,0,1826.79,-1826.79,62.77,22.4,17.07,0.0,0.0
2023-03-06 21:00:00,21,3,0,2680.3,-2680.3,35.97,18.6,30.02,0.0,0.0
2023-03-06 22:00:00,22,3,0,2111.24,-2111.24,14.86,16.7,15.62,0.0,0.0
2023-03-06 23:00:00,23,3,0,707.97,-707.97,7.78,18.0,1.84,0.0,0.0
2023-03-07 00:00:00,0,3,0,519.41,-519.41,5.0,8.7,2.42,0.0,0.0
2023-03-07 01:00:00,1,3,0,462.39,-462.39,5.0,12.1,3.26,0.0,0.0
2023-03-07 02:00:00,2,3,0,552.4,-552.4,5.0,13.5,4.0,0.0,0.0
2023-03-07 03:00:00,3,3,0,381.66,-381.66,5.0,12.5,4.07,0.0,0.0
2023-03-07 04:00:00,4,3,0,535.4,-535.4,5.0,15.6,2.55,0.0,0.0
2023-03-07 05:00:00,5,3,0,525.67,-525.67,5.0,16.6,1.17,0.0,0.0
2023-03-07 06:00:00,6,3,0,400.77,-400.77,5.0,17.3,3.94,0.0,0.0
2023-03-07 07:00:00,7,3,105.18,2096.77,-1991.59,5.0,15.7,48.48,0.0,0.0
2023-03-07 08:00:00,8,3,478.27,2600.34,-2122.07,5.0,21.9,24.63,0.0,0.0
2023-03-07 09:00:00,9,3,1045.92,2240.46,-1194.54,5.0,19.9,36.32,0.0,0.0
2023-03-07 10:00:00,10,3,1490.72,278.62,1212.09,17.12,22.5,3.8,0.0,0.0
2023-03-07 11:00:00,11,3,1952.82,496.91,1455.91,31.68,23.2,3.71,0.0,0.0
2023-03-07 12:00:00,12,3,2503.44,411.44,2092.01,52.6,16.7,2.25,0.0,0.0
2023-03-07 13:00:00,13,3,2834.92,505.31,2329.61,75.9,21.2,1.95,0.0,0.0
2023-03-07 14:00:00,14,3,379.75,559.62,-179.87,74.1,27.1,1.64,0.0,0.0
2023-03-07 15:00:00,15,3,1877.8,300.95,1576.85,89.87,21.0,1.79,0.0,0.0
2023-03-07 16:00:00,16,3,1536.37,569.06,967.31,99.54,26.1,3.07,0.0,0.0
2023-03-07 17:00:00,17,3,896.8,508.96,387.84,100.0,23.8,2.17,0.0,0.0
2023-03-07 18:00:00,18,3,538.05,746.76,-208.7,97.91,19.4,1.57,0.0,0.0
2023-03-07 19:00:00,19,3,0,1402.65,-1402.65,83.89,19.2,2.56,0.0,0.0
2023-03-07 20:00:00,20,3,0,1984.62,-1984.62,64.04,19.0,15.84,0.0,0.0
2023-03-07 21:00:00,21,3,0,1615.8,-1615.8,47.88,13.0,15.44,0.0,0.0
2023-03-07 22:00:00,22,3,0,1829.77,-1829.77,29.58,16.3,25.8,0.0,0.0
2023-03-07 23:00:00,23,3,0,550.95,-550.95,24.08,16.4,2.45,0.0,0.0
2023-03-08 00:00:00,0,3,0,260.11,-260.11,21.47,10.8,4.48,0.0,0.0
2023-03-08 01:00:00,1,3,0,469.71,-469.71,16.78,13.2,2.12,0.0,0.0
2023-03-08 02:00:00,2,3,0,294.58,-294.58,13.83,11.1,1.28,0.0,0.0
2023-03-08 03:00:00,3,3,0,396.37,-396.37,9.87,13.0,1.47,0.0,0.0
2023-03-08 04:00:00,4,3,0,724.77,-724.77,5.0,10.3,4.64,0.0,0.0
2023-03-08 05:00:00,5,3,0,506.05,-506.05,5.0,11.5,2.38,0.0,0.0
2023-03-08 06:00:00,6,3,0,484.72,-484.72,5.0,19.3,3.51,0.0,0.0
2023-03-08 07:00:00,7,3,0,1819.72,-1819.72,5.0,16.6,20.73,0.0,0.0
2023-03-08 08:00:00,8,3,426.27,1605.0,-1178.73,5.0,20.1,38.7,0.0,0.0
2023-03-08 09:00:00,9,3,177.82,1859.33,-1681.52,5.0,18.7,21.51,0.0,0.0
2023-03-08 10:00:00,10,3,1524.0,413.83,1110.17,16.1,18.6,1.58,0.0,0.0
2023-03-08 11:00:00,11,3,2141.93,667.82,1474.11,30.84,23.2,3.25,0.0,0.0
2023-03-08 12:00:00,12,3,2401.95,480.47,1921.48,50.06,21.0,1.38,0.0,0.0
2023-03-08 13:00:00,13,3,2916.66,553.23,2363.43,73.69,23.9,3.93,0.0,0.0
2023-03-08 14:00:00,14,3,2558.8,641.61,1917.18,92.86,25.3,2.22,0.0,0.0
2023-03-08 15:00:00,15,3,2083.87,723.94,1359.93,100.0,23.6,4.62,0.0,0.0
2023-03-08 16:00:00,16,3,1482.13,625.64,856.49,100.0,19.7,2.86,0.0,0.0
2023-03-08 17:00:00,17,3,1036.49,463.09,573.4,100.0,21.9,1.01,0.0,0.0
2023-03-08 18:00:00,18,3,433.01,554.99,-121.98,98.78,21.2,4.16,0.0,0.0
2023-03-08 19:00:00,19,3,100.81,2369.91,-2269.09,76.09,19.6,4.12,0.0,0.0
2023-03-08 20:00:00,20,3,0,2592.02,-2592.02,50.17,22.0,26.17,0.0,0.0
2023-03-08 21:00:00,21,3,0,2450.72,-2450.72,25.66,14.5,20.67,0.0,0.0
2023-03-08 22:00:00,22,3,0,2038.14,-2038.14,5.28,15.8,32.29,0.0,0.0
2023-03-08 23:00:00,23,3,0,510.22,-510.22,5.0,18.8,2.99,0.0,0.0
2023-03-09 00:00:00,0,3,0,493.0,-493.0,5.0,8.7,3.3,0.0,0.0
2023-03-09 01:00:00,1,3,0,427.55,-427.55,5.0,9.5,4.86,0.0,0.0
2023-03-09 02:00:00,2,3,0,506.83,-506.83,5.0,11.7,2.25,0.0,0.0
2023-03-09 03:00:00,3,3,0,323.41,-323.41,5.0,12.4,3.4,0.0,0.0
2023-03-09 04:00:00,4,3,0,249.44,-249.44,5.0,14.9,1.42,0.0,0.0
2023-03-09 05:00:00,5,3,0,342.31,-342.31,5.0,13.6,1.67,0.0,0.0
2023-03-09 06:00:00,6,3,0,497.1,-497.1,5.0,16.5,4.97,0.0,0.0
2023-03-09 07:00:00,7,3,99.25,2149.41,-2050.16,5.0,14.0,42.27,0.0,0.0
2023-03-09 08:00:00,8,3,398.91,2510.96,-2112.05,5.0,22.0,38.45,0.0,0.0
2023-03-09 09:00:00,9,3,1004.87,1877.96,-873.09,5.0,20.7,30.92,0.0,0.0
2023-03-09 10:00:00,10,3,1440.32,289.22,1151.1,16.51,19.3,1.54,0.0,0.0
2023-03-09 11:00:00,11,3,2111.33,328.1,1783.23,34.34,18.9,4.01,0.0,0.0
2023-03-09 12:00:00,12,3,2449.18,410.13,2039.05,54.73,22.3,2.35,0.0,0.0
2023-03-09 13:00:00,13,3,2905.82,468.46,2437.37,79.11,21.6,4.0,0.0,0.0
2023-03-09 14:00:00,14,3,2555.29,530.07,2025.22,99.36,21.1,2.95,0.0,0.0
2023-03-09 15:00:00,15,3,2039.95,426.67,1613.29,100.0,21.4,4.07,0.0,0.0
2023-03-09 16:00:00,16,3,235.01,569.38,-334.37,96.66,20.8,1.88,0.0,0.0
2023-03-09 17:00:00,17,3,1124.47,258.42,866.05,100.0,20.5,4.02,0.0,0.0
2023-03-09 18:00:00,18,3,545.09,630.49,-85.4,99.15,21.1,2.18,0.0,0.0
2023-03-09 19:00:00,19,3,21.37,1578.29,-1556.92,83.58,21.3,2.4,0.0,0.0
2023-03-09 20:00:00,20,3,0,1934.0,-1934.0,64.24,18.7,15.6,0.0,0.0
2023-03-09 21:00:00,21,3,0,1766.24,-1766.24,46.57,17.9,26.09,0.0,0.0
2023-03-09 22:00:00,22,3,0,1429.4,-1429.4,32.28,19.8,33.74,0.0,0.0
2023-03-09 23:00:00,23,3,0,382.83,-382.83,28.45,15.6,3.48,0.0,0.0
2023-03-10 00:00:00,0,3,0,679.59,-679.59,21.66,6.8,3.0,0.0,0.0
2023-03-10 01:00:00,1,3,0,720.89,-720.89,14.45,15.6,1.94,0.0,0.0
2023-03-10 02:00:00,2,3,0,451.84,-451.84,9.93,13.0,4.4,0.0,0.0
2023-03-10 03:00:00,3,3,0,781.41,-781.41,5.0,14.5,1.71,0.0,0.0
2023-03-10 04:00:00,4,3,0,360.51,-360.51,5.0,17.3,3.5,0.0,0.0
2023-03-10 05:00:00,5,3,0,237.66,-237.66,5.0,19.6,4.28,0.0,0.0
2023-03-10 06:00:00,6,3,0,270.29,-270.29,5.0,18.4,4.21,0.0,0.0
2023-03-10 07:00:00,7,3,12.11,2250.84,-2238.72,5.0,18.4,20.2,0.0,0.0
2023-03-10 08:00:00,8,3,637.88,2533.4,-1895.52,5.0,21.1,42.87,0.0,0.0
2023-03-10 09:00:00,9,3,1005.48,2456.43,-1450.95,5.0,19.1,42.63,0.0,0.0
2023-03-10 10:00:00,10,3,1321.58,608.82,712.77,12.13,22.1,1.09,0.0,0.0
2023-03-10 11:00:00,11,3,1896.28,568.2,1328.08,25.41,20.9,2.17,0.0,0.0
2023-03-10 12:00:00,12,3,2490.2,555.41,1934.79,44.76,23.9,2.89,0.0,0.0
2023-03-10 13:00:00,13,3,2860.35,581.31,2279.04,67.55,23.4,4.62,0.0,0.0
2023-03-10 14:00:00,14,3,2649.42,354.91,2294.51,90.49,28.2,2.42,0.0,0.0
2023-03-10 15:00:00,15,3,2038.55,588.96,1449.58,100.0,26.8,1.79,0.0,0.0
2023-03-10 16:00:00,16,3,1468.05,579.74,888.31,100.0,23.4,3.96,0.0,0.0
2023-03-10 17:00:00,17,3,1004.46,475.49,528.97,100.0,22.8,1.59,0.0,0.0
2023-03-10 18:00:00,18,3,453.59,647.46,-193.87,98.06,19.3,2.82,0.0,0.0
2023-03-10 19:00:00,19,3,205.79,2704.07,-2498.28,73.08,17.0,1.19,0.0,0.0
2023-03-10 20:00:00,20,3,0,1516.57,-1516.57,57.91,18.7,24.35,0.0,0.0
2023-03-10 21:00:00,21,3,0,2454.24,-2454.24,33.37,19.6,31.07,0.0,0.0
2023-03-10 22:00:00,22,3,0,2584.58,-2584.58,7.52,15.0,30.94,0.0,0.0
2023-03-10 23:00:00,23,3,0,439.78,-439.78,5.0,15.4,2.72,0.0,0.0
2023-03-11 00:00:00,0,3,0,272.68,-272.68,5.0,8.8,3.66,0.0,0.0
2023-03-11 01:00:00,1,3,0,361.29,-361.29,5.0,11.2,4.64,0.0,0.0
2023-03-11 02:00:00,2,3,0,551.5,-551.5,5.0,11.7,2.03,0.0,0.0
2023-03-11 03:00:00,3,3,0,408.84,-408.84,5.0,15.5,3.52,0.0,0.0
2023-03-11 04:00:00,4,3,0,492.44,-492.44,5.0,15.8,1.39,0.0,0.0
2023-03-11 05:00:00,5,3,0,422.31,-422.31,5.0,16.8,4.59,0.0,0.0
2023-03-11 06:00:00,6,3,0,478.91,-478.91,5.0,19.2,4.42,0.0,0.0
2023-03-11 07:00:00,7,3,87.52,2623.49,-2535.97,5.0,18.3,32.98,0.0,0.0
2023-03-11 08:00:00,8,3,577.83,2242.84,-1665.01,5.0,19.3,23.93,0.0,0.0
2023-03-11 09:00:00,9,3,1013.41,2218.86,-1205.45,5.0,20.6,45.55,0.0,0.0
2023-03-11 10:00:00,10,3,1493.11,603.46,889.65,13.9,20.6,2.81,0.0,0.0
2023-03-11 11:00:00,11,3,1921.66,530.69,1390.97,27.81,25.1,3.96,0.0,0.0
2023-03-11 12:00:00,12,3,360.48,489.75,-129.27,26.51,22.9,2.71,0.0,0.0
2023-03-11 13:00:00,13,3,3055.4,425.01,2630.39,52.82,26.6,1.78,0.0,0.0
2023-03-11 14:00:00,14,3,2591.45,518.71,2072.74,73.54,24.6,3.36,0.0,0.0
2023-03-11 15:00:00,15,3,2014.29,281.12,1733.17,90.88,22.5,4.92,0.0,0.0
2023-03-11 16:00:00,16,3,1351.53,381.3,970.23,100.0,24.8,4.53,0.0,0.0
2023-03-11 17:00:00,17,3,915.66,399.45,516.21,100.0,23.9,3.51,0.0,0.0
2023-03-11 18:00:00,18,3,379.91,570.69,-190.79,98.09,21.1,1.21,0.0,0.0
2023-03-11 19:00:00,19,3,29.22,1314.61,-1285.39,85.24,17.8,2.31,0.0,0.0
2023-03-11 20:00:00,20,3,0,2148.47,-2148.47,63.75,20.2,26.06,0.0,0.0
2023-03-11 21:00:00,21,3,0,1891.88,-1891.88,44.83,21.0,25.64,0.0,0.0
2023-03-11 22:00:00,22,3,0,1307.02,-1307.02,31.76,18.3,19.95,0.0,0.0
2023-03-11 23:00:00,23,3,0,696.41,-696.41,24.8,15.1,2.77,0.0,0.0
2023-03-12 00:00:00,0,3,0,289.21,-289.21,21.91,11.8,2.36,0.0,0.0
2023-03-12 01:00:00,1,3,0,303.56,-303.56,18.87,9.4,2.82,0.0,0.0
2023-03-12 02:00:00,2,3,0,249.4,-249.4,16.38,12.2,4.76,0.0,0.0
2023-03-12 03:00:00,3,3,0,516.05,-516.05,11.22,11.5,3.8,0.0,0.0
2023-03-12 04:00:00,4,3,0,313.75,-313.75,8.08,14.8,1.36,0.0,0.0
2023-03-12 05:00:00,5,3,0,489.4,-489.4,5.0,17.6,1.53,0.0,0.0
2023-03-12 06:00:00,6,3,0,662.83,-662.83,5.0,18.3,4.83,0.0,0.0
2023-03-12 07:00:00,7,3,0,2013.26,-2013.26,5.0,22.6,25.92,0.0,0.0
2023-03-12 08:00:00,8,3,487.04,2679.5,-2192.46,5.0,19.3,21.6,0.0,0.0
2023-03-12 09:00:00,9,3,1262.16,1276.92,-14.75,5.0,19.9,30.86,0.0,0.0
2023-03-12 10:00:00,10,3,1662.81,704.33,958.48,14.58,21.6,2.6,0.0,0.0
2023-03-12 11:00:00,11,3,1881.61,530.08,1351.53,28.1,20.0,3.09,0.0,0.0
2023-03-12 12:00:00,12,3,2467.23,670.88,1796.35,46.06,24.3,2.56,0.0,0.0
2023-03-12 13:00:00,13,3,2858.87,443.19,2415.68,70.22,26.4,4.7,0.0,0.0
2023-03-12 14:00:00,14,3,2524.19,383.77,2140.41,91.62,25.7,2.7,0.0,0.0
2023-03-12 15:00:00,15,3,1926.56,660.23,1266.33,100.0,23.7,1.46,0.0,0.0
2023-03-12 16:00:00,16,3,1605.78,337.72,1268.06,100.0,23.4,2.01,0.0,0.0
2023-03-12 17:00:00,17,3,1010.08,583.71,426.37,100.0,19.5,3.28,0.0,0.0
2023-03-12 18:00:00,18,3,482.34,438.96,43.39,100.0,19.5,4.16,0.0,0.0
2023-03-12 19:00:00,19,3,0,2530.2,-2530.2,74.7,21.7,1.62,0.0,0.0
2023-03-12 20:00:00,20,3,0,1855.27,-1855.27,56.15,19.8,18.3,0.0,0.0
2023-03-12 21:00:00,21,3,0,2516.84,-2516.84,30.98,18.3,29.25,0.0,0.0
2023-03-12 22:00:00,22,3,0,1710.64,-1710.64,13.87,14.6,15.66,0.0,0.0
2023-03-12 23:00:00,23,3,0,497.94,-497.94,8.89,11.9,1.38,0.0,0.0
2023-03-13 00:00:00,0,3,0,665.47,-665.47,5.0,11.1,1.67,0.0,0.0
2023-03-13 01:00:00,1,3,0,517.61,-517.61,5.0,14.0,3.55,0.0,0.0
2023-03-13 02:00:00,2,3,0,434.17,-434.17,5.0,14.6,4.05,0.0,0.0
2023-03-13 03:00:00,3,3,0,552.59,-552.59,5.0,16.1,4.77,0.0,0.0
2023-03-13 04:00:00,4,3,0,638.32,-638.32,5.0,16.4,2.03,0.0,0.0
2023-03-13 05:00:00,5,3,0,535.94,-535.94,5.0,17.2,1.67,0.0,0.0
2023-03-13 06:00:00,6,3,0,386.77,-386.77,5.0,15.7,2.7,0.0,0.0
2023-03-13 07:00:00,7,3,0,1986.38,-1986.38,5.0,18.3,41.56,0.0,0.0
2023-03-13 08:00:00,8,3,442.32,2165.8,-1723.48,5.0,20.0,31.62,0.0,0.0
2023-03-13 09:00:00,9,3,1013.88,1646.05,-632.17,5.0,21.7,45.67,0.0,0.0
2023-03-13 10:00:00,10,3,1643.08,480.45,1162.63,16.63,21.8,3.67,0.0,0.0
2023-03-13 11:00:00,11,3,1955.62,432.05,1523.57,31.86,18.4,3.31,0.0,0.0
2023-03-13 12:00:00,12,3,2333.13,434.39,1898.74,50.85,23.5,2.25,0.0,0.0
2023-03-13 13:00:00,13,3,2891.29,374.55,2516.73,76.02,25.0,4.37,0.0,0.0
2023-03-13 14:00:00,14,3,344.54,554.63,-210.09,73.92,22.1,4.01,0.0,0.0
2023-03-13 15:00:00,15,3,2345.78,543.88,1801.89,91.93,20.3,2.98,0.0,0.0
2023-03-13 16:00:00,16,3,1369.36,555.45,813.91,100.0,20.7,1.82,0.0,0.0
2023-03-13 17:00:00,17,3,1201.99,547.16,654.83,100.0,28.6,4.27,0.0,0.0
2023-03-13 18:00:00,18,3,534.11,311.91,222.2,100.0,20.4,1.06,0.0,0.0
2023-03-13 19:00:00,19,3,0,2952.41,-2952.41,70.48,22.0,2.73,0.0,0.0
2023-03-13 20:00:00,20,3,0,2149.38,-2149.38,48.98,22.3,29.46,0.0,0.0
2023-03-13 21:00:00,21,3,0,2031.78,-2031.78,28.66,15.8,20.85,0.0,0.0
2023-03-13 22:00:00,22,3,0,2455.84,-2455.84,5.0,17.0,31.89,0.0,0.0
2023-03-13 23:00:00,23,3,0,318.53,-318.53,5.0,16.9,2.15,0.0,0.0
2023-03-14 00:00:00,0,3,0,456.76,-456.76,5.0,13.5,1.21,0.0,0.0
2023-03-14 01:00:00,1,3,0,715.4,-715.4,5.0,13.4,2.69,0.0,0.0
2023-03-14 02:00:00,2,3,0,386.91,-386.91,5.0,14.0,2.48,0.0,0.0
2023-03-14 03:00:00,3,3,0,729.08,-729.08,5.0,14.8,2.16,0.0,0.0
2023-03-14 04:00:00,4,3,0,737.0,-737.0,5.0,14.5,4.38,0.0,0.0
2023-03-14 05:00:00,5,3,0,503.51,-503.51,5.0,19.4,4.67,0.0,0.0
2023-03-14 06:00:00,6,3,0,578.45,-578.45,5.0,15.3,2.64,0.0,0.0
2023-03-14 07:00:00,7,3,0,2587.2,-2587.2,5.0,18.0,47.4,0.0,0.0
2023-03-14 08:00:00,8,3,395.99,2140.6,-1744.62,5.0,19.5,21.36,0.0,0.0
2023-03-14 09:00:00,9,3,885.2,2167.12,-1281.91,5.0,19.9,38.84,0.0,0.0
2023-03-14 10:00:00,10,3,1401.13,402.01,999.12,14.99,21.3,2.08,0.0,0.0
2023-03-14 11:00:00,11,3,2066.64,555.39,1511.24,30.1,22.1,1.34,0.0,0.0
2023-03-14 12:00:00,12,3,2551.56,423.71,2127.85,51.38,22.3,4.12,0.0,0.0
2023-03-14 13:00:00,13,3,2935.84,409.53,2526.31,76.65,24.7,4.46,0.0,0.0
2023-03-14 14:00:00,14,3,2598.66,701.02,1897.64,95.62,21.7,3.54,0.0,0.0
2023-03-14 15:00:00,15,3,2008.98,315.44,1693.54,100.0,23.7,1.21,0.0,0.0
2023-03-14 16:00:00,16,3,1575.26,425.42,1149.84,100.0,24.1,2.52,0.0,0.0
2023-03-14 17:00:00,17,3,1000.33,391.55,608.78,100.0,19.6,3.54,0.0,0.0
2023-03-14 18:00:00,18,3,379.92,685.18,-305.25,96.95,19.6,4.19,0.0,0.0
2023-03-14 19:00:00,19,3,0,1450.62,-1450.62,82.44,20.4,4.4,0.0,0.0
2023-03-14 20:00:00,20,3,0,2553.36,-2553.36,56.91,16.6,30.92,0.0,0.0
2023-03-14 21:00:00,21,3,0,2210.64,-2210.64,34.8,16.8,19.52,0.0,0.0
2023-03-14 22:00:00,22,3,0,1708.95,-1708.95,17.71,15.8,30.21,0.0,0.0
2023-03-14 23:00:00,23,3,0,443.75,-443.75,13.27,17.4,3.22,0.0,0.0
2023-03-15 00:00:00,0,3,0,737.62,-737.62,5.9,10.4,2.83,0.0,0.0
2023-03-15 01:00:00,1,3,0,504.62,-504.62,5.0,11.5,4.77,0.0,0.0
2023-03-15 02:00:00,2,3,0,626.15,-626.15,5.0,11.4,4.83,0.0,0.0
2023-03-15 03:00:00,3,3,0,418.69,-418.69,5.0,14.3,2.57,0.0,0.0
2023-03-15 04:00:00,4,3,0,636.69,-636.69,5.0,16.9,4.32,0.0,0.0
2023-03-15 05:00:00,5,3,0,246.43,-246.43,5.0,18.0,3.13,0.0,0.0
2023-03-15 06:00:00,6,3,0,726.05,-726.05,5.0,16.8,2.37,0.0,0.0
2023-03-15 07:00:00,7,3,101.45,2295.12,-2193.67,5.0,17.3,27.04,0.0,0.0
2023-03-15 08:00:00,8,3,460.17,2277.93,-1817.75,5.0,21.4,42.64,0.0,0.0
2023-03-15 09:00:00,9,3,1106.42,2054.23,-947.82,5.0,19.6,46.29,0.0,0.0
2023-03-15 10:00:00,10,3,225.98,548.8,-322.82,5.0,21.0,1.72,0.0,0.0
2023-03-15 11:00:00,11,3,2130.53,688.55,1441.98,19.42,21.3,2.13,0.0,0.0
2023-03-15 12:00:00,12,3,2360.58,729.08,1631.5,35.73,21.3,4.92,0.0,0.0
2023-03-15 13:00:00,13,3,2899.38,412.65,2486.72,60.6,25.4,1.99,0.0,0.0
2023-03-15 14:00:00,14,3,2553.81,309.51,2244.3,83.04,24.5,4.42,0.0,0.0
2023-03-15 15:00:00,15,3,1996.53,641.25,1355.28,96.6,24.7,2.67,0.0,0.0
2023-03-15 16:00:00,16,3,1426.82,246.06,1180.76,100.0,24.8,4.78,0.0,0.0
2023-03-15 17:00:00,17,3,1013.3,333.21,680.09,100.0,25.9,1.49,0.0,0.0
2023-03-15 18:00:00,18,3,415.72,639.06,-223.33,97.77,21.7,4.94,0.0,0.0
2023-03-15 19:00:00,19,3,301.26,2105.9,-1804.65,79.72,20.3,4.69,0.0,0.0
2023-03-15 20:00:00,20,3,0,1663.76,-1663.76,63.08,23.4,24.06,0.0,0.0
2023-03-15 21:00:00,21,3,0,1964.69,-1964.69,43.44,19.6,23.99,0.0,0.0
2023-03-15 22:00:00,22,3,0,1596.61,-1596.61,27.47,18.4,28.77,0.0,0.0
2023-03-15 23:00:00,23,3,0,560.59,-560.59,21.86,15.5,3.69,0.0,0.0
2023-03-16 00:00:00,0,3,0,496.72,-496.72,16.9,10.1,1.79,0.0,0.0
2023-03-16 01:00:00,1,3,0,380.82,-380.82,13.09,13.9,2.76,0.0,0.0
2023-03-16 02:00:00,2,3,0,256.62,-256.62,10.52,13.6,4.87,0.0,0.0
2023-03-16 03:00:00,3,3,0,584.11,-584.11,5.0,13.3,3.16,0.0,0.0
2023-03-16 04:00:00,4,3,0,566.42,-566.42,5.0,12.0,2.38,0.0,0.0
2023-03-16 05:00:00,5,3,0,715.85,-715.85,5.0,18.9,4.13,0.0,0.0
2023-03-16 06:00:00,6,3,0,433.24,-433.24,5.0,19.8,4.48,0.0,0.0
2023-03-16 07:00:00,7,3,0,1653.22,-1653.22,5.0,17.3,38.29,0.0,0.0
2023-03-16 08:00:00,8,3,257.57,1692.99,-1435.42,5.0,19.0,46.89,0.0,0.0
2023-03-16 09:00:00,9,3,938.78,1538.4,-599.62,5.0,19.9,48.74,0.0,0.0
2023-03-16 10:00:00,10,3,1619.8,731.43,888.37,13.88,23.1,1.75,0.0,0.0
2023-03-16 11:00:00,11,3,1885.45,523.86,1361.59,27.5,18.7,1.99,0.0,0.0
2023-03-16 12:00:00,12,3,2444.35,379.38,2064.97,48.15,22.4,1.38,0.0,0.0
2023-03-16 13:00:00,13,3,439.17,766.31,-327.14,44.88,22.7,1.31,0.0,0.0
2023-03-16 14:00:00,14,3,2707.71,481.91,2225.8,67.14,23.9,2.56,0.0,0.0
2023-03-16 15:00:00,15,3,2056.9,495.02,1561.88,82.75,24.1,3.36,0.0,0.0
2023-03-16 16:00:00,16,3,1512.4,514.83,997.58,92.73,24.3,1.37,0.0,0.0
2023-03-16 17:00:00,17,3,1057.05,469.25,587.8,98.61,26.6,3.95,0.0,0.0
2023-03-16 18:00:00,18,3,621.49,365.93,255.56,100.0,20.9,4.71,0.0,0.0
2023-03-16 19:00:00,19,3,90.05,2419.93,-2329.89,76.7,19.6,4.68,0.0,0.0
2023-03-16 20:00:00,20,3,0,1823.96,-1823.96,58.46,17.9,17.29,0.0,0.0
2023-03-16 21:00:00,21,3,0,2558.99,-2558.99,32.87,18.4,33.23,0.0,0.0
2023-03-16 22:00:00,22,3,0,2067.37,-2067.37,12.2,17.8,28.82,0.0,0.0
2023-03-16 23:00:00,23,3,0,467.37,-467.37,7.52,15.1,4.67,0.0,0.0
2023-03-17 00:00:00,0,3,0,491.7,-491.7,5.0,13.0,3.94,0.0,0.0
2023-03-17 01:00:00,1,3,0,497.93,-497.93,5.0,11.0,3.53,0.0,0.0
2023-03-17 02:00:00,2,3,0,467.9,-467.9,5.0,10.5,2.47,0.0,0.0
2023-03-17 03:00:00,3,3,0,547.28,-547.28,5.0,11.7,4.48,0.0,0.0
2023-03-17 04:00:00,4,3,0,430.53,-430.53,5.0,13.3,1.72,0.0,0.0
2023-03-17 05:00:00,5,3,0,707.43,-707.43,5.0,19.3,2.39,0.0,0.0
2023-03-17 06:00:00,6,3,0,547.41,-547.41,5.0,19.2,1.08,0.0,0.0
2023-03-17 07:00:00,7,3,63.88,2203.96,-2140.08,5.0,20.2,27.9,0.0,0.0
2023-03-17 08:00:00,8,3,394.6,2334.88,-1940.28,5.0,16.7,41.89,0.0,0.0
2023-03-17 09:00:00,9,3,906.15,2335.8,-1429.65,5.0,21.1,23.5,0.0,0.0
2023-03-17 10:00:00,10,3,1481.26,607.45,873.81,13.74,18.9,4.34,0.0,0.0
2023-03-17 11:00:00,11,3,2139.7,407.2,1732.5,31.06,23.5,3.31,0.0,0.0
2023-03-17 12:00:00,12,3,2517.71,482.96,2034.76,51.41,21.3,1.12,0.0,0.0
2023-03-17 13:00:00,13,3,3020.46,368.59,2651.86,77.93,23.0,2.62,0.0,0.0
2023-03-17 14:00:00,14,3,2457.71,592.21,1865.49,96.58,28.0,2.05,0.0,0.0
2023-03-17 15:00:00,15,3,2125.24,711.99,1413.25,100.0,24.2,2.79,0.0,0.0
2023-03-17 16:00:00,16,3,1445.42,732.59,712.83,100.0,23.2,4.93,0.0,0.0
2023-03-17 17:00:00,17,3,1086.8,504.47,582.32,100.0,23.5,1.44,0.0,0.0
2023-03-17 18:00:00,18,3,595.03,511.98,83.04,100.0,17.2,4.14,0.0,0.0
2023-03-17 19:00:00,19,3,204.91,1574.16,-1369.25,86.31,21.7,2.27,0.0,0.0
2023-03-17 20:00:00,20,3,0,2892.38,-2892.38,57.38,21.6,31.35,0.0,0.0
2023-03-17 21:00:00,21,3,0,1260.25,-1260.25,44.78,18.3,29.14,0.0,0.0
2023-03-17 22:00:00,22,3,0,1932.65,-1932.65,25.45,19.2,23.62,0.0,0.0
2023-03-17 23:00:00,23,3,0,699.67,-699.67,18.46,15.8,3.64,0.0,0.0
2023-03-18 00:00:00,0,3,0,492.98,-492.98,13.53,13.2,3.25,0.0,0.0
2023-03-18 01:00:00,1,3,0,536.3,-536.3,8.17,13.7,2.67,0.0,0.0
2023-03-18 02:00:00,2,3,0,450.28,-450.28,5.0,11.7,2.91,0.0,0.0
2023-03-18 03:00:00,3,3,0,293.71,-293.71,5.0,15.2,4.87,0.0,0.0
2023-03-18 04:00:00,4,3,0,524.48,-524.48,5.0,15.7,2.02,0.0,0.0
2023-03-18 05:00:00,5,3,0,627.95,-627.95,5.0,18.4,4.53,0.0,0.0
2023-03-18 06:00:00,6,3,0,422.55,-422.55,5.0,17.8,1.65,0.0,0.0
2023-03-18 07:00:00,7,3,0,1375.78,-1375.78,5.0,14.9,39.86,0.0,0.0
2023-03-18 08:00:00,8,3,534.73,1344.71,-809.98,5.0,20.5,40.23,0.0,0.0
2023-03-18 09:00:00,9,3,1105.46,2179.36,-1073.9,5.0,13.3,47.62,0.0,0.0
2023-03-18 10:00:00,10,3,1502.34,639.18,863.16,13.63,22.7,1.12,0.0,0.0
2023-03-18 11:00:00,11,3,1796.01,530.07,1265.94,26.29,20.9,1.23,0.0,0.0
2023-03-18 12:00:00,12,3,2405.95,416.01,1989.93,46.19,24.5,4.15,0.0,0.0
2023-03-18 13:00:00,13,3,2905.05,480.42,2424.62,70.44,21.3,3.59,0.0,0.0
2023-03-18 14:00:00,14,3,2491.14,504.95,1986.19,90.3,25.8,2.39,0.0,0.0
2023-03-18 15:00:00,15,3,2044.49,480.51,1563.98,100.0,23.8,3.39,0.0,0.0
2023-03-18 16:00:00,16,3,1457.23,402.62,1054.61,100.0,23.4,2.53,0.0,0.0
2023-03-18 17:00:00,17,3,1015.86,308.52,707.34,100.0,20.9,3.59,0.0,0.0
2023-03-18 18:00:00,18,3,535.61,514.74,20.86,100.0,24.0,2.24,0.0,0.0
2023-03-18 19:00:00,19,3,43.61,2067.29,-2023.67,79.76,20.4,4.13,0.0,0.0
2023-03-18 20:00:00,20,3,0,2379.2,-2379.2,55.97,17.7,22.52,0.0,0.0
2023-03-18 21:00:00,21,3,0,1674.97,-1674.97,39.22,21.1,20.17,0.0,0.0
2023-03-18 22:00:00,22,3,0,2283.53,-2283.53,16.39,17.1,23.0,0.0,0.0
2023-03-18 23:00:00,23,3,0,457.49,-457.49,11.81,17.9,1.67,0.0,0.0
2023-03-19 00:00:00,0,3,0,301.33,-301.33,8.8,11.9,1.48,0.0,0.0
2023-03-19 01:00:00,1,3,0,618.17,-618.17,5.0,8.8,4.58,0.0,0.0
2023-03-19 02:00:00,2,3,0,476.78,-476.78,5.0,14.8,1.54,0.0,0.0
2023-03-19 03:00:00,3,3,0,448.89,-448.89,5.0,14.8,3.72,0.0,0.0
2023-03-19 04:00:00,4,3,0,319.02,-319.02,5.0,14.5,2.09,0.0,0.0
2023-03-19 05:00:00,5,3,0,579.43,-579.43,5.0,16.5,1.38,0.0,0.0
2023-03-19 06:00:00,6,3,0,567.37,-567.37,5.0,20.4,3.01,0.0,0.0
2023-03-19 07:00:00,7,3,0,2581.92,-2581.92,5.0,18.1,46.24,0.0,0.0
2023-03-19 08:00:00,8,3,530.11,2344.76,-1814.65,5.0,20.6,31.37,0.0,0.0
2023-03-19 09:00:00,9,3,1018.66,2280.24,-1261.58,5.0,23.2,27.84,0.0,0.0
2023-03-19 10:00:00,10,3,1477.28,531.63,945.65,14.46,21.8,1.58,0.0,0.0
2023-03-19 11:00:00,11,3,1847.81,460.26,1387.55,28.33,23.3,2.26,0.0,0.0
2023-03-19 12:00:00,12,3,2454.7,446.23,2008.47,48.42,24.7,3.31,0.0,0.0
2023-03-19 13:00:00,13,3,3008.98,651.79,2357.19,71.99,25.4,1.83,0.0,0.0
2023-03-19 14:00:00,14,3,389.06,612.83,-223.77,69.75,22.7,3.39,0.0,0.0
2023-03-19 15:00:00,15,3,1916.03,376.21,1539.82,85.15,23.7,4.66,0.0,0.0
2023-03-19 16:00:00,16,3,1508.53,320.47,1188.06,97.03,23.0,4.87,0.0,0.0
2023-03-19 17:00:00,17,3,1164.4,566.02,598.38,100.0,27.1,1.5,0.0,0.0
2023-03-19 18:00:00,18,3,394.6,379.29,15.3,100.0,20.9,4.71,0.0,0.0
2023-03-19 19:00:00,19,3,126.77,1478.7,-1351.93,86.48,20.9,4.68,0.0,0.0
2023-03-19 20:00:00,20,3,0,2478.74,-2478.74,61.69,21.4,25.76,0.0,0.0
2023-03-19 21:00:00,21,3,0,2116.82,-2116.82,40.53,21.5,17.7,0.0,0.0
2023-03-19 22:00:00,22,3,0,2697.3,-2697.3,13.55,17.0,21.84,0.0,0.0
2023-03-19 23:00:00,23,3,0,485.6,-485.6,8.7,15.4,1.03,0.0,0.0
2023-03-20 00:00:00,0,3,0,526.43,-526.43,5.0,9.8,3.04,0.0,0.0
2023-03-20 01:00:00,1,3,0,707.26,-707.26,5.0,11.9,1.16,0.0,0.0
2023-03-20 02:00:00,2,3,0,744.44,-744.44,5.0,9.4,2.41,0.0,0.0
2023-03-20 03:00:00,3,3,0,689.74,-689.74,5.0,14.5,4.24,0.0,0.0
2023-03-20 04:00:00,4,3,0,434.22,-434.22,5.0,16.9,4.13,0.0,0.0
2023-03-20 05:00:00,5,3,0,602.16,-602.16,5.0,17.3,2.48,0.0,0.0
2023-03-20 06:00:00,6,3,0,406.94,-406.94,5.0,13.3,2.07,0.0,0.0
2023-03-20 07:00:00,7,3,107.0,2499.0,-2392.0,5.0,18.4,45.89,0.0,0.0
2023-03-20 08:00:00,8,3,398.43,1593.37,-1194.94,5.0,18.9,46.69,0.0,0.0
2023-03-20 09:00:00,9,3,1032.22,2477.12,-1444.9,5.0,17.8,34.42,0.0,0.0
2023-03-20 10:00:00,10,3,1330.86,497.24,833.62,13.34,24.5,1.07,0.0,0.0
2023-03-20 11:00:00,11,3,2127.43,690.32,1437.11,27.71,22.3,4.48,0.0,0.0
2023-03-20 12:00:00,12,3,2593.18,531.7,2061.48,48.32,25.0,2.98,0.0,0.0
2023-03-20 13:00:00,13,3,3094.03,414.61,2679.42,75.12,24.2,4.66,0.0,0.0
2023-03-20 14:00:00,14,3,2496.29,274.44,2221.85,97.33,24.4,1.32,0.0,0.0
2023-03-20 15:00:00,15,3,284.74,403.88,-119.14,96.14,24.7,3.08,0.0,0.0
2023-03-20 16:00:00,16,3,1341.55,366.7,974.86,100.0,23.2,1.52,0.0,0.0
2023-03-20 17:00:00,17,3,888.6,490.89,397.71,100.0,22.8,2.0,0.0,0.0
2023-03-20 18:00:00,18,3,340.48,442.74,-102.26,98.98,23.9,1.72,0.0,0.0
2023-03-20 19:00:00,19,3,0,1770.41,-1770.41,81.27,19.7,2.08,0.0,0.0
2023-03-20 20:00:00,20,3,0,1858.09,-1858.09,62.69,19.2,34.93,0.0,0.0
2023-03-20 21:00:00,21,3,0,2157.74,-2157.74,41.12,18.9,19.94,0.0,0.0
2023-03-20 22:00:00,22,3,0,2671.32,-2671.32,14.4,17.0,30.72,0.0,0.0
2023-03-20 23:00:00,23,3,0,688.56,-688.56,7.52,15.4,2.0,0.0,0.0
2023-03-21 00:00:00,0,3,0,764.54,-764.54,5.0,14.6,3.79,0.0,0.0
2023-03-21 01:00:00,1,3,0,701.39,-701.39,5.0,10.6,2.56,0.0,0.0
2023-03-21 02:00:00,2,3,0,655.37,-655.37,5.0,10.9,2.18,0.0,0.0
2023-03-21 03:00:00,3,3,0,552.4,-552.4,5.0,12.2,4.72,0.0,0.0
2023-03-21 04:00:00,4,3,0,370.5,-370.5,5.0,15.8,3.45,0.0,0.0
2023-03-21 05:00:00,5,3,0,669.27,-669.27,5.0,14.2,1.65,0.0,0.0
2023-03-21 06:00:00,6,3,0,588.46,-588.46,5.0,17.4,2.57,0.0,0.0
2023-03-21 07:00:00,7,3,0,2475.74,-2475.74,5.0,16.2,36.74,0.0,0.0
2023-03-21 08:00:00,8,3,520.89,2400.12,-1879.23,5.0,21.2,49.11,0.0,0.0
2023-03-21 09:00:00,9,3,886.22,2151.68,-1265.46,5.0,22.1,40.16,0.0,0.0
2023-03-21 10:00:00,10,3,1420.51,623.03,797.48,12.97,18.2,2.63,0.0,0.0
2023-03-21 11:00:00,11,3,1813.66,490.0,1323.65,26.21,22.6,4.97,0.0,0.0
2023-03-21 12:00:00,12,3,2598.33,445.81,2152.52,47.74,23.3,1.37,0.0,0.0
2023-03-21 13:00:00,13,3,455.68,512.22,-56.54,47.17,25.2,3.31,0.0,0.0
2023-03-21 14:00:00,14,3,2355.11,531.53,1823.58,65.41,26.8,2.54,0.0,0.0
2023-03-21 15:00:00,15,3,283.36,369.5,-86.14,64.55,22.2,3.63,0.0,0.0
2023-03-21 16:00:00,16,3,1635.95,607.14,1028.81,74.83,24.5,1.46,0.0,0.0
2023-03-21 17:00:00,17,3,865.97,582.29,283.68,77.67,25.2,2.35,0.0,0.0
2023-03-21 18:00:00,18,3,639.69,474.63,165.07,79.32,21.4,2.91,0.0,0.0
2023-03-21 19:00:00,19,3,0,1376.69,-1376.69,65.55,15.3,4.6,0.0,0.0
2023-03-21 20:00:00,20,3,0,1560.23,-1560.23,49.95,16.1,24.16,0.0,0.0
2023-03-21 21:00:00,21,3,0,2546.96,-2546.96,24.48,18.5,16.02,0.0,0.0
2023-03-21 22:00:00,22,3,0,1497.34,-1497.34,9.51,19.4,24.59,0.0,0.0
2023-03-21 23:00:00,23,3,0,656.16,-656.16,5.0,13.0,4.15,0.0,0.0
2023-03-22 00:00:00,0,3,0,451.49,-451.49,5.0,7.9,1.32,0.0,0.0
2023-03-22 01:00:00,1,3,0,432.26,-432.26,5.0,11.7,4.23,0.0,0.0
2023-03-22 02:00:00,2,3,0,475.49,-475.49,5.0,16.3,4.46,0.0,0.0
2023-03-22 03:00:00,3,3,0,542.32,-542.32,5.0,16.8,1.67,0.0,0.0
2023-03-22 04:00:00,4,3,0,475.53,-475.53,5.0,16.5,3.29,0.0,0.0
2023-03-22 05:00:00,5,3,0,464.02,-464.02,5.0,16.5,3.0,0.0,0.0
2023-03-22 06:00:00,6,3,0,431.2,-431.2,5.0,16.5,4.94,0.0,0.0
2023-03-22 07:00:00,7,3,0,1807.27,-1807.27,5.0,19.4,36.55,0.0,0.0
2023-03-22 08:00:00,8,3,491.29,2853.19,-2361.9,5.0,16.7,29.67,0.0,0.0
2023-03-22 09:00:00,9,3,1024.05,2201.37,-1177.32,5.0,22.6,38.93,0.0,0.0
2023-03-22 10:00:00,10,3,1625.38,584.33,1041.06,15.41,17.1,3.79,0.0,0.0
2023-03-22 11:00:00,11,3,297.77,530.53,-232.76,13.08,22.2,1.55,0.0,0.0
2023-03-22 12:00:00,12,3,2540.98,589.17,1951.81,32.6,23.7,4.6,0.0,0.0
2023-03-22 13:00:00,13,3,3054.23,270.18,2784.05,60.44,19.6,2.95,0.0,0.0
2023-03-22 14:00:00,14,3,2401.94,556.63,1845.31,78.89,26.0,3.93,0.0,0.0
2023-03-22 15:00:00,15,3,1859.5,248.35,1611.16,95.01,23.8,1.98,0.0,0.0
2023-03-22 16:00:00,16,3,1432.14,668.36,763.78,100.0,21.9,2.83,0.0,0.0
2023-03-22 17:00:00,17,3,884.94,432.2,452.74,100.0,21.7,1.14,0.0,0.0
2023-03-22 18:00:00,18,3,489.85,505.86,-16.01,99.84,21.8,4.7,0.0,0.0
2023-03-22 19:00:00,19,3,0,1717.42,-1717.42,82.67,21.5,3.75,0.0,0.0
2023-03-22 20:00:00,20,3,0,2005.43,-2005.43,62.61,18.5,21.91,0.0,0.0
2023-03-22 21:00:00,21,3,0,2471.15,-2471.15,37.9,19.4,16.07,0.0,0.0
2023-03-22 22:00:00,22,3,0,2607.09,-2607.09,11.83,20.5,19.77,0.0,0.0
2023-03-22 23:00:00,23,3,0,580.46,-580.46,6.02,13.2,1.72,0.0,0.0
2023-03-23 00:00:00,0,3,0,397.25,-397.25,5.0,13.1,4.68,0.0,0.0
2023-03-23 01:00:00,1,3,0,639.41,-639.41,5.0,11.2,1.04,0.0,0.0
2023-03-23 02:00:00,2,3,0,403.69,-403.69,5.0,11.6,1.69,0.0,0.0
2023-03-23 03:00:00,3,3,0,514.49,-514.49,5.0,11.1,1.6,0.0,0.0
2023-03-23 04:00:00,4,3,0,470.16,-470.16,5.0,19.6,4.76,0.0,0.0
2023-03-23 05:00:00,5,3,0,329.61,-329.61,5.0,13.0,4.81,0.0,0.0
2023-03-23 06:00:00,6,3,0,557.01,-557.01,5.0,16.4,3.41,0.0,0.0
2023-03-23 07:00:00,7,3,0,2159.13,-2159.13,5.0,17.1,30.18,0.0,0.0
2023-03-23 08:00:00,8,3,538.05,1687.46,-1149.41,5.0,15.9,26.31,0.0,0.0
2023-03-23 09:00:00,9,3,962.6,1559.83,-597.22,5.0,17.0,37.46,0.0,0.0
2023-03-23 10:00:00,10,3,1460.55,604.02,856.53,13.57,22.6,3.14,0.0,0.0
2023-03-23 11:00:00,11,3,1996.41,610.64,1385.77,27.42,19.1,3.56,0.0,0.0
2023-03-23 12:00:00,12,3,391.71,547.73,-156.02,25.86,20.8,3.03,0.0,0.0
2023-03-23 13:00:00,13,3,3248.48,705.88,2542.6,51.29,28.1,2.3,0.0,0.0
2023-03-23 14:00:00,14,3,2509.71,375.89,2133.82,72.63,24.2,2.05,0.0,0.0
2023-03-23 15:00:00,15,3,2177.99,519.89,1658.11,89.21,22.8,4.35,0.0,0.0
2023-03-23 16:00:00,16,3,209.94,385.49,-175.55,87.45,24.2,2.38,0.0,0.0
2023-03-23 17:00:00,17,3,876.09,590.6,285.5,90.31,22.7,4.01,0.0,0.0
2023-03-23 18:00:00,18,3,457.48,536.5,-79.03,89.52,20.3,2.05,0.0,0.0
2023-03-23 19:00:00,19,3,0,1692.51,-1692.51,72.59,21.4,4.02,0.0,0.0
2023-03-23 20:00:00,20,3,0,2172.75,-2172.75,50.86,20.9,23.64,0.0,0.0
2023-03-23 21:00:00,21,3,0,1795.71,-1795.71,32.91,16.3,24.27,0.0,0.0
2023-03-23 22:00:00,22,3,0,1477.6,-1477.6,18.13,16.5,29.15,0.0,0.0
2023-03-23 23:00:00,23,3,0,613.22,-613.22,12.0,16.4,2.36,0.0,0.0
2023-03-24 00:00:00,0,3,0,410.54,-410.54,7.89,13.5,3.29,0.0,0.0
2023-03-24 01:00:00,1,3,0,541.76,-541.76,5.0,13.9,1.18,0.0,0.0
2023-03-24 02:00:00,2,3,0,582.77,-582.77,5.0,14.9,1.46,0.0,0.0
2023-03-24 03:00:00,3,3,0,492.92,-492.92,5.0,13.0,4.74,0.0,0.0
2023-03-24 04:00:00,4,3,0,263.21,-263.21,5.0,17.0,1.81,0.0,0.0
2023-03-24 05:00:00,5,3,0,227.11,-227.11,5.0,18.6,4.0,0.0,0.0
2023-03-24 06:00:00,6,3,0,371.46,-371.46,5.0,15.4,4.06,0.0,0.0
2023-03-24 07:00:00,7,3,0,1785.95,-1785.95,5.0,18.5,49.12,0.0,0.0
2023-03-24 08:00:00,8,3,457.1,1882.63,-1425.53,5.0,17.2,37.77,0.0,0.0
2023-03-24 09:00:00,9,3,1046.23,1467.9,-421.67,5.0,19.6,35.56,0.0,0.0
2023-03-24 10:00:00,10,3,1507.41,452.39,1055.02,15.55,19.2,1.31,0.0,0.0
2023-03-24 11:00:00,11,3,1887.58,384.7,1502.88,30.58,22.2,1.92,0.0,0.0
2023-03-24 12:00:00,12,3,377.51,499.71,-122.19,29.36,22.7,2.28,0.0,0.0
2023-03-24 13:00:00,13,3,2824.52,697.4,2127.12,50.63,22.8,4.13,0.0,0.0
2023-03-24 14:00:00,14,3,2364.09,311.49,2052.6,71.15,24.4,4.05,0.0,0.0
2023-03-24 15:00:00,15,3,1999.57,418.27,1581.3,86.97,29.1,4.43,0.0,0.0
2023-03-24 16:00:00,16,3,1513.5,370.6,1142.9,98.4,23.2,4.18,0.0,0.0
2023-03-24 17:00:00,17,3,1010.37,758.83,251.54,100.0,21.1,4.89,0.0,0.0
2023-03-24 18:00:00,18,3,738.92,369.51,369.4,100.0,25.1,4.13,0.0,0.0
2023-03-24 19:00:00,19,3,83.81,2528.78,-2444.97,75.55,16.8,1.41,0.0,0.0
2023-03-24 20:00:00,20,3,0,2492.47,-2492.47,50.63,19.1,31.07,0.0,0.0
2023-03-24 21:00:00,21,3,0,1661.5,-1661.5,34.01,22.4,26.68,0.0,0.0
2023-03-24 22:00:00,22,3,0,1431.66,-1431.66,19.69,17.9,24.54,0.0,0.0
2023-03-24 23:00:00,23,3,0,444.15,-444.15,15.25,16.2,3.91,0.0,0.0
2023-03-25 00:00:00,0,3,0,512.98,-512.98,10.12,11.6,3.03,0.0,0.0
2023-03-25 01:00:00,1,3,0,289.15,-289.15,7.23,13.5,1.21,0.0,0.0
2023-03-25 02:00:00,2,3,0,491.26,-491.26,5.0,11.9,3.15,0.0,0.0
2023-03-25 03:00:00,3,3,0,496.47,-496.47,5.0,10.8,2.82,0.0,0.0
2023-03-25 04:00:00,4,3,0,305.06,-305.06,5.0,13.0,2.0,0.0,0.0
2023-03-25 05:00:00,5,3,0,374.86,-374.86,5.0,13.5,3.46,0.0,0.0
2023-03-25 06:00:00,6,3,0,507.28,-507.28,5.0,14.2,2.37,0.0,0.0
2023-03-25 07:00:00,7,3,41.69,1795.89,-1754.21,5.0,18.3,29.36,0.0,0.0
2023-03-25 08:00:00,8,3,434.34,1384.11,-949.78,5.0,20.8,37.48,0.0,0.0
2023-03-25 09:00:00,9,3,945.78,2206.29,-1260.51,5.0,19.6,37.15,0.0,0.0
2023-03-25 10:00:00,10,3,1523.56,678.59,844.97,13.45,23.5,4.03,0.0,0.0
2023-03-25 11:00:00,11,3,2074.65,603.83,1470.82,28.16,21.0,1.77,0.0,0.0
2023-03-25 12:00:00,12,3,2476.67,445.33,2031.34,48.47,24.3,4.19,0.0,0.0
2023-03-25 13:00:00,13,3,2823.38,572.54,2250.85,70.98,22.5,3.52,0.0,0.0
2023-03-25 14:00:00,14,3,2404.2,483.54,1920.66,90.19,25.2,1.77,0.0,0.0
2023-03-25 15:00:00,15,3,2110.85,503.66,1607.19,100.0,23.5,3.12,0.0,0.0
2023-03-25 16:00:00,16,3,1603.63,406.1,1197.53,100.0,24.6,2.32,0.0,0.0
2023-03-25 17:00:00,17,3,1141.37,510.69,630.68,100.0,21.7,2.79,0.0,0.0
2023-03-25 18:00:00,18,3,537.86,329.21,208.65,100.0,19.0,1.58,0.0,0.0
2023-03-25 19:00:00,19,3,0,2328.76,-2328.76,76.71,19.5,3.47,0.0,0.0
2023-03-25 20:00:00,20,3,0,2132.45,-2132.45,55.39,18.2,18.01,0.0,0.0
2023-03-25 21:00:00,21,3,0,2120.17,-2120.17,34.19,20.5,15.62,0.0,0.0
2023-03-25 22:00:00,22,3,0,1453.97,-1453.97,19.65,17.8,19.53,0.0,0.0
2023-03-25 23:00:00,23,3,0,705.89,-705.89,12.59,16.7,2.05,0.0,0.0
2023-03-26 00:00:00,0,3,0,458.38,-458.38,8.0,9.4,3.73,0.0,0.0
2023-03-26 01:00:00,1,3,0,439.57,-439.57,5.0,12.4,4.38,0.0,0.0
2023-03-26 02:00:00,2,3,0,472.44,-472.44,5.0,12.8,4.11,0.0,0.0
2023-03-26 03:00:00,3,3,0,652.83,-652.83,5.0,10.9,3.04,0.0,0.0
2023-03-26 04:00:00,4,3,0,557.69,-557.69,5.0,17.8,1.95,0.0,0.0
2023-03-26 05:00:00,5,3,0,508.38,-508.38,5.0,16.9,1.67,0.0,0.0
2023-03-26 06:00:00,6,3,0,443.6,-443.6,5.0,18.3,3.19,0.0,0.0
2023-03-26 07:00:00,7,3,32.3,2811.77,-2779.47,5.0,15.8,27.1,0.0,0.0
2023-03-26 08:00:00,8,3,575.7,2666.51,-2090.81,5.0,19.1,36.7,0.0,0.0
2023-03-26 09:00:00,9,3,1141.87,2327.64,-1185.76,5.0,19.9,27.82,0.0,0.0
2023-03-26 10:00:00,10,3,208.75,570.27,-361.53,5.0,21.3,4.42,0.0,0.0
2023-03-26 11:00:00,11,3,1991.02,412.92,1578.1,20.78,24.1,4.36,0.0,0.0
2023-03-26 12:00:00,12,3,2573.53,569.79,2003.74,40.82,20.1,1.99,0.0,0.0
2023-03-26 13:00:00,13,3,2992.41,337.46,2654.95,67.37,25.7,2.61,0.0,0.0
2023-03-26 14:00:00,14,3,2534.11,531.62,2002.48,87.39,24.5,3.86,0.0,0.0
2023-03-26 15:00:00,15,3,1996.76,554.02,1442.74,100.0,25.0,2.52,0.0,0.0
2023-03-26 16:00:00,16,3,1564.3,538.3,1026.01,100.0,22.3,4.16,0.0,0.0
2023-03-26 17:00:00,17,3,1069.81,560.16,509.65,100.0,20.8,3.94,0.0,0.0
2023-03-26 18:00:00,18,3,521.77,565.37,-43.6,99.56,19.6,2.12,0.0,0.0
2023-03-26 19:00:00,19,3,88.91,2748.71,-2659.8,72.97,18.2,2.82,0.0,0.0
2023-03-26 20:00:00,20,3,0,1498.07,-1498.07,57.99,19.4,25.89,0.0,0.0
2023-03-26 21:00:00,21,3,0,1611.86,-1611.86,41.87,15.7,34.19,0.0,0.0
2023-03-26 22:00:00,22,3,0,2835.14,-2835.14,13.52,16.1,22.07,0.0,0.0
2023-03-26 23:00:00,23,3,0,289.25,-289.25,10.62,13.1,3.16,0.0,0.0
2023-03-27 00:00:00,0,3,0,413.29,-413.29,6.49,10.0,3.32,0.0,0.0
2023-03-27 01:00:00,1,3,0,532.17,-532.17,5.0,12.3,3.57,0.0,0.0
2023-03-27 02:00:00,2,3,0,510.15,-510.15,5.0,8.5,1.7,0.0,0.0
2023-03-27 03:00:00,3,3,0,667.22,-667.22,5.0,12.6,2.45,0.0,0.0
2023-03-27 04:00:00,4,3,0,436.19,-436.19,5.0,16.8,2.39,0.0,0.0
2023-03-27 05:00:00,5,3,0,548.75,-548.75,5.0,14.5,4.62,0.0,0.0
2023-03-27 06:00:00,6,3,0,375.28,-375.28,5.0,15.7,3.44,0.0,0.0
2023-03-27 07:00:00,7,3,0,1599.23,-1599.23,5.0,16.6,42.26,0.0,0.0
2023-03-27 08:00:00,8,3,495.13,2749.39,-2254.25,5.0,20.6,29.02,0.0,0.0
2023-03-27 09:00:00,9,3,973.61,2302.4,-1328.79,5.0,18.2,49.04,0.0,0.0
2023-03-27 10:00:00,10,3,1593.61,387.99,1205.62,17.06,19.4,1.88,0.0,0.0
2023-03-27 11:00:00,11,3,2094.82,382.12,1712.7,34.18,22.8,3.48,0.0,0.0
2023-03-27 12:00:00,12,3,2484.36,363.9,2120.46,55.39,22.2,1.73,0.0,0.0
2023-03-27 13:00:00,13,3,2856.37,418.26,2438.11,79.77,22.3,3.01,0.0,0.0
2023-03-27 14:00:00,14,3,2435.51,529.66,1905.85,98.83,27.8,2.93,0.0,0.0
2023-03-27 15:00:00,15,3,1877.52,625.76,1251.76,100.0,24.6,1.08,0.0,0.0
2023-03-27 16:00:00,16,3,1560.0,414.48,1145.53,100.0,25.8,2.19,0.0,0.0
2023-03-27 17:00:00,17,3,1053.75,473.79,579.96,100.0,20.4,4.87,0.0,0.0
2023-03-27 18:00:00,18,3,481.94,295.42,186.52,100.0,22.5,4.14,0.0,0.0
2023-03-27 19:00:00,19,3,81.5,2811.48,-2729.98,72.7,22.5,4.22,0.0,0.0
2023-03-27 20:00:00,20,3,0,2114.34,-2114.34,51.56,23.5,19.68,0.0,0.0
2023-03-27 21:00:00,21,3,0,2720.79,-2720.79,24.35,20.1,27.6,0.0,0.0
2023-03-27 22:00:00,22,3,0,2585.4,-2585.4,5.0,17.0,23.92,0.0,0.0
2023-03-27 23:00:00,23,3,0,678.31,-678.31,5.0,16.9,4.56,0.0,0.0
2023-03-28 00:00:00,0,3,0,638.83,-638.83,5.0,11.6,1.6,0.0,0.0
2023-03-28 01:00:00,1,3,0,417.09,-417.09,5.0,14.4,2.45,0.0,0.0
2023-03-28 02:00:00,2,3,0,461.6,-461.6,5.0,14.8,2.77,0.0,0.0
2023-03-28 03:00:00,3,3,0,504.71,-504.71,5.0,13.2,1.12,0.0,0.0
2023-03-28 04:00:00,4,3,0,730.39,-730.39,5.0,15.0,3.31,0.0,0.0
2023-03-28 05:00:00,5,3,0,580.56,-580.56,5.0,18.3,4.0,0.0,0.0
2023-03-28 06:00:00,6,3,0,534.58,-534.58,5.0,13.1,4.3,0.0,0.0
2023-03-28 07:00:00,7,3,44.42,2519.78,-2475.36,5.0,17.9,46.73,0.0,0.0
2023-03-28 08:00:00,8,3,65.97,2258.94,-2192.97,5.0,19.4,42.96,0.0,0.0
2023-03-28 09:00:00,9,3,829.72,2414.75,-1585.03,5.0,20.6,38.65,0.0,0.0
2023-03-28 10:00:00,10,3,1487.89,221.13,1266.76,17.67,20.8,4.88,0.0,0.0
2023-03-28 11:00:00,11,3,2092.51,395.05,1697.46,34.64,21.5,3.63,0.0,0.0
2023-03-28 12:00:00,12,3,2500.25,540.83,1959.42,54.24,20.7,1.38,0.0,0.0
2023-03-28 13:00:00,13,3,2980.32,456.34,2523.98,79.48,27.8,4.83,0.0,0.0
2023-03-28 14:00:00,14,3,2448.56,528.49,1920.08,98.68,24.8,1.71,0.0,0.0
2023-03-28 15:00:00,15,3,1860.45,469.45,1391.0,100.0,21.3,2.88,0.0,0.0
2023-03-28 16:00:00,16,3,230.13,511.15,-281.02,97.19,21.7,3.94,0.0,0.0
2023-03-28 17:00:00,17,3,988.17,504.32,483.85,100.0,20.1,1.01,0.0,0.0
2023-03-28 18:00:00,18,3,505.59,432.98,72.62,100.0,18.6,1.16,0.0,0.0
2023-03-28 19:00:00,19,3,0,2178.57,-2178.57,78.21,18.1,2.92,0.0,0.0
2023-03-28 20:00:00,20,3,0,2436.82,-2436.82,53.85,18.0,23.44,0.0,0.0
2023-03-28 21:00:00,21,3,0,1343.07,-1343.07,40.42,16.0,32.79,0.0,0.0
2023-03-28 22:00:00,22,3,0,2813.82,-2813.82,12.28,18.0,30.79,0.0,0.0
2023-03-28 23:00:00,23,3,0,364.21,-364.21,8.64,14.0,4.27,0.0,0.0
2023-03-29 00:00:00,0,3,0,474.08,-474.08,5.0,14.8,1.99,0.0,0.0
2023-03-29 01:00:00,1,3,0,610.68,-610.68,5.0,15.1,2.71,0.0,0.0
2023-03-29 02:00:00,2,3,0,744.13,-744.13,5.0,11.1,1.93,0.0,0.0
2023-03-29 03:00:00,3,3,0,496.95,-496.95,5.0,15.4,1.35,0.0,0.0
2023-03-29 04:00:00,4,3,0,302.97,-302.97,5.0,15.5,2.9,0.0,0.0
2023-03-29 05:00:00,5,3,0,589.55,-589.55,5.0,15.2,4.91,0.0,0.0
2023-03-29 06:00:00,6,3,0,379.65,-379.65,5.0,15.7,1.26,0.0,0.0
2023-03-29 07:00:00,7,3,40.05,2646.88,-2606.83,5.0,21.7,35.04,0.0,0.0
2023-03-29 08:00:00,8,3,549.71,2902.63,-2352.92,5.0,25.4,32.45,0.0,0.0
2023-03-29 09:00:00,9,3,148.34,2171.86,-2023.51,5.0,21.0,20.91,0.0,0.0
2023-03-29 10:00:00,10,3,1636.15,501.16,1134.99,16.35,20.6,1.45,0.0,0.0
2023-03-29 11:00:00,11,3,297.1,462.25,-165.15,14.7,22.0,4.7,0.0,0.0
2023-03-29 12:00:00,12,3,2432.4,549.21,1883.18,33.53,25.2,3.63,0.0,0.0
2023-03-29 13:00:00,13,3,3253.84,538.37,2715.47,60.68,23.5,1.48,0.0,0.0
2023-03-29 14:00:00,14,3,2546.26,514.96,2031.3,81.0,26.0,3.71,0.0,0.0
2023-03-29 15:00:00,15,3,2087.51,544.51,1542.99,96.43,22.8,4.32,0.0,0.0
2023-03-29 16:00:00,16,3,1395.44,606.42,789.02,100.0,22.3,2.1,0.0,0.0
2023-03-29 17:00:00,17,3,956.4,418.51,537.89,100.0,22.3,4.58,0.0,0.0
2023-03-29 18:00:00,18,3,457.23,448.58,8.65,100.0,20.9,2.88,0.0,0.0
2023-03-29 19:00:00,19,3,0,2433.22,-2433.22,75.67,19.8,1.62,0.0,0.0
2023-03-29 20:00:00,20,3,0,1418.44,-1418.44,61.48,16.1,19.47,0.0,0.0
2023-03-29 21:00:00,21,3,0,2427.17,-2427.17,37.21,15.2,29.3,0.0,0.0
2023-03-29 22:00:00,22,3,0,2427.15,-2427.15,12.94,14.9,16.99,0.0,0.0
2023-03-29 23:00:00,23,3,0,448.67,-448.67,8.45,15.5,2.95,0.0,0.0
2023-03-30 00:00:00,0,3,0,587.91,-587.91,5.0,13.7,3.04,0.0,0.0
2023-03-30 01:00:00,1,3,0,402.98,-402.98,5.0,14.5,1.86,0.0,0.0
2023-03-30 02:00:00,2,3,0,636.63,-636.63,5.0,14.5,3.99,0.0,0.0
2023-03-30 03:00:00,3,3,0,533.29,-533.29,5.0,16.0,1.45,0.0,0.0
2023-03-30 04:00:00,4,3,0,346.66,-346.66,5.0,14.6,1.09,0.0,0.0
2023-03-30 05:00:00,5,3,0,363.49,-363.49,5.0,14.1,4.92,0.0,0.0
2023-03-30 06:00:00,6,3,0,415.49,-415.49,5.0,16.5,4.91,0.0,0.0
2023-03-30 07:00:00,7,3,0,2221.58,-2221.58,5.0,13.5,21.89,0.0,0.0
2023-03-30 08:00:00,8,3,576.79,2152.6,-1575.81,5.0,15.2,32.26,0.0,0.0
2023-03-30 09:00:00,9,3,1092.46,1799.65,-707.19,5.0,18.0,26.41,0.0,0.0
2023-03-30 10:00:00,10,3,1451.16,407.61,1043.54,15.44,20.6,4.61,0.0,0.0
2023-03-30 11:00:00,11,3,2131.17,617.48,1513.69,30.57,21.6,2.34,0.0,0.0
2023-03-30 12:00:00,12,3,2572.52,422.3,2150.22,52.07,22.5,2.74,0.0,0.0
2023-03-30 13:00:00,13,3,2845.64,447.19,2398.45,76.06,23.2,3.06,0.0,0.0
2023-03-30 14:00:00,14,3,2623.11,497.93,2125.18,97.31,26.6,3.38,0.0,0.0
2023-03-30 15:00:00,15,3,1932.68,391.25,1541.43,100.0,25.1,1.05,0.0,0.0
2023-03-30 16:00:00,16,3,1493.21,649.04,844.17,100.0,23.5,2.53,0.0,0.0
2023-03-30 17:00:00,17,3,1002.65,467.85,534.81,100.0,21.3,1.22,0.0,0.0
2023-03-30 18:00:00,18,3,494.53,425.68,68.85,100.0,23.8,1.34,0.0,0.0
2023-03-30 19:00:00,19,3,0,2551.51,-2551.51,74.48,17.2,3.92,0.0,0.0
2023-03-30 20:00:00,20,3,0,1477.84,-1477.84,59.71,15.8,18.91,0.0,0.0
2023-03-30 21:00:00,21,3,0,2800.26,-2800.26,31.7,19.4,30.85,0.0,0.0
2023-03-30 22:00:00,22,3,0,2287.45,-2287.45,8.83,19.7,27.44,0.0,0.0
2023-03-30 23:00:00,23,3,0,478.88,-478.88,5.0,12.2,3.5,0.0,0.0
2023-03-31 00:00:00,0,3,0,529.61,-529.61,5.0,8.4,2.84,0.0,0.0
2023-03-31 01:00:00,1,3,0,543.46,-543.46,5.0,16.3,1.93,0.0,0.0
2023-03-31 02:00:00,2,3,0,352.52,-352.52,5.0,11.9,1.79,0.0,0.0
2023-03-31 03:00:00,3,3,0,326.01,-326.01,5.0,15.3,4.39,0.0,0.0
2023-03-31 04:00:00,4,3,0,261.01,-261.01,5.0,17.0,3.94,0.0,0.0
2023-03-31 05:00:00,5,3,0,252.53,-252.53,5.0,15.4,1.36,0.0,0.0
2023-03-31 06:00:00,6,3,0,482.31,-482.31,5.0,13.4,1.9,0.0,0.0
2023-03-31 07:00:00,7,3,122.44,2268.79,-2146.35,5.0,14.9,33.84,0.0,0.0
2023-03-31 08:00:00,8,3,552.06,1415.87,-863.81,5.0,22.0,39.03,0.0,0.0
2023-03-31 09:00:00,9,3,907.3,1657.03,-749.73,5.0,20.8,31.73,0.0,0.0
2023-03-31 10:00:00,10,3,1469.99,322.71,1147.28,16.47,18.5,2.49,0.0,0.0
2023-03-31 11:00:00,11,3,2074.91,491.47,1583.45,32.31,21.2,3.71,0.0,0.0
2023-03-31 12:00:00,12,3,2442.74,338.12,2104.62,53.35,21.5,2.69,0.0,0.0
2023-03-31 13:00:00,13,3,2960.38,439.15,2521.23,78.57,26.8,3.33,0.0,0.0
2023-03-31 14:00:00,14,3,2487.08,470.18,2016.9,98.73,28.8,4.64,0.0,0.0
2023-03-31 15:00:00,15,3,1901.58,459.48,1442.1,100.0,21.6,2.68,0.0,0.0
2023-03-31 16:00:00,16,3,1448.04,419.9,1028.13,100.0,24.3,1.38,0.0,0.0
2023-03-31 17:00:00,17,3,1012.03,520.83,491.2,100.0,23.9,2.0,0.0,0.0
2023-03-31 18:00:00,18,3,543.5,417.82,125.68,100.0,26.3,3.33,0.0,0.0
2023-03-31 19:00:00,19,3,88.68,2421.66,-2332.98,76.67,19.4,1.81,0.0,0.0
2023-03-31 20:00:00,20,3,0,2502.63,-2502.63,51.64,19.8,34.94,0.0,0.0
2023-03-31 21:00:00,21,3,0,2902.43,-2902.43,22.62,16.3,33.76,0.0,0.0
2023-03-31 22:00:00,22,3,0,1485.99,-1485.99,7.76,15.8,23.37,0.0,0.0
2023-03-31 23:00:00,23,3,0,445.04,-445.04,5.0,18.8,1.19,0.0,0.0
2023-04-01 00:00:00,0,4,0,463.2,-463.2,5.0,5.9,4.1,0.0,0.0
2023-04-01 01:00:00,1,4,0,691.33,-691.33,5.0,15.9,4.61,0.0,0.0
2023-04-01 02:00:00,2,4,0,441.43,-441.43,5.0,13.2,3.22,0.0,0.0
2023-04-01 03:00:00,3,4,0,520.87,-520.87,5.0,16.0,1.99,0.0,0.0
2023-04-01 04:00:00,4,4,0,396.86,-396.86,5.0,15.6,4.58,0.0,0.0
2023-04-01 05:00:00,5,4,0,461.82,-461.82,5.0,20.2,2.4,0.0,0.0
2023-04-01 06:00:00,6,4,0,318.21,-318.21,5.0,14.1,3.0,0.0,0.0
2023-04-01 07:00:00,7,4,0,1638.74,-1638.74,5.0,16.3,23.92,0.0,0.0
2023-04-01 08:00:00,8,4,575.18,1828.19,-1253.01,5.0,21.5,22.2,0.0,0.0
2023-04-01 09:00:00,9,4,162.31,1907.44,-1745.14,5.0,23.2,21.38,0.0,0.0
2023-04-01 10:00:00,10,4,1576.08,492.65,1083.42,15.83,21.4,3.92,0.0,0.0
2023-04-01 11:00:00,11,4,310.45,523.46,-213.01,13.7,23.2,2.17,0.0,0.0
2023-04-01 12:00:00,12,4,2549.89,650.84,1899.05,32.69,25.2,3.32,0.0,0.0
2023-04-01 13:00:00,13,4,3041.04,699.85,2341.19,56.11,25.6,4.93,0.0,0.0
2023-04-01 14:00:00,14,4,370.83,647.1,-276.27,53.34,25.1,1.5,0.0,0.0
2023-04-01 15:00:00,15,4,2111.08,454.63,1656.45,69.91,27.8,1.17,0.0,0.0
2023-04-01 16:00:00,16,4,225.42,656.43,-431.02,65.6,26.0,3.58,0.0,0.0
2023-04-01 17:00:00,17,4,965.18,368.26,596.92,71.57,18.9,1.27,0.0,0.0
2023-04-01 18:00:00,18,4,413.93,348.52,65.41,72.22,22.8,1.43,0.0,0.0
2023-04-01 19:00:00,19,4,0,1434.91,-1434.91,57.87,23.0,2.64,0.0,0.0
2023-04-01 20:00:00,20,4,0,2247.36,-2247.36,35.4,18.0,27.4,0.0,0.0
2023-04-01 21:00:00,21,4,0,2600.1,-2600.1,9.4,18.4,32.0,0.0,0.0
2023-04-01 22:00:00,22,4,0,1696.1,-1696.1,5.0,17.7,34.33,0.0,0.0
2023-04-01 23:00:00,23,4,0,389.1,-389.1,5.0,16.8,2.78,0.0,0.0
2023-04-02 00:00:00,0,4,0,398.51,-398.51,5.0,10.7,1.82,0.0,0.0
2023-04-02 01:00:00,1,4,0,386.68,-386.68,5.0,12.3,4.36,0.0,0.0
2023-04-02 02:00:00,2,4,0,475.37,-475.37,5.0,12.3,1.81,0.0,0.0
2023-04-02 03:00:00,3,4,0,532.52,-532.52,5.0,13.2,1.73,0.0,0.0
2023-04-02 04:00:00,4,4,0,296.67,-296.67,5.0,17.4,4.67,0.0,0.0
2023-04-02 05:00:00,5,4,0,409.38,-409.38,5.0,14.8,1.29,0.0,0.0
2023-04-02 06:00:00,6,4,0,416.38,-416.38,5.0,17.8,2.84,0.0,0.0
2023-04-02 07:00:00,7,4,0,2111.82,-2111.82,5.0,15.8,44.53,0.0,0.0
2023-04-02 08:00:00,8,4,612.09,1687.33,-1075.24,5.0,14.8,43.05,0.0,0.0
2023-04-02 09:00:00,9,4,1018.79,2088.11,-1069.31,5.0,17.9,35.64,0.0,0.0
2023-04-02 10:00:00,10,4,1289.25,580.04,709.21,12.09,23.6,2.15,0.0,0.0
2023-04-02 11:00:00,11,4,1993.23,486.85,1506.39,27.16,21.4,4.23,0.0,0.0
2023-04-02 12:00:00,12,4,2489.14,488.41,2000.73,47.16,23.1,1.86,0.0,0.0
2023-04-02 13:00:00,13,4,2967.99,675.71,2292.28,70.09,25.8,3.61,0.0,0.0
2023-04-02 14:00:00,14,4,2539.54,720.41,1819.13,88.28,27.4,1.42,0.0,0.0
2023-04-02 15:00:00,15,4,2182.46,718.78,1463.68,100.0,24.9,2.07,0.0,0.0
2023-04-02 16:00:00,16,4,1454.38,335.81,1118.57,100.0,27.0,4.16,0.0,0.0
2023-04-02 17:00:00,17,4,941.55,498.28,443.27,100.0,19.7,4.4,0.0,0.0
2023-04-02 18:00:00,18,4,282.07,397.33,-115.25,98.85,22.6,3.14,0.0,0.0
2023-04-02 19:00:00,19,4,0,1543.41,-1543.41,83.41,23.4,3.44,0.0,0.0
2023-04-02 20:00:00,20,4,0,2068.03,-2068.03,62.73,17.8,15.49,0.0,0.0
2023-04-02 21:00:00,21,4,0,1547.13,-1547.13,47.26,18.5,30.53,0.0,0.0
2023-04-02 22:00:00,22,4,0,2486.03,-2486.03,22.4,19.0,32.01,0.0,0.0
2023-04-02 23:00:00,23,4,0,333.86,-333.86,19.06,16.5,1.66,0.0,0.0
2023-04-03 00:00:00,0,4,0,470.78,-470.78,14.36,8.6,2.71,0.0,0.0
2023-04-03 01:00:00,1,4,0,524.19,-524.19,9.11,12.0,1.75,0.0,0.0
2023-04-03 02:00:00,2,4,0,304.62,-304.62,6.07,13.2,3.34,0.0,0.0
2023-04-03 03:00:00,3,4,0,559.86,-559.86,5.0,13.2,3.26,0.0,0.0
2023-04-03 04:00:00,4,4,0,416.62,-416.62,5.0,15.7,3.15,0.0,0.0
2023-04-03 05:00:00,5,4,0,366.87,-366.87,5.0,13.0,4.45,0.0,0.0
2023-04-03 06:00:00,6,4,0,526.43,-526.43,5.0,17.9,4.27,0.0,0.0
2023-04-03 07:00:00,7,4,0,2218.72,-2218.72,5.0,18.3,31.94,0.0,0.0
2023-04-03 08:00:00,8,4,513.2,2125.11,-1611.92,5.0,16.6,40.84,0.0,0.0
2023-04-03 09:00:00,9,4,954.39,2330.44,-1376.06,5.0,23.2,30.84,0.0,0.0
2023-04-03 10:00:00,10,4,1594.47,574.36,1020.11,15.2,20.7,1.18,0.0,0.0
2023-04-03 11:00:00,11,4,325.3,353.13,-27.83,14.92,23.1,2.53,0.0,0.0
2023-04-03 12:00:00,12,4,2506.85,399.7,2107.14,35.99,25.5,2.48,0.0,0.0
2023-04-03 13:00:00,13,4,2926.75,648.47,2278.28,58.78,22.6,3.26,0.0,0.0
2023-04-03 14:00:00,14,4,363.55,503.18,-139.63,57.38,27.5,3.26,0.0,0.0
2023-04-03 15:00:00,15,4,289.55,518.63,-229.07,55.09,23.7,1.69,0.0,0.0
2023-04-03 16:00:00,16,4,1391.39,326.31,1065.07,65.74,24.0,4.97,0.0,0.0
2023-04-03 17:00:00,17,4,1057.17,387.84,669.32,72.43,23.4,1.38,0.0,0.0
2023-04-03 18:00:00,18,4,457.35,493.62,-36.27,72.07,20.4,4.79,0.0,0.0
2023-04-03 19:00:00,19,4,0.05,2521.45,-2521.4,46.86,21.1,4.09,0.0,0.0
2023-04-03 20:00:00,20,4,0,2616.88,-2616.88,20.69,15.5,22.59,0.0,0.0
2023-04-03 21:00:00,21,4,0,2419.41,-2419.41,5.0,18.9,26.01,0.0,0.0
2023-04-03 22:00:00,22,4,0,2502.74,-2502.74,5.0,16.6,19.55,0.0,0.0
2023-04-03 23:00:00,23,4,0,464.39,-464.39,5.0,17.9,2.41,0.0,0.0
2023-04-04 00:00:00,0,4,0,403.94,-403.94,5.0,12.3,2.02,0.0,0.0
2023-04-04 01:00:00,1,4,0,628.89,-628.89,5.0,10.7,2.83,0.0,0.0
2023-04-04 02:00:00,2,4,0,388.97,-388.97,5.0,15.0,2.22,0.0,0.0
2023-04-04 03:00:00,3,4,0,342.54,-342.54,5.0,10.9,4.13,0.0,0.0
2023-04-04 04:00:00,4,4,0,442.71,-442.71,5.0,16.0,3.04,0.0,0.0
2023-04-04 05:00:00,5,4,0,447.06,-447.06,5.0,16.1,3.36,0.0,0.0
2023-04-04 06:00:00,6,4,0,635.41,-635.41,5.0,16.7,3.38,0.0,0.0
2023-04-04 07:00:00,7,4,0,2709.73,-2709.73,5.0,19.7,40.25,0.0,0.0
2023-04-04 08:00:00,8,4,67.68,2483.41,-2415.73,5.0,20.4,31.7,0.0,0.0
2023-04-04 09:00:00,9,4,1052.84,2066.55,-1013.71,5.0,18.6,49.84,0.0,0.0
2023-04-04 10:00:00,10,4,222.94,588.11,-365.16,5.0,19.6,1.53,0.0,0.0
2023-04-04 11:00:00,11,4,2019.49,521.43,1498.06,19.98,19.0,3.45,0.0,0.0
2023-04-04 12:00:00,12,4,338.62,511.99,-173.37,18.25,24.0,3.61,0.0,0.0
2023-04-04 13:00:00,13,4,454.53,419.44,35.09,18.6,24.1,2.39,0.0,0.0
2023-04-04 14:00:00,14,4,2617.87,474.42,2143.45,40.03,29.0,2.54,0.0,0.0
2023-04-04 15:00:00,15,4,286.67,402.69,-116.02,38.87,23.1,4.15,0.0,0.0
2023-04-04 16:00:00,16,4,1594.34,338.84,1255.5,51.43,21.4,1.77,0.0,0.0
2023-04-04 17:00:00,17,4,974.62,602.24,372.38,55.15,23.4,4.2,0.0,0.0
2023-04-04 18:00:00,18,4,680.28,568.3,111.98,56.27,19.0,2.3,0.0,0.0
2023-04-04 19:00:00,19,4,1.61,1548.11,-1546.49,40.81,19.3,3.44,0.0,0.0
2023-04-04 20:00:00,20,4,0,2273.53,-2273.53,18.07,16.2,17.41,0.0,0.0
2023-04-04 21:00:00,21,4,0,1930.83,-1930.83,5.0,17.8,26.78,0.0,0.0
2023-04-04 22:00:00,22,4,0,2470.09,-2470.09,5.0,14.7,29.12,0.0,0.0
2023-04-04 23:00:00,23,4,0,385.87,-385.87,5.0,15.6,1.95,0.0,0.0
2023-04-05 00:00:00,0,4,0,429.56,-429.56,5.0,10.8,2.77,0.0,0.0
2023-04-05 01:00:00,1,4,0,704.52,-704.52,5.0,10.5,3.47,0.0,0.0
2023-04-05 02:00:00,2,4,0,408.01,-408.01,5.0,13.3,1.87,0.0,0.0
2023-04-05 03:00:00,3,4,0,589.55,-589.55,5.0,15.4,1.69,0.0,0.0
2023-04-05 04:00:00,4,4,0,510.24,-510.24,5.0,14.8,4.07,0.0,0.0
2023-04-05 05:00:00,5,4,0,532.3,-532.3,5.0,16.3,1.63,0.0,0.0
2023-04-05 06:00:00,6,4,0,399.24,-399.24,5.0,18.8,1.59,0.0,0.0
2023-04-05 07:00:00,7,4,0,2672.08,-2672.08,5.0,19.8,40.73,0.0,0.0
2023-04-05 08:00:00,8,4,512.72,2789.02,-2276.3,5.0,20.2,28.17,0.0,0.0
2023-04-05 09:00:00,9,4,1018.26,2899.38,-1881.12,5.0,19.2,35.32,0.0,0.0
2023-04-05 10:00:00,10,4,1493.11,360.44,1132.67,16.33,22.8,3.18,0.0,0.0
2023-04-05 11:00:00,11,4,2102.27,775.67,1326.6,29.59,22.6,1.78,0.0,0.0
2023-04-05 12:00:00,12,4,2439.03,317.64,2121.39,50.81,20.2,1.67,0.0,0.0
2023-04-05 13:00:00,13,4,2765.35,579.19,2186.15,72.67,23.7,3.58,0.0,0.0
2023-04-05 14:00:00,14,4,374.99,702.5,-327.51,69.39,22.2,2.46,0.0,0.0
2023-04-05 15:00:00,15,4,2019.57,491.05,1528.52,84.68,23.5,4.85,0.0,0.0
2023-04-05 16:00:00,16,4,1562.07,622.26,939.81,94.08,19.7,3.3,0.0,0.0
2023-04-05 17:00:00,17,4,988.78,515.64,473.14,98.81,24.8,1.52,0.0,0.0
2023-04-05 18:00:00,18,4,39.92,477.75,-437.83,94.43,22.1,4.37,0.0,0.0
2023-04-05 19:00:00,19,4,53.22,2135.86,-2082.64,73.6,21.5,2.39,0.0,0.0
2023-04-05 20:00:00,20,4,0,1273.59,-1273.59,60.87,19.8,32.63,0.0,0.0
2023-04-05 21:00:00,21,4,0,2620.83,-2620.83,34.66,15.9,28.4,0.0,0.0
2023-04-05 22:00:00,22,4,0,2667.45,-2667.45,7.98,18.4,27.7,0.0,0.0
2023-04-05 23:00:00,23,4,0,531.6,-531.6,5.0,14.6,1.9,0.0,0.0
2023-04-06 00:00:00,0,4,0,547.34,-547.34,5.0,12.6,3.86,0.0,0.0
2023-04-06 01:00:00,1,4,0,292.43,-292.43,5.0,12.0,2.14,0.0,0.0
2023-04-06 02:00:00,2,4,0,464.99,-464.99,5.0,12.7,2.66,0.0,0.0
2023-04-06 03:00:00,3,4,0,539.33,-539.33,5.0,14.2,3.55,0.0,0.0
2023-04-06 04:00:00,4,4,0,247.44,-247.44,5.0,12.6,2.97,0.0,0.0
2023-04-06 05:00:00,5,4,0,608.32,-608.32,5.0,14.7,1.52,0.0,0.0
2023-04-06 06:00:00,6,4,0,590.02,-590.02,5.0,17.8,3.2,0.0,0.0
2023-04-06 07:00:00,7,4,201.45,2540.02,-2338.56,5.0,20.5,46.47,0.0,0.0
2023-04-06 08:00:00,8,4,613.44,2487.98,-1874.54,5.0,17.2,34.47,0.0,0.0
2023-04-06 09:00:00,9,4,1008.25,2578.87,-1570.62,5.0,19.3,22.92,0.0,0.0
2023-04-06 10:00:00,10,4,1448.08,709.92,738.15,12.38,22.4,1.74,0.0,0.0
2023-04-06 11:00:00,11,4,2109.35,439.99,1669.36,29.08,22.7,2.49,0.0,0.0
2023-04-06 12:00:00,12,4,356.63,510.84,-154.21,27.53,23.6,2.6,0.0,0.0
2023-04-06 13:00:00,13,4,3079.27,364.24,2715.03,54.68,25.2,1.24,0.0,0.0
2023-04-06 14:00:00,14,4,363.02,314.88,48.14,55.16,19.8,3.56,0.0,0.0
2023-04-06 15:00:00,15,4,1842.48,625.18,1217.31,67.34,22.5,4.28,0.0,0.0
2023-04-06 16:00:00,16,4,1451.79,762.59,689.2,74.23,25.4,3.12,0.0,0.0
2023-04-06 17:00:00,17,4,929.05,357.45,571.6,79.95,22.0,2.83,0.0,0.0
2023-04-06 18:00:00,18,4,438.96,775.67,-336.7,76.58,19.3,3.11,0.0,0.0
2023-04-06 19:00:00,19,4,0,1839.76,-1839.76,58.18,22.2,4.4,0.0,0.0
2023-04-06 20:00:00,20,4,0,2026.76,-2026.76,37.91,17.1,26.59,0.0,0.0
2023-04-06 21:00:00,21,4,0,2690.95,-2690.95,11.0,18.5,19.24,0.0,0.0
2023-04-06 22:00:00,22,4,0,2321.75,-2321.75,5.0,15.0,17.83,0.0,0.0
2023-04-06 23:00:00,23,4,0,512.94,-512.94,5.0,14.4,3.68,0.0,0.0
2023-04-07 00:00:00,0,4,0,466.07,-466.07,5.0,12.4,1.68,0.0,0.0
2023-04-07 01:00:00,1,4,0,653.66,-653.66,5.0,11.1,4.42,0.0,0.0
2023-04-07 02:00:00,2,4,0,240.03,-240.03,5.0,14.6,2.46,0.0,0.0
2023-04-07 03:00:00,3,4,0,521.03,-521.03,5.0,13.4,2.04,0.0,0.0
2023-04-07 04:00:00,4,4,0,380.82,-380.82,5.0,15.4,2.75,0.0,0.0
2023-04-07 05:00:00,5,4,0,564.51,-564.51,5.0,14.0,2.35,0.0,0.0
2023-04-07 06:00:00,6,4,0,425.64,-425.64,5.0,16.6,3.64,0.0,0.0
2023-04-07 07:00:00,7,4,0,1856.89,-1856.89,5.0,20.1,29.75,0.0,0.0
2023-04-07 08:00:00,8,4,500.34,1991.11,-1490.76,5.0,16.4,37.09,0.0,0.0
2023-04-07 09:00:00,9,4,1016.13,2353.87,-1337.75,5.0,19.5,48.64,0.0,0.0
2023-04-07 10:00:00,10,4,1434.83,689.01,745.82,12.46,22.9,2.54,0.0,0.0
2023-04-07 11:00:00,11,4,2094.94,550.26,1544.68,27.91,22.1,3.37,0.0,0.0
2023-04-07 12:00:00,12,4,2535.63,611.31,1924.32,47.15,23.9,3.02,0.0,0.0
2023-04-07 13:00:00,13,4,3106.89,602.59,2504.3,72.19,25.1,2.94,0.0,0.0
2023-04-07 14:00:00,14,4,360.68,342.95,17.72,72.37,25.1,3.77,0.0,0.0
2023-04-07 15:00:00,15,4,1975.55,453.9,1521.65,87.58,23.2,4.99,0.0,0.0
2023-04-07 16:00:00,16,4,1515.54,676.9,838.64,95.97,24.2,3.32,0.0,0.0
2023-04-07 17:00:00,17,4,982.2,416.34,565.87,100.0,23.7,1.64,0.0,0.0
2023-04-07 18:00:00,18,4,565.22,361.81,203.41,100.0,20.9,1.96,0.0,0.0
2023-04-07 19:00:00,19,4,0,1984.87,-1984.87,80.15,23.0,4.51,0.0,0.0
2023-04-07 20:00:00,20,4,0,1421.45,-1421.45,65.94,20.0,20.84,0.0,0.0
2023-04-07 21:00:00,21,4,0,2300.69,-2300.69,42.93,15.3,27.7,0.0,0.0
2023-04-07 22:00:00,22,4,0,1830.83,-1830.83,24.62,13.2,32.21,0.0,0.0
2023-04-07 23:00:00,23,4,0,382.5,-382.5,20.8,15.7,1.75,0.0,0.0
2023-04-08 00:00:00,0,4,0,653.62,-653.62,14.26,11.7,3.09,0.0,0.0
2023-04-08 01:00:00,1,4,0,597.85,-597.85,8.28,14.2,2.86,0.0,0.0
2023-04-08 02:00:00,2,4,0,531.31,-531.31,5.0,12.7,2.43,0.0,0.0
2023-04-08 03:00:00,3,4,0,518.01,-518.01,5.0,14.1,3.23,0.0,0.0
2023-04-08 04:00:00,4,4,0,433.58,-433.58,5.0,18.2,3.5,0.0,0.0
2023-04-08 05:00:00,5,4,0,333.92,-333.92,5.0,10.2,2.31,0.0,0.0
2023-04-08 06:00:00,6,4,0,717.1,-717.1,5.0,17.0,1.73,0.0,0.0
2023-04-08 07:00:00,7,4,0,1303.64,-1303.64,5.0,17.7,22.16,0.0,0.0
2023-04-08 08:00:00,8,4,95.43,2766.97,-2671.54,5.0,20.1,35.24,0.0,0.0
2023-04-08 09:00:00,9,4,1002.21,1249.43,-247.22,5.0,18.4,26.35,0.0,0.0
2023-04-08 10:00:00,10,4,1442.81,430.18,1012.64,15.13,19.5,4.45,0.0,0.0
2023-04-08 11:00:00,11,4,298.07,223.25,74.82,15.87,24.0,4.2,0.0,0.0
2023-04-08 12:00:00,12,4,2510.23,527.3,1982.93,35.7,16.7,2.63,0.0,0.0
2023-04-08 13:00:00,13,4,3016.57,503.69,2512.88,60.83,24.3,3.12,0.0,0.0
2023-04-08 14:00:00,14,4,2606.05,599.64,2006.41,80.9,21.5,3.84,0.0,0.0
2023-04-08 15:00:00,15,4,1993.5,413.93,1579.56,96.69,25.3,2.43,0.0,0.0
2023-04-08 16:00:00,16,4,1386.99,291.02,1095.97,100.0,23.5,1.7,0.0,0.0
2023-04-08 17:00:00,17,4,893.99,413.14,480.84,100.0,23.7,3.18,0.0,0.0
2023-04-08 18:00:00,18,4,396.31,643.53,-247.22,97.53,20.7,3.21,0.0,0.0
2023-04-08 19:00:00,19,4,0,1471.35,-1471.35,82.81,15.8,2.28,0.0,0.0
2023-04-08 20:00:00,20,4,0,2284.47,-2284.47,59.97,20.3,25.34,0.0,0.0
2023-04-08 21:00:00,21,4,0,2216.49,-2216.49,37.8,17.6,15.51,0.0,0.0
2023-04-08 22:00:00,22,4,0,2001.9,-2001.9,17.79,17.6,32.91,0.0,0.0
2023-04-08 23:00:00,23,4,0,305.05,-305.05,14.74,13.4,2.42,0.0,0.0
2023-04-09 00:00:00,0,4,0,517.64,-517.64,9.56,13.4,4.95,0.0,0.0
2023-04-09 01:00:00,1,4,0,445.86,-445.86,5.1,12.0,1.11,0.0,0.0
2023-04-09 02:00:00,2,4,0,446.6,-446.6,5.0,9.7,1.5,0.0,0.0
2023-04-09 03:00:00,3,4,0,309.19,-309.19,5.0,16.0,1.73,0.0,0.0
2023-04-09 04:00:00,4,4,0,631.16,-631.16,5.0,13.6,4.24,0.0,0.0
2023-04-09 05:00:00,5,4,0,574.96,-574.96,5.0,14.8,3.77,0.0,0.0
2023-04-09 06:00:00,6,4,0,464.99,-464.99,5.0,17.1,3.02,0.0,0.0
2023-04-09 07:00:00,7,4,147.75,2653.56,-2505.8,5.0,19.5,23.96,0.0,0.0
2023-04-09 08:00:00,8,4,375.29,1937.4,-1562.12,5.0,17.6,46.67,0.0,0.0
2023-04-09 09:00:00,9,4,981.36,2488.03,-1506.68,5.0,21.5,25.88,0.0,0.0
2023-04-09 10:00:00,10,4,1330.85,388.23,942.62,14.43,19.8,2.39,0.0,0.0
2023-04-09 11:00:00,11,4,299.17,627.28,-328.11,11.15,22.1,1.69,0.0,0.0
2023-04-09 12:00:00,12,4,2595.3,379.95,2215.35,33.3,21.9,2.43,0.0,0.0
2023-04-09 13:00:00,13,4,2862.98,230.64,2632.34,59.62,23.6,2.19,0.0,0.0
2023-04-09 14:00:00,14,4,2424.95,572.41,1852.55,78.15,24.7,1.9,0.0,0.0
2023-04-09 15:00:00,15,4,1952.78,539.51,1413.27,92.28,25.5,1.2,0.0,0.0
2023-04-09 16:00:00,16,4,1452.04,465.64,986.41,100.0,24.2,1.95,0.0,0.0
2023-04-09 17:00:00,17,4,128.67,440.8,-312.13,96.88,26.1,1.46,0.0,0.0
2023-04-09 18:00:00,18,4,449.36,577.61,-128.25,95.6,27.7,3.01,0.0,0.0
2023-04-09 19:00:00,19,4,0,1674.27,-1674.27,78.85,21.2,2.41,0.0,0.0
2023-04-09 20:00:00,20,4,0,1632.53,-1632.53,62.53,19.5,26.4,0.0,0.0
2023-04-09 21:00:00,21,4,0,2640.37,-2640.37,36.12,17.6,26.52,0.0,0.0
2023-04-09 22:00:00,22,4,0,1738.24,-1738.24,18.74,18.8,18.51,0.0,0.0
2023-04-09 23:00:00,23,4,0,617.23,-617.23,12.57,16.2,4.41,0.0,0.0
2023-04-10 00:00:00,0,4,0,409.7,-409.7,8.47,13.0,2.64,0.0,0.0
2023-04-10 01:00:00,1,4,0,611.15,-611.15,5.0,9.7,3.15,0.0,0.0
2023-04-10 02:00:00,2,4,0,467.91,-467.91,5.0,14.1,1.3,0.0,0.0
2023-04-10 03:00:00,3,4,0,564.56,-564.56,5.0,13.5,2.79,0.0,0.0
2023-04-10 04:00:00,4,4,0,417.13,-417.13,5.0,15.0,3.53,0.0,0.0
2023-04-10 05:00:00,5,4,0,534.95,-534.95,5.0,10.6,4.38,0.0,0.0
2023-04-10 06:00:00,6,4,0,375.35,-375.35,5.0,18.4,2.67,0.0,0.0
2023-04-10 07:00:00,7,4,0,2487.11,-2487.11,5.0,18.3,31.16,0.0,0.0
2023-04-10 08:00:00,8,4,473.62,1565.0,-1091.38,5.0,17.9,47.13,0.0,0.0
2023-04-10 09:00:00,9,4,979.51,1821.2,-841.69,5.0,22.6,20.73,0.0,0.0
2023-04-10 10:00:00,10,4,1589.68,661.15,928.53,14.29,23.0,4.42,0.0,0.0
2023-04-10 11:00:00,11,4,2091.26,374.63,1716.64,31.45,21.0,2.75,0.0,0.0
2023-04-10 12:00:00,12,4,2560.93,429.25,2131.69,52.77,27.6,3.08,0.0,0.0
2023-04-10 13:00:00,13,4,2953.97,299.06,2654.91,79.32,22.3,3.72,0.0,0.0
2023-04-10 14:00:00,14,4,389.1,659.18,-270.08,76.62,22.0,2.92,0.0,0.0
2023-04-10 15:00:00,15,4,1773.58,495.91,1277.67,89.39,24.7,2.74,0.0,0.0
2023-04-10 16:00:00,16,4,1497.62,495.47,1002.15,99.41,27.1,2.17,0.0,0.0
2023-04-10 17:00:00,17,4,779.57,580.5,199.07,100.0,19.9,4.38,0.0,0.0
2023-04-10 18:00:00,18,4,790.95,484.35,306.6,100.0,18.7,1.0,0.0,0.0
2023-04-10 19:00:00,19,4,206.12,2447.99,-2241.87,77.58,19.1,4.31,0.0,0.0
2023-04-10 20:00:00,20,4,0,1965.21,-1965.21,57.93,19.1,19.33,0.0,0.0
2023-04-10 21:00:00,21,4,0,2061.26,-2061.26,37.32,21.7,19.54,0.0,0.0
2023-04-10 22:00:00,22,4,0,2949.37,-2949.37,7.82,14.0,27.98,0.0,0.0
2023-04-10 23:00:00,23,4,0,486.68,-486.68,5.0,17.4,3.68,0.0,0.0
2023-04-11 00:00:00,0,4,0,364.15,-364.15,5.0,12.7,3.25,0.0,0.0
2023-04-11 01:00:00,1,4,0,370.28,-370.28,5.0,9.8,4.65,0.0,0.0
2023-04-11 02:00:00,2,4,0,565.09,-565.09,5.0,14.2,4.19,0.0,0.0
2023-04-11 03:00:00,3,4,0,594.15,-594.15,5.0,16.1,3.21,0.0,0.0
2023-04-11 04:00:00,4,4,0,511.85,-511.85,5.0,8.6,1.31,0.0,0.0
2023-04-11 05:00:00,5,4,0,702.17,-702.17,5.0,13.6,4.25,0.0,0.0
2023-04-11 06:00:00,6,4,0,459.82,-459.82,5.0,17.9,3.46,0.0,0.0
2023-04-11 07:00:00,7,4,0,2613.06,-2613.06,5.0,16.4,32.41,0.0,0.0
2023-04-11 08:00:00,8,4,640.52,2868.3,-2227.78,5.0,19.4,24.3,0.0,0.0
2023-04-11 09:00:00,9,4,151.81,2870.91,-2719.1,5.0,18.8,48.01,0.0,0.0
2023-04-11 10:00:00,10,4,1494.24,487.12,1007.12,15.07,23.4,1.13,0.0,0.0
2023-04-11 11:00:00,11,4,2120.28,480.27,1640.01,31.47,23.4,4.89,0.0,0.0
2023-04-11 12:00:00,12,4,2566.73,483.12,2083.61,52.31,25.2,2.73,0.0,0.0
2023-04-11 13:00:00,13,4,475.6,460.15,15.46,52.46,25.8,1.77,0.0,0.0
2023-04-11 14:00:00,14,4,2471.26,481.45,1989.8,72.36,27.4,2.2,0.0,0.0
2023-04-11 15:00:00,15,4,292.07,253.24,38.83,72.75,22.4,1.39,0.0,0.0
2023-04-11 16:00:00,16,4,1470.5,488.78,981.73,82.57,22.0,1.0,0.0,0.0
2023-04-11 17:00:00,17,4,1231.31,624.07,607.25,88.64,20.0,2.83,0.0,0.0
2023-04-11 18:00:00,18,4,85.44,579.05,-493.6,83.7,22.0,2.39,0.0,0.0
2023-04-11 19:00:00,19,4,0,2191.59,-2191.59,61.79,17.1,2.64,0.0,0.0
2023-04-11 20:00:00,20,4,0,1749.31,-1749.31,44.29,20.7,21.13,0.0,0.0
2023-04-11 21:00:00,21,4,0,1522.79,-1522.79,29.07,17.9,15.61,0.0,0.0
2023-04-11 22:00:00,22,4,0,2449.83,-2449.83,5.0,18.0,15.39,0.0,0.0
2023-04-11 23:00:00,23,4,0,378.61,-378.61,5.0,12.8,2.72,0.0,0.0
2023-04-12 00:00:00,0,4,0,435.03,-435.03,5.0,8.7,3.53,0.0,0.0
2023-04-12 01:00:00,1,4,0,382.39,-382.39,5.0,10.6,4.71,0.0,0.0
2023-04-12 02:00:00,2,4,0,274.56,-274.56,5.0,11.5,3.2,0.0,0.0
2023-04-12 03:00:00,3,4,0,364.27,-364.27,5.0,9.9,2.7,0.0,0.0
2023-04-12 04:00:00,4,4,0,666.96,-666.96,5.0,14.2,1.18,0.0,0.0
2023-04-12 05:00:00,5,4,0,513.1,-513.1,5.0,14.4,3.49,0.0,0.0
2023-04-12 06:00:00,6,4,0,598.78,-598.78,5.0,15.7,1.85,0.0,0.0
2023-04-12 07:00:00,7,4,38.69,1579.53,-1540.84,5.0,16.9,35.64,0.0,0.0
2023-04-12 08:00:00,8,4,461.91,1811.37,-1349.46,5.0,18.6,30.42,0.0,0.0
2023-04-12 09:00:00,9,4,999.27,2203.82,-1204.55,5.0,17.5,20.25,0.0,0.0
2023-04-12 10:00:00,10,4,1534.14,554.49,979.64,14.8,22.3,2.4,0.0,0.0
2023-04-12 11:00:00,11,4,1797.72,529.2,1268.52,27.48,19.2,1.01,0.0,0.0
2023-04-12 12:00:00,12,4,388.94,493.3,-104.35,26.44,25.4,4.91,0.0,0.0
2023-04-12 13:00:00,13,4,463.9,493.66,-29.76,26.14,22.9,2.02,0.0,0.0
2023-04-12 14:00:00,14,4,362.53,530.11,-167.58,24.46,24.4,1.95,0.0,0.0
2023-04-12 15:00:00,15,4,2235.22,478.58,1756.64,42.03,22.5,2.9,0.0,0.0
2023-04-12 16:00:00,16,4,1440.02,246.11,1193.91,53.97,23.7,3.01,0.0,0.0
2023-04-12 17:00:00,17,4,913.59,564.99,348.6,57.46,23.9,3.9,0.0,0.0
2023-04-12 18:00:00,18,4,454.19,403.81,50.38,57.96,21.9,2.24,0.0,0.0
2023-04-12 19:00:00,19,4,0,2315.48,-2315.48,34.81,17.3,3.94,0.0,0.0
2023-04-12 20:00:00,20,4,0,1450.46,-1450.46,20.3,18.8,32.17,0.0,0.0
2023-04-12 21:00:00,21,4,0,2244.06,-2244.06,5.0,20.6,34.25,0.0,0.0
2023-04-12 22:00:00,22,4,0,1299.88,-1299.88,5.0,17.1,16.68,0.0,0.0
2023-04-12 23:00:00,23,4,0,370.23,-370.23,5.0,19.5,3.56,0.0,0.0
2023-04-13 00:00:00,0,4,0,669.0,-669.0,5.0,12.2,3.8,0.0,0.0
2023-04-13 01:00:00,1,4,0,656.77,-656.77,5.0,13.2,3.61,0.0,0.0
2023-04-13 02:00:00,2,4,0,451.47,-451.47,5.0,13.8,3.38,0.0,0.0
2023-04-13 03:00:00,3,4,0,449.91,-449.91,5.0,14.9,4.8,0.0,0.0
2023-04-13 04:00:00,4,4,0,554.05,-554.05,5.0,15.6,3.87,0.0,0.0
2023-04-13 05:00:00,5,4,0,243.04,-243.04,5.0,14.1,2.31,0.0,0.0
2023-04-13 06:00:00,6,4,0,704.39,-704.39,5.0,14.2,4.47,0.0,0.0
2023-04-13 07:00:00,7,4,0,2102.29,-2102.29,5.0,18.0,36.13,0.0,0.0
2023-04-13 08:00:00,8,4,408.27,2257.92,-1849.65,5.0,22.5,37.67,0.0,0.0
2023-04-13 09:00:00,9,4,969.41,1675.0,-705.59,5.0,18.3,25.33,0.0,0.0
2023-04-13 10:00:00,10,4,229.3,466.1,-236.8,5.0,21.5,2.32,0.0,0.0
2023-04-13 11:00:00,11,4,2135.29,615.76,1519.53,20.2,20.9,1.74,0.0,0.0
2023-04-13 12:00:00,12,4,2548.6,625.55,1923.06,39.43,24.8,3.76,0.0,0.0
2023-04-13 13:00:00,13,4,2945.07,579.55,2365.52,63.08,23.8,4.87,0.0,0.0
2023-04-13 14:00:00,14,4,2641.14,387.59,2253.55,85.62,25.7,1.95,0.0,0.0
2023-04-13 15:00:00,15,4,1980.3,250.12,1730.17,100.0,25.2,3.05,0.0,0.0
2023-04-13 16:00:00,16,4,1477.61,346.87,1130.73,100.0,21.6,2.84,0.0,0.0
2023-04-13 17:00:00,17,4,873.04,307.77,565.27,100.0,23.6,1.27,0.0,0.0
2023-04-13 18:00:00,18,4,472.78,448.78,23.99,100.0,20.9,3.66,0.0,0.0
2023-04-13 19:00:00,19,4,0,2216.09,-2216.09,77.84,18.6,1.47,0.0,0.0
2023-04-13 20:00:00,20,4,0,2040.0,-2040.0,57.44,20.7,19.05,0.0,0.0
2023-04-13 21:00:00,21,4,0,2247.97,-2247.97,34.96,15.4,26.28,0.0,0.0
2023-04-13 22:00:00,22,4,0,2400.37,-2400.37,10.96,16.6,15.53,0.0,0.0
2023-04-13 23:00:00,23,4,0,640.56,-640.56,5.0,16.1,4.06,0.0,0.0
2023-04-14 00:00:00,0,4,0,546.71,-546.71,5.0,8.0,4.2,0.0,0.0
2023-04-14 01:00:00,1,4,0,616.96,-616.96,5.0,12.2,3.34,0.0,0.0
2023-04-14 02:00:00,2,4,0,314.6,-314.6,5.0,12.7,1.76,0.0,0.0
2023-04-14 03:00:00,3,4,0,379.03,-379.03,5.0,11.4,4.47,0.0,0.0
2023-04-14 04:00:00,4,4,0,571.61,-571.61,5.0,18.2,4.87,0.0,0.0
2023-04-14 05:00:00,5,4,0,469.78,-469.78,5.0,16.7,2.38,0.0,0.0
2023-04-14 06:00:00,6,4,0,675.21,-675.21,5.0,15.1,3.85,0.0,0.0
2023-04-14 07:00:00,7,4,0,2223.87,-2223.87,5.0,19.3,49.69,0.0,0.0
2023-04-14 08:00:00,8,4,317.44,2813.17,-2495.73,5.0,19.8,42.93,0.0,0.0
2023-04-14 09:00:00,9,4,959.8,2833.59,-1873.79,5.0,17.4,25.95,0.0,0.0
2023-04-14 10:00:00,10,4,1542.55,589.06,953.48,14.53,21.5,4.38,0.0,0.0
2023-04-14 11:00:00,11,4,1953.59,681.55,1272.04,27.26,20.8,1.69,0.0,0.0
2023-04-14 12:00:00,12,4,2568.54,446.2,2122.34,48.48,27.6,2.18,0.0,0.0
2023-04-14 13:00:00,13,4,2739.07,379.38,2359.69,72.08,27.4,3.46,0.0,0.0
2023-04-14 14:00:00,14,4,2561.84,683.01,1878.83,90.86,27.7,3.25,0.0,0.0
2023-04-14 15:00:00,15,4,1922.44,473.03,1449.41,100.0,24.3,2.54,0.0,0.0
2023-04-14 16:00:00,16,4,222.29,408.03,-185.73,98.14,21.6,3.84,0.0,0.0
2023-04-14 17:00:00,17,4,948.7,379.82,568.88,100.0,21.9,4.24,0.0,0.0
2023-04-14 18:00:00,18,4,77.42,599.36,-521.94,94.78,23.0,4.56,0.0,0.0
2023-04-14 19:00:00,19,4,30.72,1563.57,-1532.85,79.45,19.5,2.16,0.0,0.0
2023-04-14 20:00:00,20,4,0,2521.03,-2521.03,54.24,19.3,19.59,0.0,0.0
2023-04-14 21:00:00,21,4,0,2242.22,-2242.22,31.82,20.5,30.9,0.0,0.0
2023-04-14 22:00:00,22,4,0,1568.33,-1568.33,16.14,17.9,15.32,0.0,0.0
2023-04-14 23:00:00,23,4,0,338.7,-338.7,12.75,14.7,3.15,0.0,0.0
2023-04-15 00:00:00,0,4,0,601.73,-601.73,6.73,12.5,1.68,0.0,0.0
2023-04-15 01:00:00,1,4,0,580.51,-580.51,5.0,13.5,1.83,0.0,0.0
2023-04-15 02:00:00,2,4,0,659.23,-659.23,5.0,13.3,3.42,0.0,0.0
2023-04-15 03:00:00,3,4,0,364.04,-364.04,5.0,9.5,1.88,0.0,0.0
2023-04-15 04:00:00,4,4,0,414.2,-414.2,5.0,17.1,2.93,0.0,0.0
2023-04-15 05:00:00,5,4,0,698.55,-698.55,5.0,17.0,3.95,0.0,0.0
2023-04-15 06:00:00,6,4,0,287.66,-287.66,5.0,18.1,4.63,0.0,0.0
2023-04-15 07:00:00,7,4,167.7,1518.79,-1351.1,5.0,19.6,26.35,0.0,0.0
2023-04-15 08:00:00,8,4,470.66,2639.15,-2168.5,5.0,21.8,47.26,0.0,0.0
2023-04-15 09:00:00,9,4,1120.86,2002.91,-882.05,5.0,14.6,38.62,0.0,0.0
2023-04-15 10:00:00,10,4,1569.71,755.47,814.23,13.14,21.0,3.09,0.0,0.0
2023-04-15 11:00:00,11,4,1854.42,368.4,1486.03,28.0,20.6,2.56,0.0,0.0
2023-04-15 12:00:00,12,4,385.43,547.42,-161.99,26.38,22.0,1.39,0.0,0.0
2023-04-15 13:00:00,13,4,3123.06,583.45,2539.61,51.78,25.7,1.64,0.0,0.0
2023-04-15 14:00:00,14,4,372.91,725.76,-352.85,48.25,25.9,3.42,0.0,0.0
2023-04-15 15:00:00,15,4,1862.77,409.64,1453.13,62.78,23.3,4.73,0.0,0.0
2023-04-15 16:00:00,16,4,1714.15,608.25,1105.9,73.84,23.5,1.7,0.0,0.0
2023-04-15 17:00:00,17,4,922.75,461.88,460.86,78.45,23.2,1.04,0.0,0.0
2023-04-15 18:00:00,18,4,453.72,521.97,-68.25,77.77,24.9,1.49,0.0,0.0
2023-04-15 19:00:00,19,4,0,1480.94,-1480.94,62.96,20.2,2.23,0.0,0.0
2023-04-15 20:00:00,20,4,0,1934.33,-1934.33,43.61,19.0,34.56,0.0,0.0
2023-04-15 21:00:00,21,4,0,1864.47,-1864.47,24.97,18.3,22.27,0.0,0.0
2023-04-15 22:00:00,22,4,0,1398.11,-1398.11,10.99,19.3,30.39,0.0,0.0
2023-04-15 23:00:00,23,4,0,283.22,-283.22,8.16,15.6,3.53,0.0,0.0
2023-04-16 00:00:00,0,4,0,419.28,-419.28,5.0,13.3,1.99,0.0,0.0
2023-04-16 01:00:00,1,4,0,549.04,-549.04,5.0,10.2,2.35,0.0,0.0
2023-04-16 02:00:00,2,4,0,411.65,-411.65,5.0,12.7,3.42,0.0,0.0
2023-04-16 03:00:00,3,4,0,361.73,-361.73,5.0,14.9,4.28,0.0,0.0
2023-04-16 04:00:00,4,4,0,504.84,-504.84,5.0,12.2,2.11,0.0,0.0
2023-04-16 05:00:00,5,4,0,485.53,-485.53,5.0,16.4,3.04,0.0,0.0
2023-04-16 06:00:00,6,4,0,381.44,-381.44,5.0,14.9,2.86,0.0,0.0
2023-04-16 07:00:00,7,4,53.34,2899.5,-2846.16,5.0,19.3,36.31,0.0,0.0
2023-04-16 08:00:00,8,4,614.01,1623.89,-1009.88,5.0,19.1,21.11,0.0,0.0
2023-04-16 09:00:00,9,4,1060.86,2009.24,-948.38,5.0,16.1,48.82,0.0,0.0
2023-04-16 10:00:00,10,4,1463.61,503.82,959.79,14.6,21.1,1.31,0.0,0.0
2023-04-16 11:00:00,11,4,1885.27,432.78,1452.5,29.12,25.2,1.43,0.0,0.0
2023-04-16 12:00:00,12,4,2560.74,650.64,1910.1,48.22,24.5,4.6,0.0,0.0
2023-04-16 13:00:00,13,4,3091.9,266.19,2825.71,76.48,23.9,3.34,0.0,0.0
2023-04-16 14:00:00,14,4,2469.18,763.72,1705.45,93.54,24.5,1.73,0.0,0.0
2023-04-16 15:00:00,15,4,325.73,473.79,-148.06,92.05,25.9,1.28,0.0,0.0
2023-04-16 16:00:00,16,4,226.61,578.67,-352.06,88.53,25.1,2.28,0.0,0.0
2023-04-16 17:00:00,17,4,827.46,581.88,245.58,90.99,18.2,3.25,0.0,0.0
2023-04-16 18:00:00,18,4,539.33,533.9,5.43,91.04,24.4,1.7,0.0,0.0
2023-04-16 19:00:00,19,4,40.06,2639.01,-2598.95,65.05,19.4,2.31,0.0,0.0
2023-04-16 20:00:00,20,4,0,1518.07,-1518.07,49.87,21.6,18.05,0.0,0.0
2023-04-16 21:00:00,21,4,0,1578.57,-1578.57,34.09,19.5,24.15,0.0,0.0
2023-04-16 22:00:00,22,4,0,2383.2,-2383.2,10.26,15.3,31.21,0.0,0.0
2023-04-16 23:00:00,23,4,0,491.19,-491.19,5.34,14.8,4.96,0.0,0.0
2023-04-17 00:00:00,0,4,0,413.33,-413.33,5.0,14.3,3.99,0.0,0.0
2023-04-17 01:00:00,1,4,0,646.33,-646.33,5.0,11.8,4.94,0.0,0.0
2023-04-17 02:00:00,2,4,0,539.92,-539.92,5.0,12.8,4.56,0.0,0.0
2023-04-17 03:00:00,3,4,0,678.28,-678.28,5.0,14.2,1.27,0.0,0.0
2023-04-17 04:00:00,4,4,0,243.48,-243.48,5.0,14.9,2.32,0.0,0.0
2023-04-17 05:00:00,5,4,0,273.9,-273.9,5.0,15.5,1.33,0.0,0.0
2023-04-17 06:00:00,6,4,0,661.18,-661.18,5.0,17.9,4.8,0.0,0.0
2023-04-17 07:00:00,7,4,0,2025.94,-2025.94,5.0,19.0,41.29,0.0,0.0
2023-04-17 08:00:00,8,4,434.59,2269.87,-1835.28,5.0,18.7,29.37,0.0,0.0
2023-04-17 09:00:00,9,4,1052.16,1338.14,-285.98,5.0,16.7,34.82,0.0,0.0
2023-04-17 10:00:00,10,4,1528.07,495.82,1032.25,15.32,24.6,1.25,0.0,0.0
2023-04-17 11:00:00,11,4,2004.97,703.67,1301.3,28.34,23.6,1.93,0.0,0.0
2023-04-17 12:00:00,12,4,2600.81,595.88,2004.93,48.38,25.7,3.95,0.0,0.0
2023-04-17 13:00:00,13,4,3064.08,394.97,2669.1,75.08,22.0,3.82,0.0,0.0
2023-04-17 14:00:00,14,4,2446.64,488.82,1957.82,94.65,25.9,4.47,0.0,0.0
2023-04-17 15:00:00,15,4,1944.68,471.64,1473.04,100.0,21.6,3.01,0.0,0.0
2023-04-17 16:00:00,16,4,1556.43,597.23,959.2,100.0,21.3,1.99,0.0,0.0
2023-04-17 17:00:00,17,4,912.49,313.91,598.58,100.0,20.0,3.17,0.0,0.0
2023-04-17 18:00:00,18,4,515.11,621.51,-106.41,98.94,17.6,1.62,0.0,0.0
2023-04-17 19:00:00,19,4,0,2669.29,-2669.29,72.24,24.8,4.68,0.0,0.0
2023-04-17 20:00:00,20,4,0,1761.16,-1761.16,54.63,19.4,26.2,0.0,0.0
2023-04-17 21:00:00,21,4,0,2582.62,-2582.62,28.81,16.6,22.62,0.0,0.0
2023-04-17 22:00:00,22,4,0,2234.25,-2234.25,6.46,18.8,33.53,0.0,0.0
2023-04-17 23:00:00,23,4,0,498.39,-498.39,5.0,15.4,3.04,0.0,0.0
2023-04-18 00:00:00,0,4,0,423.73,-423.73,5.0,13.0,1.93,0.0,0.0
2023-04-18 01:00:00,1,4,0,363.82,-363.82,5.0,13.0,3.69,0.0,0.0
2023-04-18 02:00:00,2,4,0,739.02,-739.02,5.0,9.8,4.89,0.0,0.0
2023-04-18 03:00:00,3,4,0,431.89,-431.89,5.0,14.1,3.78,0.0,0.0
2023-04-18 04:00:00,4,4,0,487.08,-487.08,5.0,14.0,4.83,0.0,0.0
2023-04-18 05:00:00,5,4,0,371.67,-371.67,5.0,16.3,3.29,0.0,0.0
2023-04-18 06:00:00,6,4,0,461.1,-461.1,5.0,15.9,1.67,0.0,0.0
2023-04-18 07:00:00,7,4,22.95,2615.07,-2592.12,5.0,17.0,48.38,0.0,0.0
2023-04-18 08:00:00,8,4,446.35,1809.55,-1363.2,5.0,20.8,40.81,0.0,0.0
2023-04-18 09:00:00,9,4,927.85,2639.19,-1711.34,5.0,17.7,33.73,0.0,0.0
2023-04-18 10:00:00,10,4,1564.69,697.3,867.4,13.67,20.9,1.58,0.0,0.0
2023-04-18 11:00:00,11,4,311.22,406.31,-95.08,12.72,22.5,2.77,0.0,0.0
2023-04-18 12:00:00,12,4,2577.36,540.25,2037.11,33.09,22.2,3.09,0.0,0.0
2023-04-18 13:00:00,13,4,458.88,528.5,-69.61,32.4,25.7,2.81,0.0,0.0
2023-04-18 14:00:00,14,4,2344.4,479.39,1865.01,51.05,25.0,3.7,0.0,0.0
2023-04-18 15:00:00,15,4,1988.75,574.88,1413.87,65.19,21.5,2.49,0.0,0.0
2023-04-18 16:00:00,16,4,1375.55,634.85,740.7,72.59,22.7,3.1,0.0,0.0
2023-04-18 17:00:00,17,4,861.15,536.35,324.81,75.84,23.2,1.35,0.0,0.0
2023-04-18 18:00:00,18,4,414.49,374.23,40.26,76.24,21.0,3.43,0.0,0.0
2023-04-18 19:00:00,19,4,0,1371.55,-1371.55,62.53,19.3,2.76,0.0,0.0
2023-04-18 20:00:00,20,4,0,2363.06,-2363.06,38.9,19.3,15.33,0.0,0.0
2023-04-18 21:00:00,21,4,0,2340.98,-2340.98,15.49,14.0,22.91,0.0,0.0
2023-04-18 22:00:00,22,4,0,2045.19,-2045.19,5.0,17.8,26.12,0.0,0.0
2023-04-18 23:00:00,23,4,0,371.93,-371.93,5.0,13.8,2.65,0.0,0.0
2023-04-19 00:00:00,0,4,0,330.98,-330.98,5.0,9.4,3.94,0.0,0.0
2023-04-19 01:00:00,1,4,0,462.46,-462.46,5.0,14.6,2.93,0.0,0.0
2023-04-19 02:00:00,2,4,0,619.67,-619.67,5.0,10.4,3.25,0.0,0.0
2023-04-19 03:00:00,3,4,0,421.3,-421.3,5.0,13.0,3.89,0.0,0.0
2023-04-19 04:00:00,4,4,0,425.41,-425.41,5.0,16.2,4.5,0.0,0.0
2023-04-19 05:00:00,5,4,0,734.32,-734.32,5.0,15.5,3.21,0.0,0.0
2023-04-19 06:00:00,6,4,0,457.82,-457.82,5.0,15.8,1.29,0.0,0.0
2023-04-19 07:00:00,7,4,0,2843.43,-2843.43,5.0,19.1,38.86,0.0,0.0
2023-04-19 08:00:00,8,4,513.22,2631.3,-2118.08,5.0,20.4,22.8,0.0,0.0
2023-04-19 09:00:00,9,4,968.87,1568.54,-599.67,5.0,20.4,45.52,0.0,0.0
2023-04-19 10:00:00,10,4,218.55,399.34,-180.79,5.0,21.8,2.5,0.0,0.0
2023-04-19 11:00:00,11,4,2095.31,560.63,1534.68,20.35,20.1,4.24,0.0,0.0
2023-04-19 12:00:00,12,4,362.55,521.53,-158.98,18.76,23.6,4.08,0.0,0.0
2023-04-19 13:00:00,13,4,3112.41,447.32,2665.09,45.41,24.1,4.16,0.0,0.0
2023-04-19 14:00:00,14,4,2565.13,414.11,2151.02,66.92,26.5,2.33,0.0,0.0
2023-04-19 15:00:00,15,4,1992.62,358.22,1634.39,83.26,22.5,2.75,0.0,0.0
2023-04-19 16:00:00,16,4,1508.82,526.13,982.7,93.09,22.1,4.77,0.0,0.0
2023-04-19 17:00:00,17,4,952.48,528.05,424.43,97.33,16.4,4.34,0.0,0.0
2023-04-19 18:00:00,18,4,498.33,580.1,-81.77,96.52,20.0,3.72,0.0,0.0
2023-04-19 19:00:00,19,4,0,1656.87,-1656.87,79.95,15.1,1.25,0.0,0.0
2023-04-19 20:00:00,20,4,0,2525.34,-2525.34,54.69,18.1,16.44,0.0,0.0
2023-04-19 21:00:00,21,4,0,1414.01,-1414.01,40.55,15.4,30.79,0.0,0.0
2023-04-19 22:00:00,22,4,0,2618.88,-2618.88,14.36,17.2,19.64,0.0,0.0
2023-04-19 23:00:00,23,4,0,495.37,-495.37,9.41,16.0,1.14,0.0,0.0
2023-04-20 00:00:00,0,4,0,546.25,-546.25,5.0,9.9,3.25,0.0,0.0
2023-04-20 01:00:00,1,4,0,583.36,-583.36,5.0,10.9,3.41,0.0,0.0
2023-04-20 02:00:00,2,4,0,450.81,-450.81,5.0,13.1,1.94,0.0,0.0
2023-04-20 03:00:00,3,4,0,465.47,-465.47,5.0,15.4,3.28,0.0,0.0
2023-04-20 04:00:00,4,4,0,250.7,-250.7,5.0,13.0,2.97,0.0,0.0
2023-04-20 05:00:00,5,4,0,405.02,-405.02,5.0,20.7,4.6,0.0,0.0
2023-04-20 06:00:00,6,4,0,460.29,-460.29,5.0,17.7,2.27,0.0,0.0
2023-04-20 07:00:00,7,4,45.54,2112.59,-2067.05,5.0,16.1,26.16,0.0,0.0
2023-04-20 08:00:00,8,4,571.08,2082.41,-1511.33,5.0,21.6,30.07,0.0,0.0
2023-04-20 09:00:00,9,4,121.15,1788.49,-1667.34,5.0,18.4,28.53,0.0,0.0
2023-04-20 10:00:00,10,4,1577.61,475.67,1101.94,16.02,22.2,3.71,0.0,0.0
2023-04-20 11:00:00,11,4,1931.28,450.23,1481.05,30.83,22.6,1.99,0.0,0.0
2023-04-20 12:00:00,12,4,2582.21,352.14,2230.07,53.13,19.7,2.42,0.0,0.0
2023-04-20 13:00:00,13,4,2917.42,297.13,2620.3,79.33,22.1,2.95,0.0,0.0
2023-04-20 14:00:00,14,4,2529.93,405.52,2124.41,100.0,25.4,4.25,0.0,0.0
2023-04-20 15:00:00,15,4,1825.66,527.51,1298.15,100.0,22.0,2.97,0.0,0.0
2023-04-20 16:00:00,16,4,1396.41,438.76,957.65,100.0,23.2,1.42,0.0,0.0
2023-04-20 17:00:00,17,4,1189.36,513.86,675.51,100.0,21.5,4.99,0.0,0.0
2023-04-20 18:00:00,18,4,90.21,263.31,-173.1,98.27,22.6,3.01,0.0,0.0
2023-04-20 19:00:00,19,4,0,2218.87,-2218.87,76.08,21.6,1.25,0.0,0.0
2023-04-20 20:00:00,20,4,0,1836.36,-1836.36,57.72,16.2,32.76,0.0,0.0
2023-04-20 21:00:00,21,4,0,2247.09,-2247.09,35.25,18.4,25.76,0.0,0.0
2023-04-20 22:00:00,22,4,0,2568.15,-2568.15,9.56,19.2,16.4,0.0,0.0
2023-04-20 23:00:00,23,4,0,564.54,-564.54,5.0,15.1,1.02,0.0,0.0
2023-04-21 00:00:00,0,4,0,468.37,-468.37,5.0,13.9,2.75,0.0,0.0
2023-04-21 01:00:00,1,4,0,351.19,-351.19,5.0,13.0,4.63,0.0,0.0
2023-04-21 02:00:00,2,4,0,569.98,-569.98,5.0,8.1,1.75,0.0,0.0
2023-04-21 03:00:00,3,4,0,352.77,-352.77,5.0,14.5,2.67,0.0,0.0
2023-04-21 04:00:00,4,4,0,610.21,-610.21,5.0,13.1,1.04,0.0,0.0
2023-04-21 05:00:00,5,4,0,402.71,-402.71,5.0,17.0,1.49,0.0,0.0
2023-04-21 06:00:00,6,4,0,546.58,-546.58,5.0,16.8,3.32,0.0,0.0
2023-04-21 07:00:00,7,4,37.6,2602.31,-2564.71,5.0,18.4,22.36,0.0,0.0
2023-04-21 08:00:00,8,4,58.15,2663.53,-2605.38,5.0,18.0,36.44,0.0,0.0
2023-04-21 09:00:00,9,4,1053.71,2556.15,-1502.44,5.0,17.9,33.91,0.0,0.0
2023-04-21 10:00:00,10,4,1532.84,256.95,1275.88,17.76,20.9,4.98,0.0,0.0
2023-04-21 11:00:00,11,4,1862.65,605.42,1257.24,30.33,21.7,4.79,0.0,0.0
2023-04-21 12:00:00,12,4,2554.16,534.43,2019.74,50.53,19.4,2.4,0.0,0.0
2023-04-21 13:00:00,13,4,450.76,657.5,-206.74,48.46,23.5,1.86,0.0,0.0
2023-04-21 14:00:00,14,4,377.9,281.51,96.39,49.43,25.4,4.72,0.0,0.0
2023-04-21 15:00:00,15,4,1881.77,456.2,1425.57,63.68,25.3,2.83,0.0,0.0
2023-04-21 16:00:00,16,4,246.01,480.23,-234.22,61.34,23.5,3.68,0.0,0.0
2023-04-21 17:00:00,17,4,939.71,390.45,549.26,66.83,24.0,2.61,0.0,0.0
2023-04-21 18:00:00,18,4,65.46,352.24,-286.79,63.96,19.2,3.99,0.0,0.0
2023-04-21 19:00:00,19,4,10.45,1646.86,-1636.41,47.6,21.2,3.74,0.0,0.0
2023-04-21 20:00:00,20,4,0,2076.81,-2076.81,26.83,17.7,18.27,0.0,0.0
2023-04-21 21:00:00,21,4,0,2159.19,-2159.19,5.24,15.1,32.0,0.0,0.0
2023-04-21 22:00:00,22,4,0,2629.94,-2629.94,5.0,15.1,25.91,0.0,0.0
2023-04-21 23:00:00,23,4,0,427.35,-427.35,5.0,19.2,1.57,0.0,0.0
2023-04-22 00:00:00,0,4,0,296.81,-296.81,5.0,13.7,2.71,0.0,0.0
2023-04-22 01:00:00,1,4,0,515.36,-515.36,5.0,13.5,2.62,0.0,0.0
2023-04-22 02:00:00,2,4,0,340.75,-340.75,5.0,12.3,2.94,0.0,0.0
2023-04-22 03:00:00,3,4,0,437.26,-437.26,5.0,14.5,1.26,0.0,0.0
2023-04-22 04:00:00,4,4,0,342.27,-342.27,5.0,17.5,4.45,0.0,0.0
2023-04-22 05:00:00,5,4,0,475.24,-475.24,5.0,14.9,4.72,0.0,0.0
2023-04-22 06:00:00,6,4,0,656.17,-656.17,5.0,16.8,1.15,0.0,0.0
2023-04-22 07:00:00,7,4,0,1615.0,-1615.0,5.0,18.9,21.22,0.0,0.0
2023-04-22 08:00:00,8,4,438.77,2684.16,-2245.39,5.0,15.8,28.08,0.0,0.0
2023-04-22 09:00:00,9,4,178.85,2100.54,-1921.69,5.0,18.3,45.8,0.0,0.0
2023-04-22 10:00:00,10,4,1573.28,458.87,1114.4,16.14,20.6,3.22,0.0,0.0
2023-04-22 11:00:00,11,4,288.11,464.64,-176.53,14.38,19.6,3.73,0.0,0.0
2023-04-22 12:00:00,12,4,400.9,559.14,-158.24,12.8,25.4,2.28,0.0,0.0
2023-04-22 13:00:00,13,4,3070.2,283.7,2786.5,40.66,18.8,4.31,0.0,0.0
2023-04-22 14:00:00,14,4,2502.29,467.66,2034.63,61.01,29.5,3.78,0.0,0.0
2023-04-22 15:00:00,15,4,293.05,494.3,-201.25,59.0,21.7,1.07,0.0,0.0
2023-04-22 16:00:00,16,4,1525.1,424.84,1100.26,70.0,24.9,3.69,0.0,0.0
2023-04-22 17:00:00,17,4,1119.96,710.08,409.87,74.1,21.7,4.88,0.0,0.0
2023-04-22 18:00:00,18,4,477.35,272.66,204.69,76.14,20.6,3.66,0.0,0.0
2023-04-22 19:00:00,19,4,0,2970.97,-2970.97,46.43,25.0,2.83,0.0,0.0
2023-04-22 20:00:00,20,4,0,2027.14,-2027.14,26.16,20.6,22.84,0.0,0.0
2023-04-22 21:00:00,21,4,0,2439.82,-2439.82,5.0,17.9,24.69,0.0,0.0
2023-04-22 22:00:00,22,4,0,2879.13,-2879.13,5.0,18.9,29.94,0.0,0.0
2023-04-22 23:00:00,23,4,0,367.42,-367.42,5.0,15.7,2.94,0.0,0.0
2023-04-23 00:00:00,0,4,0,375.2,-375.2,5.0,14.3,3.96,0.0,0.0
2023-04-23 01:00:00,1,4,0,659.9,-659.9,5.0,12.6,1.17,0.0,0.0
2023-04-23 02:00:00,2,4,0,202.56,-202.56,5.0,11.7,2.99,0.0,0.0
2023-04-23 03:00:00,3,4,0,615.54,-615.54,5.0,15.8,4.52,0.0,0.0
2023-04-23 04:00:00,4,4,0,771.94,-771.94,5.0,15.8,3.35,0.0,0.0
2023-04-23 05:00:00,5,4,0,326.02,-326.02,5.0,16.9,2.37,0.0,0.0
2023-04-23 06:00:00,6,4,0,378.74,-378.74,5.0,16.8,1.76,0.0,0.0
2023-04-23 07:00:00,7,4,166.72,2630.78,-2464.06,5.0,17.9,29.36,0.0,0.0
2023-04-23 08:00:00,8,4,600.49,2006.39,-1405.9,5.0,20.8,25.36,0.0,0.0
2023-04-23 09:00:00,9,4,953.57,1931.54,-977.97,5.0,23.3,24.31,0.0,0.0
2023-04-23 10:00:00,10,4,1597.82,338.76,1259.05,17.59,21.4,2.91,0.0,0.0
2023-04-23 11:00:00,11,4,317.69,516.96,-199.26,15.6,23.8,2.52,0.0,0.0
2023-04-23 12:00:00,12,4,2468.83,537.02,1931.81,34.92,23.0,2.62,0.0,0.0
2023-04-23 13:00:00,13,4,3015.62,488.76,2526.86,60.18,21.2,4.96,0.0,0.0
2023-04-23 14:00:00,14,4,377.62,495.12,-117.5,59.01,21.0,4.61,0.0,0.0
2023-04-23 15:00:00,15,4,1892.45,464.53,1427.91,73.29,25.3,1.42,0.0,0.0
2023-04-23 16:00:00,16,4,1534.65,457.96,1076.69,84.06,19.9,3.99,0.0,0.0
2023-04-23 17:00:00,17,4,1034.3,522.47,511.83,89.17,19.0,2.11,0.0,0.0
2023-04-23 18:00:00,18,4,62.39,679.04,-616.65,83.01,20.9,4.49,0.0,0.0
2023-04-23 19:00:00,19,4,0,1623.83,-1623.83,66.77,20.9,1.25,0.0,0.0
2023-04-23 20:00:00,20,4,0,1481.26,-1481.26,51.96,16.5,34.97,0.0,0.0
2023-04-23 21:00:00,21,4,0,1757.87,-1757.87,34.38,16.0,29.95,0.0,0.0
2023-04-23 22:00:00,22,4,0,2402.11,-2402.11,10.36,11.1,18.7,0.0,0.0
2023-04-23 23:00:00,23,4,0,383.27,-383.27,6.52,17.1,3.05,0.0,0.0
2023-04-24 00:00:00,0,4,0,621.45,-621.45,5.0,7.7,1.51,0.0,0.0
2023-04-24 01:00:00,1,4,0,423.37,-423.37,5.0,12.1,4.93,0.0,0.0
2023-04-24 02:00:00,2,4,0,598.19,-598.19,5.0,17.8,4.68,0.0,0.0
2023-04-24 03:00:00,3,4,0,447.87,-447.87,5.0,13.5,3.83,0.0,0.0
2023-04-24 04:00:00,4,4,0,290.34,-290.34,5.0,16.8,4.91,0.0,0.0
2023-04-24 05:00:00,5,4,0,530.24,-530.24,5.0,21.6,3.97,0.0,0.0
2023-04-24 06:00:00,6,4,0,384.26,-384.26,5.0,21.5,1.88,0.0,0.0
2023-04-24 07:00:00,7,4,0,2510.32,-2510.32,5.0,19.0,37.88,0.0,0.0
2023-04-24 08:00:00,8,4,463.25,2561.55,-2098.31,5.0,18.3,48.97,0.0,0.0
2023-04-24 09:00:00,9,4,1056.04,2733.62,-1677.58,5.0,21.3,45.52,0.0,0.0
2023-04-24 10:00:00,10,4,1651.26,354.92,1296.34,17.96,22.2,4.18,0.0,0.0
2023-04-24 11:00:00,11,4,2048.25,512.44,1535.81,33.32,17.1,3.99,0.0,0.0
2023-04-24 12:00:00,12,4,2498.44,375.21,2123.24,54.55,24.2,3.97,0.0,0.0
2023-04-24 13:00:00,13,4,442.58,620.57,-177.99,52.77,24.8,2.1,0.0,0.0
2023-04-24 14:00:00,14,4,2515.0,629.79,1885.21,71.63,27.1,2.23,0.0,0.0
2023-04-24 15:00:00,15,4,2156.94,715.3,1441.64,86.04,22.7,1.4,0.0,0.0
2023-04-24 16:00:00,16,4,1506.38,251.96,1254.41,98.59,22.1,2.78,0.0,0.0
2023-04-24 17:00:00,17,4,1110.74,364.23,746.51,100.0,22.8,2.78,0.0,0.0
2023-04-24 18:00:00,18,4,311.29,303.1,8.18,100.0,22.4,2.62,0.0,0.0
2023-04-24 19:00:00,19,4,0,1809.75,-1809.75,81.9,20.1,4.12,0.0,0.0
2023-04-24 20:00:00,20,4,0,1812.7,-1812.7,63.78,17.1,18.03,0.0,0.0
2023-04-24 21:00:00,21,4,0,2362.54,-2362.54,40.15,15.3,27.7,0.0,0.0
2023-04-24 22:00:00,22,4,0,1973.49,-1973.49,20.42,17.8,34.36,0.0,0.0
2023-04-24 23:00:00,23,4,0,502.38,-502.38,15.39,14.7,4.21,0.0,0.0
2023-04-25 00:00:00,0,4,0,499.19,-499.19,10.4,7.1,4.27,0.0,0.0
2023-04-25 01:00:00,1,4,0,405.25,-405.25,6.35,12.5,4.09,0.0,0.0
2023-04-25 02:00:00,2,4,0,242.38,-242.38,5.0,16.6,2.07,0.0,0.0
2023-04-25 03:00:00,3,4,0,585.51,-585.51,5.0,14.4,1.87,0.0,0.0
2023-04-25 04:00:00,4,4,0,703.73,-703.73,5.0,18.4,3.32,0.0,0.0
2023-04-25 05:00:00,5,4,0,289.51,-289.51,5.0,14.5,4.61,0.0,0.0
2023-04-25 06:00:00,6,4,0,525.32,-525.32,5.0,16.6,1.69,0.0,0.0
2023-04-25 07:00:00,7,4,232.12,2128.96,-1896.84,5.0,19.1,26.79,0.0,0.0
2023-04-25 08:00:00,8,4,496.39,1601.89,-1105.5,5.0,20.0,29.56,0.0,0.0
2023-04-25 09:00:00,9,4,1057.63,2829.2,-1771.58,5.0,19.6,43.19,0.0,0.0
2023-04-25 10:00:00,10,4,230.58,375.98,-145.39,5.0,20.9,2.13,0.0,0.0
2023-04-25 11:00:00,11,4,2059.1,392.39,1666.71,21.67,19.8,3.91,0.0,0.0
2023-04-25 12:00:00,12,4,2667.43,436.5,2230.93,43.98,24.1,1.23,0.0,0.0
2023-04-25 13:00:00,13,4,3107.13,401.45,2705.68,71.03,26.2,1.71,0.0,0.0
2023-04-25 14:00:00,14,4,2642.7,394.79,2247.91,93.51,26.7,4.92,0.0,0.0
2023-04-25 15:00:00,15,4,1963.75,620.57,1343.18,100.0,23.4,1.14,0.0,0.0
2023-04-25 16:00:00,16,4,1597.14,433.27,1163.87,100.0,23.2,1.06,0.0,0.0
2023-04-25 17:00:00,17,4,1078.75,599.71,479.03,100.0,20.5,4.41,0.0,0.0
2023-04-25 18:00:00,18,4,528.15,501.97,26.18,100.0,23.0,4.27,0.0,0.0
2023-04-25 19:00:00,19,4,0,2057.92,-2057.92,79.42,18.1,2.73,0.0,0.0
2023-04-25 20:00:00,20,4,0,2882.51,-2882.51,50.6,23.0,29.23,0.0,0.0
2023-04-25 21:00:00,21,4,0,2349.56,-2349.56,27.1,18.3,18.53,0.0,0.0
2023-04-25 22:00:00,22,4,0,2155.08,-2155.08,5.55,19.2,27.6,0.0,0.0
2023-04-25 23:00:00,23,4,0,506.64,-506.64,5.0,17.8,4.34,0.0,0.0
2023-04-26 00:00:00,0,4,0,299.51,-299.51,5.0,9.7,4.05,0.0,0.0
2023-04-26 01:00:00,1,4,0,632.57,-632.57,5.0,12.3,2.84,0.0,0.0
2023-04-26 02:00:00,2,4,0,470.43,-470.43,5.0,14.4,2.13,0.0,0.0
2023-04-26 03:00:00,3,4,0,653.53,-653.53,5.0,12.9,3.14,0.0,0.0
2023-04-26 04:00:00,4,4,0,384.06,-384.06,5.0,14.3,4.31,0.0,0.0
2023-04-26 05:00:00,5,4,0,420.04,-420.04,5.0,16.0,1.72,0.0,0.0
2023-04-26 06:00:00,6,4,0,600.18,-600.18,5.0,15.1,2.11,0.0,0.0
2023-04-26 07:00:00,7,4,29.52,1405.79,-1376.27,5.0,19.4,36.65,0.0,0.0
2023-04-26 08:00:00,8,4,57.55,2195.01,-2137.46,5.0,18.9,34.33,0.0,0.0
2023-04-26 09:00:00,9,4,815.72,2308.95,-1493.23,5.0,21.5,48.22,0.0,0.0
2023-04-26 10:00:00,10,4,1525.58,735.51,790.07,12.9,23.5,1.6,0.0,0.0
2023-04-26 11:00:00,11,4,2047.94,568.47,1479.47,27.7,21.6,1.57,0.0,0.0
2023-04-26 12:00:00,12,4,2591.58,528.03,2063.56,48.33,23.0,2.47,0.0,0.0
2023-04-26 13:00:00,13,4,3066.28,539.75,2526.53,73.6,23.8,1.78,0.0,0.0
2023-04-26 14:00:00,14,4,2549.63,490.49,2059.13,94.19,23.0,1.92,0.0,0.0
2023-04-26 15:00:00,15,4,2065.13,561.16,1503.97,100.0,24.0,1.87,0.0,0.0
2023-04-26 16:00:00,16,4,1494.1,451.14,1042.96,100.0,22.1,1.46,0.0,0.0
2023-04-26 17:00:00,17,4,777.29,505.97,271.32,100.0,21.7,1.4,0.0,0.0
2023-04-26 18:00:00,18,4,720.26,730.56,-10.3,99.9,22.1,3.53,0.0,0.0
2023-04-26 19:00:00,19,4,0,2345.19,-2345.19,76.45,19.9,4.16,0.0,0.0
2023-04-26 20:00:00,20,4,0,1748.13,-1748.13,58.96,20.0,29.38,0.0,0.0
2023-04-26 21:00:00,21,4,0,1435.93,-1435.93,44.6,16.0,17.75,0.0,0.0
2023-04-26 22:00:00,22,4,0,2718.54,-2718.54,17.42,16.8,22.89,0.0,0.0
2023-04-26 23:00:00,23,4,0,412.6,-412.6,13.29,17.5,3.45,0.0,0.0
2023-04-27 00:00:00,0,4,0,580.21,-580.21,7.49,11.9,3.45,0.0,0.0
2023-04-27 01:00:00,1,4,0,676.38,-676.38,5.0,17.0,1.24,0.0,0.0
2023-04-27 02:00:00,2,4,0,438.17,-438.17,5.0,11.3,3.75,0.0,0.0
2023-04-27 03:00:00,3,4,0,449.3,-449.3,5.0,11.7,2.74,0.0,0.0
2023-04-27 04:00:00,4,4,0,445.77,-445.77,5.0,17.4,4.41,0.0,0.0
2023-04-27 05:00:00,5,4,0,392.82,-392.82,5.0,14.8,1.93,0.0,0.0
2023-04-27 06:00:00,6,4,0,578.88,-578.88,5.0,15.7,4.34,0.0,0.0
2023-04-27 07:00:00,7,4,0,1687.55,-1687.55,5.0,18.3,30.85,0.0,0.0
2023-04-27 08:00:00,8,4,493.59,1569.47,-1075.87,5.0,21.4,21.86,0.0,0.0
2023-04-27 09:00:00,9,4,165.14,1546.88,-1381.73,5.0,19.0,39.1,0.0,0.0
2023-04-27 10:00:00,10,4,239.01,498.91,-259.9,5.0,17.6,4.57,0.0,0.0
2023-04-27 11:00:00,11,4,1988.75,528.94,1459.81,19.6,23.0,1.36,0.0,0.0
2023-04-27 12:00:00,12,4,2232.08,420.41,1811.67,37.71,25.2,4.13,0.0,0.0
2023-04-27 13:00:00,13,4,3060.52,509.2,2551.32,63.23,26.8,4.01,0.0,0.0
2023-04-27 14:00:00,14,4,380.53,615.8,-235.27,60.88,21.5,4.95,0.0,0.0
2023-04-27 15:00:00,15,4,2042.9,470.55,1572.35,76.6,23.4,2.61,0.0,0.0
2023-04-27 16:00:00,16,4,1581.18,324.85,1256.33,89.16,20.3,1.82,0.0,0.0
2023-04-27 17:00:00,17,4,147.87,505.4,-357.53,85.59,21.7,1.59,0.0,0.0
2023-04-27 18:00:00,18,4,406.03,607.11,-201.08,83.58,21.7,4.52,0.0,0.0
2023-04-27 19:00:00,19,4,0,1485.85,-1485.85,68.72,18.5,2.02,0.0,0.0
2023-04-27 20:00:00,20,4,0,2456.8,-2456.8,44.15,19.2,24.01,0.0,0.0
2023-04-27 21:00:00,21,4,0,2329.38,-2329.38,20.86,18.2,15.88,0.0,0.0
2023-04-27 22:00:00,22,4,0,1533.21,-1533.21,5.52,16.6,25.21,0.0,0.0
2023-04-27 23:00:00,23,4,0,242.83,-242.83,5.0,14.5,2.93,0.0,0.0
2023-04-28 00:00:00,0,4,0,463.62,-463.62,5.0,11.7,2.05,0.0,0.0
2023-04-28 01:00:00,1,4,0,491.35,-491.35,5.0,11.1,2.54,0.0,0.0
2023-04-28 02:00:00,2,4,0,273.52,-273.52,5.0,12.5,3.19,0.0,0.0
2023-04-28 03:00:00,3,4,0,590.15,-590.15,5.0,15.2,1.82,0.0,0.0
2023-04-28 04:00:00,4,4,0,473.77,-473.77,5.0,13.7,1.84,0.0,0.0
2023-04-28 05:00:00,5,4,0,561.34,-561.34,5.0,19.4,3.21,0.0,0.0
2023-04-28 06:00:00,6,4,0,734.7,-734.7,5.0,16.7,1.58,0.0,0.0
2023-04-28 07:00:00,7,4,71.34,2124.98,-2053.65,5.0,16.9,20.86,0.0,0.0
2023-04-28 08:00:00,8,4,493.73,1842.06,-1348.33,5.0,15.9,22.17,0.0,0.0
2023-04-28 09:00:00,9,4,1118.04,2632.59,-1514.55,5.0,22.2,32.72,0.0,0.0
2023-04-28 10:00:00,10,4,228.27,427.95,-199.69,5.0,20.3,1.9,0.0,0.0
2023-04-28 11:00:00,11,4,1896.66,352.45,1544.2,20.44,20.6,1.37,0.0,0.0
2023-04-28 12:00:00,12,4,2442.36,501.02,1941.34,39.86,23.6,1.83,0.0,0.0
2023-04-28 13:00:00,13,4,2945.91,309.9,2636.01,66.22,23.6,4.64,0.0,0.0
2023-04-28 14:00:00,14,4,2396.15,655.39,1740.76,83.62,25.7,2.26,0.0,0.0
2023-04-28 15:00:00,15,4,2068.86,395.08,1673.78,100.0,24.4,2.72,0.0,0.0
2023-04-28 16:00:00,16,4,1607.28,560.67,1046.61,100.0,22.3,2.81,0.0,0.0
2023-04-28 17:00:00,17,4,1004.27,534.26,470.01,100.0,19.8,1.07,0.0,0.0
2023-04-28 18:00:00,18,4,381.23,354.11,27.12,100.0,20.9,3.68,0.0,0.0
2023-04-28 19:00:00,19,4,135.88,1451.84,-1315.96,86.84,19.9,4.42,0.0,0.0
2023-04-28 20:00:00,20,4,0,2777.95,-2777.95,59.06,17.6,26.74,0.0,0.0
2023-04-28 21:00:00,21,4,0,2688.17,-2688.17,32.18,20.7,26.74,0.0,0.0
2023-04-28 22:00:00,22,4,0,2474.1,-2474.1,7.44,17.1,23.85,0.0,0.0
2023-04-28 23:00:00,23,4,0,570.98,-570.98,5.0,17.9,1.25,0.0,0.0
2023-04-29 00:00:00,0,4,0,725.81,-725.81,5.0,10.3,4.4,0.0,0.0
2023-04-29 01:00:00,1,4,0,669.36,-669.36,5.0,13.1,2.78,0.0,0.0
2023-04-29 02:00:00,2,4,0,537.16,-537.16,5.0,14.4,3.31,0.0,0.0
2023-04-29 03:00:00,3,4,0,570.16,-570.16,5.0,12.7,2.54,0.0,0.0
2023-04-29 04:00:00,4,4,0,691.04,-691.04,5.0,13.0,3.39,0.0,0.0
2023-04-29 05:00:00,5,4,0,482.76,-482.76,5.0,18.0,3.12,0.0,0.0
2023-04-29 06:00:00,6,4,0,401.33,-401.33,5.0,16.3,1.61,0.0,0.0
2023-04-29 07:00:00,7,4,0,1663.37,-1663.37,5.0,18.4,49.15,0.0,0.0
2023-04-29 08:00:00,8,4,451.69,2319.9,-1868.21,5.0,20.8,35.89,0.0,0.0
2023-04-29 09:00:00,9,4,791.58,2622.97,-1831.39,5.0,19.5,49.08,0.0,0.0
2023-04-29 10:00:00,10,4,1391.47,512.33,879.14,13.79,19.5,3.36,0.0,0.0
2023-04-29 11:00:00,11,4,2006.79,525.89,1480.9,28.6,22.5,2.12,0.0,0.0
2023-04-29 12:00:00,12,4,2348.14,576.31,1771.83,46.32,21.0,1.85,0.0,0.0
2023-04-29 13:00:00,13,4,2787.49,459.84,2327.65,69.6,25.7,2.76,0.0,0.0
2023-04-29 14:00:00,14,4,2356.25,497.75,1858.49,88.18,23.1,2.06,0.0,0.0
2023-04-29 15:00:00,15,4,1936.04,619.99,1316.05,100.0,24.0,1.76,0.0,0.0
2023-04-29 16:00:00,16,4,1501.63,402.35,1099.28,100.0,23.5,1.75,0.0,0.0
2023-04-29 17:00:00,17,4,884.62,509.36,375.26,100.0,20.0,1.8,0.0,0.0
2023-04-29 18:00:00,18,4,53.39,328.54,-275.15,97.25,23.0,3.92,0.0,0.0
2023-04-29 19:00:00,19,4,0,1253.07,-1253.07,84.72,20.8,3.22,0.0,0.0
2023-04-29 20:00:00,20,4,0,2441.46,-2441.46,60.3,17.8,21.21,0.0,0.0
2023-04-29 21:00:00,21,4,0,2743.31,-2743.31,32.87,16.9,23.58,0.0,0.0
2023-04-29 22:00:00,22,4,0,2278.27,-2278.27,10.09,13.9,32.45,0.0,0.0
2023-04-29 23:00:00,23,4,0,520.52,-520.52,5.0,15.1,4.49,0.0,0.0
2023-04-30 00:00:00,0,4,0,459.99,-459.99,5.0,6.3,1.55,0.0,0.0
2023-04-30 01:00:00,1,4,0,642.04,-642.04,5.0,10.2,2.52,0.0,0.0
2023-04-30 02:00:00,2,4,0,576.12,-576.12,5.0,10.8,4.94,0.0,0.0
2023-04-30 03:00:00,3,4,0,495.04,-495.04,5.0,13.5,1.2,0.0,0.0
2023-04-30 04:00:00,4,4,0,535.14,-535.14,5.0,16.5,2.04,0.0,0.0
2023-04-30 05:00:00,5,4,0,534.86,-534.86,5.0,14.8,3.39,0.0,0.0
2023-04-30 06:00:00,6,4,0,482.59,-482.59,5.0,20.5,1.88,0.0,0.0
2023-04-30 07:00:00,7,4,0,2565.73,-2565.73,5.0,15.3,30.08,0.0,0.0
2023-04-30 08:00:00,8,4,314.43,1761.49,-1447.06,5.0,15.8,29.01,0.0,0.0
2023-04-30 09:00:00,9,4,1044.17,2109.08,-1064.91,5.0,15.8,32.92,0.0,0.0
2023-04-30 10:00:00,10,4,1442.87,474.05,968.82,14.69,23.8,4.33,0.0,0.0
2023-04-30 11:00:00,11,4,1990.71,577.59,1413.12,28.82,23.2,1.55,0.0,0.0
2023-04-30 12:00:00,12,4,2515.06,679.65,1835.41,47.17,25.6,3.62,0.0,0.0
2023-04-30 13:00:00,13,4,2933.43,309.48,2623.95,73.41,21.5,3.47,0.0,0.0
2023-04-30 14:00:00,14,4,2505.54,406.8,2098.73,94.4,23.5,3.26,0.0,0.0
2023-04-30 15:00:00,15,4,1952.09,483.62,1468.47,100.0,23.5,1.11,0.0,0.0
2023-04-30 16:00:00,16,4,243.03,266.94,-23.92,99.76,23.0,3.68,0.0,0.0
2023-04-30 17:00:00,17,4,911.49,642.37,269.12,100.0,24.1,2.21,0.0,0.0
2023-04-30 18:00:00,18,4,64.33,554.94,-490.61,95.09,22.7,1.24,0.0,0.0
2023-04-30 19:00:00,19,4,5.34,1915.78,-1910.44,75.99,20.3,3.26,0.0,0.0
2023-04-30 20:00:00,20,4,0,1615.88,-1615.88,59.83,17.7,17.64,0.0,0.0
2023-04-30 21:00:00,21,4,0,1900.06,-1900.06,40.83,24.7,29.81,0.0,0.0
2023-04-30 22:00:00,22,4,0,2363.47,-2363.47,17.2,22.5,34.39,0.0,0.0
2023-04-30 23:00:00,23,4,0,454.95,-454.95,12.65,16.5,3.87,0.0,0.0
2023-05-01 00:00:00,0,5,0,440.91,-440.91,8.24,5.5,3.48,0.0,0.0
2023-05-01 01:00:00,1,5,0,408.17,-408.17,5.0,14.5,3.53,0.0,0.0
2023-05-01 02:00:00,2,5,0,509.54,-509.54,5.0,11.2,2.89,0.0,0.0
2023-05-01 03:00:00,3,5,0,541.77,-541.77,5.0,13.2,1.38,0.0,0.0
2023-05-01 04:00:00,4,5,0,432.79,-432.79,5.0,17.1,2.18,0.0,0.0
2023-05-01 05:00:00,5,5,0,334.99,-334.99,5.0,16.4,2.94,0.0,0.0
2023-05-01 06:00:00,6,5,0,496.01,-496.01,5.0,17.3,4.46,0.0,0.0
2023-05-01 07:00:00,7,5,0,1749.64,-1749.64,5.0,24.2,36.53,0.0,0.0
2023-05-01 08:00:00,8,5,72.85,2294.96,-2222.1,5.0,15.8,30.2,0.0,0.0
2023-05-01 09:00:00,9,5,1065.41,2229.19,-1163.78,5.0,22.5,23.88,0.0,0.0
2023-05-01 10:00:00,10,5,1420.06,521.87,898.18,13.98,23.6,1.07,0.0,0.0
2023-05-01 11:00:00,11,5,288.39,487.44,-199.05,11.99,24.1,3.18,0.0,0.0
2023-05-01 12:00:00,12,5,2494.0,553.74,1940.26,31.39,22.9,2.58,0.0,0.0
2023-05-01 13:00:00,13,5,2886.14,593.31,2292.83,54.32,24.4,1.26,0.0,0.0
2023-05-01 14:00:00,14,5,2554.97,464.55,2090.42,75.23,25.1,3.92,0.0,0.0
2023-05-01 15:00:00,15,5,2013.27,370.8,1642.47,91.65,25.3,4.22,0.0,0.0
2023-05-01 16:00:00,16,5,1601.69,386.87,1214.82,100.0,23.0,1.68,0.0,0.0
2023-05-01 17:00:00,17,5,129.7,643.43,-513.74,94.86,21.5,1.7,0.0,0.0
2023-05-01 18:00:00,18,5,361.85,547.62,-185.77,93.0,19.2,4.42,0.0,0.0
2023-05-01 19:00:00,19,5,0,2556.64,-2556.64,67.44,23.0,2.83,0.0,0.0
2023-05-01 20:00:00,20,5,0,1540.54,-1540.54,52.03,19.0,28.07,0.0,0.0
2023-05-01 21:00:00,21,5,0,2365.88,-2365.88,28.37,18.3,19.56,0.0,0.0
2023-05-01 22:00:00,22,5,0,2625.67,-2625.67,5.0,13.2,30.15,0.0,0.0
2023-05-01 23:00:00,23,5,0,469.61,-469.61,5.0,14.2,4.79,0.0,0.0
2023-05-02 00:00:00,0,5,0,695.66,-695.66,5.0,11.1,4.61,0.0,0.0
2023-05-02 01:00:00,1,5,0,576.88,-576.88,5.0,6.8,3.02,0.0,0.0
2023-05-02 02:00:00,2,5,0,562.61,-562.61,5.0,13.6,1.13,0.0,0.0
2023-05-02 03:00:00,3,5,0,386.9,-386.9,5.0,15.0,3.11,0.0,0.0
2023-05-02 04:00:00,4,5,0,540.79,-540.79,5.0,15.2,3.9,0.0,0.0
2023-05-02 05:00:00,5,5,0,494.51,-494.51,5.0,15.3,2.55,0.0,0.0
2023-05-02 06:00:00,6,5,0,678.42,-678.42,5.0,17.1,2.88,0.0,0.0
2023-05-02 07:00:00,7,5,0,2240.33,-2240.33,5.0,15.9,21.11,0.0,0.0
2023-05-02 08:00:00,8,5,418.43,1371.79,-953.37,5.0,17.7,25.9,0.0,0.0
2023-05-02 09:00:00,9,5,1113.67,1814.34,-700.67,5.0,20.8,45.01,0.0,0.0
2023-05-02 10:00:00,10,5,210.52,630.42,-419.9,5.0,20.4,4.33,0.0,0.0
2023-05-02 11:00:00,11,5,1995.64,481.87,1513.77,20.14,20.3,1.66,0.0,0.0
2023-05-02 12:00:00,12,5,2483.46,589.15,1894.31,39.08,23.7,3.89,0.0,0.0
2023-05-02 13:00:00,13,5,456.54,544.9,-88.36,38.2,29.9,3.65,0.0,0.0
2023-05-02 14:00:00,14,5,2581.36,499.16,2082.21,59.02,22.9,4.57,0.0,0.0
2023-05-02 15:00:00,15,5,273.27,601.91,-328.64,55.73,26.2,1.02,0.0,0.0
2023-05-02 16:00:00,16,5,1631.63,456.97,1174.65,67.48,24.6,4.83,0.0,0.0
2023-05-02 17:00:00,17,5,1232.1,532.62,699.48,74.47,20.3,3.25,0.0,0.0
2023-05-02 18:00:00,18,5,76.59,513.52,-436.93,70.1,18.1,1.06,0.0,0.0
2023-05-02 19:00:00,19,5,91.27,2220.99,-2129.72,48.81,18.1,1.07,0.0,0.0
2023-05-02 20:00:00,20,5,0,1814.49,-1814.49,30.66,16.5,26.2,0.0,0.0
2023-05-02 21:00:00,21,5,0,2511.73,-2511.73,5.55,19.4,26.58,0.0,0.0
2023-05-02 22:00:00,22,5,0,2245.11,-2245.11,5.0,19.0,31.99,0.0,0.0
2023-05-02 23:00:00,23,5,0,420.14,-420.14,5.0,17.0,1.63,0.0,0.0
2023-05-03 00:00:00,0,5,0,452.56,-452.56,5.0,11.2,2.41,0.0,0.0
2023-05-03 01:00:00,1,5,0,468.87,-468.87,5.0,11.7,1.9,0.0,0.0
2023-05-03 02:00:00,2,5,0,372.91,-372.91,5.0,11.1,4.29,0.0,0.0
2023-05-03 03:00:00,3,5,0,698.17,-698.17,5.0,15.0,1.41,0.0,0.0
2023-05-03 04:00:00,4,5,0,478.75,-478.75,5.0,13.9,2.38,0.0,0.0
2023-05-03 05:00:00,5,5,0,576.08,-576.08,5.0,13.9,1.23,0.0,0.0
2023-05-03 06:00:00,6,5,0,732.77,-732.77,5.0,14.6,4.85,0.0,0.0
2023-05-03 07:00:00,7,5,0,2340.4,-2340.4,5.0,16.9,39.99,0.0,0.0
2023-05-03 08:00:00,8,5,76.79,1894.75,-1817.96,5.0,19.2,49.01,0.0,0.0
2023-05-03 09:00:00,9,5,163.99,2202.65,-2038.66,5.0,17.0,35.51,0.0,0.0
2023-05-03 10:00:00,10,5,1525.2,387.89,1137.31,16.37,19.5,2.18,0.0,0.0
2023-05-03 11:00:00,11,5,1860.02,600.19,1259.84,28.97,21.3,3.73,0.0,0.0
2023-05-03 12:00:00,12,5,370.43,448.28,-77.85,28.19,21.7,3.1,0.0,0.0
2023-05-03 13:00:00,13,5,3156.86,336.32,2820.54,56.4,26.2,3.04,0.0,0.0
2023-05-03 14:00:00,14,5,2352.04,268.93,2083.11,77.23,24.6,3.14,0.0,0.0
2023-05-03 15:00:00,15,5,290.07,709.56,-419.5,73.03,22.6,1.98,0.0,0.0
2023-05-03 16:00:00,16,5,1487.9,440.06,1047.85,83.51,21.5,2.35,0.0,0.0
2023-05-03 17:00:00,17,5,126.04,697.38,-571.34,77.8,18.5,2.47,0.0,0.0
2023-05-03 18:00:00,18,5,376.74,599.62,-222.88,75.57,15.0,3.29,0.0,0.0
2023-05-03 19:00:00,19,5,45.77,1617.01,-1571.24,59.86,21.4,2.28,0.0,0.0
2023-05-03 20:00:00,20,5,0,2549.0,-2549.0,34.37,15.4,15.99,0.0,0.0
2023-05-03 21:00:00,21,5,0,2426.22,-2426.22,10.11,20.3,22.81,0.0,0.0
2023-05-03 22:00:00,22,5,0,2184.39,-2184.39,5.0,18.2,33.2,0.0,0.0
2023-05-03 23:00:00,23,5,0,425.96,-425.96,5.0,18.2,2.92,0.0,0.0
2023-05-04 00:00:00,0,5,0,542.35,-542.35,5.0,10.0,4.18,0.0,0.0
2023-05-04 01:00:00,1,5,0,326.32,-326.32,5.0,11.6,3.5,0.0,0.0
2023-05-04 02:00:00,2,5,0,688.21,-688.21,5.0,12.4,1.05,0.0,0.0
2023-05-04 03:00:00,3,5,0,514.09,-514.09,5.0,14.3,1.37,0.0,0.0
2023-05-04 04:00:00,4,5,0,582.13,-582.13,5.0,16.2,2.82,0.0,0.0
2023-05-04 05:00:00,5,5,0,425.51,-425.51,5.0,16.3,4.36,0.0,0.0
2023-05-04 06:00:00,6,5,0,523.82,-523.82,5.0,17.7,1.23,0.0,0.0
2023-05-04 07:00:00,7,5,0,2139.23,-2139.23,5.0,17.7,25.12,0.0,0.0
2023-05-04 08:00:00,8,5,559.55,1759.45,-1199.9,5.0,18.6,37.04,0.0,0.0
2023-05-04 09:00:00,9,5,975.9,1945.57,-969.67,5.0,18.2,49.42,0.0,0.0
2023-05-04 10:00:00,10,5,1462.93,688.45,774.48,12.74,23.2,1.68,0.0,0.0
2023-05-04 11:00:00,11,5,306.59,448.17,-141.58,11.33,22.8,4.13,0.0,0.0
2023-05-04 12:00:00,12,5,2251.68,375.15,1876.53,30.09,26.2,2.0,0.0,0.0
2023-05-04 13:00:00,13,5,3041.67,465.09,2576.59,55.86,24.4,3.3,0.0,0.0
2023-05-04 14:00:00,14,5,2559.56,498.66,2060.9,76.47,26.0,1.38,0.0,0.0
2023-05-04 15:00:00,15,5,1981.82,348.44,1633.38,92.8,24.7,2.55,0.0,0.0
2023-05-04 16:00:00,16,5,1481.87,597.08,884.79,100.0,23.5,1.83,0.0,0.0
2023-05-04 17:00:00,17,5,1056.32,517.55,538.77,100.0,19.1,1.85,0.0,0.0
2023-05-04 18:00:00,18,5,501.51,566.88,-65.37,99.35,19.9,4.64,0.0,0.0
2023-05-04 19:00:00,19,5,109.46,2753.73,-2644.27,72.9,18.5,3.25,0.0,0.0
2023-05-04 20:00:00,20,5,0,2074.46,-2074.46,52.16,20.7,34.43,0.0,0.0
2023-05-04 21:00:00,21,5,0,2669.49,-2669.49,25.46,14.2,22.52,0.0,0.0
2023-05-04 22:00:00,22,5,0,1553.59,-1553.59,9.93,16.3,32.84,0.0,0.0
2023-05-04 23:00:00,23,5,0,575.71,-575.71,5.0,16.3,2.59,0.0,0.0
2023-05-05 00:00:00,0,5,0,413.39,-413.39,5.0,9.1,2.77,0.0,0.0
2023-05-05 01:00:00,1,5,0,655.67,-655.67,5.0,9.8,1.04,0.0,0.0
2023-05-05 02:00:00,2,5,0,220.05,-220.05,5.0,14.6,1.66,0.0,0.0
2023-05-05 03:00:00,3,5,0,379.27,-379.27,5.0,13.7,3.24,0.0,0.0
2023-05-05 04:00:00,4,5,0,679.29,-679.29,5.0,13.4,3.21,0.0,0.0
2023-05-05 05:00:00,5,5,0,780.66,-780.66,5.0,14.9,3.53,0.0,0.0
2023-05-05 06:00:00,6,5,0,484.8,-484.8,5.0,17.2,3.18,0.0,0.0
2023-05-05 07:00:00,7,5,0,1253.95,-1253.95,5.0,18.7,28.22,0.0,0.0
2023-05-05 08:00:00,8,5,422.4,1569.35,-1146.95,5.0,17.6,38.94,0.0,0.0
2023-05-05 09:00:00,9,5,1044.25,2173.25,-1129.0,5.0,21.1,38.74,0.0,0.0
2023-05-05 10:00:00,10,5,1463.59,520.88,942.71,14.43,17.5,2.95,0.0,0.0
2023-05-05 11:00:00,11,5,1970.03,663.98,1306.06,27.49,22.0,2.58,0.0,0.0
2023-05-05 12:00:00,12,5,2493.71,588.22,1905.49,46.54,23.1,1.72,0.0,0.0
2023-05-05 13:00:00,13,5,3136.3,583.78,2552.52,72.07,22.6,3.47,0.0,0.0
2023-05-05 14:00:00,14,5,2536.75,382.72,2154.03,93.61,28.7,3.83,0.0,0.0
2023-05-05 15:00:00,15,5,1906.64,499.34,1407.3,100.0,24.2,4.87,0.0,0.0
2023-05-05 16:00:00,16,5,1456.41,443.02,1013.39,100.0,25.1,1.72,0.0,0.0
2023-05-05 17:00:00,17,5,1256.41,468.57,787.85,100.0,22.7,1.73,0.0,0.0
2023-05-05 18:00:00,18,5,343.33,421.22,-77.89,99.22,21.1,3.91,0.0,0.0
2023-05-05 19:00:00,19,5,0,1627.99,-1627.99,82.94,18.5,1.71,0.0,0.0
2023-05-05 20:00:00,20,5,0,1849.04,-1849.04,64.45,21.2,17.15,0.0,0.0
2023-05-05 21:00:00,21,5,0,1914.62,-1914.62,45.3,18.7,22.13,0.0,0.0
2023-05-05 22:00:00,22,5,0,1774.67,-1774.67,27.56,18.7,23.0,0.0,0.0
2023-05-05 23:00:00,23,5,0,387.37,-387.37,23.68,16.0,3.41,0.0,0.0
2023-05-06 00:00:00,0,5,0,657.85,-657.85,17.11,7.6,4.92,0.0,0.0
2023-05-06 01:00:00,1,5,0,436.23,-436.23,12.74,14.7,4.3,0.0,0.0
2023-05-06 02:00:00,2,5,0,683.17,-683.17,5.91,16.4,4.04,0.0,0.0
2023-05-06 03:00:00,3,5,0,554.52,-554.52,5.0,13.4,3.22,0.0,0.0
2023-05-06 04:00:00,4,5,0,514.77,-514.77,5.0,15.0,3.63,0.0,0.0
2023-05-06 05:00:00,5,5,0,313.38,-313.38,5.0,20.5,4.05,0.0,0.0
2023-05-06 06:00:00,6,5,0,376.46,-376.46,5.0,16.9,1.92,0.0,0.0
2023-05-06 07:00:00,7,5,0,1335.4,-1335.4,5.0,20.1,38.61,0.0,0.0
2023-05-06 08:00:00,8,5,550.69,2303.23,-1752.53,5.0,18.2,43.41,0.0,0.0
2023-05-06 09:00:00,9,5,1011.83,2061.63,-1049.8,5.0,18.8,48.46,0.0,0.0
2023-05-06 10:00:00,10,5,1511.55,563.37,948.17,14.48,22.9,3.17,0.0,0.0
2023-05-06 11:00:00,11,5,289.98,691.8,-401.82,10.46,20.2,3.27,0.0,0.0
2023-05-06 12:00:00,12,5,365.42,460.59,-95.18,9.51,28.7,4.46,0.0,0.0
2023-05-06 13:00:00,13,5,3199.81,507.55,2692.26,36.43,26.2,1.79,0.0,0.0
2023-05-06 14:00:00,14,5,2589.53,540.72,2048.81,56.92,25.0,4.52,0.0,0.0
2023-05-06 15:00:00,15,5,1930.2,771.94,1158.26,68.51,25.1,2.55,0.0,0.0
2023-05-06 16:00:00,16,5,1484.78,369.61,1115.17,79.66,25.6,3.03,0.0,0.0
2023-05-06 17:00:00,17,5,1015.04,461.05,554.0,85.2,21.5,1.32,0.0,0.0
2023-05-06 18:00:00,18,5,87.26,556.51,-469.25,80.5,20.1,1.36,0.0,0.0
2023-05-06 19:00:00,19,5,70.56,2471.18,-2400.62,56.5,24.8,4.13,0.0,0.0
2023-05-06 20:00:00,20,5,0,2663.46,-2663.46,29.86,14.7,30.3,0.0,0.0
2023-05-06 21:00:00,21,5,0,1708.16,-1708.16,12.78,16.9,22.1,0.0,0.0
2023-05-06 22:00:00,22,5,0,2281.27,-2281.27,5.0,16.8,17.74,0.0,0.0
2023-05-06 23:00:00,23,5,0,500.2,-500.2,5.0,20.0,1.79,0.0,0.0
2023-05-07 00:00:00,0,5,0,582.6,-582.6,5.0,16.3,1.74,0.0,0.0
2023-05-07 01:00:00,1,5,0,519.21,-519.21,5.0,11.1,2.27,0.0,0.0
2023-05-07 02:00:00,2,5,0,544.79,-544.79,5.0,11.4,3.46,0.0,0.0
2023-05-07 03:00:00,3,5,0,667.72,-667.72,5.0,13.3,3.07,0.0,0.0
2023-05-07 04:00:00,4,5,0,412.56,-412.56,5.0,17.1,2.39,0.0,0.0
2023-05-07 05:00:00,5,5,0,439.64,-439.64,5.0,15.9,4.49,0.0,0.0
2023-05-07 06:00:00,6,5,0,371.27,-371.27,5.0,17.7,1.99,0.0,0.0
2023-05-07 07:00:00,7,5,0,2461.79,-2461.79,5.0,20.1,30.88,0.0,0.0
2023-05-07 08:00:00,8,5,573.01,2278.7,-1705.69,5.0,19.3,37.99,0.0,0.0
2023-05-07 09:00:00,9,5,973.39,2947.54,-1974.15,5.0,22.6,43.77,0.0,0.0
2023-05-07 10:00:00,10,5,1478.25,470.58,1007.66,15.08,18.3,1.22,0.0,0.0
2023-05-07 11:00:00,11,5,1968.73,477.73,1491.0,29.99,22.9,1.44,0.0,0.0
2023-05-07 12:00:00,12,5,2607.46,223.56,2383.9,53.83,23.8,3.57,0.0,0.0
2023-05-07 13:00:00,13,5,2948.78,473.05,2475.74,78.58,21.4,4.82,0.0,0.0
2023-05-07 14:00:00,14,5,385.06,517.98,-132.92,77.25,27.4,2.35,0.0,0.0
2023-05-07 15:00:00,15,5,2033.9,417.97,1615.93,93.41,23.0,3.17,0.0,0.0
2023-05-07 16:00:00,16,5,1571.94,486.85,1085.09,100.0,22.9,3.76,0.0,0.0
2023-05-07 17:00:00,17,5,1146.21,451.72,694.48,100.0,23.8,1.17,0.0,0.0
2023-05-07 18:00:00,18,5,342.64,573.42,-230.78,97.69,19.3,2.41,0.0,0.0
2023-05-07 19:00:00,19,5,0,1475.8,-1475.8,82.93,19.7,3.29,0.0,0.0
2023-05-07 20:00:00,20,5,0,1622.58,-1622.58,66.71,21.6,20.53,0.0,0.0
2023-05-07 21:00:00,21,5,0,2515.61,-2515.61,41.55,18.2,30.4,0.0,0.0
2023-05-07 22:00:00,22,5,0,1568.55,-1568.55,25.87,16.1,18.48,0.0,0.0
2023-05-07 23:00:00,23,5,0,588.34,-588.34,19.98,11.9,3.36,0.0,0.0
2023-05-08 00:00:00,0,5,0,410.96,-410.96,15.87,11.7,1.85,0.0,0.0
2023-05-08 01:00:00,1,5,0,504.82,-504.82,10.83,12.9,1.33,0.0,0.0
2023-05-08 02:00:00,2,5,0,536.84,-536.84,5.46,14.5,3.61,0.0,0.0
2023-05-08 03:00:00,3,5,0,506.68,-506.68,5.0,12.9,1.65,0.0,0.0
2023-05-08 04:00:00,4,5,0,616.63,-616.63,5.0,16.5,1.14,0.0,0.0
2023-05-08 05:00:00,5,5,0,591.59,-591.59,5.0,18.6,1.55,0.0,0.0
2023-05-08 06:00:00,6,5,0,519.71,-519.71,5.0,18.4,4.99,0.0,0.0
2023-05-08 07:00:00,7,5,9.6,1623.75,-1614.15,5.0,14.9,40.47,0.0,0.0
2023-05-08 08:00:00,8,5,496.37,1581.99,-1085.61,5.0,19.4,27.86,0.0,0.0
2023-05-08 09:00:00,9,5,911.76,1914.2,-1002.44,5.0,18.2,35.93,0.0,0.0
2023-05-08 10:00:00,10,5,1300.7,337.69,963.01,14.63,18.6,2.53,0.0,0.0
2023-05-08 11:00:00,11,5,1864.88,573.07,1291.81,27.55,25.2,4.47,0.0,0.0
2023-05-08 12:00:00,12,5,2572.42,557.61,2014.81,47.7,23.4,4.72,0.0,0.0
2023-05-08 13:00:00,13,5,3072.54,456.45,2616.09,73.86,26.1,1.14,0.0,0.0
2023-05-08 14:00:00,14,5,2542.84,513.95,2028.89,94.15,24.5,1.99,0.0,0.0
2023-05-08 15:00:00,15,5,306.42,632.57,-326.16,90.88,23.9,3.44,0.0,0.0
2023-05-08 16:00:00,16,5,1653.39,517.08,1136.31,100.0,23.7,3.47,0.0,0.0
2023-05-08 17:00:00,17,5,1090.05,489.36,600.69,100.0,20.3,4.82,0.0,0.0
2023-05-08 18:00:00,18,5,569.01,348.91,220.11,100.0,21.3,4.27,0.0,0.0
2023-05-08 19:00:00,19,5,0,1652.54,-1652.54,83.47,18.3,1.39,0.0,0.0
2023-05-08 20:00:00,20,5,0,2667.66,-2667.66,56.8,21.8,23.38,0.0,0.0
2023-05-08 21:00:00,21,5,0,1786.2,-1786.2,38.94,16.3,23.43,0.0,0.0
2023-05-08 22:00:00,22,5,0,2830.25,-2830.25,10.63,15.9,34.72,0.0,0.0
2023-05-08 23:00:00,23,5,0,521.18,-521.18,5.42,15.0,4.76,0.0,0.0
2023-05-09 00:00:00,0,5,0,496.8,-496.8,5.0,9.1,3.01,0.0,0.0
2023-05-09 01:00:00,1,5,0,470.8,-470.8,5.0,11.5,2.3,0.0,0.0
2023-05-09 02:00:00,2,5,0,770.21,-770.21,5.0,16.7,1.27,0.0,0.0
2023-05-09 03:00:00,3,5,0,446.81,-446.81,5.0,14.3,2.87,0.0,0.0
2023-05-09 04:00:00,4,5,0,531.94,-531.94,5.0,14.8,4.25,0.0,0.0
2023-05-09 05:00:00,5,5,0,502.89,-502.89,5.0,16.8,1.69,0.0,0.0
2023-05-09 06:00:00,6,5,0,364.93,-364.93,5.0,18.7,1.4,0.0,0.0
2023-05-09 07:00:00,7,5,154.1,2218.23,-2064.12,5.0,18.5,29.79,0.0,0.0
2023-05-09 08:00:00,8,5,443.27,1997.51,-1554.24,5.0,19.6,43.91,0.0,0.0
2023-05-09 09:00:00,9,5,1090.51,2617.47,-1526.96,5.0,17.5,33.18,0.0,0.0
2023-05-09 10:00:00,10,5,1446.35,560.43,885.93,13.86,19.1,4.6,0.0,0.0
2023-05-09 11:00:00,11,5,1949.44,686.31,1263.14,26.49,23.1,2.15,0.0,0.0
2023-05-09 12:00:00,12,5,2666.69,310.21,2356.49,50.06,21.3,3.34,0.0,0.0
2023-05-09 13:00:00,13,5,2985.73,406.29,2579.44,75.85,22.7,3.24,0.0,0.0
2023-05-09 14:00:00,14,5,2497.71,708.63,1789.08,93.74,24.4,1.85,0.0,0.0
2023-05-09 15:00:00,15,5,1904.38,317.22,1587.16,100.0,23.2,4.53,0.0,0.0
2023-05-09 16:00:00,16,5,221.71,463.99,-242.28,97.58,23.1,1.24,0.0,0.0
2023-05-09 17:00:00,17,5,1033.19,453.58,579.61,100.0,24.4,4.16,0.0,0.0
2023-05-09 18:00:00,18,5,387.2,433.49,-46.29,99.54,21.1,2.66,0.0,0.0
2023-05-09 19:00:00,19,5,0,2624.36,-2624.36,73.29,17.3,1.4,0.0,0.0
2023-05-09 20:00:00,20,5,0,1944.86,-1944.86,53.84,17.7,18.59,0.0,0.0
2023-05-09 21:00:00,21,5,0,1647.23,-1647.23,37.37,15.6,28.34,0.0,0.0
2023-05-09 22:00:00,22,5,0,2411.19,-2411.19,13.26,20.8,23.8,0.0,0.0
2023-05-09 23:00:00,23,5,0,410.77,-410.77,9.15,12.3,3.82,0.0,0.0
2023-05-10 00:00:00,0,5,0,420.37,-420.37,5.0,11.7,3.1,0.0,0.0
2023-05-10 01:00:00,1,5,0,503.66,-503.66,5.0,12.7,4.24,0.0,0.0
2023-05-10 02:00:00,2,5,0,491.53,-491.53,5.0,13.5,2.85,0.0,0.0
2023-05-10 03:00:00,3,5,0,478.55,-478.55,5.0,13.5,3.85,0.0,0.0
2023-05-10 04:00:00,4,5,0,462.94,-462.94,5.0,15.4,4.89,0.0,0.0
2023-05-10 05:00:00,5,5,0,344.35,-344.35,5.0,13.6,3.54,0.0,0.0
2023-05-10 06:00:00,6,5,0,613.49,-613.49,5.0,15.2,3.95,0.0,0.0
2023-05-10 07:00:00,7,5,21.52,1865.36,-1843.83,5.0,22.0,23.34,0.0,0.0
2023-05-10 08:00:00,8,5,64.61,2614.45,-2549.83,5.0,18.8,26.03,0.0,0.0
2023-05-10 09:00:00,9,5,1004.23,2440.02,-1435.79,5.0,19.8,29.51,0.0,0.0
2023-05-10 10:00:00,10,5,242.69,362.79,-120.09,5.0,22.6,2.26,0.0,0.0
2023-05-10 11:00:00,11,5,1920.14,402.57,1517.57,20.18,18.9,3.57,0.0,0.0
2023-05-10 12:00:00,12,5,367.05,576.57,-209.51,18.08,23.0,4.23,0.0,0.0
2023-05-10 13:00:00,13,5,2878.38,506.76,2371.62,41.8,24.8,3.89,0.0,0.0
2023-05-10 14:00:00,14,5,390.22,692.81,-302.58,38.77,22.1,3.33,0.0,0.0
2023-05-10 15:00:00,15,5,1779.28,575.78,1203.51,50.81,21.7,4.31,0.0,0.0
2023-05-10 16:00:00,16,5,1571.76,396.68,1175.08,62.56,24.7,1.23,0.0,0.0
2023-05-10 17:00:00,17,5,1059.05,639.16,419.9,66.76,24.1,1.39,0.0,0.0
2023-05-10 18:00:00,18,5,454.6,570.91,-116.31,65.59,18.8,1.03,0.0,0.0
2023-05-10 19:00:00,19,5,117.68,2715.19,-2597.51,39.62,17.0,2.4,0.0,0.0
2023-05-10 20:00:00,20,5,0,2563.28,-2563.28,13.98,19.0,16.28,0.0,0.0
2023-05-10 21:00:00,21,5,0,1527.71,-1527.71,5.0,18.5,23.71,0.0,0.0
2023-05-10 22:00:00,22,5,0,1900.81,-1900.81,5.0,16.6,28.15,0.0,0.0
2023-05-10 23:00:00,23,5,0,682.89,-682.89,5.0,16.1,1.63,0.0,0.0
2023-05-11 00:00:00,0,5,0,313.04,-313.04,5.0,8.7,2.47,0.0,0.0
2023-05-11 01:00:00,1,5,0,590.28,-590.28,5.0,12.5,2.23,0.0,0.0
2023-05-11 02:00:00,2,5,0,540.8,-540.8,5.0,15.1,4.67,0.0,0.0
2023-05-11 03:00:00,3,5,0,728.74,-728.74,5.0,16.5,4.89,0.0,0.0
2023-05-11 04:00:00,4,5,0,649.71,-649.71,5.0,13.9,1.09,0.0,0.0
2023-05-11 05:00:00,5,5,0,625.63,-625.63,5.0,16.9,4.13,0.0,0.0
2023-05-11 06:00:00,6,5,0,785.95,-785.95,5.0,17.6,2.35,0.0,0.0
2023-05-11 07:00:00,7,5,0,1490.44,-1490.44,5.0,21.2,42.57,0.0,0.0
2023-05-11 08:00:00,8,5,492.74,1537.52,-1044.78,5.0,18.2,49.12,0.0,0.0
2023-05-11 09:00:00,9,5,905.25,2307.69,-1402.43,5.0,19.6,37.56,0.0,0.0
2023-05-11 10:00:00,10,5,1397.71,507.12,890.59,13.91,22.1,4.47,0.0,0.0
2023-05-11 11:00:00,11,5,1834.25,707.08,1127.17,25.18,21.7,1.76,0.0,0.0
2023-05-11 12:00:00,12,5,351.27,492.14,-140.87,23.77,25.9,3.82,0.0,0.0
2023-05-11 13:00:00,13,5,432.37,428.49,3.88,23.81,25.8,4.68,0.0,0.0
2023-05-11 14:00:00,14,5,2637.64,317.21,2320.43,47.01,25.8,2.37,0.0,0.0
2023-05-11 15:00:00,15,5,2133.58,475.6,1657.98,63.59,26.9,3.91,0.0,0.0
2023-05-11 16:00:00,16,5,1552.36,706.74,845.62,72.05,22.3,2.95,0.0,0.0
2023-05-11 17:00:00,17,5,953.96,649.28,304.68,75.09,26.8,4.62,0.0,0.0
2023-05-11 18:00:00,18,5,558.29,576.26,-17.97,74.92,23.0,2.13,0.0,0.0
2023-05-11 19:00:00,19,5,0,2388.52,-2388.52,51.03,15.9,3.47,0.0,0.0
2023-05-11 20:00:00,20,5,0,1677.57,-1677.57,34.25,15.0,30.73,0.0,0.0
2023-05-11 21:00:00,21,5,0,2297.23,-2297.23,11.28,18.7,31.3,0.0,0.0
2023-05-11 22:00:00,22,5,0,1626.61,-1626.61,5.0,17.0,34.51,0.0,0.0
2023-05-11 23:00:00,23,5,0,730.81,-730.81,5.0,15.6,2.63,0.0,0.0
2023-05-12 00:00:00,0,5,0,228.13,-228.13,5.0,7.8,3.61,0.0,0.0
2023-05-12 01:00:00,1,5,0,597.9,-597.9,5.0,12.0,3.41,0.0,0.0
2023-05-12 02:00:00,2,5,0,476.88,-476.88,5.0,14.6,1.07,0.0,0.0
2023-05-12 03:00:00,3,5,0,495.66,-495.66,5.0,12.4,1.47,0.0,0.0
2023-05-12 04:00:00,4,5,0,553.8,-553.8,5.0,12.8,3.27,0.0,0.0
2023-05-12 05:00:00,5,5,0,616.81,-616.81,5.0,18.9,2.25,0.0,0.0
2023-05-12 06:00:00,6,5,0,469.77,-469.77,5.0,17.0,2.59,0.0,0.0
2023-05-12 07:00:00,7,5,0,1521.49,-1521.49,5.0,17.6,23.74,0.0,0.0
2023-05-12 08:00:00,8,5,647.84,2287.2,-1639.36,5.0,19.4,46.52,0.0,0.0
2023-05-12 09:00:00,9,5,1061.7,1437.89,-376.19,5.0,22.1,33.9,0.0,0.0
2023-05-12 10:00:00,10,5,1489.42,589.3,900.12,14.0,20.9,3.99,0.0,0.0
2023-05-12 11:00:00,11,5,1940.54,664.42,1276.12,26.76,20.7,1.47,0.0,0.0
2023-05-12 12:00:00,12,5,2350.05,750.1,1599.95,42.76,23.9,3.38,0.0,0.0
2023-05-12 13:00:00,13,5,3070.3,303.78,2766.52,70.43,22.8,4.77,0.0,0.0
2023-05-12 14:00:00,14,5,2422.07,454.94,1967.14,90.1,25.1,1.85,0.0,0.0
2023-05-12 15:00:00,15,5,316.36,481.73,-165.37,88.44,30.4,1.08,0.0,0.0
2023-05-12 16:00:00,16,5,1568.43,403.8,1164.63,100.0,21.8,3.56,0.0,0.0
2023-05-12 17:00:00,17,5,864.53,350.66,513.86,100.0,20.9,1.57,0.0,0.0
2023-05-12 18:00:00,18,5,436.83,520.59,-83.76,99.16,16.5,3.85,0.0,0.0
2023-05-12 19:00:00,19,5,131.73,2780.12,-2648.39,72.68,18.6,4.84,0.0,0.0
2023-05-12 20:00:00,20,5,0,1631.68,-1631.68,56.36,18.3,16.5,0.0,0.0
2023-05-12 21:00:00,21,5,0,1845.83,-1845.83,37.9,16.5,20.08,0.0,0.0
2023-05-12 22:00:00,22,5,0,1877.7,-1877.7,19.13,15.3,24.42,0.0,0.0
2023-05-12 23:00:00,23,5,0,631.64,-631.64,12.81,14.8,2.61,0.0,0.0
2023-05-13 00:00:00,0,5,0,556.42,-556.42,7.25,11.8,1.54,0.0,0.0
2023-05-13 01:00:00,1,5,0,401.68,-401.68,5.0,11.3,3.11,0.0,0.0
2023-05-13 02:00:00,2,5,0,469.62,-469.62,5.0,13.5,2.85,0.0,0.0
2023-05-13 03:00:00,3,5,0,355.27,-355.27,5.0,16.7,1.99,0.0,0.0
2023-05-13 04:00:00,4,5,0,436.14,-436.14,5.0,14.8,4.1,0.0,0.0
2023-05-13 05:00:00,5,5,0,516.49,-516.49,5.0,16.2,3.56,0.0,0.0
2023-05-13 06:00:00,6,5,0,378.21,-378.21,5.0,20.0,3.59,0.0,0.0
2023-05-13 07:00:00,7,5,0,1459.24,-1459.24,5.0,21.7,30.47,0.0,0.0
2023-05-13 08:00:00,8,5,403.1,1821.69,-1418.59,5.0,17.3,40.7,0.0,0.0
2023-05-13 09:00:00,9,5,156.0,1871.76,-1715.76,5.0,17.6,21.11,0.0,0.0
2023-05-13 10:00:00,10,5,1485.1,577.74,907.37,14.07,21.9,3.5,0.0,0.0
2023-05-13 11:00:00,11,5,1940.3,309.47,1630.83,30.38,21.8,4.4,0.0,0.0
2023-05-13 12:00:00,12,5,2492.95,495.91,1997.04,50.35,19.5,4.17,0.0,0.0
2023-05-13 13:00:00,13,5,456.57,497.67,-41.1,49.94,24.8,1.5,0.0,0.0
2023-05-13 14:00:00,14,5,2541.59,446.56,2095.02,70.89,23.7,1.01,0.0,0.0
2023-05-13 15:00:00,15,5,328.11,403.07,-74.96,70.14,24.9,1.13,0.0,0.0
2023-05-13 16:00:00,16,5,1593.16,733.24,859.92,78.74,21.9,2.43,0.0,0.0
2023-05-13 17:00:00,17,5,1145.55,489.24,656.31,85.3,22.3,1.05,0.0,0.0
2023-05-13 18:00:00,18,5,531.96,583.1,-51.14,84.79,19.1,4.89,0.0,0.0
2023-05-13 19:00:00,19,5,7.15,1482.95,-1475.79,70.03,24.7,3.52,0.0,0.0
2023-05-13 20:00:00,20,5,0,2577.9,-2577.9,44.26,21.7,34.06,0.0,0.0
2023-05-13 21:00:00,21,5,0,1417.94,-1417.94,30.08,15.8,15.32,0.0,0.0
2023-05-13 22:00:00,22,5,0,2843.1,-2843.1,5.0,13.0,27.44,0.0,0.0
2023-05-13 23:00:00,23,5,0,419.55,-419.55,5.0,14.7,4.57,0.0,0.0
2023-05-14 00:00:00,0,5,0,442.93,-442.93,5.0,10.8,4.04,0.0,0.0
2023-05-14 01:00:00,1,5,0,456.11,-456.11,5.0,12.4,1.24,0.0,0.0
2023-05-14 02:00:00,2,5,0,464.24,-464.24,5.0,10.9,3.46,0.0,0.0
2023-05-14 03:00:00,3,5,0,560.75,-560.75,5.0,16.2,2.7,0.0,0.0
2023-05-14 04:00:00,4,5,0,429.39,-429.39,5.0,12.2,4.04,0.0,0.0
2023-05-14 05:00:00,5,5,0,509.94,-509.94,5.0,15.7,2.07,0.0,0.0
2023-05-14 06:00:00,6,5,0,462.93,-462.93,5.0,17.6,2.11,0.0,0.0
2023-05-14 07:00:00,7,5,0,1424.65,-1424.65,5.0,16.5,34.92,0.0,0.0
2023-05-14 08:00:00,8,5,491.88,2474.23,-1982.36,5.0,15.7,45.58,0.0,0.0
2023-05-14 09:00:00,9,5,893.69,2489.81,-1596.12,5.0,20.1,38.12,0.0,0.0
2023-05-14 10:00:00,10,5,1603.8,550.85,1052.95,15.53,20.6,2.39,0.0,0.0
2023-05-14 11:00:00,11,5,1930.07,465.46,1464.61,30.18,26.4,1.48,0.0,0.0
2023-05-14 12:00:00,12,5,2516.21,591.21,1925.01,49.43,22.7,4.7,0.0,0.0
2023-05-14 13:00:00,13,5,445.23,477.32,-32.08,49.1,26.8,4.73,0.0,0.0
2023-05-14 14:00:00,14,5,2375.07,236.26,2138.82,70.49,23.5,3.91,0.0,0.0
2023-05-14 15:00:00,15,5,1986.8,543.42,1443.38,84.93,28.9,1.6,0.0,0.0
2023-05-14 16:00:00,16,5,1598.12,360.85,1237.27,97.3,22.5,3.57,0.0,0.0
2023-05-14 17:00:00,17,5,917.6,619.78,297.81,100.0,25.9,1.67,0.0,0.0
2023-05-14 18:00:00,18,5,482.4,400.95,81.45,100.0,23.1,4.79,0.0,0.0
2023-05-14 19:00:00,19,5,1.98,1669.01,-1667.03,83.33,18.0,2.59,0.0,0.0
2023-05-14 20:00:00,20,5,0,2415.17,-2415.17,59.18,20.9,33.27,0.0,0.0
2023-05-14 21:00:00,21,5,0,1290.93,-1290.93,46.27,17.1,26.2,0.0,0.0
2023-05-14 22:00:00,22,5,0,2630.82,-2630.82,19.96,15.2,24.65,0.0,0.0
2023-05-14 23:00:00,23,5,0,524.06,-524.06,14.72,18.4,4.57,0.0,0.0
2023-05-15 00:00:00,0,5,0,637.71,-637.71,8.34,12.0,2.94,0.0,0.0
2023-05-15 01:00:00,1,5,0,406.0,-406.0,5.0,13.0,4.7,0.0,0.0
2023-05-15 02:00:00,2,5,0,362.4,-362.4,5.0,12.1,1.73,0.0,0.0
2023-05-15 03:00:00,3,5,0,456.32,-456.32,5.0,15.2,3.74,0.0,0.0
2023-05-15 04:00:00,4,5,0,323.56,-323.56,5.0,13.9,3.2,0.0,0.0
2023-05-15 05:00:00,5,5,0,259.6,-259.6,5.0,16.0,4.86,0.0,0.0
2023-05-15 06:00:00,6,5,0,633.77,-633.77,5.0,17.0,2.83,0.0,0.0
2023-05-15 07:00:00,7,5,3.89,1940.09,-1936.2,5.0,20.4,25.07,0.0,0.0
2023-05-15 08:00:00,8,5,75.1,1494.8,-1419.7,5.0,20.9,28.13,0.0,0.0
2023-05-15 09:00:00,9,5,929.27,1879.65,-950.38,5.0,20.6,20.44,0.0,0.0
2023-05-15 10:00:00,10,5,1330.85,495.74,835.11,13.35,20.0,4.57,0.0,0.0
2023-05-15 11:00:00,11,5,2055.6,418.86,1636.73,29.72,17.5,4.55,0.0,0.0
2023-05-15 12:00:00,12,5,2385.74,445.08,1940.65,49.12,19.8,3.01,0.0,0.0
2023-05-15 13:00:00,13,5,2898.65,313.74,2584.91,74.97,21.7,3.19,0.0,0.0
2023-05-15 14:00:00,14,5,2515.39,572.53,1942.86,94.4,22.0,3.2,0.0,0.0
2023-05-15 15:00:00,15,5,1942.86,580.76,1362.1,100.0,22.7,3.88,0.0,0.0
2023-05-15 16:00:00,16,5,211.87,387.96,-176.09,98.24,23.0,2.19,0.0,0.0
2023-05-15 17:00:00,17,5,1031.07,695.25,335.82,100.0,20.1,4.76,0.0,0.0
2023-05-15 18:00:00,18,5,543.05,534.63,8.42,100.0,19.3,1.81,0.0,0.0
2023-05-15 19:00:00,19,5,0,1592.48,-1592.48,84.08,20.4,2.61,0.0,0.0
2023-05-15 20:00:00,20,5,0,2635.86,-2635.86,57.72,15.6,24.19,0.0,0.0
2023-05-15 21:00:00,21,5,0,2833.65,-2833.65,29.38,19.2,19.9,0.0,0.0
2023-05-15 22:00:00,22,5,0,1493.37,-1493.37,14.45,17.3,33.21,0.0,0.0
2023-05-15 23:00:00,23,5,0,511.67,-511.67,9.33,19.4,2.11,0.0,0.0
2023-05-16 00:00:00,0,5,0,716.48,-716.48,5.0,10.5,2.76,0.0,0.0
2023-05-16 01:00:00,1,5,0,532.34,-532.34,5.0,11.4,1.06,0.0,0.0
2023-05-16 02:00:00,2,5,0,595.94,-595.94,5.0,14.7,3.28,0.0,0.0
2023-05-16 03:00:00,3,5,0,412.03,-412.03,5.0,14.7,3.79,0.0,0.0
2023-05-16 04:00:00,4,5,0,456.94,-456.94,5.0,15.5,1.16,0.0,0.0
2023-05-16 05:00:00,5,5,0,609.8,-609.8,5.0,17.7,2.7,0.0,0.0
2023-05-16 06:00:00,6,5,0,745.62,-745.62,5.0,15.7,3.49,0.0,0.0
2023-05-16 07:00:00,7,5,0,1283.57,-1283.57,5.0,20.4,34.58,0.0,0.0
2023-05-16 08:00:00,8,5,508.48,2817.04,-2308.56,5.0,17.1,38.06,0.0,0.0
2023-05-16 09:00:00,9,5,1002.36,1505.1,-502.73,5.0,17.8,26.49,0.0,0.0
2023-05-16 10:00:00,10,5,1344.19,451.96,892.23,13.92,17.6,1.03,0.0,0.0
2023-05-16 11:00:00,11,5,1824.79,500.87,1323.92,27.16,22.1,2.32,0.0,0.0
2023-05-16 12:00:00,12,5,2360.31,475.18,1885.13,46.01,26.1,4.11,0.0,0.0
2023-05-16 13:00:00,13,5,3015.02,513.55,2501.47,71.03,22.6,4.38,0.0,0.0
2023-05-16 14:00:00,14,5,2410.38,501.04,1909.34,90.12,22.7,3.22,0.0,0.0
2023-05-16 15:00:00,15,5,2050.82,458.98,1591.84,100.0,21.8,1.94,0.0,0.0
2023-05-16 16:00:00,16,5,1460.96,473.46,987.51,100.0,23.5,2.36,0.0,0.0
2023-05-16 17:00:00,17,5,843.4,398.04,445.37,100.0,23.1,2.03,0.0,0.0
2023-05-16 18:00:00,18,5,508.94,715.19,-206.24,97.94,22.8,2.74,0.0,0.0
2023-05-16 19:00:00,19,5,0,2632.41,-2632.41,71.61,16.5,4.69,0.0,0.0
2023-05-16 20:00:00,20,5,0,1642.75,-1642.75,55.19,20.4,17.33,0.0,0.0
2023-05-16 21:00:00,21,5,0,2834.12,-2834.12,26.84,17.8,21.22,0.0,0.0
2023-05-16 22:00:00,22,5,0,1801.74,-1801.74,8.83,16.9,16.05,0.0,0.0
2023-05-16 23:00:00,23,5,0,543.72,-543.72,5.0,16.2,3.46,0.0,0.0
2023-05-17 00:00:00,0,5,0,305.07,-305.07,5.0,14.9,3.08,0.0,0.0
2023-05-17 01:00:00,1,5,0,574.03,-574.03,5.0,9.0,3.29,0.0,0.0
2023-05-17 02:00:00,2,5,0,503.73,-503.73,5.0,12.7,2.21,0.0,0.0
2023-05-17 03:00:00,3,5,0,463.26,-463.26,5.0,16.3,2.18,0.0,0.0
2023-05-17 04:00:00,4,5,0,453.63,-453.63,5.0,14.0,3.34,0.0,0.0
2023-05-17 05:00:00,5,5,0,532.69,-532.69,5.0,16.7,4.63,0.0,0.0
2023-05-17 06:00:00,6,5,0,508.04,-508.04,5.0,16.2,1.12,0.0,0.0
2023-05-17 07:00:00,7,5,81.08,1859.6,-1778.52,5.0,17.9,40.26,0.0,0.0
2023-05-17 08:00:00,8,5,481.72,1604.87,-1123.15,5.0,17.3,28.6,0.0,0.0
2023-05-17 09:00:00,9,5,893.53,2267.85,-1374.32,5.0,17.8,22.69,0.0,0.0
2023-05-17 10:00:00,10,5,1552.81,367.88,1184.93,16.85,25.2,1.58,0.0,0.0
2023-05-17 11:00:00,11,5,1871.97,587.74,1284.22,29.69,25.9,3.53,0.0,0.0
2023-05-17 12:00:00,12,5,2654.23,377.08,2277.15,52.46,22.1,2.36,0.0,0.0
2023-05-17 13:00:00,13,5,2849.17,714.0,2135.17,73.81,26.0,3.33,0.0,0.0
2023-05-17 14:00:00,14,5,2549.42,363.65,2185.77,95.67,26.4,2.87,0.0,0.0
2023-05-17 15:00:00,15,5,1955.1,343.39,1611.71,100.0,25.1,3.51,0.0,0.0
2023-05-17 16:00:00,16,5,1537.18,378.14,1159.04,100.0,21.9,3.57,0.0,0.0
2023-05-17 17:00:00,17,5,1109.0,444.93,664.07,100.0,21.7,4.81,0.0,0.0
2023-05-17 18:00:00,18,5,66.54,532.54,-466.0,95.34,21.5,1.67,0.0,0.0
2023-05-17 19:00:00,19,5,27.9,2788.67,-2760.77,67.73,20.3,3.6,0.0,0.0
2023-05-17 20:00:00,20,5,0,1689.84,-1689.84,50.83,18.4,25.4,0.0,0.0
2023-05-17 21:00:00,21,5,0,2509.36,-2509.36,25.74,20.2,33.13,0.0,0.0
2023-05-17 22:00:00,22,5,0,2344.81,-2344.81,5.0,19.3,33.71,0.0,0.0
2023-05-17 23:00:00,23,5,0,439.34,-439.34,5.0,13.2,1.94,0.0,0.0
2023-05-18 00:00:00,0,5,0,513.12,-513.12,5.0,13.0,1.46,0.0,0.0
2023-05-18 01:00:00,1,5,0,571.79,-571.79,5.0,14.7,3.18,0.0,0.0
2023-05-18 02:00:00,2,5,0,413.19,-413.19,5.0,9.7,1.07,0.0,0.0
2023-05-18 03:00:00,3,5,0,685.14,-685.14,5.0,15.0,3.92,0.0,0.0
2023-05-18 04:00:00,4,5,0,663.94,-663.94,5.0,16.4,1.34,0.0,0.0
2023-05-18 05:00:00,5,5,0,669.02,-669.02,5.0,18.1,3.5,0.0,0.0
2023-05-18 06:00:00,6,5,0,438.33,-438.33,5.0,17.1,4.95,0.0,0.0
2023-05-18 07:00:00,7,5,0,1371.71,-1371.71,5.0,18.9,20.64,0.0,0.0
2023-05-18 08:00:00,8,5,75.99,2635.44,-2559.45,5.0,18.7,22.95,0.0,0.0
2023-05-18 09:00:00,9,5,1009.71,2022.12,-1012.4,5.0,19.2,44.7,0.0,0.0
2023-05-18 10:00:00,10,5,1510.19,736.39,773.8,12.74,20.8,4.5,0.0,0.0
2023-05-18 11:00:00,11,5,1958.73,434.31,1524.42,27.98,23.7,2.22,0.0,0.0
2023-05-18 12:00:00,12,5,2468.18,524.97,1943.2,47.41,22.6,3.77,0.0,0.0
2023-05-18 13:00:00,13,5,2863.32,485.98,2377.35,71.19,25.6,3.94,0.0,0.0
2023-05-18 14:00:00,14,5,2594.04,660.84,1933.2,90.52,25.3,2.19,0.0,0.0
2023-05-18 15:00:00,15,5,1927.46,386.54,1540.92,100.0,30.5,1.78,0.0,0.0
2023-05-18 16:00:00,16,5,202.63,381.55,-178.92,98.21,26.4,2.18,0.0,0.0
2023-05-18 17:00:00,17,5,1018.7,363.8,654.89,100.0,22.6,3.05,0.0,0.0
2023-05-18 18:00:00,18,5,84.4,613.85,-529.45,94.71,19.4,2.73,0.0,0.0
2023-05-18 19:00:00,19,5,0,1584.28,-1584.28,78.86,17.6,3.62,0.0,0.0
2023-05-18 20:00:00,20,5,0,1871.57,-1871.57,60.15,18.0,33.81,0.0,0.0
2023-05-18 21:00:00,21,5,0,1858.58,-1858.58,41.56,16.7,15.93,0.0,0.0
2023-05-18 22:00:00,22,5,0,1862.37,-1862.37,22.94,19.6,24.26,0.0,0.0
2023-05-18 23:00:00,23,5,0,563.89,-563.89,17.3,18.3,1.5,0.0,0.0
2023-05-19 00:00:00,0,5,0,578.5,-578.5,11.51,8.9,2.5,0.0,0.0
2023-05-19 01:00:00,1,5,0,272.22,-272.22,8.79,11.0,4.17,0.0,0.0
2023-05-19 02:00:00,2,5,0,661.09,-661.09,5.0,10.6,4.26,0.0,0.0
2023-05-19 03:00:00,3,5,0,626.32,-626.32,5.0,16.6,1.25,0.0,0.0
2023-05-19 04:00:00,4,5,0,379.31,-379.31,5.0,18.7,3.54,0.0,0.0
2023-05-19 05:00:00,5,5,0,763.16,-763.16,5.0,16.3,3.7,0.0,0.0
2023-05-19 06:00:00,6,5,0,322.14,-322.14,5.0,18.7,2.5,0.0,0.0
2023-05-19 07:00:00,7,5,0,1346.0,-1346.0,5.0,19.2,36.52,0.0,0.0
2023-05-19 08:00:00,8,5,372.57,1686.41,-1313.84,5.0,19.4,32.51,0.0,0.0
2023-05-19 09:00:00,9,5,909.05,1717.7,-808.65,5.0,21.2,46.42,0.0,0.0
2023-05-19 10:00:00,10,5,1394.98,691.84,703.14,12.03,21.6,1.58,0.0,0.0
2023-05-19 11:00:00,11,5,300.42,551.57,-251.15,9.52,21.4,2.56,0.0,0.0
2023-05-19 12:00:00,12,5,358.64,427.16,-68.52,8.83,21.3,4.03,0.0,0.0
2023-05-19 13:00:00,13,5,469.67,371.78,97.89,9.81,25.5,3.54,0.0,0.0
2023-05-19 14:00:00,14,5,395.36,566.15,-170.78,8.11,28.2,4.86,0.0,0.0
2023-05-19 15:00:00,15,5,307.93,415.33,-107.4,7.03,24.5,2.9,0.0,0.0
2023-05-19 16:00:00,16,5,1534.6,675.54,859.06,15.62,22.4,2.44,0.0,0.0
2023-05-19 17:00:00,17,5,1027.84,698.07,329.77,18.92,23.7,4.64,0.0,0.0
2023-05-19 18:00:00,18,5,285.57,397.6,-112.03,17.8,21.3,2.71,0.0,0.0
2023-05-19 19:00:00,19,5,0,2468.66,-2468.66,5.0,24.2,4.34,0.0,0.0
2023-05-19 20:00:00,20,5,0,2701.11,-2701.11,5.0,21.9,22.8,0.0,0.0
2023-05-19 21:00:00,21,5,0,1400.24,-1400.24,5.0,22.4,18.79,0.0,0.0
2023-05-19 22:00:00,22,5,0,1452.88,-1452.88,5.0,15.3,26.86,0.0,0.0
2023-05-19 23:00:00,23,5,0,629.05,-629.05,5.0,14.7,4.87,0.0,0.0
2023-05-20 00:00:00,0,5,0,532.88,-532.88,5.0,12.2,2.29,0.0,0.0
2023-05-20 01:00:00,1,5,0,475.41,-475.41,5.0,12.0,2.53,0.0,0.0
2023-05-20 02:00:00,2,5,0,645.66,-645.66,5.0,9.8,3.35,0.0,0.0
2023-05-20 03:00:00,3,5,0,385.39,-385.39,5.0,13.4,1.5,0.0,0.0
2023-05-20 04:00:00,4,5,0,576.45,-576.45,5.0,13.8,3.01,0.0,0.0
2023-05-20 05:00:00,5,5,0,378.96,-378.96,5.0,14.5,4.79,0.0,0.0
2023-05-20 06:00:00,6,5,0,367.32,-367.32,5.0,17.0,1.38,0.0,0.0
2023-05-20 07:00:00,7,5,0,1750.57,-1750.57,5.0,19.3,36.4,0.0,0.0
2023-05-20 08:00:00,8,5,533.32,2147.42,-1614.1,5.0,20.0,31.37,0.0,0.0
2023-05-20 09:00:00,9,5,1047.95,2024.28,-976.34,5.0,22.9,27.95,0.0,0.0
2023-05-20 10:00:00,10,5,237.29,604.16,-366.88,5.0,20.5,4.88,0.0,0.0
2023-05-20 11:00:00,11,5,283.06,471.79,-188.73,5.0,21.5,2.63,0.0,0.0
2023-05-20 12:00:00,12,5,2467.45,503.11,1964.33,24.64,22.5,3.54,0.0,0.0
2023-05-20 13:00:00,13,5,2936.05,727.38,2208.67,46.73,25.2,3.74,0.0,0.0
2023-05-20 14:00:00,14,5,2502.15,529.8,1972.35,66.45,24.5,4.98,0.0,0.0
2023-05-20 15:00:00,15,5,292.29,642.5,-350.21,62.95,28.4,2.67,0.0,0.0
2023-05-20 16:00:00,16,5,213.56,462.0,-248.44,60.47,22.4,4.26,0.0,0.0
2023-05-20 17:00:00,17,5,990.36,479.66,510.71,65.57,24.0,3.33,0.0,0.0
2023-05-20 18:00:00,18,5,514.58,352.96,161.62,67.19,20.7,1.81,0.0,0.0
2023-05-20 19:00:00,19,5,2.65,1785.85,-1783.2,49.36,16.8,1.01,0.0,0.0
2023-05-20 20:00:00,20,5,0,1467.4,-1467.4,34.68,18.2,18.74,0.0,0.0
2023-05-20 21:00:00,21,5,0,2628.55,-2628.55,8.4,15.1,31.94,0.0,0.0
2023-05-20 22:00:00,22,5,0,1641.73,-1641.73,5.0,17.1,19.94,0.0,0.0
2023-05-20 23:00:00,23,5,0,528.84,-528.84,5.0,18.4,3.91,0.0,0.0
2023-05-21 00:00:00,0,5,0,498.15,-498.15,5.0,10.0,3.22,0.0,0.0
2023-05-21 01:00:00,1,5,0,384.2,-384.2,5.0,9.8,3.82,0.0,0.0
2023-05-21 02:00:00,2,5,0,425.09,-425.09,5.0,15.1,3.54,0.0,0.0
2023-05-21 03:00:00,3,5,0,417.93,-417.93,5.0,15.3,4.2,0.0,0.0
2023-05-21 04:00:00,4,5,0,276.27,-276.27,5.0,15.2,4.34,0.0,0.0
2023-05-21 05:00:00,5,5,0,498.56,-498.56,5.0,16.3,3.52,0.0,0.0
2023-05-21 06:00:00,6,5,0,388.93,-388.93,5.0,16.7,3.25,0.0,0.0
2023-05-21 07:00:00,7,5,0,1460.82,-1460.82,5.0,17.6,40.11,0.0,0.0
2023-05-21 08:00:00,8,5,348.43,2074.22,-1725.8,5.0,16.1,34.09,0.0,0.0
2023-05-21 09:00:00,9,5,1178.05,2813.49,-1635.44,5.0,20.2,42.6,0.0,0.0
2023-05-21 10:00:00,10,5,1411.48,557.12,854.36,13.54,20.3,2.39,0.0,0.0
2023-05-21 11:00:00,11,5,1937.19,483.89,1453.3,28.08,25.1,2.66,0.0,0.0
2023-05-21 12:00:00,12,5,379.39,346.22,33.18,28.41,24.5,2.03,0.0,0.0
2023-05-21 13:00:00,13,5,2920.4,409.61,2510.79,53.52,25.3,1.03,0.0,0.0
2023-05-21 14:00:00,14,5,365.44,514.34,-148.89,52.03,25.7,4.82,0.0,0.0
2023-05-21 15:00:00,15,5,1935.32,469.06,1466.26,66.69,25.3,4.14,0.0,0.0
2023-05-21 16:00:00,16,5,213.86,514.66,-300.8,63.68,22.8,1.85,0.0,0.0
2023-05-21 17:00:00,17,5,1000.13,674.94,325.19,66.93,25.0,4.5,0.0,0.0
2023-05-21 18:00:00,18,5,354.59,589.76,-235.18,64.58,23.4,4.52,0.0,0.0
2023-05-21 19:00:00,19,5,212.08,2145.19,-1933.1,45.25,17.8,4.72,0.0,0.0
2023-05-21 20:00:00,20,5,0,1566.11,-1566.11,29.59,17.1,28.86,0.0,0.0
2023-05-21 21:00:00,21,5,0,2103.5,-2103.5,8.56,16.3,27.05,0.0,0.0
2023-05-21 22:00:00,22,5,0,1707.03,-1707.03,5.0,19.7,24.74,0.0,0.0
2023-05-21 23:00:00,23,5,0,519.85,-519.85,5.0,15.9,2.22,0.0,0.0
2023-05-22 00:00:00,0,5,0,475.62,-475.62,5.0,10.7,3.7,0.0,0.0
2023-05-22 01:00:00,1,5,0,474.42,-474.42,5.0,10.8,4.2,0.0,0.0
2023-05-22 02:00:00,2,5,0,322.21,-322.21,5.0,14.1,4.23,0.0,0.0
2023-05-22 03:00:00,3,5,0,458.27,-458.27,5.0,17.2,1.48,0.0,0.0
2023-05-22 04:00:00,4,5,0,425.38,-425.38,5.0,14.7,3.6,0.0,0.0
2023-05-22 05:00:00,5,5,0,648.15,-648.15,5.0,16.3,4.5,0.0,0.0
2023-05-22 06:00:00,6,5,0,578.37,-578.37,5.0,17.5,4.67,0.0,0.0
2023-05-22 07:00:00,7,5,3.82,2586.17,-2582.34,5.0,20.4,39.42,0.0,0.0
2023-05-22 08:00:00,8,5,291.21,1302.73,-1011.52,5.0,22.5,29.62,0.0,0.0
2023-05-22 09:00:00,9,5,866.2,2137.04,-1270.84,5.0,17.8,45.49,0.0,0.0
2023-05-22 10:00:00,10,5,254.0,322.18,-68.18,5.0,22.3,2.14,0.0,0.0
2023-05-22 11:00:00,11,5,1911.31,396.81,1514.5,20.14,24.4,1.49,0.0,0.0
2023-05-22 12:00:00,12,5,2442.52,472.91,1969.61,39.84,22.1,4.3,0.0,0.0
2023-05-22 13:00:00,13,5,2899.68,562.99,2336.7,63.21,25.8,3.72,0.0,0.0
2023-05-22 14:00:00,14,5,2353.3,648.97,1704.33,80.25,26.7,3.52,0.0,0.0
2023-05-22 15:00:00,15,5,2099.88,708.21,1391.68,94.17,23.5,1.39,0.0,0.0
2023-05-22 16:00:00,16,5,1568.61,457.49,1111.12,100.0,23.7,2.11,0.0,0.0
2023-05-22 17:00:00,17,5,1145.44,627.64,517.8,100.0,23.4,1.06,0.0,0.0
2023-05-22 18:00:00,18,5,632.34,519.04,113.3,100.0,19.6,2.19,0.0,0.0
2023-05-22 19:00:00,19,5,0,2115.22,-2115.22,78.85,22.1,4.43,0.0,0.0
2023-05-22 20:00:00,20,5,0,1754.59,-1754.59,61.3,23.7,31.64,0.0,0.0
2023-05-22 21:00:00,21,5,0,2456.36,-2456.36,36.74,16.9,23.44,0.0,0.0
2023-05-22 22:00:00,22,5,0,1778.75,-1778.75,18.95,13.7,18.17,0.0,0.0
2023-05-22 23:00:00,23,5,0,619.85,-619.85,12.75,13.2,4.13,0.0,0.0
2023-05-23 00:00:00,0,5,0,530.78,-530.78,7.44,11.4,4.65,0.0,0.0
2023-05-23 01:00:00,1,5,0,757.74,-757.74,5.0,12.1,1.53,0.0,0.0
2023-05-23 02:00:00,2,5,0,474.07,-474.07,5.0,13.3,3.24,0.0,0.0
2023-05-23 03:00:00,3,5,0,375.2,-375.2,5.0,11.8,3.55,0.0,0.0
2023-05-23 04:00:00,4,5,0,617.79,-617.79,5.0,13.8,2.65,0.0,0.0
2023-05-23 05:00:00,5,5,0,594.78,-594.78,5.0,13.4,3.89,0.0,0.0
2023-05-23 06:00:00,6,5,0,258.62,-258.62,5.0,15.9,1.08,0.0,0.0
2023-05-23 07:00:00,7,5,60.57,2715.14,-2654.58,5.0,20.8,22.59,0.0,0.0
2023-05-23 08:00:00,8,5,75.48,2015.99,-1940.52,5.0,17.0,43.97,0.0,0.0
2023-05-23 09:00:00,9,5,153.68,2643.66,-2489.98,5.0,15.6,20.91,0.0,0.0
2023-05-23 10:00:00,10,5,1377.57,547.52,830.05,13.3,21.1,3.27,0.0,0.0
2023-05-23 11:00:00,11,5,1909.41,571.68,1337.73,26.68,21.5,1.03,0.0,0.0
2023-05-23 12:00:00,12,5,2530.97,524.62,2006.35,46.74,22.8,2.67,0.0,0.0
2023-05-23 13:00:00,13,5,450.74,575.23,-124.49,45.5,22.1,4.31,0.0,0.0
2023-05-23 14:00:00,14,5,2392.01,476.82,1915.19,64.65,22.3,3.02,0.0,0.0
2023-05-23 15:00:00,15,5,1907.8,460.25,1447.55,79.12,25.8,4.87,0.0,0.0
2023-05-23 16:00:00,16,5,1394.17,418.88,975.29,88.88,22.8,1.59,0.0,0.0
2023-05-23 17:00:00,17,5,984.59,410.99,573.59,94.61,22.8,2.9,0.0,0.0
2023-05-23 18:00:00,18,5,452.14,599.07,-146.93,93.14,21.2,4.53,0.0,0.0
2023-05-23 19:00:00,19,5,0,2570.47,-2570.47,67.44,16.6,1.8,0.0,0.0
2023-05-23 20:00:00,20,5,0,2498.25,-2498.25,42.46,21.1,26.83,0.0,0.0
2023-05-23 21:00:00,21,5,0,2619.37,-2619.37,16.26,17.2,26.34,0.0,0.0
2023-05-23 22:00:00,22,5,0,1963.92,-1963.92,5.0,17.7,17.34,0.0,0.0
2023-05-23 23:00:00,23,5,0,626.57,-626.57,5.0,15.7,2.07,0.0,0.0
2023-05-24 00:00:00,0,5,0,492.1,-492.1,5.0,10.1,3.97,0.0,0.0
2023-05-24 01:00:00,1,5,0,444.35,-444.35,5.0,12.5,4.19,0.0,0.0
2023-05-24 02:00:00,2,5,0,582.07,-582.07,5.0,14.4,1.76,0.0,0.0
2023-05-24 03:00:00,3,5,0,601.96,-601.96,5.0,15.7,1.71,0.0,0.0
2023-05-24 04:00:00,4,5,0,324.03,-324.03,5.0,12.2,1.59,0.0,0.0
2023-05-24 05:00:00,5,5,0,693.49,-693.49,5.0,17.3,1.14,0.0,0.0
2023-05-24 06:00:00,6,5,0,628.0,-628.0,5.0,18.6,3.63,0.0,0.0
2023-05-24 07:00:00,7,5,0,2012.53,-2012.53,5.0,15.8,49.59,0.0,0.0
2023-05-24 08:00:00,8,5,449.39,1638.24,-1188.85,5.0,20.3,30.84,0.0,0.0
2023-05-24 09:00:00,9,5,873.8,2657.19,-1783.39,5.0,19.4,25.83,0.0,0.0
2023-05-24 10:00:00,10,5,1386.4,370.93,1015.47,15.15,21.6,1.64,0.0,0.0
2023-05-24 11:00:00,11,5,2126.54,498.47,1628.08,31.44,22.5,4.53,0.0,0.0
2023-05-24 12:00:00,12,5,2644.31,714.26,1930.05,50.74,23.1,2.41,0.0,0.0
2023-05-24 13:00:00,13,5,3122.5,568.97,2553.53,76.27,23.0,3.55,0.0,0.0
2023-05-24 14:00:00,14,5,2541.09,435.63,2105.46,97.33,23.4,3.62,0.0,0.0
2023-05-24 15:00:00,15,5,2119.66,558.62,1561.04,100.0,25.5,1.51,0.0,0.0
2023-05-24 16:00:00,16,5,1581.98,537.68,1044.31,100.0,23.1,2.33,0.0,0.0
2023-05-24 17:00:00,17,5,1144.84,410.05,734.79,100.0,24.9,3.18,0.0,0.0
2023-05-24 18:00:00,18,5,424.91,575.08,-150.16,98.5,22.1,4.34,0.0,0.0
2023-05-24 19:00:00,19,5,9.07,2585.96,-2576.9,72.73,22.3,3.04,0.0,0.0
2023-05-24 20:00:00,20,5,0,2416.95,-2416.95,48.56,16.0,17.53,0.0,0.0
2023-05-24 21:00:00,21,5,0,1777.45,-1777.45,30.79,21.9,29.82,0.0,0.0
2023-05-24 22:00:00,22,5,0,2473.33,-2473.33,6.05,17.9,21.87,0.0,0.0
2023-05-24 23:00:00,23,5,0,258.62,-258.62,5.0,15.5,4.11,0.0,0.0
2023-05-25 00:00:00,0,5,0,363.55,-363.55,5.0,9.2,1.05,0.0,0.0
2023-05-25 01:00:00,1,5,0,223.49,-223.49,5.0,9.3,4.0,0.0,0.0
2023-05-25 02:00:00,2,5,0,727.56,-727.56,5.0,15.0,2.67,0.0,0.0
2023-05-25 03:00:00,3,5,0,558.94,-558.94,5.0,11.9,3.09,0.0,0.0
2023-05-25 04:00:00,4,5,0,493.01,-493.01,5.0,17.8,4.85,0.0,0.0
2023-05-25 05:00:00,5,5,0,394.8,-394.8,5.0,16.5,3.89,0.0,0.0
2023-05-25 06:00:00,6,5,0,628.85,-628.85,5.0,16.0,3.64,0.0,0.0
2023-05-25 07:00:00,7,5,0,1752.55,-1752.55,5.0,17.9,32.81,0.0,0.0
2023-05-25 08:00:00,8,5,441.05,2461.44,-2020.39,5.0,19.4,42.49,0.0,0.0
2023-05-25 09:00:00,9,5,145.0,2328.5,-2183.5,5.0,21.0,23.44,0.0,0.0
2023-05-25 10:00:00,10,5,1393.62,473.18,920.44,14.2,20.4,3.23,0.0,0.0
2023-05-25 11:00:00,11,5,2043.27,752.26,1291.01,27.11,21.5,2.1,0.0,0.0
2023-05-25 12:00:00,12,5,2542.48,661.75,1880.74,45.92,20.7,4.61,0.0,0.0
2023-05-25 13:00:00,13,5,2919.73,705.2,2214.53,68.07,25.3,4.16,0.0,0.0
2023-05-25 14:00:00,14,5,2345.74,522.21,1823.54,86.3,24.3,4.73,0.0,0.0
2023-05-25 15:00:00,15,5,294.69,317.65,-22.95,86.07,23.2,2.9,0.0,0.0
2023-05-25 16:00:00,16,5,232.79,358.51,-125.72,84.82,26.9,1.48,0.0,0.0
2023-05-25 17:00:00,17,5,947.14,494.48,452.65,89.34,23.0,3.8,0.0,0.0
2023-05-25 18:00:00,18,5,431.62,592.59,-160.98,87.73,23.6,4.03,0.0,0.0
2023-05-25 19:00:00,19,5,0,2477.8,-2477.8,62.95,24.4,1.77,0.0,0.0
2023-05-25 20:00:00,20,5,0,2323.92,-2323.92,39.72,19.0,24.1,0.0,0.0
2023-05-25 21:00:00,21,5,0,2068.5,-2068.5,19.03,16.8,17.0,0.0,0.0
2023-05-25 22:00:00,22,5,0,2350.37,-2350.37,5.0,18.0,27.89,0.0,0.0
2023-05-25 23:00:00,23,5,0,468.64,-468.64,5.0,19.5,1.46,0.0,0.0
2023-05-26 00:00:00,0,5,0,336.1,-336.1,5.0,11.3,4.38,0.0,0.0
2023-05-26 01:00:00,1,5,0,329.38,-329.38,5.0,12.9,3.1,0.0,0.0
2023-05-26 02:00:00,2,5,0,661.7,-661.7,5.0,17.1,1.28,0.0,0.0
2023-05-26 03:00:00,3,5,0,618.93,-618.93,5.0,11.6,2.37,0.0,0.0
2023-05-26 04:00:00,4,5,0,296.0,-296.0,5.0,10.4,4.55,0.0,0.0
2023-05-26 05:00:00,5,5,0,388.11,-388.11,5.0,19.7,2.25,0.0,0.0
2023-05-26 06:00:00,6,5,0,480.14,-480.14,5.0,19.2,3.78,0.0,0.0
2023-05-26 07:00:00,7,5,0,2568.42,-2568.42,5.0,18.7,27.71,0.0,0.0
2023-05-26 08:00:00,8,5,472.69,2253.61,-1780.92,5.0,16.6,28.67,0.0,0.0
2023-05-26 09:00:00,9,5,884.62,2028.32,-1143.7,5.0,17.7,46.78,0.0,0.0
2023-05-26 10:00:00,10,5,208.32,381.38,-173.06,5.0,21.3,4.02,0.0,0.0
2023-05-26 11:00:00,11,5,295.3,608.82,-313.52,5.0,21.6,4.98,0.0,0.0
2023-05-26 12:00:00,12,5,2439.47,268.68,2170.8,26.71,23.2,3.13,0.0,0.0
2023-05-26 13:00:00,13,5,2979.88,648.44,2331.45,50.02,24.7,4.1,0.0,0.0
2023-05-26 14:00:00,14,5,2441.22,451.79,1989.43,69.92,25.6,3.22,0.0,0.0
2023-05-26 15:00:00,15,5,2225.41,676.9,1548.51,85.4,21.5,3.1,0.0,0.0
2023-05-26 16:00:00,16,5,1392.81,461.94,930.86,94.71,19.9,4.31,0.0,0.0
2023-05-26 17:00:00,17,5,155.97,390.26,-234.29,92.37,24.3,4.46,0.0,0.0
2023-05-26 18:00:00,18,5,462.42,660.76,-198.34,90.38,18.8,1.73,0.0,0.0
2023-05-26 19:00:00,19,5,0,2270.63,-2270.63,67.68,23.5,2.78,0.0,0.0
2023-05-26 20:00:00,20,5,0,2063.21,-2063.21,47.05,16.5,18.27,0.0,0.0
2023-05-26 21:00:00,21,5,0,1621.95,-1621.95,30.83,20.9,32.62,0.0,0.0
2023-05-26 22:00:00,22,5,0,1661.2,-1661.2,14.21,16.2,34.24,0.0,0.0
2023-05-26 23:00:00,23,5,0,659.4,-659.4,7.62,17.1,3.32,0.0,0.0
2023-05-27 00:00:00,0,5,0,418.12,-418.12,5.0,10.6,1.73,0.0,0.0
2023-05-27 01:00:00,1,5,0,541.43,-541.43,5.0,11.3,1.05,0.0,0.0
2023-05-27 02:00:00,2,5,0,423.04,-423.04,5.0,14.3,1.53,0.0,0.0
2023-05-27 03:00:00,3,5,0,276.47,-276.47,5.0,17.1,4.2,0.0,0.0
2023-05-27 04:00:00,4,5,0,675.72,-675.72,5.0,14.2,3.36,0.0,0.0
2023-05-27 05:00:00,5,5,0,464.81,-464.81,5.0,16.5,2.87,0.0,0.0
2023-05-27 06:00:00,6,5,0,391.49,-391.49,5.0,15.5,3.02,0.0,0.0
2023-05-27 07:00:00,7,5,0,2309.1,-2309.1,5.0,16.1,49.73,0.0,0.0
2023-05-27 08:00:00,8,5,70.45,2751.42,-2680.98,5.0,15.5,36.99,0.0,0.0
2023-05-27 09:00:00,9,5,1165.57,1684.56,-519.0,5.0,20.1,45.06,0.0,0.0
2023-05-27 10:00:00,10,5,1402.17,287.87,1114.3,16.14,25.0,1.89,0.0,0.0
2023-05-27 11:00:00,11,5,1883.49,243.2,1640.29,32.55,20.3,1.31,0.0,0.0
2023-05-27 12:00:00,12,5,2495.82,283.47,2212.35,54.67,24.1,1.71,0.0,0.0
2023-05-27 13:00:00,13,5,439.77,566.45,-126.68,53.4,21.2,1.46,0.0,0.0
2023-05-27 14:00:00,14,5,2428.73,513.54,1915.19,72.55,23.2,4.57,0.0,0.0
2023-05-27 15:00:00,15,5,1994.84,657.88,1336.97,85.92,26.4,4.42,0.0,0.0
2023-05-27 16:00:00,16,5,1484.11,242.6,1241.51,98.34,20.8,4.09,0.0,0.0
2023-05-27 17:00:00,17,5,810.12,382.74,427.38,100.0,22.2,1.82,0.0,0.0
2023-05-27 18:00:00,18,5,464.98,608.4,-143.43,98.57,25.1,1.85,0.0,0.0
2023-05-27 19:00:00,19,5,20.65,2718.86,-2698.21,71.58,20.2,1.09,0.0,0.0
2023-05-27 20:00:00,20,5,0,2316.25,-2316.25,48.42,20.9,20.41,0.0,0.0
2023-05-27 21:00:00,21,5,0,2767.44,-2767.44,20.75,18.0,32.39,0.0,0.0
2023-05-27 22:00:00,22,5,0,2361.08,-2361.08,5.0,15.4,21.57,0.0,0.0
2023-05-27 23:00:00,23,5,0,328.34,-328.34,5.0,15.3,1.15,0.0,0.0
2023-05-28 00:00:00,0,5,0,423.89,-423.89,5.0,11.5,2.51,0.0,0.0
2023-05-28 01:00:00,1,5,0,461.23,-461.23,5.0,13.6,4.36,0.0,0.0
2023-05-28 02:00:00,2,5,0,464.47,-464.47,5.0,12.2,1.36,0.0,0.0
2023-05-28 03:00:00,3,5,0,368.68,-368.68,5.0,17.8,2.42,0.0,0.0
2023-05-28 04:00:00,4,5,0,534.84,-534.84,5.0,15.5,3.09,0.0,0.0
2023-05-28 05:00:00,5,5,0,540.66,-540.66,5.0,16.5,2.5,0.0,0.0
2023-05-28 06:00:00,6,5,0,398.04,-398.04,5.0,14.9,1.65,0.0,0.0
2023-05-28 07:00:00,7,5,118.98,1384.77,-1265.79,5.0,16.4,25.26,0.0,0.0
2023-05-28 08:00:00,8,5,473.53,1512.18,-1038.65,5.0,17.2,38.91,0.0,0.0
2023-05-28 09:00:00,9,5,881.8,1691.84,-810.04,5.0,22.9,36.44,0.0,0.0
2023-05-28 10:00:00,10,5,1446.75,431.27,1015.47,15.15,20.0,4.16,0.0,0.0
2023-05-28 11:00:00,11,5,2082.2,528.35,1553.85,30.69,23.3,4.5,0.0,0.0
2023-05-28 12:00:00,12,5,2351.86,361.67,1990.19,50.6,27.5,2.79,0.0,0.0
2023-05-28 13:00:00,13,5,454.75,388.58,66.17,51.26,22.9,1.54,0.0,0.0
2023-05-28 14:00:00,14,5,2609.69,334.61,2275.08,74.01,24.6,1.96,0.0,0.0
2023-05-28 15:00:00,15,5,2195.03,405.99,1789.04,91.9,20.0,4.12,0.0,0.0
2023-05-28 16:00:00,16,5,1464.63,445.33,1019.31,100.0,20.2,3.67,0.0,0.0
2023-05-28 17:00:00,17,5,958.04,504.89,453.16,100.0,22.7,4.67,0.0,0.0
2023-05-28 18:00:00,18,5,75.49,388.92,-313.42,96.87,19.4,4.37,0.0,0.0
2023-05-28 19:00:00,19,5,0,2203.56,-2203.56,74.83,21.8,4.61,0.0,0.0
2023-05-28 20:00:00,20,5,0,2845.45,-2845.45,46.38,18.7,18.25,0.0,0.0
2023-05-28 21:00:00,21,5,0,2790.99,-2790.99,18.47,18.5,17.26,0.0,0.0
2023-05-28 22:00:00,22,5,0,1252.12,-1252.12,5.94,18.4,34.16,0.0,0.0
2023-05-28 23:00:00,23,5,0,674.92,-674.92,5.0,16.6,4.72,0.0,0.0
2023-05-29 00:00:00,0,5,0,604.26,-604.26,5.0,8.0,1.25,0.0,0.0
2023-05-29 01:00:00,1,5,0,691.71,-691.71,5.0,12.8,1.53,0.0,0.0
2023-05-29 02:00:00,2,5,0,421.11,-421.11,5.0,14.2,2.82,0.0,0.0
2023-05-29 03:00:00,3,5,0,712.75,-712.75,5.0,11.0,4.38,0.0,0.0
2023-05-29 04:00:00,4,5,0,495.11,-495.11,5.0,13.1,1.27,0.0,0.0
2023-05-29 05:00:00,5,5,0,620.43,-620.43,5.0,20.1,5.0,0.0,0.0
2023-05-29 06:00:00,6,5,0,350.44,-350.44,5.0,15.5,1.7,0.0,0.0
2023-05-29 07:00:00,7,5,0,2697.91,-2697.91,5.0,18.7,27.55,0.0,0.0
2023-05-29 08:00:00,8,5,548.65,1946.98,-1398.32,5.0,16.0,25.38,0.0,0.0
2023-05-29 09:00:00,9,5,1160.33,1745.45,-585.12,5.0,20.8,26.59,0.0,0.0
2023-05-29 10:00:00,10,5,198.19,523.17,-324.98,5.0,24.3,1.53,0.0,0.0
2023-05-29 11:00:00,11,5,328.47,397.99,-69.52,5.0,20.2,1.83,0.0,0.0
2023-05-29 12:00:00,12,5,2447.41,413.34,2034.07,25.34,25.1,3.74,0.0,0.0
2023-05-29 13:00:00,13,5,3083.81,535.4,2548.42,50.82,23.6,1.56,0.0,0.0
2023-05-29 14:00:00,14,5,2545.08,459.36,2085.72,71.68,25.2,3.87,0.0,0.0
2023-05-29 15:00:00,15,5,1917.69,540.06,1377.63,85.46,23.7,3.35,0.0,0.0
2023-05-29 16:00:00,16,5,1326.45,533.17,793.28,93.39,21.8,2.68,0.0,0.0
2023-05-29 17:00:00,17,5,986.42,233.85,752.56,100.0,21.0,3.08,0.0,0.0
2023-05-29 18:00:00,18,5,546.74,223.81,322.93,100.0,20.7,2.0,0.0,0.0
2023-05-29 19:00:00,19,5,57.09,2769.4,-2712.31,72.88,18.6,3.63,0.0,0.0
2023-05-29 20:00:00,20,5,0,1550.42,-1550.42,57.37,17.1,20.43,0.0,0.0
2023-05-29 21:00:00,21,5,0,2309.09,-2309.09,34.28,18.3,26.84,0.0,0.0
2023-05-29 22:00:00,22,5,0,2884.96,-2884.96,5.43,14.6,27.89,0.0,0.0
2023-05-29 23:00:00,23,5,0,557.78,-557.78,5.0,13.9,3.54,0.0,0.0
2023-05-30 00:00:00,0,5,0,548.65,-548.65,5.0,11.1,4.06,0.0,0.0
2023-05-30 01:00:00,1,5,0,475.0,-475.0,5.0,10.0,2.13,0.0,0.0
2023-05-30 02:00:00,2,5,0,467.0,-467.0,5.0,13.9,1.49,0.0,0.0
2023-05-30 03:00:00,3,5,0,468.57,-468.57,5.0,15.3,3.76,0.0,0.0
2023-05-30 04:00:00,4,5,0,426.88,-426.88,5.0,13.5,4.55,0.0,0.0
2023-05-30 05:00:00,5,5,0,608.34,-608.34,5.0,15.8,3.01,0.0,0.0
2023-05-30 06:00:00,6,5,0,297.59,-297.59,5.0,17.0,1.41,0.0,0.0
2023-05-30 07:00:00,7,5,16.66,2088.49,-2071.83,5.0,16.7,33.02,0.0,0.0
2023-05-30 08:00:00,8,5,78.31,1993.82,-1915.51,5.0,18.0,27.88,0.0,0.0
2023-05-30 09:00:00,9,5,955.87,1493.6,-537.74,5.0,19.2,25.31,0.0,0.0
2023-05-30 10:00:00,10,5,1408.8,307.39,1101.41,16.01,22.6,4.58,0.0,0.0
2023-05-30 11:00:00,11,5,1929.89,548.63,1381.26,29.83,21.2,1.85,0.0,0.0
2023-05-30 12:00:00,12,5,2451.36,552.47,1898.9,48.82,23.8,1.87,0.0,0.0
2023-05-30 13:00:00,13,5,3029.17,495.32,2533.85,74.15,23.6,3.9,0.0,0.0
2023-05-30 14:00:00,14,5,2510.42,292.5,2217.92,96.33,25.9,2.15,0.0,0.0
2023-05-30 15:00:00,15,5,2063.21,416.31,1646.9,100.0,23.5,3.34,0.0,0.0
2023-05-30 16:00:00,16,5,1470.34,644.67,825.67,100.0,22.4,1.14,0.0,0.0
2023-05-30 17:00:00,17,5,803.33,436.8,366.53,100.0,21.2,2.36,0.0,0.0
2023-05-30 18:00:00,18,5,450.68,682.13,-231.45,97.69,22.0,4.64,0.0,0.0
2023-05-30 19:00:00,19,5,0,1673.93,-1673.93,80.95,17.7,3.55,0.0,0.0
2023-05-30 20:00:00,20,5,0,2722.49,-2722.49,53.72,22.3,26.28,0.0,0.0
2023-05-30 21:00:00,21,5,0,1771.63,-1771.63,36.01,18.3,33.81,0.0,0.0
2023-05-30 22:00:00,22,5,0,1663.12,-1663.12,19.37,15.5,19.29,0.0,0.0
2023-05-30 23:00:00,23,5,0,647.89,-647.89,12.89,20.2,4.54,0.0,0.0
2023-05-31 00:00:00,0,5,0,720.18,-720.18,5.69,10.4,2.19,0.0,0.0
2023-05-31 01:00:00,1,5,0,513.39,-513.39,5.0,14.7,2.67,0.0,0.0
2023-05-31 02:00:00,2,5,0,667.21,-667.21,5.0,11.1,3.45,0.0,0.0
2023-05-31 03:00:00,3,5,0,755.69,-755.69,5.0,13.2,3.5,0.0,0.0
2023-05-31 04:00:00,4,5,0,445.41,-445.41,5.0,12.6,4.4,0.0,0.0
2023-05-31 05:00:00,5,5,0,573.23,-573.23,5.0,17.0,3.59,0.0,0.0
2023-05-31 06:00:00,6,5,0,557.72,-557.72,5.0,14.1,4.1,0.0,0.0
2023-05-31 07:00:00,7,5,74.84,1554.9,-1480.06,5.0,17.2,22.75,0.0,0.0
2023-05-31 08:00:00,8,5,405.23,1884.01,-1478.78,5.0,14.5,29.01,0.0,0.0
2023-05-31 09:00:00,9,5,985.09,2583.47,-1598.39,5.0,22.0,31.92,0.0,0.0
2023-05-31 10:00:00,10,5,1575.35,390.83,1184.53,16.85,19.9,2.55,0.0,0.0
2023-05-31 11:00:00,11,5,2051.35,501.32,1550.03,32.35,25.3,3.66,0.0,0.0
2023-05-31 12:00:00,12,5,385.47,490.02,-104.55,31.3,25.4,2.1,0.0,0.0
2023-05-31 13:00:00,13,5,3044.27,518.79,2525.47,56.55,26.7,1.37,0.0,0.0
2023-05-31 14:00:00,14,5,380.47,495.91,-115.43,55.4,25.5,1.26,0.0,0.0
2023-05-31 15:00:00,15,5,2076.39,771.3,1305.09,68.45,26.3,2.86,0.0,0.0
2023-05-31 16:00:00,16,5,1685.12,650.68,1034.45,78.8,22.9,4.86,0.0,0.0
2023-05-31 17:00:00,17,5,171.92,484.56,-312.64,75.67,21.4,3.79,0.0,0.0
2023-05-31 18:00:00,18,5,429.44,465.67,-36.23,75.31,19.2,3.34,0.0,0.0
2023-05-31 19:00:00,19,5,48.75,1765.32,-1716.57,58.14,18.8,3.53,0.0,0.0
2023-05-31 20:00:00,20,5,0,2621.69,-2621.69,31.92,21.1,15.5,0.0,0.0
2023-05-31 21:00:00,21,5,0,2427.05,-2427.05,7.65,17.8,15.26,0.0,0.0
2023-05-31 22:00:00,22,5,0,2218.13,-2218.13,5.0,15.6,22.77,0.0,0.0
2023-05-31 23:00:00,23,5,0,576.74,-576.74,5.0,13.5,4.49,0.0,0.0
2023-06-01 00:00:00,0,6,0,474.59,-474.59,5.0,10.9,4.41,0.0,0.0
2023-06-01 01:00:00,1,6,0,538.84,-538.84,5.0,11.6,1.74,0.0,0.0
2023-06-01 02:00:00,2,6,0,608.51,-608.51,5.0,13.5,1.98,0.0,0.0
2023-06-01 03:00:00,3,6,0,564.79,-564.79,5.0,13.4,3.62,0.0,0.0
2023-06-01 04:00:00,4,6,0,247.95,-247.95,5.0,14.3,1.14,0.0,0.0
2023-06-01 05:00:00,5,6,0,430.77,-430.77,5.0,15.9,4.71,0.0,0.0
2023-06-01 06:00:00,6,6,0,418.97,-418.97,5.0,15.3,4.77,0.0,0.0
2023-06-01 07:00:00,7,6,136.57,1736.12,-1599.55,5.0,17.0,38.51,0.0,0.0
2023-06-01 08:00:00,8,6,489.76,1565.32,-1075.55,5.0,18.9,39.24,0.0,0.0
2023-06-01 09:00:00,9,6,1008.16,1631.63,-623.47,5.0,17.4,46.68,0.0,0.0
2023-06-01 10:00:00,10,6,1610.26,622.3,987.95,14.88,23.0,2.22,0.0,0.0
2023-06-01 11:00:00,11,6,2130.07,433.62,1696.45,31.84,21.7,4.28,0.0,0.0
2023-06-01 12:00:00,12,6,2393.6,750.28,1643.32,48.28,23.0,3.43,0.0,0.0
2023-06-01 13:00:00,13,6,2999.11,478.67,2520.44,73.48,23.6,3.68,0.0,0.0
2023-06-01 14:00:00,14,6,2592.39,585.18,2007.22,93.55,26.0,4.14,0.0,0.0
2023-06-01 15:00:00,15,6,300.02,667.31,-367.28,89.88,24.4,2.19,0.0,0.0
2023-06-01 16:00:00,16,6,1549.26,466.86,1082.4,100.0,23.9,2.87,0.0,0.0
2023-06-01 17:00:00,17,6,1086.67,276.84,809.83,100.0,20.3,4.78,0.0,0.0
2023-06-01 18:00:00,18,6,617.76,459.85,157.9,100.0,21.8,3.98,0.0,0.0
2023-06-01 19:00:00,19,6,0,2735.95,-2735.95,72.64,20.5,1.41,0.0,0.0
2023-06-01 20:00:00,20,6,0,1894.15,-1894.15,53.7,18.4,23.93,0.0,0.0
2023-06-01 21:00:00,21,6,0,1442.13,-1442.13,39.28,18.1,19.51,0.0,0.0
2023-06-01 22:00:00,22,6,0,1819.78,-1819.78,21.08,20.4,25.8,0.0,0.0
2023-06-01 23:00:00,23,6,0,512.42,-512.42,15.96,16.9,2.69,0.0,0.0
2023-06-02 00:00:00,0,6,0,462.29,-462.29,11.33,11.8,4.35,0.0,0.0
2023-06-02 01:00:00,1,6,0,607.52,-607.52,5.26,9.0,4.61,0.0,0.0
2023-06-02 02:00:00,2,6,0,370.37,-370.37,5.0,14.6,1.93,0.0,0.0
2023-06-02 03:00:00,3,6,0,418.35,-418.35,5.0,11.9,3.54,0.0,0.0
2023-06-02 04:00:00,4,6,0,540.25,-540.25,5.0,18.0,2.83,0.0,0.0
2023-06-02 05:00:00,5,6,0,507.95,-507.95,5.0,14.9,3.85,0.0,0.0
2023-06-02 06:00:00,6,6,0,330.36,-330.36,5.0,16.7,4.57,0.0,0.0
2023-06-02 07:00:00,7,6,0,2683.02,-2683.02,5.0,19.4,22.27,0.0,0.0
2023-06-02 08:00:00,8,6,591.38,1474.61,-883.22,5.0,19.6,22.38,0.0,0.0
2023-06-02 09:00:00,9,6,1053.2,1583.74,-530.54,5.0,20.3,28.25,0.0,0.0
2023-06-02 10:00:00,10,6,1326.42,430.26,896.16,13.96,24.3,1.42,0.0,0.0
2023-06-02 11:00:00,11,6,302.02,502.48,-200.46,11.96,23.0,4.54,0.0,0.0
2023-06-02 12:00:00,12,6,2448.95,415.3,2033.65,32.29,24.2,2.95,0.0,0.0
2023-06-02 13:00:00,13,6,3275.15,425.51,2849.64,60.79,27.1,2.89,0.0,0.0
2023-06-02 14:00:00,14,6,2535.88,504.3,2031.58,81.11,24.2,1.38,0.0,0.0
2023-06-02 15:00:00,15,6,1899.16,453.27,1445.9,95.56,19.5,2.14,0.0,0.0
2023-06-02 16:00:00,16,6,1661.99,486.92,1175.07,100.0,24.0,3.36,0.0,0.0
2023-06-02 17:00:00,17,6,1006.89,271.36,735.52,100.0,19.6,1.71,0.0,0.0
2023-06-02 18:00:00,18,6,503.89,538.82,-34.94,99.65,21.0,1.97,0.0,0.0
2023-06-02 19:00:00,19,6,0,1872.52,-1872.52,80.93,20.3,2.96,0.0,0.0
2023-06-02 20:00:00,20,6,0,2762.28,-2762.28,53.3,20.3,22.07,0.0,0.0
2023-06-02 21:00:00,21,6,0,2282.51,-2282.51,30.48,14.7,33.07,0.0,0.0
2023-06-02 22:00:00,22,6,0,2231.3,-2231.3,8.16,14.6,27.08,0.0,0.0
2023-06-02 23:00:00,23,6,0,433.18,-433.18,5.0,16.0,3.02,0.0,0.0
2023-06-03 00:00:00,0,6,0,496.71,-496.71,5.0,13.4,4.97,0.0,0.0
2023-06-03 01:00:00,1,6,0,440.38,-440.38,5.0,7.8,4.49,0.0,0.0
2023-06-03 02:00:00,2,6,0,366.22,-366.22,5.0,14.5,2.18,0.0,0.0
2023-06-03 03:00:00,3,6,0,509.55,-509.55,5.0,13.2,2.9,0.0,0.0
2023-06-03 04:00:00,4,6,0,414.28,-414.28,5.0,14.5,2.48,0.0,0.0
2023-06-03 05:00:00,5,6,0,683.57,-683.57,5.0,16.3,1.88,0.0,0.0
2023-06-03 06:00:00,6,6,0,626.08,-626.08,5.0,18.0,3.05,0.0,0.0
2023-06-03 07:00:00,7,6,0,1804.86,-1804.86,5.0,17.1,21.12,0.0,0.0
2023-06-03 08:00:00,8,6,606.46,2402.69,-1796.23,5.0,21.7,45.36,0.0,0.0
2023-06-03 09:00:00,9,6,1219.93,1497.72,-277.79,5.0,19.4,45.77,0.0,0.0
2023-06-03 10:00:00,10,6,1476.44,579.55,896.9,13.97,20.4,2.15,0.0,0.0
2023-06-03 11:00:00,11,6,1975.03,450.53,1524.5,29.21,21.9,4.03,0.0,0.0
2023-06-03 12:00:00,12,6,2440.17,724.32,1715.85,46.37,23.3,1.27,0.0,0.0
2023-06-03 13:00:00,13,6,2723.31,488.52,2234.79,68.72,22.9,3.74,0.0,0.0
2023-06-03 14:00:00,14,6,2339.19,531.27,1807.92,86.8,25.6,1.86,0.0,0.0
2023-06-03 15:00:00,15,6,1910.08,632.61,1277.47,99.57,20.2,1.97,0.0,0.0
2023-06-03 16:00:00,16,6,1440.19,622.67,817.52,100.0,24.3,3.9,0.0,0.0
2023-06-03 17:00:00,17,6,1105.6,406.92,698.67,100.0,23.6,3.67,0.0,0.0
2023-06-03 18:00:00,18,6,456.19,562.73,-106.54,98.93,20.6,3.58,0.0,0.0
2023-06-03 19:00:00,19,6,86.6,2589.95,-2503.35,73.9,19.4,3.24,0.0,0.0
2023-06-03 20:00:00,20,6,0,2085.1,-2085.1,53.05,17.7,30.09,0.0,0.0
2023-06-03 21:00:00,21,6,0,2521.83,-2521.83,27.83,17.8,31.32,0.0,0.0
2023-06-03 22:00:00,22,6,0,1472.53,-1472.53,13.11,18.1,29.65,0.0,0.0
2023-06-03 23:00:00,23,6,0,482.44,-482.44,8.28,17.0,1.01,0.0,0.0
2023-06-04 00:00:00,0,6,0,457.04,-457.04,5.0,12.0,3.3,0.0,0.0
2023-06-04 01:00:00,1,6,0,480.69,-480.69,5.0,11.5,4.12,0.0,0.0
2023-06-04 02:00:00,2,6,0,216.41,-216.41,5.0,12.0,4.79,0.0,0.0
2023-06-04 03:00:00,3,6,0,331.14,-331.14,5.0,15.3,1.93,0.0,0.0
2023-06-04 04:00:00,4,6,0,440.95,-440.95,5.0,14.0,3.52,0.0,0.0
2023-06-04 05:00:00,5,6,0,773.39,-773.39,5.0,17.7,1.46,0.0,0.0
2023-06-04 06:00:00,6,6,0,316.34,-316.34,5.0,17.0,1.22,0.0,0.0
2023-06-04 07:00:00,7,6,60.17,2439.58,-2379.41,5.0,17.7,29.02,0.0,0.0
2023-06-04 08:00:00,8,6,456.53,1523.96,-1067.43,5.0,15.9,24.68,0.0,0.0
2023-06-04 09:00:00,9,6,1059.63,1881.14,-821.51,5.0,20.9,48.72,0.0,0.0
2023-06-04 10:00:00,10,6,1387.63,499.36,888.26,13.88,20.8,4.67,0.0,0.0
2023-06-04 11:00:00,11,6,2038.12,590.09,1448.03,28.36,20.9,2.19,0.0,0.0
2023-06-04 12:00:00,12,6,2412.71,595.75,1816.96,46.53,24.1,2.65,0.0,0.0
2023-06-04 13:00:00,13,6,2976.72,429.08,2547.64,72.01,24.1,1.03,0.0,0.0
2023-06-04 14:00:00,14,6,2452.42,470.18,1982.24,91.83,25.1,1.86,0.0,0.0
2023-06-04 15:00:00,15,6,2114.85,562.9,1551.95,100.0,24.8,1.11,0.0,0.0
2023-06-04 16:00:00,16,6,1585.79,269.42,1316.36,100.0,26.1,3.11,0.0,0.0
2023-06-04 17:00:00,17,6,922.32,299.87,622.45,100.0,21.7,4.24,0.0,0.0
2023-06-04 18:00:00,18,6,425.64,401.96,23.67,100.0,20.0,2.12,0.0,0.0
2023-06-04 19:00:00,19,6,164.01,2440.93,-2276.93,77.23,21.5,3.16,0.0,0.0
2023-06-04 20:00:00,20,6,0,2485.38,-2485.38,52.38,16.4,34.69,0.0,0.0
2023-06-04 21:00:00,21,6,0,2656.5,-2656.5,25.81,18.7,26.64,0.0,0.0
2023-06-04 22:00:00,22,6,0,1821.46,-1821.46,7.6,19.0,18.28,0.0,0.0
2023-06-04 23:00:00,23,6,0,376.14,-376.14,5.0,15.7,4.62,0.0,0.0
2023-06-05 00:00:00,0,6,0,436.0,-436.0,5.0,10.4,2.81,0.0,0.0
2023-06-05 01:00:00,1,6,0,362.39,-362.39,5.0,11.2,3.63,0.0,0.0
2023-06-05 02:00:00,2,6,0,337.68,-337.68,5.0,14.2,4.1,0.0,0.0
2023-06-05 03:00:00,3,6,0,357.15,-357.15,5.0,14.6,3.12,0.0,0.0
2023-06-05 04:00:00,4,6,0,298.44,-298.44,5.0,13.2,2.29,0.0,0.0
2023-06-05 05:00:00,5,6,0,645.23,-645.23,5.0,16.5,4.44,0.0,0.0
2023-06-05 06:00:00,6,6,0,452.27,-452.27,5.0,18.1,3.69,0.0,0.0
2023-06-05 07:00:00,7,6,0,2330.1,-2330.1,5.0,15.0,39.85,0.0,0.0
2023-06-05 08:00:00,8,6,522.11,2409.26,-1887.15,5.0,20.0,41.79,0.0,0.0
2023-06-05 09:00:00,9,6,935.65,1845.89,-910.23,5.0,20.1,39.29,0.0,0.0
2023-06-05 10:00:00,10,6,1581.85,377.85,1204.0,17.04,21.9,4.06,0.0,0.0
2023-06-05 11:00:00,11,6,1953.85,376.31,1577.54,32.82,22.8,2.84,0.0,0.0
2023-06-05 12:00:00,12,6,2401.74,461.47,1940.27,52.22,23.2,2.77,0.0,0.0
2023-06-05 13:00:00,13,6,3039.22,681.91,2357.31,75.79,22.8,4.96,0.0,0.0
2023-06-05 14:00:00,14,6,2542.5,530.38,2012.12,95.91,24.8,3.83,0.0,0.0
2023-06-05 15:00:00,15,6,2101.48,365.55,1735.94,100.0,22.4,4.3,0.0,0.0
2023-06-05 16:00:00,16,6,1416.48,407.94,1008.54,100.0,21.4,3.96,0.0,0.0
2023-06-05 17:00:00,17,6,936.34,439.61,496.73,100.0,24.6,4.26,0.0,0.0
2023-06-05 18:00:00,18,6,530.88,441.81,89.06,100.0,21.3,4.52,0.0,0.0
2023-06-05 19:00:00,19,6,46.73,1473.65,-1426.93,85.73,21.5,1.23,0.0,0.0
2023-06-05 20:00:00,20,6,0,2396.56,-2396.56,61.77,16.4,28.52,0.0,0.0
2023-06-05 21:00:00,21,6,0,1562.33,-1562.33,46.14,18.1,26.9,0.0,0.0
2023-06-05 22:00:00,22,6,0,2872.07,-2872.07,17.42,16.2,22.92,0.0,0.0
2023-06-05 23:00:00,23,6,0,718.32,-718.32,10.24,15.3,1.22,0.0,0.0
2023-06-06 00:00:00,0,6,0,592.19,-592.19,5.0,12.0,1.87,0.0,0.0
2023-06-06 01:00:00,1,6,0,268.75,-268.75,5.0,9.7,4.87,0.0,0.0
2023-06-06 02:00:00,2,6,0,498.68,-498.68,5.0,10.0,4.1,0.0,0.0
2023-06-06 03:00:00,3,6,0,495.46,-495.46,5.0,17.4,3.64,0.0,0.0
2023-06-06 04:00:00,4,6,0,744.11,-744.11,5.0,17.1,5.0,0.0,0.0
2023-06-06 05:00:00,5,6,0,458.49,-458.49,5.0,16.1,3.66,0.0,0.0
2023-06-06 06:00:00,6,6,0,527.55,-527.55,5.0,16.0,1.8,0.0,0.0
2023-06-06 07:00:00,7,6,0,1592.44,-1592.44,5.0,16.6,23.24,0.0,0.0
2023-06-06 08:00:00,8,6,359.23,1702.21,-1342.98,5.0,19.4,24.61,0.0,0.0
2023-06-06 09:00:00,9,6,1183.26,2536.3,-1353.05,5.0,22.8,33.85,0.0,0.0
2023-06-06 10:00:00,10,6,1491.65,441.32,1050.33,15.5,20.3,2.42,0.0,0.0
2023-06-06 11:00:00,11,6,2053.35,646.84,1406.51,29.57,19.5,2.5,0.0,0.0
2023-06-06 12:00:00,12,6,2615.11,541.75,2073.36,50.3,19.5,2.67,0.0,0.0
2023-06-06 13:00:00,13,6,2998.44,380.99,2617.44,76.48,23.5,2.82,0.0,0.0
2023-06-06 14:00:00,14,6,2371.25,446.73,1924.51,95.72,24.5,3.62,0.0,0.0
2023-06-06 15:00:00,15,6,1842.32,516.69,1325.63,100.0,25.1,1.21,0.0,0.0
2023-06-06 16:00:00,16,6,1445.14,464.8,980.34,100.0,25.0,4.91,0.0,0.0
2023-06-06 17:00:00,17,6,1070.06,400.25,669.82,100.0,21.0,3.36,0.0,0.0
2023-06-06 18:00:00,18,6,373.48,547.31,-173.82,98.26,23.8,1.19,0.0,0.0
2023-06-06 19:00:00,19,6,14.55,2353.07,-2338.52,74.88,19.2,1.38,0.0,0.0
2023-06-06 20:00:00,20,6,0,2150.54,-2150.54,53.37,19.7,21.1,0.0,0.0
2023-06-06 21:00:00,21,6,0,1312.33,-1312.33,40.25,20.9,19.33,0.0,0.0
2023-06-06 22:00:00,22,6,0,1959.04,-1959.04,20.66,13.1,15.79,0.0,0.0
2023-06-06 23:00:00,23,6,0,388.49,-388.49,16.77,16.0,1.45,0.0,0.0
2023-06-07 00:00:00,0,6,0,498.82,-498.82,11.78,13.9,1.01,0.0,0.0
2023-06-07 01:00:00,1,6,0,580.27,-580.27,5.98,11.5,4.6,0.0,0.0
2023-06-07 02:00:00,2,6,0,641.92,-641.92,5.0,11.9,4.06,0.0,0.0
2023-06-07 03:00:00,3,6,0,432.39,-432.39,5.0,12.0,4.59,0.0,0.0
2023-06-07 04:00:00,4,6,0,582.37,-582.37,5.0,18.6,4.27,0.0,0.0
2023-06-07 05:00:00,5,6,0,491.36,-491.36,5.0,18.7,3.76,0.0,0.0
2023-06-07 06:00:00,6,6,0,430.05,-430.05,5.0,19.0,3.63,0.0,0.0
2023-06-07 07:00:00,7,6,10.55,2686.74,-2676.19,5.0,19.6,25.04,0.0,0.0
2023-06-07 08:00:00,8,6,499.73,1330.37,-830.65,5.0,20.2,31.37,0.0,0.0
2023-06-07 09:00:00,9,6,971.87,1982.97,-1011.1,5.0,20.1,40.33,0.0,0.0
2023-06-07 10:00:00,10,6,1371.54,579.15,792.39,12.92,20.5,1.03,0.0,0.0
2023-06-07 11:00:00,11,6,2019.58,670.24,1349.35,26.42,19.8,4.04,0.0,0.0
2023-06-07 12:00:00,12,6,2442.97,559.78,1883.19,45.25,25.4,4.44,0.0,0.0
2023-06-07 13:00:00,13,6,3042.86,493.97,2548.89,70.74,24.7,4.48,0.0,0.0
2023-06-07 14:00:00,14,6,2529.74,754.81,1774.92,88.49,21.9,3.07,0.0,0.0
2023-06-07 15:00:00,15,6,1890.2,545.77,1344.43,100.0,22.9,2.38,0.0,0.0
2023-06-07 16:00:00,16,6,1395.09,494.02,901.07,100.0,22.1,3.47,0.0,0.0
2023-06-07 17:00:00,17,6,916.82,440.73,476.09,100.0,24.6,4.58,0.0,0.0
2023-06-07 18:00:00,18,6,399.17,595.71,-196.54,98.03,19.2,1.82,0.0,0.0
2023-06-07 19:00:00,19,6,38.69,2250.21,-2211.52,75.92,16.2,4.05,0.0,0.0
2023-06-07 20:00:00,20,6,0,1768.82,-1768.82,58.23,17.5,28.11,0.0,0.0
2023-06-07 21:00:00,21,6,0,2158.99,-2158.99,36.64,18.0,22.08,0.0,0.0
2023-06-07 22:00:00,22,6,0,2202.2,-2202.2,14.62,15.8,25.58,0.0,0.0
2023-06-07 23:00:00,23,6,0,343.99,-343.99,11.18,14.3,2.74,0.0,0.0
2023-06-08 00:00:00,0,6,0,211.41,-211.41,9.07,9.4,2.4,0.0,0.0
2023-06-08 01:00:00,1,6,0,678.4,-678.4,5.0,10.0,3.1,0.0,0.0
2023-06-08 02:00:00,2,6,0,458.39,-458.39,5.0,14.6,3.19,0.0,0.0
2023-06-08 03:00:00,3,6,0,507.63,-507.63,5.0,14.6,2.99,0.0,0.0
2023-06-08 04:00:00,4,6,0,477.04,-477.04,5.0,15.6,4.97,0.0,0.0
2023-06-08 05:00:00,5,6,0,534.5,-534.5,5.0,15.1,1.51,0.0,0.0
2023-06-08 06:00:00,6,6,0,553.39,-553.39,5.0,18.0,1.47,0.0,0.0
2023-06-08 07:00:00,7,6,0,2526.08,-2526.08,5.0,15.5,29.06,0.0,0.0
2023-06-08 08:00:00,8,6,490.66,2105.2,-1614.54,5.0,22.3,23.28,0.0,0.0
2023-06-08 09:00:00,9,6,141.45,2593.54,-2452.09,5.0,19.7,35.96,0.0,0.0
2023-06-08 10:00:00,10,6,1505.78,429.26,1076.52,15.77,23.1,2.47,0.0,0.0
2023-06-08 11:00:00,11,6,2156.97,710.28,1446.69,30.23,21.0,1.2,0.0,0.0
2023-06-08 12:00:00,12,6,2621.88,332.73,2289.15,53.12,22.1,1.77,0.0,0.0
2023-06-08 13:00:00,13,6,443.41,703.85,-260.44,50.52,29.9,2.71,0.0,0.0
2023-06-08 14:00:00,14,6,2640.07,425.24,2214.84,72.67,22.7,2.16,0.0,0.0
2023-06-08 15:00:00,15,6,2060.69,507.88,1552.81,88.2,22.8,3.08,0.0,0.0
2023-06-08 16:00:00,16,6,1388.05,604.48,783.56,96.03,22.9,4.18,0.0,0.0
2023-06-08 17:00:00,17,6,952.82,541.29,411.52,100.0,18.5,1.87,0.0,0.0
2023-06-08 18:00:00,18,6,604.24,638.31,-34.07,99.66,18.7,1.96,0.0,0.0
2023-06-08 19:00:00,19,6,0,2835.44,-2835.44,71.3,19.8,3.44,0.0,0.0
2023-06-08 20:00:00,20,6,0,1423.14,-1423.14,57.07,19.5,23.84,0.0,0.0
2023-06-08 21:00:00,21,6,0,1495.89,-1495.89,42.11,13.1,21.0,0.0,0.0
2023-06-08 22:00:00,22,6,0,1404.06,-1404.06,28.07,16.9,21.9,0.0,0.0
2023-06-08 23:00:00,23,6,0,603.08,-603.08,22.04,18.2,3.99,0.0,0.0
2023-06-09 00:00:00,0,6,0,447.49,-447.49,17.57,11.9,1.84,0.0,0.0
2023-06-09 01:00:00,1,6,0,381.24,-381.24,13.76,12.1,4.44,0.0,0.0
2023-06-09 02:00:00,2,6,0,507.74,-507.74,8.68,13.9,4.95,0.0,0.0
2023-06-09 03:00:00,3,6,0,634.07,-634.07,5.0,14.6,1.03,0.0,0.0
2023-06-09 04:00:00,4,6,0,701.68,-701.68,5.0,15.7,1.01,0.0,0.0
2023-06-09 05:00:00,5,6,0,479.59,-479.59,5.0,12.9,1.35,0.0,0.0
2023-06-09 06:00:00,6,6,0,546.6,-546.6,5.0,17.7,4.04,0.0,0.0
2023-06-09 07:00:00,7,6,81.95,2564.77,-2482.82,5.0,18.3,40.83,0.0,0.0
2023-06-09 08:00:00,8,6,559.68,1815.04,-1255.35,5.0,18.2,45.22,0.0,0.0
2023-06-09 09:00:00,9,6,887.67,2688.37,-1800.7,5.0,22.0,31.4,0.0,0.0
2023-06-09 10:00:00,10,6,1367.3,496.99,870.31,13.7,21.8,4.31,0.0,0.0
2023-06-09 11:00:00,11,6,317.04,456.99,-139.95,12.3,25.8,1.61,0.0,0.0
2023-06-09 12:00:00,12,6,2622.11,264.43,2357.68,35.88,25.0,2.37,0.0,0.0
2023-06-09 13:00:00,13,6,3101.63,406.72,2694.9,62.83,23.1,4.92,0.0,0.0
2023-06-09 14:00:00,14,6,2441.97,479.1,1962.88,82.46,24.2,4.9,0.0,0.0
2023-06-09 15:00:00,15,6,2174.56,446.74,1727.82,99.74,25.5,1.54,0.0,0.0
2023-06-09 16:00:00,16,6,1537.25,498.8,1038.45,100.0,21.8,3.62,0.0,0.0
2023-06-09 17:00:00,17,6,1120.73,300.38,820.35,100.0,20.1,1.2,0.0,0.0
2023-06-09 18:00:00,18,6,423.73,509.06,-85.32,99.15,21.6,4.51,0.0,0.0
2023-06-09 19:00:00,19,6,231.14,2253.16,-2022.02,78.93,21.9,3.72,0.0,0.0
2023-06-09 20:00:00,20,6,0,2054.74,-2054.74,58.38,24.0,24.7,0.0,0.0
2023-06-09 21:00:00,21,6,0,2199.96,-2199.96,36.38,19.6,22.14,0.0,0.0
2023-06-09 22:00:00,22,6,0,2462.18,-2462.18,11.76,19.8,31.9,0.0,0.0
2023-06-09 23:00:00,23,6,0,366.11,-366.11,8.1,14.8,3.58,0.0,0.0
2023-06-10 00:00:00,0,6,0,270.19,-270.19,5.39,10.1,2.23,0.0,0.0
2023-06-10 01:00:00,1,6,0,251.89,-251.89,5.0,13.1,1.4,0.0,0.0
2023-06-10 02:00:00,2,6,0,267.75,-267.75,5.0,10.9,4.61,0.0,0.0
2023-06-10 03:00:00,3,6,0,519.58,-519.58,5.0,13.0,4.51,0.0,0.0
2023-06-10 04:00:00,4,6,0,648.21,-648.21,5.0,12.0,1.58,0.0,0.0
2023-06-10 05:00:00,5,6,0,660.54,-660.54,5.0,18.3,4.42,0.0,0.0
2023-06-10 06:00:00,6,6,0,489.44,-489.44,5.0,19.5,1.41,0.0,0.0
2023-06-10 07:00:00,7,6,42.14,2351.43,-2309.29,5.0,16.5,31.49,0.0,0.0
2023-06-10 08:00:00,8,6,655.42,2402.79,-1747.36,5.0,21.7,46.44,0.0,0.0
2023-06-10 09:00:00,9,6,1064.39,1890.08,-825.69,5.0,24.3,24.91,0.0,0.0
2023-06-10 10:00:00,10,6,210.52,479.18,-268.66,5.0,18.6,1.83,0.0,0.0
2023-06-10 11:00:00,11,6,2098.68,412.19,1686.5,21.86,22.8,3.11,0.0,0.0
2023-06-10 12:00:00,12,6,2561.57,539.06,2022.51,42.09,20.0,3.3,0.0,0.0
2023-06-10 13:00:00,13,6,2929.51,769.92,2159.58,63.69,23.6,2.33,0.0,0.0
2023-06-10 14:00:00,14,6,2560.02,461.59,2098.43,84.67,23.9,1.25,0.0,0.0
2023-06-10 15:00:00,15,6,1913.36,493.2,1420.15,98.87,27.4,4.83,0.0,0.0
2023-06-10 16:00:00,16,6,245.74,415.93,-170.19,97.17,20.5,2.04,0.0,0.0
2023-06-10 17:00:00,17,6,148.93,580.98,-432.05,92.85,19.3,3.99,0.0,0.0
2023-06-10 18:00:00,18,6,530.02,640.68,-110.66,91.74,21.5,2.87,0.0,0.0
2023-06-10 19:00:00,19,6,44.08,2183.04,-2138.96,70.35,18.5,1.55,0.0,0.0
2023-06-10 20:00:00,20,6,0,2296.04,-2296.04,47.39,19.3,20.18,0.0,0.0
2023-06-10 21:00:00,21,6,0,1982.52,-1982.52,27.57,19.7,17.84,0.0,0.0
2023-06-10 22:00:00,22,6,0,1374.59,-1374.59,13.82,14.7,32.69,0.0,0.0
2023-06-10 23:00:00,23,6,0,664.39,-664.39,7.18,14.0,2.21,0.0,0.0
2023-06-11 00:00:00,0,6,0,414.27,-414.27,5.0,13.4,3.05,0.0,0.0
2023-06-11 01:00:00,1,6,0,641.09,-641.09,5.0,14.0,2.64,0.0,0.0
2023-06-11 02:00:00,2,6,0,690.39,-690.39,5.0,13.8,1.09,0.0,0.0
2023-06-11 03:00:00,3,6,0,522.6,-522.6,5.0,16.3,1.95,0.0,0.0
2023-06-11 04:00:00,4,6,0,253.97,-253.97,5.0,15.6,3.1,0.0,0.0
2023-06-11 05:00:00,5,6,0,450.62,-450.62,5.0,15.6,2.32,0.0,0.0
2023-06-11 06:00:00,6,6,0,712.85,-712.85,5.0,18.7,4.8,0.0,0.0
2023-06-11 07:00:00,7,6,44.96,2467.07,-2422.1,5.0,17.6,20.88,0.0,0.0
2023-06-11 08:00:00,8,6,368.55,1831.15,-1462.59,5.0,21.3,24.24,0.0,0.0
2023-06-11 09:00:00,9,6,1011.53,2234.41,-1222.88,5.0,18.4,46.52,0.0,0.0
2023-06-11 10:00:00,10,6,1528.2,468.49,1059.71,15.6,19.5,2.07,0.0,0.0
2023-06-11 11:00:00,11,6,2015.02,507.59,1507.43,30.67,26.8,1.44,0.0,0.0
2023-06-11 12:00:00,12,6,2646.16,476.72,2169.43,52.37,23.3,2.17,0.0,0.0
2023-06-11 13:00:00,13,6,2980.23,488.49,2491.73,77.28,25.7,2.66,0.0,0.0
2023-06-11 14:00:00,14,6,2823.01,571.53,2251.48,99.8,23.4,4.95,0.0,0.0
2023-06-11 15:00:00,15,6,2051.55,559.83,1491.72,100.0,23.6,4.77,0.0,0.0
2023-06-11 16:00:00,16,6,1494.5,524.48,970.02,100.0,25.6,1.55,0.0,0.0
2023-06-11 17:00:00,17,6,1046.15,275.09,771.06,100.0,19.1,1.1,0.0,0.0
2023-06-11 18:00:00,18,6,565.01,444.27,120.74,100.0,19.3,1.9,0.0,0.0
2023-06-11 19:00:00,19,6,0,1704.94,-1704.94,82.95,20.2,2.3,0.0,0.0
2023-06-11 20:00:00,20,6,0,2164.15,-2164.15,61.31,18.7,21.25,0.0,0.0
2023-06-11 21:00:00,21,6,0,1783.32,-1783.32,43.48,18.8,32.34,0.0,0.0
2023-06-11 22:00:00,22,6,0,1882.39,-1882.39,24.65,16.5,19.84,0.0,0.0
2023-06-11 23:00:00,23,6,0,428.49,-428.49,20.37,13.6,2.71,0.0,0.0
2023-06-12 00:00:00,0,6,0,685.19,-685.19,13.52,9.8,1.1,0.0,0.0
2023-06-12 01:00:00,1,6,0,540.82,-540.82,8.11,13.4,4.42,0.0,0.0
2023-06-12 02:00:00,2,6,0,383.65,-383.65,5.0,10.4,3.05,0.0,0.0
2023-06-12 03:00:00,3,6,0,766.88,-766.88,5.0,13.7,1.62,0.0,0.0
2023-06-12 04:00:00,4,6,0,226.16,-226.16,5.0,16.3,2.05,0.0,0.0
2023-06-12 05:00:00,5,6,0,322.07,-322.07,5.0,15.1,4.77,0.0,0.0
2023-06-12 06:00:00,6,6,0,363.07,-363.07,5.0,20.3,2.05,0.0,0.0
2023-06-12 07:00:00,7,6,29.94,2124.25,-2094.31,5.0,16.3,30.99,0.0,0.0
2023-06-12 08:00:00,8,6,566.82,1647.43,-1080.61,5.0,16.8,45.93,0.0,0.0
2023-06-12 09:00:00,9,6,156.48,2405.17,-2248.68,5.0,18.5,30.62,0.0,0.0
2023-06-12 10:00:00,10,6,1500.04,639.57,860.47,13.6,17.8,1.25,0.0,0.0
2023-06-12 11:00:00,11,6,314.6,419.14,-104.53,12.56,24.2,1.82,0.0,0.0
2023-06-12 12:00:00,12,6,2507.62,530.97,1976.65,32.33,24.6,4.0,0.0,0.0
2023-06-12 13:00:00,13,6,2956.61,582.95,2373.67,56.06,25.3,1.12,0.0,0.0
2023-06-12 14:00:00,14,6,2634.93,363.58,2271.35,78.78,26.8,2.44,0.0,0.0
2023-06-12 15:00:00,15,6,300.99,320.13,-19.14,78.58,23.8,3.06,0.0,0.0
2023-06-12 16:00:00,16,6,1560.89,409.83,1151.06,90.1,25.5,1.6,0.0,0.0
2023-06-12 17:00:00,17,6,911.18,530.37,380.81,93.9,23.8,2.72,0.0,0.0
2023-06-12 18:00:00,18,6,424.87,767.27,-342.4,90.48,23.6,3.31,0.0,0.0
2023-06-12 19:00:00,19,6,0,1682.25,-1682.25,73.66,22.4,3.98,0.0,0.0
2023-06-12 20:00:00,20,6,0,2250.96,-2250.96,51.15,18.9,30.68,0.0,0.0
2023-06-12 21:00:00,21,6,0,2762.65,-2762.65,23.52,15.4,26.01,0.0,0.0
2023-06-12 22:00:00,22,6,0,2010.01,-2010.01,5.0,17.8,17.61,0.0,0.0
2023-06-12 23:00:00,23,6,0,501.38,-501.38,5.0,14.7,3.57,0.0,0.0
2023-06-13 00:00:00,0,6,0,592.6,-592.6,5.0,6.8,1.67,0.0,0.0
2023-06-13 01:00:00,1,6,0,551.11,-551.11,5.0,14.3,1.85,0.0,0.0
2023-06-13 02:00:00,2,6,0,590.87,-590.87,5.0,13.9,2.82,0.0,0.0
2023-06-13 03:00:00,3,6,0,294.67,-294.67,5.0,14.0,4.67,0.0,0.0
2023-06-13 04:00:00,4,6,0,615.56,-615.56,5.0,12.3,1.44,0.0,0.0
2023-06-13 05:00:00,5,6,0,406.99,-406.99,5.0,13.9,1.67,0.0,0.0
2023-06-13 06:00:00,6,6,0,526.83,-526.83,5.0,14.5,1.57,0.0,0.0
2023-06-13 07:00:00,7,6,76.43,2526.56,-2450.13,5.0,18.1,34.65,0.0,0.0
2023-06-13 08:00:00,8,6,379.45,1653.09,-1273.64,5.0,20.3,27.62,0.0,0.0
2023-06-13 09:00:00,9,6,941.86,2634.71,-1692.85,5.0,15.3,27.86,0.0,0.0
2023-06-13 10:00:00,10,6,1578.21,401.12,1177.09,16.77,22.1,3.58,0.0,0.0
2023-06-13 11:00:00,11,6,2053.66,696.46,1357.21,30.34,21.1,4.31,0.0,0.0
2023-06-13 12:00:00,12,6,390.02,313.48,76.54,31.11,27.1,4.59,0.0,0.0
2023-06-13 13:00:00,13,6,3058.15,389.07,2669.08,57.8,23.3,1.63,0.0,0.0
2023-06-13 14:00:00,14,6,2568.12,463.83,2104.29,78.84,24.9,1.81,0.0,0.0
2023-06-13 15:00:00,15,6,1993.43,330.42,1663.01,95.47,22.0,1.81,0.0,0.0
2023-06-13 16:00:00,16,6,237.88,337.4,-99.53,94.48,23.8,2.13,0.0,0.0
2023-06-13 17:00:00,17,6,1139.04,339.63,799.42,100.0,25.1,3.18,0.0,0.0
2023-06-13 18:00:00,18,6,509.54,479.94,29.6,100.0,20.5,2.63,0.0,0.0
2023-06-13 19:00:00,19,6,0,1496.59,-1496.59,85.03,21.8,2.4,0.0,0.0
2023-06-13 20:00:00,20,6,0,2321.75,-2321.75,61.82,16.0,22.82,0.0,0.0
2023-06-13 21:00:00,21,6,0,2441.71,-2441.71,37.4,20.1,18.47,0.0,0.0
2023-06-13 22:00:00,22,6,0,2053.33,-2053.33,16.87,19.3,16.02,0.0,0.0
2023-06-13 23:00:00,23,6,0,426.87,-426.87,12.6,11.1,3.2,0.0,0.0
2023-06-14 00:00:00,0,6,0,447.22,-447.22,8.13,9.5,4.91,0.0,0.0
2023-06-14 01:00:00,1,6,0,460.72,-460.72,5.0,17.2,1.3,0.0,0.0
2023-06-14 02:00:00,2,6,0,721.12,-721.12,5.0,16.0,2.09,0.0,0.0
2023-06-14 03:00:00,3,6,0,570.64,-570.64,5.0,12.3,4.31,0.0,0.0
2023-06-14 04:00:00,4,6,0,597.97,-597.97,5.0,19.0,4.03,0.0,0.0
2023-06-14 05:00:00,5,6,0,456.21,-456.21,5.0,19.3,4.72,0.0,0.0
2023-06-14 06:00:00,6,6,0,340.18,-340.18,5.0,17.4,1.44,0.0,0.0
2023-06-14 07:00:00,7,6,0.14,2431.46,-2431.32,5.0,18.5,26.51,0.0,0.0
2023-06-14 08:00:00,8,6,360.05,1706.89,-1346.83,5.0,22.5,33.51,0.0,0.0
2023-06-14 09:00:00,9,6,1083.7,2914.23,-1830.53,5.0,17.0,26.24,0.0,0.0
2023-06-14 10:00:00,10,6,1537.5,687.27,850.22,13.5,18.4,3.63,0.0,0.0
2023-06-14 11:00:00,11,6,2034.45,309.95,1724.5,30.75,23.2,4.69,0.0,0.0
2023-06-14 12:00:00,12,6,2477.9,691.95,1785.95,48.61,21.2,3.66,0.0,0.0
2023-06-14 13:00:00,13,6,2979.47,557.52,2421.96,72.83,19.9,3.51,0.0,0.0
2023-06-14 14:00:00,14,6,2532.41,558.42,1973.99,92.57,25.3,3.32,0.0,0.0
2023-06-14 15:00:00,15,6,1791.19,563.72,1227.47,100.0,24.0,2.4,0.0,0.0
2023-06-14 16:00:00,16,6,1566.84,623.19,943.65,100.0,23.5,1.78,0.0,0.0
2023-06-14 17:00:00,17,6,993.34,788.02,205.32,100.0,23.9,2.64,0.0,0.0
2023-06-14 18:00:00,18,6,635.99,297.87,338.13,100.0,16.7,1.86,0.0,0.0
2023-06-14 19:00:00,19,6,83.77,2754.63,-2670.86,73.29,22.0,4.6,0.0,0.0
2023-06-14 20:00:00,20,6,0,2767.78,-2767.78,45.61,20.8,29.58,0.0,0.0
2023-06-14 21:00:00,21,6,0,1944.09,-1944.09,26.17,15.8,25.1,0.0,0.0
2023-06-14 22:00:00,22,6,0,2041.97,-2041.97,5.75,18.2,33.42,0.0,0.0
2023-06-14 23:00:00,23,6,0,759.93,-759.93,5.0,16.3,2.6,0.0,0.0
2023-06-15 00:00:00,0,6,0,676.91,-676.91,5.0,9.1,4.98,0.0,0.0
2023-06-15 01:00:00,1,6,0,727.66,-727.66,5.0,9.7,1.43,0.0,0.0
2023-06-15 02:00:00,2,6,0,436.9,-436.9,5.0,10.7,2.09,0.0,0.0
2023-06-15 03:00:00,3,6,0,341.83,-341.83,5.0,12.3,1.24,0.0,0.0
2023-06-15 04:00:00,4,6,0,503.57,-503.57,5.0,10.3,3.57,0.0,0.0
2023-06-15 05:00:00,5,6,0,536.57,-536.57,5.0,16.5,2.83,0.0,0.0
2023-06-15 06:00:00,6,6,0,433.39,-433.39,5.0,19.6,3.6,0.0,0.0
2023-06-15 07:00:00,7,6,160.54,2251.76,-2091.21,5.0,17.3,25.2,0.0,0.0
2023-06-15 08:00:00,8,6,438.58,2644.4,-2205.83,5.0,21.5,41.15,0.0,0.0
2023-06-15 09:00:00,9,6,1075.02,1673.9,-598.88,5.0,18.7,38.86,0.0,0.0
2023-06-15 10:00:00,10,6,1390.33,571.66,818.68,13.19,22.7,2.49,0.0,0.0
2023-06-15 11:00:00,11,6,2141.31,412.82,1728.49,30.47,21.8,4.29,0.0,0.0
2023-06-15 12:00:00,12,6,2551.68,602.77,1948.91,49.96,21.6,4.75,0.0,0.0
2023-06-15 13:00:00,13,6,2965.83,350.71,2615.12,76.11,24.5,1.11,0.0,0.0
2023-06-15 14:00:00,14,6,2347.81,704.47,1643.34,92.55,26.1,4.13,0.0,0.0
2023-06-15 15:00:00,15,6,2032.79,621.74,1411.05,100.0,23.0,3.83,0.0,0.0
2023-06-15 16:00:00,16,6,1457.9,484.75,973.15,100.0,25.1,1.33,0.0,0.0
2023-06-15 17:00:00,17,6,1090.06,485.05,605.01,100.0,20.8,4.16,0.0,0.0
2023-06-15 18:00:00,18,6,558.06,501.6,56.46,100.0,18.8,3.53,0.0,0.0
2023-06-15 19:00:00,19,6,56.79,1443.7,-1386.91,86.13,21.9,4.25,0.0,0.0
2023-06-15 20:00:00,20,6,0,2624.12,-2624.12,59.89,20.2,16.49,0.0,0.0
2023-06-15 21:00:00,21,6,0,1640.83,-1640.83,43.48,18.2,25.0,0.0,0.0
2023-06-15 22:00:00,22,6,0,2262.82,-2262.82,20.85,19.2,20.04,0.0,0.0
2023-06-15 23:00:00,23,6,0,458.23,-458.23,16.27,14.2,3.48,0.0,0.0
2023-06-16 00:00:00,0,6,0,722.93,-722.93,9.04,9.7,2.21,0.0,0.0
2023-06-16 01:00:00,1,6,0,360.97,-360.97,5.43,13.2,1.01,0.0,0.0
2023-06-16 02:00:00,2,6,0,556.14,-556.14,5.0,9.6,1.6,0.0,0.0
2023-06-16 03:00:00,3,6,0,404.86,-404.86,5.0,16.9,1.59,0.0,0.0
2023-06-16 04:00:00,4,6,0,332.84,-332.84,5.0,18.8,4.11,0.0,0.0
2023-06-16 05:00:00,5,6,0,309.34,-309.34,5.0,18.2,4.16,0.0,0.0
2023-06-16 06:00:00,6,6,0,731.19,-731.19,5.0,17.0,3.18,0.0,0.0
2023-06-16 07:00:00,7,6,1.63,1550.09,-1548.46,5.0,18.0,32.22,0.0,0.0
2023-06-16 08:00:00,8,6,692.0,2533.68,-1841.68,5.0,15.1,25.0,0.0,0.0
2023-06-16 09:00:00,9,6,932.03,1507.87,-575.84,5.0,19.3,38.16,0.0,0.0
2023-06-16 10:00:00,10,6,1640.01,377.6,1262.41,17.62,19.9,1.46,0.0,0.0
2023-06-16 11:00:00,11,6,1983.43,268.08,1715.36,34.78,22.8,3.9,0.0,0.0
2023-06-16 12:00:00,12,6,2395.53,530.71,1864.81,53.43,21.0,3.74,0.0,0.0
2023-06-16 13:00:00,13,6,2918.12,420.72,2497.4,78.4,21.4,1.53,0.0,0.0
2023-06-16 14:00:00,14,6,2301.65,501.85,1799.8,96.4,25.3,1.32,0.0,0.0
2023-06-16 15:00:00,15,6,1875.01,656.67,1218.33,100.0,24.2,2.9,0.0,0.0
2023-06-16 16:00:00,16,6,1593.05,239.17,1353.89,100.0,22.1,1.92,0.0,0.0
2023-06-16 17:00:00,17,6,1136.65,535.49,601.16,100.0,20.2,4.09,0.0,0.0
2023-06-16 18:00:00,18,6,500.04,459.7,40.34,100.0,21.3,1.55,0.0,0.0
2023-06-16 19:00:00,19,6,0,1792.81,-1792.81,82.07,22.1,4.92,0.0,0.0
2023-06-16 20:00:00,20,6,0,2197.64,-2197.64,60.1,20.6,29.62,0.0,0.0
2023-06-16 21:00:00,21,6,0,1767.4,-1767.4,42.42,19.9,23.79,0.0,0.0
2023-06-16 22:00:00,22,6,0,2620.85,-2620.85,16.21,14.5,20.32,0.0,0.0
2023-06-16 23:00:00,23,6,0,664.57,-664.57,9.57,14.0,3.53,0.0,0.0
2023-06-17 00:00:00,0,6,0,527.1,-527.1,5.0,9.0,2.9,0.0,0.0
2023-06-17 01:00:00,1,6,0,489.89,-489.89,5.0,7.4,4.23,0.0,0.0
2023-06-17 02:00:00,2,6,0,493.59,-493.59,5.0,13.9,3.03,0.0,0.0
2023-06-17 03:00:00,3,6,0,395.64,-395.64,5.0,12.8,2.38,0.0,0.0
2023-06-17 04:00:00,4,6,0,590.21,-590.21,5.0,13.6,4.23,0.0,0.0
2023-06-17 05:00:00,5,6,0,624.94,-624.94,5.0,18.7,2.61,0.0,0.0
2023-06-17 06:00:00,6,6,0,568.07,-568.07,5.0,17.4,4.1,0.0,0.0
2023-06-17 07:00:00,7,6,0,2013.27,-2013.27,5.0,17.4,41.39,0.0,0.0
2023-06-17 08:00:00,8,6,449.8,2854.72,-2404.92,5.0,18.6,38.8,0.0,0.0
2023-06-17 09:00:00,9,6,913.19,1495.42,-582.22,5.0,19.9,20.32,0.0,0.0
2023-06-17 10:00:00,10,6,1453.76,433.78,1019.98,15.2,25.0,3.56,0.0,0.0
2023-06-17 11:00:00,11,6,2079.92,393.06,1686.86,32.07,20.3,4.89,0.0,0.0
2023-06-17 12:00:00,12,6,2399.84,620.02,1779.82,49.87,27.0,3.8,0.0,0.0
2023-06-17 13:00:00,13,6,3063.33,520.97,2542.36,75.29,24.4,1.77,0.0,0.0
2023-06-17 14:00:00,14,6,2366.91,519.27,1847.63,93.77,25.9,3.21,0.0,0.0
2023-06-17 15:00:00,15,6,1952.53,573.99,1378.55,100.0,24.4,3.76,0.0,0.0
2023-06-17 16:00:00,16,6,1294.3,460.55,833.75,100.0,20.2,1.35,0.0,0.0
2023-06-17 17:00:00,17,6,136.13,494.84,-358.7,96.41,23.0,3.55,0.0,0.0
2023-06-17 18:00:00,18,6,680.26,632.74,47.52,96.89,21.3,4.32,0.0,0.0
2023-06-17 19:00:00,19,6,97.48,1749.84,-1652.36,80.36,19.8,3.09,0.0,0.0
2023-06-17 20:00:00,20,6,0,1545.07,-1545.07,64.91,17.8,23.54,0.0,0.0
2023-06-17 21:00:00,21,6,0,2373.17,-2373.17,41.18,20.0,23.93,0.0,0.0
2023-06-17 22:00:00,22,6,0,2688.55,-2688.55,14.3,13.1,30.08,0.0,0.0
2023-06-17 23:00:00,23,6,0,787.85,-787.85,6.42,16.5,1.42,0.0,0.0
2023-06-18 00:00:00,0,6,0,524.29,-524.29,5.0,11.3,1.68,0.0,0.0
2023-06-18 01:00:00,1,6,0,546.68,-546.68,5.0,8.9,1.12,0.0,0.0
2023-06-18 02:00:00,2,6,0,498.27,-498.27,5.0,11.1,4.55,0.0,0.0
2023-06-18 03:00:00,3,6,0,612.7,-612.7,5.0,12.5,3.03,0.0,0.0
2023-06-18 04:00:00,4,6,0,650.72,-650.72,5.0,13.2,1.85,0.0,0.0
2023-06-18 05:00:00,5,6,0,359.3,-359.3,5.0,11.2,1.66,0.0,0.0
2023-06-18 06:00:00,6,6,0,743.73,-743.73,5.0,16.2,1.78,0.0,0.0
2023-06-18 07:00:00,7,6,54.7,2474.24,-2419.54,5.0,19.4,30.11,0.0,0.0
2023-06-18 08:00:00,8,6,520.38,1796.47,-1276.09,5.0,19.9,43.97,0.0,0.0
2023-06-18 09:00:00,9,6,1048.54,1416.15,-367.61,5.0,19.9,33.35,0.0,0.0
2023-06-18 10:00:00,10,6,1644.49,298.89,1345.6,18.46,19.0,4.43,0.0,0.0
2023-06-18 11:00:00,11,6,2048.89,349.65,1699.24,35.45,21.8,2.86,0.0,0.0
2023-06-18 12:00:00,12,6,2622.92,667.94,1954.99,55.0,24.0,2.13,0.0,0.0
2023-06-18 13:00:00,13,6,3067.37,563.4,2503.97,80.04,24.9,3.79,0.0,0.0
2023-06-18 14:00:00,14,6,2461.49,471.16,1990.33,99.94,28.6,4.04,0.0,0.0
2023-06-18 15:00:00,15,6,1978.77,215.47,1763.3,100.0,20.3,2.68,0.0,0.0
2023-06-18 16:00:00,16,6,1547.83,485.49,1062.34,100.0,27.9,3.19,0.0,0.0
2023-06-18 17:00:00,17,6,1058.04,410.5,647.55,100.0,21.7,4.13,0.0,0.0
2023-06-18 18:00:00,18,6,505.98,508.3,-2.31,99.98,22.0,3.75,0.0,0.0
2023-06-18 19:00:00,19,6,39.81,1918.09,-1878.29,81.19,17.6,2.2,0.0,0.0
2023-06-18 20:00:00,20,6,0,1998.07,-1998.07,61.21,17.3,21.63,0.0,0.0
2023-06-18 21:00:00,21,6,0,1396.94,-1396.94,47.24,20.1,32.93,0.0,0.0
2023-06-18 22:00:00,22,6,0,2502.63,-2502.63,22.22,17.2,27.04,0.0,0.0
2023-06-18 23:00:00,23,6,0,524.57,-524.57,16.97,14.7,3.13,0.0,0.0
2023-06-19 00:00:00,0,6,0,495.71,-495.71,12.01,12.7,3.54,0.0,0.0
2023-06-19 01:00:00,1,6,0,498.15,-498.15,7.03,13.1,1.47,0.0,0.0
2023-06-19 02:00:00,2,6,0,522.84,-522.84,5.0,14.1,2.35,0.0,0.0
2023-06-19 03:00:00,3,6,0,697.3,-697.3,5.0,14.6,2.65,0.0,0.0
2023-06-19 04:00:00,4,6,0,370.4,-370.4,5.0,12.9,2.74,0.0,0.0
2023-06-19 05:00:00,5,6,0,593.27,-593.27,5.0,13.9,1.25,0.0,0.0
2023-06-19 06:00:00,6,6,0,452.24,-452.24,5.0,20.5,4.29,0.0,0.0
2023-06-19 07:00:00,7,6,0,1383.28,-1383.28,5.0,16.4,33.87,0.0,0.0
2023-06-19 08:00:00,8,6,561.23,2538.23,-1977.0,5.0,22.6,46.94,0.0,0.0
2023-06-19 09:00:00,9,6,787.15,2330.88,-1543.73,5.0,19.0,35.08,0.0,0.0
2023-06-19 10:00:00,10,6,1593.96,490.78,1103.18,16.03,21.2,2.33,0.0,0.0
2023-06-19 11:00:00,11,6,2104.56,477.57,1627.0,32.3,22.1,3.72,0.0,0.0
2023-06-19 12:00:00,12,6,2511.27,494.11,2017.17,52.47,23.4,2.62,0.0,0.0
2023-06-19 13:00:00,13,6,3050.92,584.8,2466.12,77.13,23.1,1.95,0.0,0.0
2023-06-19 14:00:00,14,6,2568.62,659.04,1909.57,96.23,27.2,1.89,0.0,0.0
2023-06-19 15:00:00,15,6,2072.87,507.68,1565.19,100.0,23.0,2.7,0.0,0.0
2023-06-19 16:00:00,16,6,1592.95,478.33,1114.62,100.0,23.3,1.47,0.0,0.0
2023-06-19 17:00:00,17,6,1041.03,555.24,485.79,100.0,21.5,3.4,0.0,0.0
2023-06-19 18:00:00,18,6,481.06,745.05,-263.99,97.36,22.6,3.07,0.0,0.0
2023-06-19 19:00:00,19,6,25.18,2919.44,-2894.26,68.42,18.6,4.92,0.0,0.0
2023-06-19 20:00:00,20,6,0,2301.6,-2301.6,45.4,22.4,16.76,0.0,0.0
2023-06-19 21:00:00,21,6,0,2174.48,-2174.48,23.66,18.5,27.86,0.0,0.0
2023-06-19 22:00:00,22,6,0,2874.27,-2874.27,5.0,17.8,27.64,0.0,0.0
2023-06-19 23:00:00,23,6,0,617.0,-617.0,5.0,18.7,3.44,0.0,0.0
2023-06-20 00:00:00,0,6,0,631.06,-631.06,5.0,10.1,3.58,0.0,0.0
2023-06-20 01:00:00,1,6,0,513.49,-513.49,5.0,10.7,4.13,0.0,0.0
2023-06-20 02:00:00,2,6,0,470.89,-470.89,5.0,11.1,1.33,0.0,0.0
2023-06-20 03:00:00,3,6,0,512.06,-512.06,5.0,9.5,2.6,0.0,0.0
2023-06-20 04:00:00,4,6,0,605.26,-605.26,5.0,14.9,3.83,0.0,0.0
2023-06-20 05:00:00,5,6,0,462.43,-462.43,5.0,16.9,4.44,0.0,0.0
2023-06-20 06:00:00,6,6,0,505.28,-505.28,5.0,16.5,2.26,0.0,0.0
2023-06-20 07:00:00,7,6,172.13,1450.17,-1278.04,5.0,16.5,43.43,0.0,0.0
2023-06-20 08:00:00,8,6,400.13,1603.29,-1203.16,5.0,15.9,28.73,0.0,0.0
2023-06-20 09:00:00,9,6,983.41,2171.24,-1187.83,5.0,17.1,25.4,0.0,0.0
2023-06-20 10:00:00,10,6,1561.44,592.46,968.98,14.69,21.0,3.93,0.0,0.0
2023-06-20 11:00:00,11,6,2073.35,622.82,1450.53,29.2,24.8,3.93,0.0,0.0
2023-06-20 12:00:00,12,6,2448.35,765.71,1682.63,46.02,21.6,2.84,0.0,0.0
2023-06-20 13:00:00,13,6,3014.12,566.7,2447.41,70.5,22.6,4.06,0.0,0.0
2023-06-20 14:00:00,14,6,2527.61,456.02,2071.6,91.21,26.1,3.31,0.0,0.0
2023-06-20 15:00:00,15,6,1969.98,567.05,1402.93,100.0,21.4,1.77,0.0,0.0
2023-06-20 16:00:00,16,6,1665.2,362.92,1302.28,100.0,23.2,2.31,0.0,0.0
2023-06-20 17:00:00,17,6,995.83,427.02,568.8,100.0,19.5,2.39,0.0,0.0
2023-06-20 18:00:00,18,6,478.14,515.87,-37.73,99.62,19.6,2.17,0.0,0.0
2023-06-20 19:00:00,19,6,131.77,1927.38,-1795.62,81.67,19.1,2.64,0.0,0.0
2023-06-20 20:00:00,20,6,0,2556.59,-2556.59,56.1,20.3,30.11,0.0,0.0
2023-06-20 21:00:00,21,6,0,1733.89,-1733.89,38.76,21.6,32.15,0.0,0.0
2023-06-20 22:00:00,22,6,0,2260.59,-2260.59,16.16,12.7,26.84,0.0,0.0
2023-06-20 23:00:00,23,6,0,557.88,-557.88,10.58,16.9,1.37,0.0,0.0
2023-06-21 00:00:00,0,6,0,341.55,-341.55,7.16,13.2,1.67,0.0,0.0
2023-06-21 01:00:00,1,6,0,330.86,-330.86,5.0,10.9,4.21,0.0,0.0
2023-06-21 02:00:00,2,6,0,668.39,-668.39,5.0,12.2,3.67,0.0,0.0
2023-06-21 03:00:00,3,6,0,434.07,-434.07,5.0,10.7,2.01,0.0,0.0
2023-06-21 04:00:00,4,6,0,312.21,-312.21,5.0,14.3,4.63,0.0,0.0
2023-06-21 05:00:00,5,6,0,536.41,-536.41,5.0,17.2,1.63,0.0,0.0
2023-06-21 06:00:00,6,6,0,614.54,-614.54,5.0,17.3,4.79,0.0,0.0
2023-06-21 07:00:00,7,6,0,1823.02,-1823.02,5.0,15.0,48.31,0.0,0.0
2023-06-21 08:00:00,8,6,459.86,2349.99,-1890.13,5.0,21.3,31.24,0.0,0.0
2023-06-21 09:00:00,9,6,959.66,1843.49,-883.83,5.0,19.6,39.38,0.0,0.0
2023-06-21 10:00:00,10,6,1325.09,638.5,686.6,11.87,19.9,2.98,0.0,0.0
2023-06-21 11:00:00,11,6,1915.72,665.07,1250.65,24.37,22.9,2.53,0.0,0.0
2023-06-21 12:00:00,12,6,2377.57,674.47,1703.1,41.4,28.3,4.99,0.0,0.0
2023-06-21 13:00:00,13,6,3083.1,447.78,2635.32,67.76,23.9,2.51,0.0,0.0
2023-06-21 14:00:00,14,6,2637.37,509.15,2128.22,89.04,22.3,1.1,0.0,0.0
2023-06-21 15:00:00,15,6,314.13,570.01,-255.88,86.48,22.6,4.82,0.0,0.0
2023-06-21 16:00:00,16,6,1365.87,513.26,852.61,95.01,21.2,4.84,0.0,0.0
2023-06-21 17:00:00,17,6,132.66,417.03,-284.37,92.16,20.4,3.11,0.0,0.0
2023-06-21 18:00:00,18,6,296.14,546.91,-250.77,89.65,20.6,2.57,0.0,0.0
2023-06-21 19:00:00,19,6,0,2464.89,-2464.89,65.01,21.5,3.99,0.0,0.0
2023-06-21 20:00:00,20,6,0,1625.13,-1625.13,48.75,17.6,18.48,0.0,0.0
2023-06-21 21:00:00,21,6,0,1759.94,-1759.94,31.16,15.8,33.83,0.0,0.0
2023-06-21 22:00:00,22,6,0,2081.97,-2081.97,10.34,16.8,30.27,0.0,0.0
2023-06-21 23:00:00,23,6,0,537.41,-537.41,5.0,16.6,4.11,0.0,0.0
2023-06-22 00:00:00,0,6,0,558.91,-558.91,5.0,12.4,3.61,0.0,0.0
2023-06-22 01:00:00,1,6,0,490.88,-490.88,5.0,11.8,3.2,0.0,0.0
2023-06-22 02:00:00,2,6,0,738.93,-738.93,5.0,16.5,1.94,0.0,0.0
2023-06-22 03:00:00,3,6,0,245.78,-245.78,5.0,13.7,1.91,0.0,0.0
2023-06-22 04:00:00,4,6,0,377.66,-377.66,5.0,11.3,4.47,0.0,0.0
2023-06-22 05:00:00,5,6,0,628.3,-628.3,5.0,16.6,4.82,0.0,0.0
2023-06-22 06:00:00,6,6,0,282.87,-282.87,5.0,14.6,1.63,0.0,0.0
2023-06-22 07:00:00,7,6,0,1781.34,-1781.34,5.0,17.5,42.2,0.0,0.0
2023-06-22 08:00:00,8,6,640.28,2237.18,-1596.89,5.0,17.9,26.46,0.0,0.0
2023-06-22 09:00:00,9,6,1080.95,1588.53,-507.58,5.0,21.5,21.01,0.0,0.0
2023-06-22 10:00:00,10,6,1652.85,605.61,1047.24,15.47,18.4,2.56,0.0,0.0
2023-06-22 11:00:00,11,6,1984.97,518.17,1466.8,30.14,19.5,2.08,0.0,0.0
2023-06-22 12:00:00,12,6,2530.86,441.75,2089.11,51.03,25.0,4.32,0.0,0.0
2023-06-22 13:00:00,13,6,3022.27,495.95,2526.31,76.29,25.2,3.97,0.0,0.0
2023-06-22 14:00:00,14,6,2582.5,488.61,2093.89,97.23,23.1,2.65,0.0,0.0
2023-06-22 15:00:00,15,6,2108.31,625.75,1482.56,100.0,24.8,1.21,0.0,0.0
2023-06-22 16:00:00,16,6,1363.14,477.09,886.05,100.0,23.5,2.91,0.0,0.0
2023-06-22 17:00:00,17,6,968.86,374.84,594.02,100.0,21.7,4.71,0.0,0.0
2023-06-22 18:00:00,18,6,434.11,564.2,-130.09,98.7,18.1,1.83,0.0,0.0
2023-06-22 19:00:00,19,6,8.47,2079.31,-2070.84,77.99,23.8,3.44,0.0,0.0
2023-06-22 20:00:00,20,6,0,1572.94,-1572.94,62.26,20.5,16.26,0.0,0.0
2023-06-22 21:00:00,21,6,0,1800.62,-1800.62,44.26,12.5,30.07,0.0,0.0
2023-06-22 22:00:00,22,6,0,2790.8,-2790.8,16.35,14.5,25.49,0.0,0.0
2023-06-22 23:00:00,23,6,0,393.96,-393.96,12.41,18.1,2.73,0.0,0.0
2023-06-23 00:00:00,0,6,0,730.77,-730.77,5.1,8.4,3.53,0.0,0.0
2023-06-23 01:00:00,1,6,0,399.13,-399.13,5.0,13.4,4.18,0.0,0.0
2023-06-23 02:00:00,2,6,0,415.84,-415.84,5.0,13.2,1.99,0.0,0.0
2023-06-23 03:00:00,3,6,0,563.09,-563.09,5.0,14.2,4.32,0.0,0.0
2023-06-23 04:00:00,4,6,0,416.3,-416.3,5.0,15.2,2.71,0.0,0.0
2023-06-23 05:00:00,5,6,0,746.72,-746.72,5.0,14.5,2.43,0.0,0.0
2023-06-23 06:00:00,6,6,0,626.12,-626.12,5.0,17.2,3.05,0.0,0.0
2023-06-23 07:00:00,7,6,0,1612.03,-1612.03,5.0,13.7,35.76,0.0,0.0
2023-06-23 08:00:00,8,6,514.89,2292.43,-1777.54,5.0,20.0,26.2,0.0,0.0
2023-06-23 09:00:00,9,6,1121.33,2481.36,-1360.03,5.0,22.1,38.34,0.0,0.0
2023-06-23 10:00:00,10,6,1581.35,374.1,1207.24,17.07,17.3,2.96,0.0,0.0
2023-06-23 11:00:00,11,6,1975.58,429.8,1545.78,32.53,21.3,3.53,0.0,0.0
2023-06-23 12:00:00,12,6,2580.07,465.61,2114.46,53.67,21.5,2.78,0.0,0.0
2023-06-23 13:00:00,13,6,2964.88,601.65,2363.24,77.31,23.4,1.8,0.0,0.0
2023-06-23 14:00:00,14,6,2540.39,330.85,2209.54,99.4,23.8,4.64,0.0,0.0
2023-06-23 15:00:00,15,6,2101.49,401.96,1699.53,100.0,22.2,1.49,0.0,0.0
2023-06-23 16:00:00,16,6,1584.18,714.46,869.72,100.0,24.3,3.27,0.0,0.0
2023-06-23 17:00:00,17,6,958.93,616.61,342.32,100.0,21.3,1.75,0.0,0.0
2023-06-23 18:00:00,18,6,423.23,494.27,-71.05,99.29,21.8,4.86,0.0,0.0
2023-06-23 19:00:00,19,6,24.87,2449.82,-2424.95,75.04,18.3,3.47,0.0,0.0
2023-06-23 20:00:00,20,6,0,2674.66,-2674.66,48.29,16.9,31.96,0.0,0.0
2023-06-23 21:00:00,21,6,0,1924.08,-1924.08,29.05,15.6,30.87,0.0,0.0
2023-06-23 22:00:00,22,6,0,1709.39,-1709.39,11.96,17.7,25.69,0.0,0.0
2023-06-23 23:00:00,23,6,0,485.44,-485.44,7.1,18.0,1.47,0.0,0.0
2023-06-24 00:00:00,0,6,0,582.5,-582.5,5.0,10.0,2.69,0.0,0.0
2023-06-24 01:00:00,1,6,0,414.98,-414.98,5.0,12.4,2.56,0.0,0.0
2023-06-24 02:00:00,2,6,0,479.04,-479.04,5.0,14.1,1.29,0.0,0.0
2023-06-24 03:00:00,3,6,0,391.29,-391.29,5.0,18.8,2.43,0.0,0.0
2023-06-24 04:00:00,4,6,0,553.63,-553.63,5.0,13.4,4.28,0.0,0.0
2023-06-24 05:00:00,5,6,0,398.94,-398.94,5.0,15.6,4.59,0.0,0.0
2023-06-24 06:00:00,6,6,0,620.16,-620.16,5.0,15.0,3.62,0.0,0.0
2023-06-24 07:00:00,7,6,60.97,2465.32,-2404.35,5.0,16.7,43.77,0.0,0.0
2023-06-24 08:00:00,8,6,52.94,1500.56,-1447.62,5.0,19.3,46.38,0.0,0.0
2023-06-24 09:00:00,9,6,1013.93,2122.63,-1108.7,5.0,19.0,25.39,0.0,0.0
2023-06-24 10:00:00,10,6,240.5,479.6,-239.1,5.0,21.4,2.0,0.0,0.0
2023-06-24 11:00:00,11,6,1794.5,424.0,1370.5,18.7,20.8,1.63,0.0,0.0
2023-06-24 12:00:00,12,6,2483.96,648.78,1835.18,37.06,22.6,2.68,0.0,0.0
2023-06-24 13:00:00,13,6,3058.88,497.84,2561.04,62.67,26.9,2.53,0.0,0.0
2023-06-24 14:00:00,14,6,2367.67,657.82,1709.85,79.77,24.9,2.01,0.0,0.0
2023-06-24 15:00:00,15,6,1907.71,314.56,1593.15,95.7,23.5,3.16,0.0,0.0
2023-06-24 16:00:00,16,6,1497.99,697.39,800.6,100.0,24.3,2.84,0.0,0.0
2023-06-24 17:00:00,17,6,174.18,402.59,-228.41,97.72,24.0,1.5,0.0,0.0
2023-06-24 18:00:00,18,6,436.46,446.39,-9.93,97.62,19.5,1.27,0.0,0.0
2023-06-24 19:00:00,19,6,67.81,2632.8,-2565.0,71.97,18.2,4.81,0.0,0.0
2023-06-24 20:00:00,20,6,0,1493.7,-1493.7,57.03,21.0,23.86,0.0,0.0
2023-06-24 21:00:00,21,6,0,2146.88,-2146.88,35.56,19.4,24.57,0.0,0.0
2023-06-24 22:00:00,22,6,0,2228.79,-2228.79,13.27,18.5,29.18,0.0,0.0
2023-06-24 23:00:00,23,6,0,623.81,-623.81,7.03,17.5,4.09,0.0,0.0
2023-06-25 00:00:00,0,6,0,539.84,-539.84,5.0,12.7,2.29,0.0,0.0
2023-06-25 01:00:00,1,6,0,710.51,-710.51,5.0,11.1,3.81,0.0,0.0
2023-06-25 02:00:00,2,6,0,398.05,-398.05,5.0,12.3,4.43,0.0,0.0
2023-06-25 03:00:00,3,6,0,252.46,-252.46,5.0,14.1,1.61,0.0,0.0
2023-06-25 04:00:00,4,6,0,618.44,-618.44,5.0,15.2,3.07,0.0,0.0
2023-06-25 05:00:00,5,6,0,383.56,-383.56,5.0,17.0,4.0,0.0,0.0
2023-06-25 06:00:00,6,6,0,486.34,-486.34,5.0,17.3,3.92,0.0,0.0
2023-06-25 07:00:00,7,6,26.99,1531.4,-1504.41,5.0,20.3,30.63,0.0,0.0
2023-06-25 08:00:00,8,6,386.59,2609.97,-2223.38,5.0,19.2,24.9,0.0,0.0
2023-06-25 09:00:00,9,6,774.5,2687.65,-1913.15,5.0,19.8,32.92,0.0,0.0
2023-06-25 10:00:00,10,6,1623.49,467.74,1155.74,16.56,19.7,1.41,0.0,0.0
2023-06-25 11:00:00,11,6,2175.45,549.9,1625.55,32.81,21.9,2.12,0.0,0.0
2023-06-25 12:00:00,12,6,2467.31,459.99,2007.32,52.89,23.6,4.15,0.0,0.0
2023-06-25 13:00:00,13,6,429.12,426.2,2.91,52.92,26.2,4.6,0.0,0.0
2023-06-25 14:00:00,14,6,2558.34,517.14,2041.2,73.33,26.4,4.13,0.0,0.0
2023-06-25 15:00:00,15,6,1955.03,515.92,1439.11,87.72,20.1,3.57,0.0,0.0
2023-06-25 16:00:00,16,6,1490.44,321.61,1168.83,99.41,23.0,2.68,0.0,0.0
2023-06-25 17:00:00,17,6,1261.77,468.39,793.37,100.0,17.6,3.29,0.0,0.0
2023-06-25 18:00:00,18,6,448.94,597.09,-148.15,98.52,21.5,2.78,0.0,0.0
2023-06-25 19:00:00,19,6,197.01,1887.57,-1690.56,81.61,20.1,4.66,0.0,0.0
2023-06-25 20:00:00,20,6,0,2678.3,-2678.3,54.83,18.6,31.32,0.0,0.0
2023-06-25 21:00:00,21,6,0,2419.03,-2419.03,30.64,18.7,23.53,0.0,0.0
2023-06-25 22:00:00,22,6,0,1529.48,-1529.48,15.34,15.7,22.17,0.0,0.0
2023-06-25 23:00:00,23,6,0,506.52,-506.52,10.28,18.8,1.05,0.0,0.0
2023-06-26 00:00:00,0,6,0,473.19,-473.19,5.55,10.5,2.38,0.0,0.0
2023-06-26 01:00:00,1,6,0,274.25,-274.25,5.0,12.9,1.08,0.0,0.0
2023-06-26 02:00:00,2,6,0,573.53,-573.53,5.0,13.8,2.87,0.0,0.0
2023-06-26 03:00:00,3,6,0,320.8,-320.8,5.0,15.4,4.88,0.0,0.0
2023-06-26 04:00:00,4,6,0,443.07,-443.07,5.0,17.0,1.19,0.0,0.0
2023-06-26 05:00:00,5,6,0,582.73,-582.73,5.0,15.7,2.91,0.0,0.0
2023-06-26 06:00:00,6,6,0,350.22,-350.22,5.0,17.5,1.79,0.0,0.0
2023-06-26 07:00:00,7,6,81.9,1546.87,-1464.96,5.0,17.6,26.44,0.0,0.0
2023-06-26 08:00:00,8,6,387.2,1343.37,-956.17,5.0,18.3,42.04,0.0,0.0
2023-06-26 09:00:00,9,6,993.83,2444.84,-1451.01,5.0,18.9,45.16,0.0,0.0
2023-06-26 10:00:00,10,6,1752.34,449.3,1303.04,18.03,19.1,2.31,0.0,0.0
2023-06-26 11:00:00,11,6,285.23,438.77,-153.54,16.5,21.4,1.0,0.0,0.0
2023-06-26 12:00:00,12,6,2514.13,435.23,2078.9,37.28,24.5,4.04,0.0,0.0
2023-06-26 13:00:00,13,6,3197.95,400.77,2797.18,65.26,23.2,4.89,0.0,0.0
2023-06-26 14:00:00,14,6,2449.43,745.03,1704.4,82.3,29.8,3.37,0.0,0.0
2023-06-26 15:00:00,15,6,2020.74,460.86,1559.87,97.9,24.5,3.6,0.0,0.0
2023-06-26 16:00:00,16,6,1401.01,356.99,1044.01,100.0,19.1,4.9,0.0,0.0
2023-06-26 17:00:00,17,6,902.13,389.7,512.43,100.0,25.2,4.17,0.0,0.0
2023-06-26 18:00:00,18,6,244.02,557.17,-313.16,96.87,23.8,2.11,0.0,0.0
2023-06-26 19:00:00,19,6,0,1507.06,-1507.06,81.8,16.3,3.92,0.0,0.0
2023-06-26 20:00:00,20,6,0,2288.01,-2288.01,58.92,16.5,23.69,0.0,0.0
2023-06-26 21:00:00,21,6,0,1478.82,-1478.82,44.13,17.6,28.28,0.0,0.0
2023-06-26 22:00:00,22,6,0,2120.54,-2120.54,22.92,16.5,23.02,0.0,0.0
2023-06-26 23:00:00,23,6,0,585.7,-585.7,17.07,17.0,2.13,0.0,0.0
2023-06-27 00:00:00,0,6,0,507.43,-507.43,11.99,9.8,1.03,0.0,0.0
2023-06-27 01:00:00,1,6,0,544.88,-544.88,6.54,16.6,4.24,0.0,0.0
2023-06-27 02:00:00,2,6,0,408.21,-408.21,5.0,15.2,4.69,0.0,0.0
2023-06-27 03:00:00,3,6,0,613.34,-613.34,5.0,12.8,3.84,0.0,0.0
2023-06-27 04:00:00,4,6,0,684.44,-684.44,5.0,14.4,3.66,0.0,0.0
2023-06-27 05:00:00,5,6,0,473.11,-473.11,5.0,13.8,2.26,0.0,0.0
2023-06-27 06:00:00,6,6,0,611.1,-611.1,5.0,19.1,1.04,0.0,0.0
2023-06-27 07:00:00,7,6,128.75,2117.74,-1988.99,5.0,20.0,29.17,0.0,0.0
2023-06-27 08:00:00,8,6,501.24,1769.66,-1268.42,5.0,18.3,34.74,0.0,0.0
2023-06-27 09:00:00,9,6,929.38,1951.56,-1022.19,5.0,21.4,46.49,0.0,0.0
2023-06-27 10:00:00,10,6,1478.09,355.63,1122.45,16.22,23.9,2.58,0.0,0.0
2023-06-27 11:00:00,11,6,2068.42,480.48,1587.95,32.1,22.4,3.35,0.0,0.0
2023-06-27 12:00:00,12,6,2509.8,676.85,1832.95,50.43,21.7,2.65,0.0,0.0
2023-06-27 13:00:00,13,6,3013.55,511.26,2502.29,75.46,20.9,4.5,0.0,0.0
2023-06-27 14:00:00,14,6,2386.27,360.51,2025.75,95.71,23.3,3.42,0.0,0.0
2023-06-27 15:00:00,15,6,2092.66,720.44,1372.22,100.0,22.4,1.69,0.0,0.0
2023-06-27 16:00:00,16,6,1444.11,650.68,793.43,100.0,21.3,4.21,0.0,0.0
2023-06-27 17:00:00,17,6,1075.4,447.02,628.38,100.0,23.4,4.41,0.0,0.0
2023-06-27 18:00:00,18,6,610.72,381.53,229.19,100.0,15.8,2.5,0.0,0.0
2023-06-27 19:00:00,19,6,1.18,1693.77,-1692.59,83.07,17.0,1.3,0.0,0.0
2023-06-27 20:00:00,20,6,0,1850.67,-1850.67,64.57,22.3,26.4,0.0,0.0
2023-06-27 21:00:00,21,6,0,2605.45,-2605.45,38.51,13.5,15.96,0.0,0.0
2023-06-27 22:00:00,22,6,0,1699.33,-1699.33,21.52,15.5,30.12,0.0,0.0
2023-06-27 23:00:00,23,6,0,514.39,-514.39,16.38,18.1,1.31,0.0,0.0
2023-06-28 00:00:00,0,6,0,630.05,-630.05,10.08,9.7,2.9,0.0,0.0
2023-06-28 01:00:00,1,6,0,700.87,-700.87,5.0,13.3,1.4,0.0,0.0
2023-06-28 02:00:00,2,6,0,506.68,-506.68,5.0,14.2,3.76,0.0,0.0
2023-06-28 03:00:00,3,6,0,700.09,-700.09,5.0,13.1,3.22,0.0,0.0
2023-06-28 04:00:00,4,6,0,469.92,-469.92,5.0,16.7,2.53,0.0,0.0
2023-06-28 05:00:00,5,6,0,366.63,-366.63,5.0,16.0,3.06,0.0,0.0
2023-06-28 06:00:00,6,6,0,526.91,-526.91,5.0,18.2,2.2,0.0,0.0
2023-06-28 07:00:00,7,6,164.83,2864.61,-2699.77,5.0,18.9,36.8,0.0,0.0
2023-06-28 08:00:00,8,6,526.47,2564.42,-2037.94,5.0,17.8,28.99,0.0,0.0
2023-06-28 09:00:00,9,6,1129.96,1421.68,-291.72,5.0,20.4,41.45,0.0,0.0
2023-06-28 10:00:00,10,6,1529.38,771.21,758.18,12.58,22.9,1.78,0.0,0.0
2023-06-28 11:00:00,11,6,301.13,369.46,-68.33,11.9,24.6,1.18,0.0,0.0
2023-06-28 12:00:00,12,6,2503.27,701.72,1801.55,29.91,23.8,3.77,0.0,0.0
2023-06-28 13:00:00,13,6,3208.25,637.69,2570.56,55.62,21.7,1.73,0.0,0.0
2023-06-28 14:00:00,14,6,2442.55,629.24,1813.31,73.75,24.5,4.15,0.0,0.0
2023-06-28 15:00:00,15,6,2164.54,452.0,1712.54,90.88,25.7,3.56,0.0,0.0
2023-06-28 16:00:00,16,6,1382.39,474.91,907.48,99.95,23.8,3.81,0.0,0.0
2023-06-28 17:00:00,17,6,773.11,383.84,389.27,100.0,19.3,2.95,0.0,0.0
2023-06-28 18:00:00,18,6,611.58,362.29,249.3,100.0,19.4,4.14,0.0,0.0
2023-06-28 19:00:00,19,6,39.74,1703.39,-1663.65,83.36,19.3,4.38,0.0,0.0
2023-06-28 20:00:00,20,6,0,2730.87,-2730.87,56.05,19.9,28.92,0.0,0.0
2023-06-28 21:00:00,21,6,0,2562.42,-2562.42,30.43,16.8,28.93,0.0,0.0
2023-06-28 22:00:00,22,6,0,1509.92,-1509.92,15.33,17.3,15.89,0.0,0.0
2023-06-28 23:00:00,23,6,0,431.13,-431.13,11.02,12.8,2.67,0.0,0.0
2023-06-29 00:00:00,0,6,0,521.95,-521.95,5.8,7.7,3.2,0.0,0.0
2023-06-29 01:00:00,1,6,0,443.95,-443.95,5.0,12.3,3.86,0.0,0.0
2023-06-29 02:00:00,2,6,0,308.34,-308.34,5.0,11.6,4.13,0.0,0.0
2023-06-29 03:00:00,3,6,0,662.93,-662.93,5.0,12.8,4.66,0.0,0.0
2023-06-29 04:00:00,4,6,0,422.41,-422.41,5.0,14.0,1.98,0.0,0.0
2023-06-29 05:00:00,5,6,0,388.91,-388.91,5.0,16.4,1.53,0.0,0.0
2023-06-29 06:00:00,6,6,0,436.74,-436.74,5.0,16.9,1.31,0.0,0.0
2023-06-29 07:00:00,7,6,0,1963.85,-1963.85,5.0,20.0,30.81,0.0,0.0
2023-06-29 08:00:00,8,6,546.2,2232.44,-1686.24,5.0,18.0,22.72,0.0,0.0
2023-06-29 09:00:00,9,6,1001.19,1561.31,-560.12,5.0,23.3,25.83,0.0,0.0
2023-06-29 10:00:00,10,6,1704.3,684.41,1019.9,15.2,19.2,4.23,0.0,0.0
2023-06-29 11:00:00,11,6,1739.84,461.53,1278.31,27.98,22.1,1.12,0.0,0.0
2023-06-29 12:00:00,12,6,2324.13,657.4,1666.73,44.65,20.4,3.67,0.0,0.0
2023-06-29 13:00:00,13,6,2955.69,549.61,2406.09,68.71,25.2,3.74,0.0,0.0
2023-06-29 14:00:00,14,6,2706.24,418.87,2287.37,91.58,23.0,3.84,0.0,0.0
2023-06-29 15:00:00,15,6,1942.6,388.97,1553.63,100.0,20.9,1.19,0.0,0.0
2023-06-29 16:00:00,16,6,1608.71,569.44,1039.28,100.0,22.3,1.7,0.0,0.0
2023-06-29 17:00:00,17,6,1023.02,463.02,560.0,100.0,24.4,1.56,0.0,0.0
2023-06-29 18:00:00,18,6,344.46,623.22,-278.76,97.21,20.4,1.87,0.0,0.0
2023-06-29 19:00:00,19,6,0.29,2690.96,-2690.67,70.31,19.4,1.54,0.0,0.0
2023-06-29 20:00:00,20,6,0,1747.56,-1747.56,52.83,20.8,16.6,0.0,0.0
2023-06-29 21:00:00,21,6,0,1829.82,-1829.82,34.53,17.7,16.49,0.0,0.0
2023-06-29 22:00:00,22,6,0,1365.36,-1365.36,20.88,14.8,20.04,0.0,0.0
2023-06-29 23:00:00,23,6,0,667.47,-667.47,14.2,18.9,3.26,0.0,0.0
